ISO-10303-21;
HEADER;
/* Generated by software containing ST-Developer
 * from STEP Tools, Inc. (www.steptools.com) 
 */
/* OPTION: using custom renumber hook */

FILE_DESCRIPTION(
/* description */ ('STEP AP242 Edition 2',
'CAx-IF Rec.Pracs.---Representation and Presentation of Product Manufa
cturing Information (PMI)---4.0---2014-10-13',
'CAx-IF Rec.Pracs.---3D Tessellated Geometry---0.4---2014-09-14','2;1',
'CAx-IF Rec.Pracs.---User Defined Attributes---1.5---2016-08-15'),
/* implementation_level */ '2;1');

FILE_NAME(
/* name */ 'Part Studio 1',
/* time_stamp */ '2026-09-21T13:51:00Z',
/* author */ (''),
/* organization */ (''),
/* preprocessor_version */ 'ST-DEVELOPER v20',
/* originating_system */ 'ONSHAPE BY PTC INC, 1.221',
/* authorisation */ '  ');

FILE_SCHEMA (('AP242_MANAGED_MODEL_BASED_3D_ENGINEERING_MIM_LF { 1 0 10303 442 3 1 4 }'));
ENDSEC;

DATA;
#10=CONICAL_SURFACE('',#10368,0.00299999999999996,0.78539816339745);
#11=CONICAL_SURFACE('',#10370,0.005,0.785398163397449);
#12=CONICAL_SURFACE('',#10372,0.00299999999999976,0.785398163397448);
#13=CONICAL_SURFACE('',#10374,0.00299999999999979,0.78539816339745);
#14=CONICAL_SURFACE('',#10376,0.00499999999999988,0.785398163397448);
#15=CONICAL_SURFACE('',#10378,0.003,0.785398163397449);
#16=CONICAL_SURFACE('',#10380,0.00499999999999968,0.785398163397448);
#17=CONICAL_SURFACE('',#10382,0.00299999999999974,0.785398163397449);
#18=CONICAL_SURFACE('',#10384,0.00500000000000006,0.785398163397448);
#19=CONICAL_SURFACE('',#10386,0.00299999999999994,0.785398163397448);
#20=CONICAL_SURFACE('',#10388,0.003,0.785398163397449);
#21=CONICAL_SURFACE('',#10390,0.005,0.785398163397448);
#22=CONICAL_SURFACE('',#10392,0.00299999999999993,0.785398163397448);
#23=CONICAL_SURFACE('',#10394,0.00299999999999996,0.785398163397448);
#24=CONICAL_SURFACE('',#10396,0.00300000000001135,0.785398163397447);
#25=CONICAL_SURFACE('',#10398,0.00300000000000021,0.785398163397449);
#26=ELLIPSE('',#10272,0.00141421356237309,0.001);
#27=ELLIPSE('',#10273,0.00142671819439983,0.001);
#28=ELLIPSE('',#10275,0.00142671819439984,0.001);
#29=ELLIPSE('',#10277,0.00142671819439983,0.001);
#30=ELLIPSE('',#10279,0.00141421356237309,0.001);
#31=ELLIPSE('',#10281,0.00141421356237309,0.001);
#32=ELLIPSE('',#10283,0.00142671819439983,0.001);
#33=ELLIPSE('',#10285,0.00141421356237309,0.001);
#34=ELLIPSE('',#10287,0.00141421356237309,0.001);
#35=ELLIPSE('',#10289,0.0014142135623731,0.001);
#36=ELLIPSE('',#10291,0.00141421356237309,0.001);
#37=ELLIPSE('',#10293,0.0014142135623731,0.001);
#38=ELLIPSE('',#10295,0.00141421356237309,0.001);
#39=ELLIPSE('',#10297,0.00141421356237309,0.001);
#40=ELLIPSE('',#10299,0.00141421356237309,0.001);
#41=ELLIPSE('',#10301,0.00141421356237309,0.001);
#42=ELLIPSE('',#10303,0.00141421356237309,0.001);
#43=ELLIPSE('',#10305,0.0014142135623731,0.001);
#44=ELLIPSE('',#10307,0.00141421356237309,0.001);
#45=ELLIPSE('',#10309,0.0014142135623731,0.001);
#46=ELLIPSE('',#10311,0.00141421356237309,0.001);
#47=ELLIPSE('',#10313,0.00141421356237309,0.001);
#48=ELLIPSE('',#10315,0.00141421356237309,0.001);
#49=ELLIPSE('',#10317,0.00140203206487408,0.001);
#50=ELLIPSE('',#10319,0.00141421356237309,0.001);
#51=ELLIPSE('',#10321,0.0014142135623731,0.001);
#52=ELLIPSE('',#10323,0.00140203206487408,0.001);
#53=ELLIPSE('',#10325,0.00140203206487408,0.001);
#54=ELLIPSE('',#10327,0.00141421356237309,0.001);
#55=ELLIPSE('',#10329,0.00141421356237309,0.001);
#56=ELLIPSE('',#10331,0.00140203206487408,0.001);
#57=ELLIPSE('',#10333,0.00141421356237309,0.001);
#58=ELLIPSE('',#10336,0.00140203206487408,0.001);
#59=ELLIPSE('',#10337,0.00141421356237309,0.001);
#60=ELLIPSE('',#10339,0.00141421356237309,0.001);
#61=ELLIPSE('',#10341,0.00141421356237309,0.001);
#62=ELLIPSE('',#10343,0.00141421356237309,0.001);
#63=ELLIPSE('',#10345,0.00137859847268172,0.001);
#64=ELLIPSE('',#10347,0.00142671819439984,0.001);
#65=ELLIPSE('',#10349,0.00141421356237309,0.001);
#66=ELLIPSE('',#10351,0.0014142135623731,0.001);
#67=ELLIPSE('',#10353,0.00137859847268172,0.001);
#68=ELLIPSE('',#10355,0.00145273967125468,0.001);
#69=ELLIPSE('',#10357,0.0014142135623731,0.001);
#70=ELLIPSE('',#10359,0.00141421356237309,0.001);
#71=ELLIPSE('',#10361,0.00141421356237309,0.001);
#72=ELLIPSE('',#10363,0.00145273967125468,0.001);
#73=ELLIPSE('',#10365,0.00141421356237309,0.001);
#74=SHAPE_REPRESENTATION_RELATIONSHIP('','',#9586,#77);
#75=SHAPE_REPRESENTATION_RELATIONSHIP('','',#9587,#78);
#76=SHAPE_REPRESENTATION_RELATIONSHIP('','',#9588,#79);
#77=ADVANCED_BREP_SHAPE_REPRESENTATION('',(#9580),#15888);
#78=ADVANCED_BREP_SHAPE_REPRESENTATION('',(#9581),#15889);
#79=ADVANCED_BREP_SHAPE_REPRESENTATION('',(#9582),#15890);
#80=TOROIDAL_SURFACE('',#9758,0.00450000000001134,0.0005);
#81=TOROIDAL_SURFACE('',#9765,0.0045,0.0005);
#82=TOROIDAL_SURFACE('',#9767,0.00450000000000021,0.0005);
#83=TOROIDAL_SURFACE('',#9773,0.00449999999999993,0.0005);
#84=TOROIDAL_SURFACE('',#9775,0.0045,0.0005);
#85=TOROIDAL_SURFACE('',#9781,0.0055,0.0005);
#86=TOROIDAL_SURFACE('',#9783,0.0055,0.0005);
#87=TOROIDAL_SURFACE('',#9789,0.0045,0.0005);
#88=TOROIDAL_SURFACE('',#9791,0.00449999999999976,0.0005);
#89=TOROIDAL_SURFACE('',#9797,0.00449999999999993,0.0005);
#90=TOROIDAL_SURFACE('',#9799,0.0044999999999998,0.0005);
#91=TOROIDAL_SURFACE('',#9805,0.0055,0.0005);
#92=TOROIDAL_SURFACE('',#9807,0.00549999999999988,0.0005);
#93=TOROIDAL_SURFACE('',#9813,0.00449999999999974,0.0005);
#94=TOROIDAL_SURFACE('',#9815,0.0045,0.0005);
#95=TOROIDAL_SURFACE('',#9821,0.00549999999999968,0.0005);
#96=CYLINDRICAL_SURFACE('',#9640,0.00499999999999976);
#97=CYLINDRICAL_SURFACE('',#9643,0.0049999999999998);
#98=CYLINDRICAL_SURFACE('',#9646,0.00499999999999988);
#99=CYLINDRICAL_SURFACE('',#9649,0.005);
#100=CYLINDRICAL_SURFACE('',#9652,0.00499999999999968);
#101=CYLINDRICAL_SURFACE('',#9655,0.00499999999999974);
#102=CYLINDRICAL_SURFACE('',#9658,0.00500000000000006);
#103=CYLINDRICAL_SURFACE('',#9661,0.00499999999999993);
#104=CYLINDRICAL_SURFACE('',#9664,0.005);
#105=CYLINDRICAL_SURFACE('',#9667,0.005);
#106=CYLINDRICAL_SURFACE('',#9670,0.00499999999999993);
#107=CYLINDRICAL_SURFACE('',#9673,0.005);
#108=CYLINDRICAL_SURFACE('',#9676,0.00500000000001134);
#109=CYLINDRICAL_SURFACE('',#9679,0.00500000000000021);
#110=CYLINDRICAL_SURFACE('',#9684,0.005);
#111=CYLINDRICAL_SURFACE('',#9686,0.005);
#112=CYLINDRICAL_SURFACE('',#9712,0.000999999999999844);
#113=CYLINDRICAL_SURFACE('',#9715,0.001);
#114=CYLINDRICAL_SURFACE('',#9718,0.00100000000000037);
#115=CYLINDRICAL_SURFACE('',#9721,0.00100000000000001);
#116=CYLINDRICAL_SURFACE('',#9724,0.00100000000000008);
#117=CYLINDRICAL_SURFACE('',#9727,0.00100000000000035);
#118=CYLINDRICAL_SURFACE('',#9730,0.001);
#119=CYLINDRICAL_SURFACE('',#9733,0.000999999999999947);
#120=CYLINDRICAL_SURFACE('',#9736,0.0010000000000002);
#121=CYLINDRICAL_SURFACE('',#9739,0.00100000000000006);
#122=CYLINDRICAL_SURFACE('',#9742,0.000999999999999957);
#123=CYLINDRICAL_SURFACE('',#9744,0.001);
#124=CYLINDRICAL_SURFACE('',#9746,0.000999999999999477);
#125=CYLINDRICAL_SURFACE('',#9749,0.00100000000000745);
#126=CYLINDRICAL_SURFACE('',#9752,0.00100000000000002);
#127=CYLINDRICAL_SURFACE('',#9755,0.000999999999999886);
#128=CYLINDRICAL_SURFACE('',#9761,0.0005);
#129=CYLINDRICAL_SURFACE('',#9763,0.0005);
#130=CYLINDRICAL_SURFACE('',#9769,0.0005);
#131=CYLINDRICAL_SURFACE('',#9771,0.0005);
#132=CYLINDRICAL_SURFACE('',#9777,0.0005);
#133=CYLINDRICAL_SURFACE('',#9779,0.0005);
#134=CYLINDRICAL_SURFACE('',#9785,0.0005);
#135=CYLINDRICAL_SURFACE('',#9787,0.0005);
#136=CYLINDRICAL_SURFACE('',#9793,0.0005);
#137=CYLINDRICAL_SURFACE('',#9795,0.0005);
#138=CYLINDRICAL_SURFACE('',#9801,0.0005);
#139=CYLINDRICAL_SURFACE('',#9803,0.0005);
#140=CYLINDRICAL_SURFACE('',#9809,0.0005);
#141=CYLINDRICAL_SURFACE('',#9811,0.0005);
#142=CYLINDRICAL_SURFACE('',#9817,0.0005);
#143=CYLINDRICAL_SURFACE('',#9819,0.0005);
#144=CYLINDRICAL_SURFACE('',#9823,0.001);
#145=CYLINDRICAL_SURFACE('',#9825,0.001);
#146=CYLINDRICAL_SURFACE('',#9828,0.0005);
#147=CYLINDRICAL_SURFACE('',#9830,0.0005);
#148=CYLINDRICAL_SURFACE('',#9832,0.00175);
#149=CYLINDRICAL_SURFACE('',#9833,0.00175);
#150=CYLINDRICAL_SURFACE('',#9834,0.00175);
#151=CYLINDRICAL_SURFACE('',#9835,0.00175);
#152=CYLINDRICAL_SURFACE('',#9836,0.00175);
#153=CYLINDRICAL_SURFACE('',#9837,0.00175);
#154=CYLINDRICAL_SURFACE('',#9953,0.001);
#155=CYLINDRICAL_SURFACE('',#9956,0.002);
#156=CYLINDRICAL_SURFACE('',#9959,0.00200000000000006);
#157=CYLINDRICAL_SURFACE('',#9962,0.00199999999999986);
#158=CYLINDRICAL_SURFACE('',#9965,0.00199999999999968);
#159=CYLINDRICAL_SURFACE('',#9968,0.00200000000000007);
#160=CYLINDRICAL_SURFACE('',#9971,0.002);
#161=CYLINDRICAL_SURFACE('',#9974,0.00200000000000015);
#162=CYLINDRICAL_SURFACE('',#9977,0.00199999999999982);
#163=CYLINDRICAL_SURFACE('',#9980,0.00200000000000005);
#164=CYLINDRICAL_SURFACE('',#9983,0.00200000000000003);
#165=CYLINDRICAL_SURFACE('',#9986,0.00200000000000003);
#166=CYLINDRICAL_SURFACE('',#9989,0.002);
#167=CYLINDRICAL_SURFACE('',#9992,0.00200000000000003);
#168=CYLINDRICAL_SURFACE('',#9995,0.002);
#169=CYLINDRICAL_SURFACE('',#9998,0.00200000000001022);
#170=CYLINDRICAL_SURFACE('',#10001,0.00200000000000058);
#171=CYLINDRICAL_SURFACE('',#10004,0.00175);
#172=CYLINDRICAL_SURFACE('',#10006,0.00175);
#173=CYLINDRICAL_SURFACE('',#10008,0.00175);
#174=CYLINDRICAL_SURFACE('',#10010,0.00175);
#175=CYLINDRICAL_SURFACE('',#10040,0.00175);
#176=CYLINDRICAL_SURFACE('',#10042,0.00100000000000001);
#177=CYLINDRICAL_SURFACE('',#10044,0.00175);
#178=CYLINDRICAL_SURFACE('',#10046,0.00175);
#179=CYLINDRICAL_SURFACE('',#10064,0.005);
#180=CYLINDRICAL_SURFACE('',#10068,0.00499999999999976);
#181=CYLINDRICAL_SURFACE('',#10072,0.0049999999999998);
#182=CYLINDRICAL_SURFACE('',#10076,0.00499999999999988);
#183=CYLINDRICAL_SURFACE('',#10080,0.005);
#184=CYLINDRICAL_SURFACE('',#10084,0.00499999999999968);
#185=CYLINDRICAL_SURFACE('',#10088,0.00499999999999974);
#186=CYLINDRICAL_SURFACE('',#10092,0.00500000000000006);
#187=CYLINDRICAL_SURFACE('',#10096,0.00499999999999993);
#188=CYLINDRICAL_SURFACE('',#10100,0.005);
#189=CYLINDRICAL_SURFACE('',#10104,0.005);
#190=CYLINDRICAL_SURFACE('',#10108,0.00499999999999993);
#191=CYLINDRICAL_SURFACE('',#10112,0.005);
#192=CYLINDRICAL_SURFACE('',#10116,0.00500000000001134);
#193=CYLINDRICAL_SURFACE('',#10120,0.00500000000000021);
#194=CYLINDRICAL_SURFACE('',#10123,0.005);
#195=CYLINDRICAL_SURFACE('',#10125,0.00199999999999965);
#196=CYLINDRICAL_SURFACE('',#10129,0.00199999999999983);
#197=CYLINDRICAL_SURFACE('',#10133,0.00200000000000005);
#198=CYLINDRICAL_SURFACE('',#10137,0.00200000000000027);
#199=CYLINDRICAL_SURFACE('',#10141,0.002);
#200=CYLINDRICAL_SURFACE('',#10145,0.002);
#201=CYLINDRICAL_SURFACE('',#10149,0.00199999999999969);
#202=CYLINDRICAL_SURFACE('',#10153,0.002);
#203=CYLINDRICAL_SURFACE('',#10157,0.00200000000000004);
#204=CYLINDRICAL_SURFACE('',#10160,0.002);
#205=CYLINDRICAL_SURFACE('',#10162,0.00100000000000093);
#206=CYLINDRICAL_SURFACE('',#10166,0.00200000000000312);
#207=CYLINDRICAL_SURFACE('',#10170,0.0020000000000001);
#208=CYLINDRICAL_SURFACE('',#10174,0.00100000000000003);
#209=CYLINDRICAL_SURFACE('',#10178,0.000999999999999935);
#210=CYLINDRICAL_SURFACE('',#10182,0.002);
#211=CYLINDRICAL_SURFACE('',#10271,0.001);
#212=CYLINDRICAL_SURFACE('',#10274,0.001);
#213=CYLINDRICAL_SURFACE('',#10276,0.001);
#214=CYLINDRICAL_SURFACE('',#10278,0.001);
#215=CYLINDRICAL_SURFACE('',#10280,0.001);
#216=CYLINDRICAL_SURFACE('',#10282,0.001);
#217=CYLINDRICAL_SURFACE('',#10284,0.001);
#218=CYLINDRICAL_SURFACE('',#10286,0.001);
#219=CYLINDRICAL_SURFACE('',#10288,0.001);
#220=CYLINDRICAL_SURFACE('',#10290,0.001);
#221=CYLINDRICAL_SURFACE('',#10292,0.001);
#222=CYLINDRICAL_SURFACE('',#10294,0.001);
#223=CYLINDRICAL_SURFACE('',#10296,0.001);
#224=CYLINDRICAL_SURFACE('',#10298,0.001);
#225=CYLINDRICAL_SURFACE('',#10300,0.001);
#226=CYLINDRICAL_SURFACE('',#10302,0.001);
#227=CYLINDRICAL_SURFACE('',#10304,0.001);
#228=CYLINDRICAL_SURFACE('',#10306,0.001);
#229=CYLINDRICAL_SURFACE('',#10308,0.001);
#230=CYLINDRICAL_SURFACE('',#10310,0.001);
#231=CYLINDRICAL_SURFACE('',#10312,0.001);
#232=CYLINDRICAL_SURFACE('',#10314,0.001);
#233=CYLINDRICAL_SURFACE('',#10316,0.001);
#234=CYLINDRICAL_SURFACE('',#10318,0.001);
#235=CYLINDRICAL_SURFACE('',#10320,0.001);
#236=CYLINDRICAL_SURFACE('',#10322,0.001);
#237=CYLINDRICAL_SURFACE('',#10324,0.001);
#238=CYLINDRICAL_SURFACE('',#10326,0.001);
#239=CYLINDRICAL_SURFACE('',#10328,0.001);
#240=CYLINDRICAL_SURFACE('',#10330,0.001);
#241=CYLINDRICAL_SURFACE('',#10332,0.001);
#242=CYLINDRICAL_SURFACE('',#10334,0.001);
#243=CYLINDRICAL_SURFACE('',#10335,0.001);
#244=CYLINDRICAL_SURFACE('',#10338,0.001);
#245=CYLINDRICAL_SURFACE('',#10340,0.001);
#246=CYLINDRICAL_SURFACE('',#10342,0.001);
#247=CYLINDRICAL_SURFACE('',#10344,0.001);
#248=CYLINDRICAL_SURFACE('',#10346,0.001);
#249=CYLINDRICAL_SURFACE('',#10348,0.001);
#250=CYLINDRICAL_SURFACE('',#10350,0.001);
#251=CYLINDRICAL_SURFACE('',#10352,0.001);
#252=CYLINDRICAL_SURFACE('',#10354,0.001);
#253=CYLINDRICAL_SURFACE('',#10356,0.001);
#254=CYLINDRICAL_SURFACE('',#10358,0.001);
#255=CYLINDRICAL_SURFACE('',#10360,0.001);
#256=CYLINDRICAL_SURFACE('',#10362,0.001);
#257=CYLINDRICAL_SURFACE('',#10364,0.001);
#258=CYLINDRICAL_SURFACE('',#10366,0.001);
#259=CYLINDRICAL_SURFACE('',#10401,0.001);
#260=CYLINDRICAL_SURFACE('',#10403,0.001);
#261=CYLINDRICAL_SURFACE('',#10405,0.00175);
#262=CYLINDRICAL_SURFACE('',#10408,0.00175);
#263=CYLINDRICAL_SURFACE('',#10411,0.00175);
#264=CYLINDRICAL_SURFACE('',#10414,0.00175);
#265=CYLINDRICAL_SURFACE('',#10417,0.00175);
#266=CYLINDRICAL_SURFACE('',#10420,0.00175);
#267=CYLINDRICAL_SURFACE('',#10423,0.00175);
#268=CYLINDRICAL_SURFACE('',#10426,0.00175);
#269=CYLINDRICAL_SURFACE('',#10429,0.00175);
#270=CYLINDRICAL_SURFACE('',#10432,0.00175);
#271=CYLINDRICAL_SURFACE('',#10435,0.00175);
#272=CYLINDRICAL_SURFACE('',#10438,0.00175);
#273=CYLINDRICAL_SURFACE('',#10441,0.00175);
#274=LINE('',#13159,#1275);
#275=LINE('',#13162,#1276);
#276=LINE('',#13164,#1277);
#277=LINE('',#13168,#1278);
#278=LINE('',#13170,#1279);
#279=LINE('',#13172,#1280);
#280=LINE('',#13176,#1281);
#281=LINE('',#13179,#1282);
#282=LINE('',#13183,#1283);
#283=LINE('',#13187,#1284);
#284=LINE('',#13188,#1285);
#285=LINE('',#13190,#1286);
#286=LINE('',#13192,#1287);
#287=LINE('',#13197,#1288);
#288=LINE('',#13198,#1289);
#289=LINE('',#13200,#1290);
#290=LINE('',#13202,#1291);
#291=LINE('',#13204,#1292);
#292=LINE('',#13206,#1293);
#293=LINE('',#13210,#1294);
#294=LINE('',#13212,#1295);
#295=LINE('',#13216,#1296);
#296=LINE('',#13220,#1297);
#297=LINE('',#13222,#1298);
#298=LINE('',#13224,#1299);
#299=LINE('',#13226,#1300);
#300=LINE('',#13228,#1301);
#301=LINE('',#13240,#1302);
#302=LINE('',#13244,#1303);
#303=LINE('',#13248,#1304);
#304=LINE('',#13252,#1305);
#305=LINE('',#13256,#1306);
#306=LINE('',#13260,#1307);
#307=LINE('',#13264,#1308);
#308=LINE('',#13268,#1309);
#309=LINE('',#13272,#1310);
#310=LINE('',#13276,#1311);
#311=LINE('',#13280,#1312);
#312=LINE('',#13284,#1313);
#313=LINE('',#13288,#1314);
#314=LINE('',#13292,#1315);
#315=LINE('',#13296,#1316);
#316=LINE('',#13299,#1317);
#317=LINE('',#13302,#1318);
#318=LINE('',#13306,#1319);
#319=LINE('',#13310,#1320);
#320=LINE('',#13314,#1321);
#321=LINE('',#13318,#1322);
#322=LINE('',#13322,#1323);
#323=LINE('',#13326,#1324);
#324=LINE('',#13330,#1325);
#325=LINE('',#13334,#1326);
#326=LINE('',#13338,#1327);
#327=LINE('',#13342,#1328);
#328=LINE('',#13346,#1329);
#329=LINE('',#13350,#1330);
#330=LINE('',#13354,#1331);
#331=LINE('',#13358,#1332);
#332=LINE('',#13360,#1333);
#333=LINE('',#13362,#1334);
#334=LINE('',#13364,#1335);
#335=LINE('',#13368,#1336);
#336=LINE('',#13370,#1337);
#337=LINE('',#13372,#1338);
#338=LINE('',#13376,#1339);
#339=LINE('',#13378,#1340);
#340=LINE('',#13380,#1341);
#341=LINE('',#13384,#1342);
#342=LINE('',#13386,#1343);
#343=LINE('',#13388,#1344);
#344=LINE('',#13392,#1345);
#345=LINE('',#13394,#1346);
#346=LINE('',#13396,#1347);
#347=LINE('',#13400,#1348);
#348=LINE('',#13402,#1349);
#349=LINE('',#13404,#1350);
#350=LINE('',#13408,#1351);
#351=LINE('',#13410,#1352);
#352=LINE('',#13412,#1353);
#353=LINE('',#13416,#1354);
#354=LINE('',#13418,#1355);
#355=LINE('',#13420,#1356);
#356=LINE('',#13424,#1357);
#357=LINE('',#13426,#1358);
#358=LINE('',#13428,#1359);
#359=LINE('',#13432,#1360);
#360=LINE('',#13434,#1361);
#361=LINE('',#13436,#1362);
#362=LINE('',#13440,#1363);
#363=LINE('',#13442,#1364);
#364=LINE('',#13444,#1365);
#365=LINE('',#13448,#1366);
#366=LINE('',#13450,#1367);
#367=LINE('',#13452,#1368);
#368=LINE('',#13456,#1369);
#369=LINE('',#13458,#1370);
#370=LINE('',#13460,#1371);
#371=LINE('',#13464,#1372);
#372=LINE('',#13466,#1373);
#373=LINE('',#13468,#1374);
#374=LINE('',#13472,#1375);
#375=LINE('',#13477,#1376);
#376=LINE('',#13478,#1377);
#377=LINE('',#13480,#1378);
#378=LINE('',#13481,#1379);
#379=LINE('',#13485,#1380);
#380=LINE('',#13503,#1381);
#381=LINE('',#13508,#1382);
#382=LINE('',#13512,#1383);
#383=LINE('',#13516,#1384);
#384=LINE('',#13520,#1385);
#385=LINE('',#13524,#1386);
#386=LINE('',#13528,#1387);
#387=LINE('',#13532,#1388);
#388=LINE('',#13536,#1389);
#389=LINE('',#13540,#1390);
#390=LINE('',#13544,#1391);
#391=LINE('',#13548,#1392);
#392=LINE('',#13552,#1393);
#393=LINE('',#13556,#1394);
#394=LINE('',#13560,#1395);
#395=LINE('',#13564,#1396);
#396=LINE('',#13568,#1397);
#397=LINE('',#13571,#1398);
#398=LINE('',#13572,#1399);
#399=LINE('',#13576,#1400);
#400=LINE('',#13578,#1401);
#401=LINE('',#13580,#1402);
#402=LINE('',#13584,#1403);
#403=LINE('',#13586,#1404);
#404=LINE('',#13588,#1405);
#405=LINE('',#13592,#1406);
#406=LINE('',#13594,#1407);
#407=LINE('',#13596,#1408);
#408=LINE('',#13600,#1409);
#409=LINE('',#13602,#1410);
#410=LINE('',#13604,#1411);
#411=LINE('',#13608,#1412);
#412=LINE('',#13610,#1413);
#413=LINE('',#13612,#1414);
#414=LINE('',#13616,#1415);
#415=LINE('',#13618,#1416);
#416=LINE('',#13620,#1417);
#417=LINE('',#13624,#1418);
#418=LINE('',#13626,#1419);
#419=LINE('',#13628,#1420);
#420=LINE('',#13632,#1421);
#421=LINE('',#13634,#1422);
#422=LINE('',#13636,#1423);
#423=LINE('',#13640,#1424);
#424=LINE('',#13642,#1425);
#425=LINE('',#13644,#1426);
#426=LINE('',#13648,#1427);
#427=LINE('',#13650,#1428);
#428=LINE('',#13652,#1429);
#429=LINE('',#13660,#1430);
#430=LINE('',#13662,#1431);
#431=LINE('',#13664,#1432);
#432=LINE('',#13668,#1433);
#433=LINE('',#13670,#1434);
#434=LINE('',#13672,#1435);
#435=LINE('',#13676,#1436);
#436=LINE('',#13678,#1437);
#437=LINE('',#13680,#1438);
#438=LINE('',#13749,#1439);
#439=LINE('',#13751,#1440);
#440=LINE('',#13753,#1441);
#441=LINE('',#13755,#1442);
#442=LINE('',#13758,#1443);
#443=LINE('',#13760,#1444);
#444=LINE('',#13762,#1445);
#445=LINE('',#13764,#1446);
#446=LINE('',#13774,#1447);
#447=LINE('',#13777,#1448);
#448=LINE('',#13779,#1449);
#449=LINE('',#13781,#1450);
#450=LINE('',#13787,#1451);
#451=LINE('',#13790,#1452);
#452=LINE('',#13792,#1453);
#453=LINE('',#13794,#1454);
#454=LINE('',#13795,#1455);
#455=LINE('',#13798,#1456);
#456=LINE('',#13800,#1457);
#457=LINE('',#13802,#1458);
#458=LINE('',#13803,#1459);
#459=LINE('',#13806,#1460);
#460=LINE('',#13808,#1461);
#461=LINE('',#13810,#1462);
#462=LINE('',#13811,#1463);
#463=LINE('',#13814,#1464);
#464=LINE('',#13816,#1465);
#465=LINE('',#13818,#1466);
#466=LINE('',#13819,#1467);
#467=LINE('',#13822,#1468);
#468=LINE('',#13824,#1469);
#469=LINE('',#13826,#1470);
#470=LINE('',#13827,#1471);
#471=LINE('',#13830,#1472);
#472=LINE('',#13832,#1473);
#473=LINE('',#13834,#1474);
#474=LINE('',#13835,#1475);
#475=LINE('',#13838,#1476);
#476=LINE('',#13840,#1477);
#477=LINE('',#13842,#1478);
#478=LINE('',#13843,#1479);
#479=LINE('',#13846,#1480);
#480=LINE('',#13848,#1481);
#481=LINE('',#13850,#1482);
#482=LINE('',#13851,#1483);
#483=LINE('',#13854,#1484);
#484=LINE('',#13856,#1485);
#485=LINE('',#13858,#1486);
#486=LINE('',#13859,#1487);
#487=LINE('',#13862,#1488);
#488=LINE('',#13864,#1489);
#489=LINE('',#13866,#1490);
#490=LINE('',#13867,#1491);
#491=LINE('',#13870,#1492);
#492=LINE('',#13872,#1493);
#493=LINE('',#13874,#1494);
#494=LINE('',#13875,#1495);
#495=LINE('',#13878,#1496);
#496=LINE('',#13880,#1497);
#497=LINE('',#13882,#1498);
#498=LINE('',#13883,#1499);
#499=LINE('',#13886,#1500);
#500=LINE('',#13888,#1501);
#501=LINE('',#13890,#1502);
#502=LINE('',#13891,#1503);
#503=LINE('',#13894,#1504);
#504=LINE('',#13896,#1505);
#505=LINE('',#13898,#1506);
#506=LINE('',#13899,#1507);
#507=LINE('',#13902,#1508);
#508=LINE('',#13904,#1509);
#509=LINE('',#13906,#1510);
#510=LINE('',#13907,#1511);
#511=LINE('',#13910,#1512);
#512=LINE('',#13912,#1513);
#513=LINE('',#13914,#1514);
#514=LINE('',#13915,#1515);
#515=LINE('',#13918,#1516);
#516=LINE('',#13920,#1517);
#517=LINE('',#13922,#1518);
#518=LINE('',#13923,#1519);
#519=LINE('',#13926,#1520);
#520=LINE('',#13928,#1521);
#521=LINE('',#13930,#1522);
#522=LINE('',#13931,#1523);
#523=LINE('',#13934,#1524);
#524=LINE('',#13936,#1525);
#525=LINE('',#13938,#1526);
#526=LINE('',#13939,#1527);
#527=LINE('',#13942,#1528);
#528=LINE('',#13944,#1529);
#529=LINE('',#13946,#1530);
#530=LINE('',#13947,#1531);
#531=LINE('',#13950,#1532);
#532=LINE('',#13952,#1533);
#533=LINE('',#13954,#1534);
#534=LINE('',#13955,#1535);
#535=LINE('',#13958,#1536);
#536=LINE('',#13960,#1537);
#537=LINE('',#13962,#1538);
#538=LINE('',#13963,#1539);
#539=LINE('',#13966,#1540);
#540=LINE('',#13968,#1541);
#541=LINE('',#13970,#1542);
#542=LINE('',#13971,#1543);
#543=LINE('',#13974,#1544);
#544=LINE('',#13976,#1545);
#545=LINE('',#13978,#1546);
#546=LINE('',#13979,#1547);
#547=LINE('',#13982,#1548);
#548=LINE('',#13984,#1549);
#549=LINE('',#13986,#1550);
#550=LINE('',#13987,#1551);
#551=LINE('',#13990,#1552);
#552=LINE('',#13992,#1553);
#553=LINE('',#13994,#1554);
#554=LINE('',#13995,#1555);
#555=LINE('',#13998,#1556);
#556=LINE('',#14000,#1557);
#557=LINE('',#14002,#1558);
#558=LINE('',#14003,#1559);
#559=LINE('',#14006,#1560);
#560=LINE('',#14008,#1561);
#561=LINE('',#14010,#1562);
#562=LINE('',#14021,#1563);
#563=LINE('',#14024,#1564);
#564=LINE('',#14027,#1565);
#565=LINE('',#14031,#1566);
#566=LINE('',#14035,#1567);
#567=LINE('',#14039,#1568);
#568=LINE('',#14043,#1569);
#569=LINE('',#14047,#1570);
#570=LINE('',#14051,#1571);
#571=LINE('',#14055,#1572);
#572=LINE('',#14059,#1573);
#573=LINE('',#14063,#1574);
#574=LINE('',#14067,#1575);
#575=LINE('',#14071,#1576);
#576=LINE('',#14075,#1577);
#577=LINE('',#14079,#1578);
#578=LINE('',#14083,#1579);
#579=LINE('',#14087,#1580);
#580=LINE('',#14089,#1581);
#581=LINE('',#14091,#1582);
#582=LINE('',#14095,#1583);
#583=LINE('',#14099,#1584);
#584=LINE('',#14101,#1585);
#585=LINE('',#14103,#1586);
#586=LINE('',#14106,#1587);
#587=LINE('',#14107,#1588);
#588=LINE('',#14109,#1589);
#589=LINE('',#14111,#1590);
#590=LINE('',#14113,#1591);
#591=LINE('',#14115,#1592);
#592=LINE('',#14117,#1593);
#593=LINE('',#14120,#1594);
#594=LINE('',#14121,#1595);
#595=LINE('',#14123,#1596);
#596=LINE('',#14125,#1597);
#597=LINE('',#14127,#1598);
#598=LINE('',#14129,#1599);
#599=LINE('',#14131,#1600);
#600=LINE('',#14134,#1601);
#601=LINE('',#14135,#1602);
#602=LINE('',#14137,#1603);
#603=LINE('',#14139,#1604);
#604=LINE('',#14141,#1605);
#605=LINE('',#14143,#1606);
#606=LINE('',#14145,#1607);
#607=LINE('',#14148,#1608);
#608=LINE('',#14149,#1609);
#609=LINE('',#14151,#1610);
#610=LINE('',#14153,#1611);
#611=LINE('',#14155,#1612);
#612=LINE('',#14157,#1613);
#613=LINE('',#14159,#1614);
#614=LINE('',#14162,#1615);
#615=LINE('',#14163,#1616);
#616=LINE('',#14165,#1617);
#617=LINE('',#14167,#1618);
#618=LINE('',#14169,#1619);
#619=LINE('',#14171,#1620);
#620=LINE('',#14173,#1621);
#621=LINE('',#14176,#1622);
#622=LINE('',#14177,#1623);
#623=LINE('',#14179,#1624);
#624=LINE('',#14181,#1625);
#625=LINE('',#14183,#1626);
#626=LINE('',#14185,#1627);
#627=LINE('',#14187,#1628);
#628=LINE('',#14190,#1629);
#629=LINE('',#14191,#1630);
#630=LINE('',#14193,#1631);
#631=LINE('',#14195,#1632);
#632=LINE('',#14197,#1633);
#633=LINE('',#14199,#1634);
#634=LINE('',#14201,#1635);
#635=LINE('',#14204,#1636);
#636=LINE('',#14205,#1637);
#637=LINE('',#14207,#1638);
#638=LINE('',#14209,#1639);
#639=LINE('',#14211,#1640);
#640=LINE('',#14213,#1641);
#641=LINE('',#14215,#1642);
#642=LINE('',#14218,#1643);
#643=LINE('',#14219,#1644);
#644=LINE('',#14221,#1645);
#645=LINE('',#14223,#1646);
#646=LINE('',#14225,#1647);
#647=LINE('',#14227,#1648);
#648=LINE('',#14229,#1649);
#649=LINE('',#14232,#1650);
#650=LINE('',#14233,#1651);
#651=LINE('',#14235,#1652);
#652=LINE('',#14237,#1653);
#653=LINE('',#14239,#1654);
#654=LINE('',#14241,#1655);
#655=LINE('',#14243,#1656);
#656=LINE('',#14246,#1657);
#657=LINE('',#14247,#1658);
#658=LINE('',#14249,#1659);
#659=LINE('',#14251,#1660);
#660=LINE('',#14253,#1661);
#661=LINE('',#14255,#1662);
#662=LINE('',#14257,#1663);
#663=LINE('',#14260,#1664);
#664=LINE('',#14261,#1665);
#665=LINE('',#14263,#1666);
#666=LINE('',#14265,#1667);
#667=LINE('',#14267,#1668);
#668=LINE('',#14269,#1669);
#669=LINE('',#14271,#1670);
#670=LINE('',#14274,#1671);
#671=LINE('',#14275,#1672);
#672=LINE('',#14277,#1673);
#673=LINE('',#14279,#1674);
#674=LINE('',#14281,#1675);
#675=LINE('',#14283,#1676);
#676=LINE('',#14285,#1677);
#677=LINE('',#14288,#1678);
#678=LINE('',#14289,#1679);
#679=LINE('',#14291,#1680);
#680=LINE('',#14293,#1681);
#681=LINE('',#14295,#1682);
#682=LINE('',#14297,#1683);
#683=LINE('',#14299,#1684);
#684=LINE('',#14302,#1685);
#685=LINE('',#14303,#1686);
#686=LINE('',#14305,#1687);
#687=LINE('',#14307,#1688);
#688=LINE('',#14309,#1689);
#689=LINE('',#14311,#1690);
#690=LINE('',#14313,#1691);
#691=LINE('',#14316,#1692);
#692=LINE('',#14317,#1693);
#693=LINE('',#14319,#1694);
#694=LINE('',#14321,#1695);
#695=LINE('',#14323,#1696);
#696=LINE('',#14325,#1697);
#697=LINE('',#14327,#1698);
#698=LINE('',#14330,#1699);
#699=LINE('',#14331,#1700);
#700=LINE('',#14333,#1701);
#701=LINE('',#14335,#1702);
#702=LINE('',#14337,#1703);
#703=LINE('',#14339,#1704);
#704=LINE('',#14341,#1705);
#705=LINE('',#14344,#1706);
#706=LINE('',#14345,#1707);
#707=LINE('',#14347,#1708);
#708=LINE('',#14349,#1709);
#709=LINE('',#14351,#1710);
#710=LINE('',#14353,#1711);
#711=LINE('',#14355,#1712);
#712=LINE('',#14358,#1713);
#713=LINE('',#14359,#1714);
#714=LINE('',#14361,#1715);
#715=LINE('',#14363,#1716);
#716=LINE('',#14365,#1717);
#717=LINE('',#14367,#1718);
#718=LINE('',#14369,#1719);
#719=LINE('',#14372,#1720);
#720=LINE('',#14373,#1721);
#721=LINE('',#14375,#1722);
#722=LINE('',#14377,#1723);
#723=LINE('',#14379,#1724);
#724=LINE('',#14381,#1725);
#725=LINE('',#14383,#1726);
#726=LINE('',#14386,#1727);
#727=LINE('',#14387,#1728);
#728=LINE('',#14389,#1729);
#729=LINE('',#14391,#1730);
#730=LINE('',#14393,#1731);
#731=LINE('',#14395,#1732);
#732=LINE('',#14397,#1733);
#733=LINE('',#14400,#1734);
#734=LINE('',#14401,#1735);
#735=LINE('',#14403,#1736);
#736=LINE('',#14405,#1737);
#737=LINE('',#14407,#1738);
#738=LINE('',#14409,#1739);
#739=LINE('',#14411,#1740);
#740=LINE('',#14414,#1741);
#741=LINE('',#14415,#1742);
#742=LINE('',#14417,#1743);
#743=LINE('',#14419,#1744);
#744=LINE('',#14421,#1745);
#745=LINE('',#14423,#1746);
#746=LINE('',#14425,#1747);
#747=LINE('',#14428,#1748);
#748=LINE('',#14429,#1749);
#749=LINE('',#14431,#1750);
#750=LINE('',#14433,#1751);
#751=LINE('',#14435,#1752);
#752=LINE('',#14437,#1753);
#753=LINE('',#14439,#1754);
#754=LINE('',#14442,#1755);
#755=LINE('',#14443,#1756);
#756=LINE('',#14445,#1757);
#757=LINE('',#14447,#1758);
#758=LINE('',#14449,#1759);
#759=LINE('',#14451,#1760);
#760=LINE('',#14453,#1761);
#761=LINE('',#14456,#1762);
#762=LINE('',#14457,#1763);
#763=LINE('',#14459,#1764);
#764=LINE('',#14461,#1765);
#765=LINE('',#14463,#1766);
#766=LINE('',#14465,#1767);
#767=LINE('',#14467,#1768);
#768=LINE('',#14470,#1769);
#769=LINE('',#14471,#1770);
#770=LINE('',#14473,#1771);
#771=LINE('',#14475,#1772);
#772=LINE('',#14477,#1773);
#773=LINE('',#14479,#1774);
#774=LINE('',#14481,#1775);
#775=LINE('',#14484,#1776);
#776=LINE('',#14485,#1777);
#777=LINE('',#14487,#1778);
#778=LINE('',#14489,#1779);
#779=LINE('',#14491,#1780);
#780=LINE('',#14493,#1781);
#781=LINE('',#14495,#1782);
#782=LINE('',#14498,#1783);
#783=LINE('',#14499,#1784);
#784=LINE('',#14501,#1785);
#785=LINE('',#14503,#1786);
#786=LINE('',#14505,#1787);
#787=LINE('',#14507,#1788);
#788=LINE('',#14511,#1789);
#789=LINE('',#14513,#1790);
#790=LINE('',#14515,#1791);
#791=LINE('',#14519,#1792);
#792=LINE('',#14521,#1793);
#793=LINE('',#14523,#1794);
#794=LINE('',#14527,#1795);
#795=LINE('',#14529,#1796);
#796=LINE('',#14531,#1797);
#797=LINE('',#14535,#1798);
#798=LINE('',#14537,#1799);
#799=LINE('',#14539,#1800);
#800=LINE('',#14543,#1801);
#801=LINE('',#14545,#1802);
#802=LINE('',#14547,#1803);
#803=LINE('',#14551,#1804);
#804=LINE('',#14553,#1805);
#805=LINE('',#14555,#1806);
#806=LINE('',#14559,#1807);
#807=LINE('',#14561,#1808);
#808=LINE('',#14563,#1809);
#809=LINE('',#14567,#1810);
#810=LINE('',#14569,#1811);
#811=LINE('',#14571,#1812);
#812=LINE('',#14575,#1813);
#813=LINE('',#14577,#1814);
#814=LINE('',#14579,#1815);
#815=LINE('',#14583,#1816);
#816=LINE('',#14585,#1817);
#817=LINE('',#14587,#1818);
#818=LINE('',#14591,#1819);
#819=LINE('',#14593,#1820);
#820=LINE('',#14595,#1821);
#821=LINE('',#14599,#1822);
#822=LINE('',#14601,#1823);
#823=LINE('',#14603,#1824);
#824=LINE('',#14607,#1825);
#825=LINE('',#14609,#1826);
#826=LINE('',#14611,#1827);
#827=LINE('',#14615,#1828);
#828=LINE('',#14617,#1829);
#829=LINE('',#14619,#1830);
#830=LINE('',#14623,#1831);
#831=LINE('',#14625,#1832);
#832=LINE('',#14627,#1833);
#833=LINE('',#14631,#1834);
#834=LINE('',#14633,#1835);
#835=LINE('',#14635,#1836);
#836=LINE('',#14639,#1837);
#837=LINE('',#14641,#1838);
#838=LINE('',#14643,#1839);
#839=LINE('',#14657,#1840);
#840=LINE('',#14659,#1841);
#841=LINE('',#14661,#1842);
#842=LINE('',#14663,#1843);
#843=LINE('',#14665,#1844);
#844=LINE('',#14667,#1845);
#845=LINE('',#14669,#1846);
#846=LINE('',#14671,#1847);
#847=LINE('',#14673,#1848);
#848=LINE('',#14675,#1849);
#849=LINE('',#14677,#1850);
#850=LINE('',#14679,#1851);
#851=LINE('',#14681,#1852);
#852=LINE('',#14683,#1853);
#853=LINE('',#14685,#1854);
#854=LINE('',#14687,#1855);
#855=LINE('',#14689,#1856);
#856=LINE('',#14691,#1857);
#857=LINE('',#14693,#1858);
#858=LINE('',#14695,#1859);
#859=LINE('',#14697,#1860);
#860=LINE('',#14699,#1861);
#861=LINE('',#14701,#1862);
#862=LINE('',#14703,#1863);
#863=LINE('',#14705,#1864);
#864=LINE('',#14707,#1865);
#865=LINE('',#14709,#1866);
#866=LINE('',#14711,#1867);
#867=LINE('',#14724,#1868);
#868=LINE('',#14727,#1869);
#869=LINE('',#14728,#1870);
#870=LINE('',#14730,#1871);
#871=LINE('',#14732,#1872);
#872=LINE('',#14736,#1873);
#873=LINE('',#14739,#1874);
#874=LINE('',#14741,#1875);
#875=LINE('',#14743,#1876);
#876=LINE('',#14745,#1877);
#877=LINE('',#14748,#1878);
#878=LINE('',#14750,#1879);
#879=LINE('',#14752,#1880);
#880=LINE('',#14754,#1881);
#881=LINE('',#14757,#1882);
#882=LINE('',#14759,#1883);
#883=LINE('',#14761,#1884);
#884=LINE('',#14763,#1885);
#885=LINE('',#14766,#1886);
#886=LINE('',#14768,#1887);
#887=LINE('',#14770,#1888);
#888=LINE('',#14774,#1889);
#889=LINE('',#14777,#1890);
#890=LINE('',#14779,#1891);
#891=LINE('',#14781,#1892);
#892=LINE('',#14785,#1893);
#893=LINE('',#14788,#1894);
#894=LINE('',#14792,#1895);
#895=LINE('',#14796,#1896);
#896=LINE('',#14797,#1897);
#897=LINE('',#14799,#1898);
#898=LINE('',#14801,#1899);
#899=LINE('',#14803,#1900);
#900=LINE('',#14808,#1901);
#901=LINE('',#14812,#1902);
#902=LINE('',#14815,#1903);
#903=LINE('',#14816,#1904);
#904=LINE('',#14818,#1905);
#905=LINE('',#14824,#1906);
#906=LINE('',#14827,#1907);
#907=LINE('',#14828,#1908);
#908=LINE('',#14830,#1909);
#909=LINE('',#14836,#1910);
#910=LINE('',#14839,#1911);
#911=LINE('',#14840,#1912);
#912=LINE('',#14842,#1913);
#913=LINE('',#14848,#1914);
#914=LINE('',#14851,#1915);
#915=LINE('',#14852,#1916);
#916=LINE('',#14854,#1917);
#917=LINE('',#14860,#1918);
#918=LINE('',#14863,#1919);
#919=LINE('',#14864,#1920);
#920=LINE('',#14866,#1921);
#921=LINE('',#14872,#1922);
#922=LINE('',#14875,#1923);
#923=LINE('',#14876,#1924);
#924=LINE('',#14878,#1925);
#925=LINE('',#14884,#1926);
#926=LINE('',#14887,#1927);
#927=LINE('',#14888,#1928);
#928=LINE('',#14890,#1929);
#929=LINE('',#14896,#1930);
#930=LINE('',#14899,#1931);
#931=LINE('',#14900,#1932);
#932=LINE('',#14902,#1933);
#933=LINE('',#14908,#1934);
#934=LINE('',#14911,#1935);
#935=LINE('',#14912,#1936);
#936=LINE('',#14914,#1937);
#937=LINE('',#14920,#1938);
#938=LINE('',#14923,#1939);
#939=LINE('',#14924,#1940);
#940=LINE('',#14926,#1941);
#941=LINE('',#14932,#1942);
#942=LINE('',#14935,#1943);
#943=LINE('',#14936,#1944);
#944=LINE('',#14938,#1945);
#945=LINE('',#14944,#1946);
#946=LINE('',#14947,#1947);
#947=LINE('',#14948,#1948);
#948=LINE('',#14950,#1949);
#949=LINE('',#14956,#1950);
#950=LINE('',#14959,#1951);
#951=LINE('',#14960,#1952);
#952=LINE('',#14962,#1953);
#953=LINE('',#14968,#1954);
#954=LINE('',#14971,#1955);
#955=LINE('',#14972,#1956);
#956=LINE('',#14977,#1957);
#957=LINE('',#14984,#1958);
#958=LINE('',#14988,#1959);
#959=LINE('',#14990,#1960);
#960=LINE('',#14992,#1961);
#961=LINE('',#14994,#1962);
#962=LINE('',#14998,#1963);
#963=LINE('',#15002,#1964);
#964=LINE('',#15004,#1965);
#965=LINE('',#15006,#1966);
#966=LINE('',#15010,#1967);
#967=LINE('',#15014,#1968);
#968=LINE('',#15016,#1969);
#969=LINE('',#15018,#1970);
#970=LINE('',#15022,#1971);
#971=LINE('',#15026,#1972);
#972=LINE('',#15028,#1973);
#973=LINE('',#15030,#1974);
#974=LINE('',#15034,#1975);
#975=LINE('',#15038,#1976);
#976=LINE('',#15040,#1977);
#977=LINE('',#15042,#1978);
#978=LINE('',#15046,#1979);
#979=LINE('',#15050,#1980);
#980=LINE('',#15052,#1981);
#981=LINE('',#15054,#1982);
#982=LINE('',#15058,#1983);
#983=LINE('',#15062,#1984);
#984=LINE('',#15064,#1985);
#985=LINE('',#15066,#1986);
#986=LINE('',#15070,#1987);
#987=LINE('',#15074,#1988);
#988=LINE('',#15076,#1989);
#989=LINE('',#15078,#1990);
#990=LINE('',#15087,#1991);
#991=LINE('',#15091,#1992);
#992=LINE('',#15093,#1993);
#993=LINE('',#15095,#1994);
#994=LINE('',#15099,#1995);
#995=LINE('',#15103,#1996);
#996=LINE('',#15105,#1997);
#997=LINE('',#15107,#1998);
#998=LINE('',#15111,#1999);
#999=LINE('',#15115,#2000);
#1000=LINE('',#15117,#2001);
#1001=LINE('',#15119,#2002);
#1002=LINE('',#15123,#2003);
#1003=LINE('',#15127,#2004);
#1004=LINE('',#15129,#2005);
#1005=LINE('',#15131,#2006);
#1006=LINE('',#15135,#2007);
#1007=LINE('',#15139,#2008);
#1008=LINE('',#15141,#2009);
#1009=LINE('',#15143,#2010);
#1010=LINE('',#15147,#2011);
#1011=LINE('',#15151,#2012);
#1012=LINE('',#15152,#2013);
#1013=LINE('',#15157,#2014);
#1014=LINE('',#15159,#2015);
#1015=LINE('',#15160,#2016);
#1016=LINE('',#15161,#2017);
#1017=LINE('',#15165,#2018);
#1018=LINE('',#15177,#2019);
#1019=LINE('',#15178,#2020);
#1020=LINE('',#15180,#2021);
#1021=LINE('',#15183,#2022);
#1022=LINE('',#15185,#2023);
#1023=LINE('',#15187,#2024);
#1024=LINE('',#15189,#2025);
#1025=LINE('',#15192,#2026);
#1026=LINE('',#15193,#2027);
#1027=LINE('',#15195,#2028);
#1028=LINE('',#15198,#2029);
#1029=LINE('',#15199,#2030);
#1030=LINE('',#15201,#2031);
#1031=LINE('',#15204,#2032);
#1032=LINE('',#15205,#2033);
#1033=LINE('',#15207,#2034);
#1034=LINE('',#15210,#2035);
#1035=LINE('',#15211,#2036);
#1036=LINE('',#15213,#2037);
#1037=LINE('',#15216,#2038);
#1038=LINE('',#15217,#2039);
#1039=LINE('',#15219,#2040);
#1040=LINE('',#15222,#2041);
#1041=LINE('',#15223,#2042);
#1042=LINE('',#15225,#2043);
#1043=LINE('',#15228,#2044);
#1044=LINE('',#15229,#2045);
#1045=LINE('',#15231,#2046);
#1046=LINE('',#15234,#2047);
#1047=LINE('',#15235,#2048);
#1048=LINE('',#15237,#2049);
#1049=LINE('',#15240,#2050);
#1050=LINE('',#15241,#2051);
#1051=LINE('',#15243,#2052);
#1052=LINE('',#15246,#2053);
#1053=LINE('',#15247,#2054);
#1054=LINE('',#15249,#2055);
#1055=LINE('',#15252,#2056);
#1056=LINE('',#15253,#2057);
#1057=LINE('',#15255,#2058);
#1058=LINE('',#15258,#2059);
#1059=LINE('',#15259,#2060);
#1060=LINE('',#15261,#2061);
#1061=LINE('',#15264,#2062);
#1062=LINE('',#15265,#2063);
#1063=LINE('',#15267,#2064);
#1064=LINE('',#15270,#2065);
#1065=LINE('',#15271,#2066);
#1066=LINE('',#15273,#2067);
#1067=LINE('',#15276,#2068);
#1068=LINE('',#15277,#2069);
#1069=LINE('',#15279,#2070);
#1070=LINE('',#15282,#2071);
#1071=LINE('',#15283,#2072);
#1072=LINE('',#15285,#2073);
#1073=LINE('',#15288,#2074);
#1074=LINE('',#15289,#2075);
#1075=LINE('',#15291,#2076);
#1076=LINE('',#15294,#2077);
#1077=LINE('',#15295,#2078);
#1078=LINE('',#15297,#2079);
#1079=LINE('',#15300,#2080);
#1080=LINE('',#15301,#2081);
#1081=LINE('',#15303,#2082);
#1082=LINE('',#15306,#2083);
#1083=LINE('',#15307,#2084);
#1084=LINE('',#15309,#2085);
#1085=LINE('',#15312,#2086);
#1086=LINE('',#15313,#2087);
#1087=LINE('',#15315,#2088);
#1088=LINE('',#15318,#2089);
#1089=LINE('',#15319,#2090);
#1090=LINE('',#15321,#2091);
#1091=LINE('',#15324,#2092);
#1092=LINE('',#15325,#2093);
#1093=LINE('',#15327,#2094);
#1094=LINE('',#15330,#2095);
#1095=LINE('',#15331,#2096);
#1096=LINE('',#15333,#2097);
#1097=LINE('',#15336,#2098);
#1098=LINE('',#15337,#2099);
#1099=LINE('',#15339,#2100);
#1100=LINE('',#15342,#2101);
#1101=LINE('',#15343,#2102);
#1102=LINE('',#15345,#2103);
#1103=LINE('',#15348,#2104);
#1104=LINE('',#15349,#2105);
#1105=LINE('',#15351,#2106);
#1106=LINE('',#15354,#2107);
#1107=LINE('',#15355,#2108);
#1108=LINE('',#15357,#2109);
#1109=LINE('',#15360,#2110);
#1110=LINE('',#15361,#2111);
#1111=LINE('',#15363,#2112);
#1112=LINE('',#15366,#2113);
#1113=LINE('',#15367,#2114);
#1114=LINE('',#15369,#2115);
#1115=LINE('',#15372,#2116);
#1116=LINE('',#15374,#2117);
#1117=LINE('',#15376,#2118);
#1118=LINE('',#15378,#2119);
#1119=LINE('',#15381,#2120);
#1120=LINE('',#15382,#2121);
#1121=LINE('',#15384,#2122);
#1122=LINE('',#15387,#2123);
#1123=LINE('',#15388,#2124);
#1124=LINE('',#15390,#2125);
#1125=LINE('',#15393,#2126);
#1126=LINE('',#15394,#2127);
#1127=LINE('',#15396,#2128);
#1128=LINE('',#15399,#2129);
#1129=LINE('',#15400,#2130);
#1130=LINE('',#15402,#2131);
#1131=LINE('',#15405,#2132);
#1132=LINE('',#15406,#2133);
#1133=LINE('',#15408,#2134);
#1134=LINE('',#15411,#2135);
#1135=LINE('',#15412,#2136);
#1136=LINE('',#15414,#2137);
#1137=LINE('',#15417,#2138);
#1138=LINE('',#15418,#2139);
#1139=LINE('',#15420,#2140);
#1140=LINE('',#15423,#2141);
#1141=LINE('',#15424,#2142);
#1142=LINE('',#15426,#2143);
#1143=LINE('',#15429,#2144);
#1144=LINE('',#15430,#2145);
#1145=LINE('',#15432,#2146);
#1146=LINE('',#15435,#2147);
#1147=LINE('',#15436,#2148);
#1148=LINE('',#15438,#2149);
#1149=LINE('',#15441,#2150);
#1150=LINE('',#15442,#2151);
#1151=LINE('',#15444,#2152);
#1152=LINE('',#15447,#2153);
#1153=LINE('',#15448,#2154);
#1154=LINE('',#15450,#2155);
#1155=LINE('',#15453,#2156);
#1156=LINE('',#15454,#2157);
#1157=LINE('',#15456,#2158);
#1158=LINE('',#15459,#2159);
#1159=LINE('',#15460,#2160);
#1160=LINE('',#15462,#2161);
#1161=LINE('',#15465,#2162);
#1162=LINE('',#15466,#2163);
#1163=LINE('',#15468,#2164);
#1164=LINE('',#15470,#2165);
#1165=LINE('',#15472,#2166);
#1166=LINE('',#15474,#2167);
#1167=LINE('',#15476,#2168);
#1168=LINE('',#15478,#2169);
#1169=LINE('',#15479,#2170);
#1170=LINE('',#15481,#2171);
#1171=LINE('',#15482,#2172);
#1172=LINE('',#15484,#2173);
#1173=LINE('',#15485,#2174);
#1174=LINE('',#15487,#2175);
#1175=LINE('',#15490,#2176);
#1176=LINE('',#15492,#2177);
#1177=LINE('',#15494,#2178);
#1178=LINE('',#15496,#2179);
#1179=LINE('',#15498,#2180);
#1180=LINE('',#15500,#2181);
#1181=LINE('',#15502,#2182);
#1182=LINE('',#15504,#2183);
#1183=LINE('',#15506,#2184);
#1184=LINE('',#15508,#2185);
#1185=LINE('',#15510,#2186);
#1186=LINE('',#15512,#2187);
#1187=LINE('',#15514,#2188);
#1188=LINE('',#15516,#2189);
#1189=LINE('',#15518,#2190);
#1190=LINE('',#15519,#2191);
#1191=LINE('',#15522,#2192);
#1192=LINE('',#15524,#2193);
#1193=LINE('',#15526,#2194);
#1194=LINE('',#15528,#2195);
#1195=LINE('',#15530,#2196);
#1196=LINE('',#15532,#2197);
#1197=LINE('',#15534,#2198);
#1198=LINE('',#15536,#2199);
#1199=LINE('',#15538,#2200);
#1200=LINE('',#15540,#2201);
#1201=LINE('',#15542,#2202);
#1202=LINE('',#15544,#2203);
#1203=LINE('',#15546,#2204);
#1204=LINE('',#15548,#2205);
#1205=LINE('',#15550,#2206);
#1206=LINE('',#15552,#2207);
#1207=LINE('',#15554,#2208);
#1208=LINE('',#15556,#2209);
#1209=LINE('',#15558,#2210);
#1210=LINE('',#15560,#2211);
#1211=LINE('',#15562,#2212);
#1212=LINE('',#15564,#2213);
#1213=LINE('',#15566,#2214);
#1214=LINE('',#15568,#2215);
#1215=LINE('',#15570,#2216);
#1216=LINE('',#15572,#2217);
#1217=LINE('',#15574,#2218);
#1218=LINE('',#15576,#2219);
#1219=LINE('',#15578,#2220);
#1220=LINE('',#15580,#2221);
#1221=LINE('',#15582,#2222);
#1222=LINE('',#15586,#2223);
#1223=LINE('',#15587,#2224);
#1224=LINE('',#15591,#2225);
#1225=LINE('',#15595,#2226);
#1226=LINE('',#15599,#2227);
#1227=LINE('',#15603,#2228);
#1228=LINE('',#15607,#2229);
#1229=LINE('',#15611,#2230);
#1230=LINE('',#15615,#2231);
#1231=LINE('',#15619,#2232);
#1232=LINE('',#15623,#2233);
#1233=LINE('',#15627,#2234);
#1234=LINE('',#15631,#2235);
#1235=LINE('',#15635,#2236);
#1236=LINE('',#15639,#2237);
#1237=LINE('',#15643,#2238);
#1238=LINE('',#15647,#2239);
#1239=LINE('',#15760,#2240);
#1240=LINE('',#15762,#2241);
#1241=LINE('',#15764,#2242);
#1242=LINE('',#15766,#2243);
#1243=LINE('',#15768,#2244);
#1244=LINE('',#15770,#2245);
#1245=LINE('',#15772,#2246);
#1246=LINE('',#15774,#2247);
#1247=LINE('',#15776,#2248);
#1248=LINE('',#15778,#2249);
#1249=LINE('',#15780,#2250);
#1250=LINE('',#15782,#2251);
#1251=LINE('',#15784,#2252);
#1252=LINE('',#15786,#2253);
#1253=LINE('',#15788,#2254);
#1254=LINE('',#15790,#2255);
#1255=LINE('',#15792,#2256);
#1256=LINE('',#15794,#2257);
#1257=LINE('',#15796,#2258);
#1258=LINE('',#15798,#2259);
#1259=LINE('',#15800,#2260);
#1260=LINE('',#15802,#2261);
#1261=LINE('',#15804,#2262);
#1262=LINE('',#15806,#2263);
#1263=LINE('',#15808,#2264);
#1264=LINE('',#15810,#2265);
#1265=LINE('',#15812,#2266);
#1266=LINE('',#15814,#2267);
#1267=LINE('',#15816,#2268);
#1268=LINE('',#15818,#2269);
#1269=LINE('',#15820,#2270);
#1270=LINE('',#15822,#2271);
#1271=LINE('',#15825,#2272);
#1272=LINE('',#15827,#2273);
#1273=LINE('',#15829,#2274);
#1274=LINE('',#15831,#2275);
#1275=VECTOR('',#10450,1.);
#1276=VECTOR('',#10451,1.);
#1277=VECTOR('',#10452,1.);
#1278=VECTOR('',#10455,1.);
#1279=VECTOR('',#10456,1.);
#1280=VECTOR('',#10457,1.);
#1281=VECTOR('',#10462,1.);
#1282=VECTOR('',#10463,1.);
#1283=VECTOR('',#10466,1.);
#1284=VECTOR('',#10469,1.);
#1285=VECTOR('',#10470,1.);
#1286=VECTOR('',#10471,1.);
#1287=VECTOR('',#10472,1.);
#1288=VECTOR('',#10477,1.);
#1289=VECTOR('',#10478,1.);
#1290=VECTOR('',#10479,1.);
#1291=VECTOR('',#10480,1.);
#1292=VECTOR('',#10481,1.);
#1293=VECTOR('',#10482,1.);
#1294=VECTOR('',#10485,1.);
#1295=VECTOR('',#10488,1.);
#1296=VECTOR('',#10491,1.);
#1297=VECTOR('',#10494,1.);
#1298=VECTOR('',#10495,1.);
#1299=VECTOR('',#10496,1.);
#1300=VECTOR('',#10497,1.);
#1301=VECTOR('',#10498,1.);
#1302=VECTOR('',#10511,1.);
#1303=VECTOR('',#10514,1.);
#1304=VECTOR('',#10517,1.);
#1305=VECTOR('',#10520,1.);
#1306=VECTOR('',#10523,1.);
#1307=VECTOR('',#10526,1.);
#1308=VECTOR('',#10529,1.);
#1309=VECTOR('',#10532,1.);
#1310=VECTOR('',#10535,1.);
#1311=VECTOR('',#10538,1.);
#1312=VECTOR('',#10541,1.);
#1313=VECTOR('',#10544,1.);
#1314=VECTOR('',#10547,1.);
#1315=VECTOR('',#10550,1.);
#1316=VECTOR('',#10553,1.);
#1317=VECTOR('',#10556,1.);
#1318=VECTOR('',#10559,1.);
#1319=VECTOR('',#10562,1.);
#1320=VECTOR('',#10565,1.);
#1321=VECTOR('',#10568,1.);
#1322=VECTOR('',#10571,1.);
#1323=VECTOR('',#10574,1.);
#1324=VECTOR('',#10577,1.);
#1325=VECTOR('',#10580,1.);
#1326=VECTOR('',#10583,1.);
#1327=VECTOR('',#10586,1.);
#1328=VECTOR('',#10589,1.);
#1329=VECTOR('',#10592,1.);
#1330=VECTOR('',#10595,1.);
#1331=VECTOR('',#10598,1.);
#1332=VECTOR('',#10601,1.);
#1333=VECTOR('',#10604,1.);
#1334=VECTOR('',#10605,1.);
#1335=VECTOR('',#10606,1.);
#1336=VECTOR('',#10611,1.);
#1337=VECTOR('',#10614,1.);
#1338=VECTOR('',#10615,1.);
#1339=VECTOR('',#10620,1.);
#1340=VECTOR('',#10623,1.);
#1341=VECTOR('',#10624,1.);
#1342=VECTOR('',#10629,1.);
#1343=VECTOR('',#10632,1.);
#1344=VECTOR('',#10633,1.);
#1345=VECTOR('',#10638,1.);
#1346=VECTOR('',#10641,1.);
#1347=VECTOR('',#10642,1.);
#1348=VECTOR('',#10647,1.);
#1349=VECTOR('',#10650,1.);
#1350=VECTOR('',#10651,1.);
#1351=VECTOR('',#10656,1.);
#1352=VECTOR('',#10659,1.);
#1353=VECTOR('',#10660,1.);
#1354=VECTOR('',#10665,1.);
#1355=VECTOR('',#10668,1.);
#1356=VECTOR('',#10669,1.);
#1357=VECTOR('',#10674,1.);
#1358=VECTOR('',#10677,1.);
#1359=VECTOR('',#10678,1.);
#1360=VECTOR('',#10683,1.);
#1361=VECTOR('',#10686,1.);
#1362=VECTOR('',#10687,1.);
#1363=VECTOR('',#10692,1.);
#1364=VECTOR('',#10695,1.);
#1365=VECTOR('',#10696,1.);
#1366=VECTOR('',#10701,1.);
#1367=VECTOR('',#10704,1.);
#1368=VECTOR('',#10705,1.);
#1369=VECTOR('',#10710,1.);
#1370=VECTOR('',#10713,1.);
#1371=VECTOR('',#10714,1.);
#1372=VECTOR('',#10719,1.);
#1373=VECTOR('',#10722,1.);
#1374=VECTOR('',#10723,1.);
#1375=VECTOR('',#10728,1.);
#1376=VECTOR('',#10733,1.);
#1377=VECTOR('',#10734,1.);
#1378=VECTOR('',#10735,1.);
#1379=VECTOR('',#10736,1.);
#1380=VECTOR('',#10739,1.);
#1381=VECTOR('',#10762,1.);
#1382=VECTOR('',#10765,1.);
#1383=VECTOR('',#10768,1.);
#1384=VECTOR('',#10771,1.);
#1385=VECTOR('',#10774,1.);
#1386=VECTOR('',#10777,1.);
#1387=VECTOR('',#10780,1.);
#1388=VECTOR('',#10783,1.);
#1389=VECTOR('',#10786,1.);
#1390=VECTOR('',#10789,1.);
#1391=VECTOR('',#10792,1.);
#1392=VECTOR('',#10795,1.);
#1393=VECTOR('',#10798,1.);
#1394=VECTOR('',#10801,1.);
#1395=VECTOR('',#10804,1.);
#1396=VECTOR('',#10807,1.);
#1397=VECTOR('',#10812,1.);
#1398=VECTOR('',#10813,1.);
#1399=VECTOR('',#10814,1.);
#1400=VECTOR('',#10819,1.);
#1401=VECTOR('',#10822,1.);
#1402=VECTOR('',#10823,1.);
#1403=VECTOR('',#10828,1.);
#1404=VECTOR('',#10831,1.);
#1405=VECTOR('',#10832,1.);
#1406=VECTOR('',#10837,1.);
#1407=VECTOR('',#10840,1.);
#1408=VECTOR('',#10841,1.);
#1409=VECTOR('',#10846,1.);
#1410=VECTOR('',#10849,1.);
#1411=VECTOR('',#10850,1.);
#1412=VECTOR('',#10855,1.);
#1413=VECTOR('',#10858,1.);
#1414=VECTOR('',#10859,1.);
#1415=VECTOR('',#10864,1.);
#1416=VECTOR('',#10867,1.);
#1417=VECTOR('',#10868,1.);
#1418=VECTOR('',#10873,1.);
#1419=VECTOR('',#10876,1.);
#1420=VECTOR('',#10877,1.);
#1421=VECTOR('',#10882,1.);
#1422=VECTOR('',#10885,1.);
#1423=VECTOR('',#10886,1.);
#1424=VECTOR('',#10891,1.);
#1425=VECTOR('',#10894,1.);
#1426=VECTOR('',#10895,1.);
#1427=VECTOR('',#10900,1.);
#1428=VECTOR('',#10903,1.);
#1429=VECTOR('',#10904,1.);
#1430=VECTOR('',#10917,1.);
#1431=VECTOR('',#10920,1.);
#1432=VECTOR('',#10921,1.);
#1433=VECTOR('',#10926,1.);
#1434=VECTOR('',#10929,1.);
#1435=VECTOR('',#10930,1.);
#1436=VECTOR('',#10935,1.);
#1437=VECTOR('',#10938,1.);
#1438=VECTOR('',#10939,1.);
#1439=VECTOR('',#11076,1.);
#1440=VECTOR('',#11079,1.);
#1441=VECTOR('',#11082,1.);
#1442=VECTOR('',#11085,1.);
#1443=VECTOR('',#11090,1.);
#1444=VECTOR('',#11093,1.);
#1445=VECTOR('',#11096,1.);
#1446=VECTOR('',#11099,1.);
#1447=VECTOR('',#11118,1.);
#1448=VECTOR('',#11119,1.);
#1449=VECTOR('',#11120,1.);
#1450=VECTOR('',#11121,1.);
#1451=VECTOR('',#11128,1.);
#1452=VECTOR('',#11129,1.);
#1453=VECTOR('',#11130,1.);
#1454=VECTOR('',#11131,1.);
#1455=VECTOR('',#11132,1.);
#1456=VECTOR('',#11133,1.);
#1457=VECTOR('',#11134,1.);
#1458=VECTOR('',#11135,1.);
#1459=VECTOR('',#11136,1.);
#1460=VECTOR('',#11137,1.);
#1461=VECTOR('',#11138,1.);
#1462=VECTOR('',#11139,1.);
#1463=VECTOR('',#11140,1.);
#1464=VECTOR('',#11141,1.);
#1465=VECTOR('',#11142,1.);
#1466=VECTOR('',#11143,1.);
#1467=VECTOR('',#11144,1.);
#1468=VECTOR('',#11145,1.);
#1469=VECTOR('',#11146,1.);
#1470=VECTOR('',#11147,1.);
#1471=VECTOR('',#11148,1.);
#1472=VECTOR('',#11149,1.);
#1473=VECTOR('',#11150,1.);
#1474=VECTOR('',#11151,1.);
#1475=VECTOR('',#11152,1.);
#1476=VECTOR('',#11153,1.);
#1477=VECTOR('',#11154,1.);
#1478=VECTOR('',#11155,1.);
#1479=VECTOR('',#11156,1.);
#1480=VECTOR('',#11157,1.);
#1481=VECTOR('',#11158,1.);
#1482=VECTOR('',#11159,1.);
#1483=VECTOR('',#11160,1.);
#1484=VECTOR('',#11161,1.);
#1485=VECTOR('',#11162,1.);
#1486=VECTOR('',#11163,1.);
#1487=VECTOR('',#11164,1.);
#1488=VECTOR('',#11165,1.);
#1489=VECTOR('',#11166,1.);
#1490=VECTOR('',#11167,1.);
#1491=VECTOR('',#11168,1.);
#1492=VECTOR('',#11169,1.);
#1493=VECTOR('',#11170,1.);
#1494=VECTOR('',#11171,1.);
#1495=VECTOR('',#11172,1.);
#1496=VECTOR('',#11173,1.);
#1497=VECTOR('',#11174,1.);
#1498=VECTOR('',#11175,1.);
#1499=VECTOR('',#11176,1.);
#1500=VECTOR('',#11177,1.);
#1501=VECTOR('',#11178,1.);
#1502=VECTOR('',#11179,1.);
#1503=VECTOR('',#11180,1.);
#1504=VECTOR('',#11181,1.);
#1505=VECTOR('',#11182,1.);
#1506=VECTOR('',#11183,1.);
#1507=VECTOR('',#11184,1.);
#1508=VECTOR('',#11185,1.);
#1509=VECTOR('',#11186,1.);
#1510=VECTOR('',#11187,1.);
#1511=VECTOR('',#11188,1.);
#1512=VECTOR('',#11189,1.);
#1513=VECTOR('',#11190,1.);
#1514=VECTOR('',#11191,1.);
#1515=VECTOR('',#11192,1.);
#1516=VECTOR('',#11193,1.);
#1517=VECTOR('',#11194,1.);
#1518=VECTOR('',#11195,1.);
#1519=VECTOR('',#11196,1.);
#1520=VECTOR('',#11197,1.);
#1521=VECTOR('',#11198,1.);
#1522=VECTOR('',#11199,1.);
#1523=VECTOR('',#11200,1.);
#1524=VECTOR('',#11201,1.);
#1525=VECTOR('',#11202,1.);
#1526=VECTOR('',#11203,1.);
#1527=VECTOR('',#11204,1.);
#1528=VECTOR('',#11205,1.);
#1529=VECTOR('',#11206,1.);
#1530=VECTOR('',#11207,1.);
#1531=VECTOR('',#11208,1.);
#1532=VECTOR('',#11209,1.);
#1533=VECTOR('',#11210,1.);
#1534=VECTOR('',#11211,1.);
#1535=VECTOR('',#11212,1.);
#1536=VECTOR('',#11213,1.);
#1537=VECTOR('',#11214,1.);
#1538=VECTOR('',#11215,1.);
#1539=VECTOR('',#11216,1.);
#1540=VECTOR('',#11217,1.);
#1541=VECTOR('',#11218,1.);
#1542=VECTOR('',#11219,1.);
#1543=VECTOR('',#11220,1.);
#1544=VECTOR('',#11221,1.);
#1545=VECTOR('',#11222,1.);
#1546=VECTOR('',#11223,1.);
#1547=VECTOR('',#11224,1.);
#1548=VECTOR('',#11225,1.);
#1549=VECTOR('',#11226,1.);
#1550=VECTOR('',#11227,1.);
#1551=VECTOR('',#11228,1.);
#1552=VECTOR('',#11229,1.);
#1553=VECTOR('',#11230,1.);
#1554=VECTOR('',#11231,1.);
#1555=VECTOR('',#11232,1.);
#1556=VECTOR('',#11233,1.);
#1557=VECTOR('',#11234,1.);
#1558=VECTOR('',#11235,1.);
#1559=VECTOR('',#11236,1.);
#1560=VECTOR('',#11237,1.);
#1561=VECTOR('',#11238,1.);
#1562=VECTOR('',#11239,1.);
#1563=VECTOR('',#11250,1.);
#1564=VECTOR('',#11251,1.);
#1565=VECTOR('',#11254,1.);
#1566=VECTOR('',#11257,1.);
#1567=VECTOR('',#11260,1.);
#1568=VECTOR('',#11263,1.);
#1569=VECTOR('',#11266,1.);
#1570=VECTOR('',#11269,1.);
#1571=VECTOR('',#11272,1.);
#1572=VECTOR('',#11275,1.);
#1573=VECTOR('',#11278,1.);
#1574=VECTOR('',#11281,1.);
#1575=VECTOR('',#11284,1.);
#1576=VECTOR('',#11287,1.);
#1577=VECTOR('',#11290,1.);
#1578=VECTOR('',#11293,1.);
#1579=VECTOR('',#11296,1.);
#1580=VECTOR('',#11299,1.);
#1581=VECTOR('',#11300,1.);
#1582=VECTOR('',#11301,1.);
#1583=VECTOR('',#11304,1.);
#1584=VECTOR('',#11307,1.);
#1585=VECTOR('',#11308,1.);
#1586=VECTOR('',#11311,1.);
#1587=VECTOR('',#11312,1.);
#1588=VECTOR('',#11313,1.);
#1589=VECTOR('',#11316,1.);
#1590=VECTOR('',#11317,1.);
#1591=VECTOR('',#11320,1.);
#1592=VECTOR('',#11321,1.);
#1593=VECTOR('',#11324,1.);
#1594=VECTOR('',#11325,1.);
#1595=VECTOR('',#11326,1.);
#1596=VECTOR('',#11329,1.);
#1597=VECTOR('',#11330,1.);
#1598=VECTOR('',#11333,1.);
#1599=VECTOR('',#11334,1.);
#1600=VECTOR('',#11337,1.);
#1601=VECTOR('',#11338,1.);
#1602=VECTOR('',#11339,1.);
#1603=VECTOR('',#11342,1.);
#1604=VECTOR('',#11343,1.);
#1605=VECTOR('',#11346,1.);
#1606=VECTOR('',#11347,1.);
#1607=VECTOR('',#11350,1.);
#1608=VECTOR('',#11351,1.);
#1609=VECTOR('',#11352,1.);
#1610=VECTOR('',#11355,1.);
#1611=VECTOR('',#11356,1.);
#1612=VECTOR('',#11359,1.);
#1613=VECTOR('',#11360,1.);
#1614=VECTOR('',#11363,1.);
#1615=VECTOR('',#11364,1.);
#1616=VECTOR('',#11365,1.);
#1617=VECTOR('',#11368,1.);
#1618=VECTOR('',#11369,1.);
#1619=VECTOR('',#11372,1.);
#1620=VECTOR('',#11373,1.);
#1621=VECTOR('',#11376,1.);
#1622=VECTOR('',#11377,1.);
#1623=VECTOR('',#11378,1.);
#1624=VECTOR('',#11381,1.);
#1625=VECTOR('',#11382,1.);
#1626=VECTOR('',#11385,1.);
#1627=VECTOR('',#11386,1.);
#1628=VECTOR('',#11389,1.);
#1629=VECTOR('',#11390,1.);
#1630=VECTOR('',#11391,1.);
#1631=VECTOR('',#11394,1.);
#1632=VECTOR('',#11395,1.);
#1633=VECTOR('',#11398,1.);
#1634=VECTOR('',#11399,1.);
#1635=VECTOR('',#11402,1.);
#1636=VECTOR('',#11403,1.);
#1637=VECTOR('',#11404,1.);
#1638=VECTOR('',#11407,1.);
#1639=VECTOR('',#11408,1.);
#1640=VECTOR('',#11411,1.);
#1641=VECTOR('',#11412,1.);
#1642=VECTOR('',#11415,1.);
#1643=VECTOR('',#11416,1.);
#1644=VECTOR('',#11417,1.);
#1645=VECTOR('',#11420,1.);
#1646=VECTOR('',#11421,1.);
#1647=VECTOR('',#11424,1.);
#1648=VECTOR('',#11425,1.);
#1649=VECTOR('',#11428,1.);
#1650=VECTOR('',#11429,1.);
#1651=VECTOR('',#11430,1.);
#1652=VECTOR('',#11433,1.);
#1653=VECTOR('',#11434,1.);
#1654=VECTOR('',#11437,1.);
#1655=VECTOR('',#11438,1.);
#1656=VECTOR('',#11441,1.);
#1657=VECTOR('',#11442,1.);
#1658=VECTOR('',#11443,1.);
#1659=VECTOR('',#11446,1.);
#1660=VECTOR('',#11447,1.);
#1661=VECTOR('',#11450,1.);
#1662=VECTOR('',#11451,1.);
#1663=VECTOR('',#11454,1.);
#1664=VECTOR('',#11455,1.);
#1665=VECTOR('',#11456,1.);
#1666=VECTOR('',#11459,1.);
#1667=VECTOR('',#11460,1.);
#1668=VECTOR('',#11463,1.);
#1669=VECTOR('',#11464,1.);
#1670=VECTOR('',#11467,1.);
#1671=VECTOR('',#11468,1.);
#1672=VECTOR('',#11469,1.);
#1673=VECTOR('',#11472,1.);
#1674=VECTOR('',#11473,1.);
#1675=VECTOR('',#11476,1.);
#1676=VECTOR('',#11477,1.);
#1677=VECTOR('',#11480,1.);
#1678=VECTOR('',#11481,1.);
#1679=VECTOR('',#11482,1.);
#1680=VECTOR('',#11485,1.);
#1681=VECTOR('',#11486,1.);
#1682=VECTOR('',#11489,1.);
#1683=VECTOR('',#11490,1.);
#1684=VECTOR('',#11493,1.);
#1685=VECTOR('',#11494,1.);
#1686=VECTOR('',#11495,1.);
#1687=VECTOR('',#11498,1.);
#1688=VECTOR('',#11499,1.);
#1689=VECTOR('',#11502,1.);
#1690=VECTOR('',#11503,1.);
#1691=VECTOR('',#11506,1.);
#1692=VECTOR('',#11507,1.);
#1693=VECTOR('',#11508,1.);
#1694=VECTOR('',#11511,1.);
#1695=VECTOR('',#11512,1.);
#1696=VECTOR('',#11515,1.);
#1697=VECTOR('',#11516,1.);
#1698=VECTOR('',#11519,1.);
#1699=VECTOR('',#11520,1.);
#1700=VECTOR('',#11521,1.);
#1701=VECTOR('',#11524,1.);
#1702=VECTOR('',#11525,1.);
#1703=VECTOR('',#11528,1.);
#1704=VECTOR('',#11529,1.);
#1705=VECTOR('',#11532,1.);
#1706=VECTOR('',#11533,1.);
#1707=VECTOR('',#11534,1.);
#1708=VECTOR('',#11537,1.);
#1709=VECTOR('',#11538,1.);
#1710=VECTOR('',#11541,1.);
#1711=VECTOR('',#11542,1.);
#1712=VECTOR('',#11545,1.);
#1713=VECTOR('',#11546,1.);
#1714=VECTOR('',#11547,1.);
#1715=VECTOR('',#11550,1.);
#1716=VECTOR('',#11551,1.);
#1717=VECTOR('',#11554,1.);
#1718=VECTOR('',#11555,1.);
#1719=VECTOR('',#11558,1.);
#1720=VECTOR('',#11559,1.);
#1721=VECTOR('',#11560,1.);
#1722=VECTOR('',#11563,1.);
#1723=VECTOR('',#11564,1.);
#1724=VECTOR('',#11567,1.);
#1725=VECTOR('',#11568,1.);
#1726=VECTOR('',#11571,1.);
#1727=VECTOR('',#11572,1.);
#1728=VECTOR('',#11573,1.);
#1729=VECTOR('',#11576,1.);
#1730=VECTOR('',#11577,1.);
#1731=VECTOR('',#11580,1.);
#1732=VECTOR('',#11581,1.);
#1733=VECTOR('',#11584,1.);
#1734=VECTOR('',#11585,1.);
#1735=VECTOR('',#11586,1.);
#1736=VECTOR('',#11589,1.);
#1737=VECTOR('',#11590,1.);
#1738=VECTOR('',#11593,1.);
#1739=VECTOR('',#11594,1.);
#1740=VECTOR('',#11597,1.);
#1741=VECTOR('',#11598,1.);
#1742=VECTOR('',#11599,1.);
#1743=VECTOR('',#11602,1.);
#1744=VECTOR('',#11603,1.);
#1745=VECTOR('',#11606,1.);
#1746=VECTOR('',#11607,1.);
#1747=VECTOR('',#11610,1.);
#1748=VECTOR('',#11611,1.);
#1749=VECTOR('',#11612,1.);
#1750=VECTOR('',#11615,1.);
#1751=VECTOR('',#11616,1.);
#1752=VECTOR('',#11619,1.);
#1753=VECTOR('',#11620,1.);
#1754=VECTOR('',#11623,1.);
#1755=VECTOR('',#11624,1.);
#1756=VECTOR('',#11625,1.);
#1757=VECTOR('',#11628,1.);
#1758=VECTOR('',#11629,1.);
#1759=VECTOR('',#11632,1.);
#1760=VECTOR('',#11633,1.);
#1761=VECTOR('',#11636,1.);
#1762=VECTOR('',#11637,1.);
#1763=VECTOR('',#11638,1.);
#1764=VECTOR('',#11641,1.);
#1765=VECTOR('',#11642,1.);
#1766=VECTOR('',#11645,1.);
#1767=VECTOR('',#11646,1.);
#1768=VECTOR('',#11649,1.);
#1769=VECTOR('',#11650,1.);
#1770=VECTOR('',#11651,1.);
#1771=VECTOR('',#11654,1.);
#1772=VECTOR('',#11655,1.);
#1773=VECTOR('',#11658,1.);
#1774=VECTOR('',#11659,1.);
#1775=VECTOR('',#11662,1.);
#1776=VECTOR('',#11663,1.);
#1777=VECTOR('',#11664,1.);
#1778=VECTOR('',#11667,1.);
#1779=VECTOR('',#11668,1.);
#1780=VECTOR('',#11671,1.);
#1781=VECTOR('',#11672,1.);
#1782=VECTOR('',#11675,1.);
#1783=VECTOR('',#11676,1.);
#1784=VECTOR('',#11677,1.);
#1785=VECTOR('',#11680,1.);
#1786=VECTOR('',#11681,1.);
#1787=VECTOR('',#11684,1.);
#1788=VECTOR('',#11685,1.);
#1789=VECTOR('',#11690,1.);
#1790=VECTOR('',#11693,1.);
#1791=VECTOR('',#11694,1.);
#1792=VECTOR('',#11699,1.);
#1793=VECTOR('',#11702,1.);
#1794=VECTOR('',#11703,1.);
#1795=VECTOR('',#11708,1.);
#1796=VECTOR('',#11711,1.);
#1797=VECTOR('',#11712,1.);
#1798=VECTOR('',#11717,1.);
#1799=VECTOR('',#11720,1.);
#1800=VECTOR('',#11721,1.);
#1801=VECTOR('',#11726,1.);
#1802=VECTOR('',#11729,1.);
#1803=VECTOR('',#11730,1.);
#1804=VECTOR('',#11735,1.);
#1805=VECTOR('',#11738,1.);
#1806=VECTOR('',#11739,1.);
#1807=VECTOR('',#11744,1.);
#1808=VECTOR('',#11747,1.);
#1809=VECTOR('',#11748,1.);
#1810=VECTOR('',#11753,1.);
#1811=VECTOR('',#11756,1.);
#1812=VECTOR('',#11757,1.);
#1813=VECTOR('',#11762,1.);
#1814=VECTOR('',#11765,1.);
#1815=VECTOR('',#11766,1.);
#1816=VECTOR('',#11771,1.);
#1817=VECTOR('',#11774,1.);
#1818=VECTOR('',#11775,1.);
#1819=VECTOR('',#11780,1.);
#1820=VECTOR('',#11783,1.);
#1821=VECTOR('',#11784,1.);
#1822=VECTOR('',#11789,1.);
#1823=VECTOR('',#11792,1.);
#1824=VECTOR('',#11793,1.);
#1825=VECTOR('',#11798,1.);
#1826=VECTOR('',#11801,1.);
#1827=VECTOR('',#11802,1.);
#1828=VECTOR('',#11807,1.);
#1829=VECTOR('',#11810,1.);
#1830=VECTOR('',#11811,1.);
#1831=VECTOR('',#11816,1.);
#1832=VECTOR('',#11819,1.);
#1833=VECTOR('',#11820,1.);
#1834=VECTOR('',#11825,1.);
#1835=VECTOR('',#11828,1.);
#1836=VECTOR('',#11829,1.);
#1837=VECTOR('',#11834,1.);
#1838=VECTOR('',#11837,1.);
#1839=VECTOR('',#11838,1.);
#1840=VECTOR('',#11857,1.);
#1841=VECTOR('',#11860,1.);
#1842=VECTOR('',#11863,1.);
#1843=VECTOR('',#11866,1.);
#1844=VECTOR('',#11869,1.);
#1845=VECTOR('',#11872,1.);
#1846=VECTOR('',#11875,1.);
#1847=VECTOR('',#11878,1.);
#1848=VECTOR('',#11881,1.);
#1849=VECTOR('',#11884,1.);
#1850=VECTOR('',#11887,1.);
#1851=VECTOR('',#11890,1.);
#1852=VECTOR('',#11893,1.);
#1853=VECTOR('',#11896,1.);
#1854=VECTOR('',#11899,1.);
#1855=VECTOR('',#11902,1.);
#1856=VECTOR('',#11905,1.);
#1857=VECTOR('',#11908,1.);
#1858=VECTOR('',#11911,1.);
#1859=VECTOR('',#11914,1.);
#1860=VECTOR('',#11917,1.);
#1861=VECTOR('',#11920,1.);
#1862=VECTOR('',#11923,1.);
#1863=VECTOR('',#11926,1.);
#1864=VECTOR('',#11929,1.);
#1865=VECTOR('',#11932,1.);
#1866=VECTOR('',#11935,1.);
#1867=VECTOR('',#11938,1.);
#1868=VECTOR('',#11957,1.);
#1869=VECTOR('',#11958,1.);
#1870=VECTOR('',#11959,1.);
#1871=VECTOR('',#11962,1.);
#1872=VECTOR('',#11965,1.);
#1873=VECTOR('',#11972,1.);
#1874=VECTOR('',#11973,1.);
#1875=VECTOR('',#11974,1.);
#1876=VECTOR('',#11975,1.);
#1877=VECTOR('',#11978,1.);
#1878=VECTOR('',#11979,1.);
#1879=VECTOR('',#11980,1.);
#1880=VECTOR('',#11981,1.);
#1881=VECTOR('',#11984,1.);
#1882=VECTOR('',#11985,1.);
#1883=VECTOR('',#11986,1.);
#1884=VECTOR('',#11987,1.);
#1885=VECTOR('',#11990,1.);
#1886=VECTOR('',#11991,1.);
#1887=VECTOR('',#11992,1.);
#1888=VECTOR('',#11993,1.);
#1889=VECTOR('',#11998,1.);
#1890=VECTOR('',#12001,1.);
#1891=VECTOR('',#12002,1.);
#1892=VECTOR('',#12003,1.);
#1893=VECTOR('',#12008,1.);
#1894=VECTOR('',#12009,1.);
#1895=VECTOR('',#12012,1.);
#1896=VECTOR('',#12015,1.);
#1897=VECTOR('',#12016,1.);
#1898=VECTOR('',#12017,1.);
#1899=VECTOR('',#12018,1.);
#1900=VECTOR('',#12021,1.);
#1901=VECTOR('',#12024,1.);
#1902=VECTOR('',#12029,1.);
#1903=VECTOR('',#12030,1.);
#1904=VECTOR('',#12031,1.);
#1905=VECTOR('',#12034,1.);
#1906=VECTOR('',#12041,1.);
#1907=VECTOR('',#12042,1.);
#1908=VECTOR('',#12043,1.);
#1909=VECTOR('',#12046,1.);
#1910=VECTOR('',#12053,1.);
#1911=VECTOR('',#12054,1.);
#1912=VECTOR('',#12055,1.);
#1913=VECTOR('',#12058,1.);
#1914=VECTOR('',#12065,1.);
#1915=VECTOR('',#12066,1.);
#1916=VECTOR('',#12067,1.);
#1917=VECTOR('',#12070,1.);
#1918=VECTOR('',#12077,1.);
#1919=VECTOR('',#12078,1.);
#1920=VECTOR('',#12079,1.);
#1921=VECTOR('',#12082,1.);
#1922=VECTOR('',#12089,1.);
#1923=VECTOR('',#12090,1.);
#1924=VECTOR('',#12091,1.);
#1925=VECTOR('',#12094,1.);
#1926=VECTOR('',#12101,1.);
#1927=VECTOR('',#12102,1.);
#1928=VECTOR('',#12103,1.);
#1929=VECTOR('',#12106,1.);
#1930=VECTOR('',#12113,1.);
#1931=VECTOR('',#12114,1.);
#1932=VECTOR('',#12115,1.);
#1933=VECTOR('',#12118,1.);
#1934=VECTOR('',#12125,1.);
#1935=VECTOR('',#12126,1.);
#1936=VECTOR('',#12127,1.);
#1937=VECTOR('',#12130,1.);
#1938=VECTOR('',#12137,1.);
#1939=VECTOR('',#12138,1.);
#1940=VECTOR('',#12139,1.);
#1941=VECTOR('',#12142,1.);
#1942=VECTOR('',#12149,1.);
#1943=VECTOR('',#12150,1.);
#1944=VECTOR('',#12151,1.);
#1945=VECTOR('',#12154,1.);
#1946=VECTOR('',#12161,1.);
#1947=VECTOR('',#12162,1.);
#1948=VECTOR('',#12163,1.);
#1949=VECTOR('',#12166,1.);
#1950=VECTOR('',#12173,1.);
#1951=VECTOR('',#12174,1.);
#1952=VECTOR('',#12175,1.);
#1953=VECTOR('',#12178,1.);
#1954=VECTOR('',#12185,1.);
#1955=VECTOR('',#12186,1.);
#1956=VECTOR('',#12187,1.);
#1957=VECTOR('',#12196,1.);
#1958=VECTOR('',#12203,1.);
#1959=VECTOR('',#12206,1.);
#1960=VECTOR('',#12209,1.);
#1961=VECTOR('',#12210,1.);
#1962=VECTOR('',#12211,1.);
#1963=VECTOR('',#12216,1.);
#1964=VECTOR('',#12221,1.);
#1965=VECTOR('',#12222,1.);
#1966=VECTOR('',#12223,1.);
#1967=VECTOR('',#12228,1.);
#1968=VECTOR('',#12233,1.);
#1969=VECTOR('',#12234,1.);
#1970=VECTOR('',#12235,1.);
#1971=VECTOR('',#12240,1.);
#1972=VECTOR('',#12245,1.);
#1973=VECTOR('',#12246,1.);
#1974=VECTOR('',#12247,1.);
#1975=VECTOR('',#12252,1.);
#1976=VECTOR('',#12257,1.);
#1977=VECTOR('',#12258,1.);
#1978=VECTOR('',#12259,1.);
#1979=VECTOR('',#12264,1.);
#1980=VECTOR('',#12269,1.);
#1981=VECTOR('',#12270,1.);
#1982=VECTOR('',#12271,1.);
#1983=VECTOR('',#12276,1.);
#1984=VECTOR('',#12281,1.);
#1985=VECTOR('',#12282,1.);
#1986=VECTOR('',#12283,1.);
#1987=VECTOR('',#12288,1.);
#1988=VECTOR('',#12293,1.);
#1989=VECTOR('',#12294,1.);
#1990=VECTOR('',#12295,1.);
#1991=VECTOR('',#12310,1.);
#1992=VECTOR('',#12315,1.);
#1993=VECTOR('',#12316,1.);
#1994=VECTOR('',#12317,1.);
#1995=VECTOR('',#12322,1.);
#1996=VECTOR('',#12327,1.);
#1997=VECTOR('',#12328,1.);
#1998=VECTOR('',#12329,1.);
#1999=VECTOR('',#12334,1.);
#2000=VECTOR('',#12339,1.);
#2001=VECTOR('',#12340,1.);
#2002=VECTOR('',#12341,1.);
#2003=VECTOR('',#12346,1.);
#2004=VECTOR('',#12351,1.);
#2005=VECTOR('',#12352,1.);
#2006=VECTOR('',#12353,1.);
#2007=VECTOR('',#12358,1.);
#2008=VECTOR('',#12363,1.);
#2009=VECTOR('',#12364,1.);
#2010=VECTOR('',#12365,1.);
#2011=VECTOR('',#12370,1.);
#2012=VECTOR('',#12375,1.);
#2013=VECTOR('',#12376,1.);
#2014=VECTOR('',#12381,1.);
#2015=VECTOR('',#12382,1.);
#2016=VECTOR('',#12383,1.);
#2017=VECTOR('',#12384,1.);
#2018=VECTOR('',#12387,1.);
#2019=VECTOR('',#12400,1.);
#2020=VECTOR('',#12401,1.);
#2021=VECTOR('',#12404,1.);
#2022=VECTOR('',#12405,1.);
#2023=VECTOR('',#12406,1.);
#2024=VECTOR('',#12407,1.);
#2025=VECTOR('',#12410,1.);
#2026=VECTOR('',#12411,1.);
#2027=VECTOR('',#12412,1.);
#2028=VECTOR('',#12415,1.);
#2029=VECTOR('',#12416,1.);
#2030=VECTOR('',#12417,1.);
#2031=VECTOR('',#12420,1.);
#2032=VECTOR('',#12421,1.);
#2033=VECTOR('',#12422,1.);
#2034=VECTOR('',#12425,1.);
#2035=VECTOR('',#12426,1.);
#2036=VECTOR('',#12427,1.);
#2037=VECTOR('',#12430,1.);
#2038=VECTOR('',#12431,1.);
#2039=VECTOR('',#12432,1.);
#2040=VECTOR('',#12435,1.);
#2041=VECTOR('',#12436,1.);
#2042=VECTOR('',#12437,1.);
#2043=VECTOR('',#12440,1.);
#2044=VECTOR('',#12441,1.);
#2045=VECTOR('',#12442,1.);
#2046=VECTOR('',#12445,1.);
#2047=VECTOR('',#12446,1.);
#2048=VECTOR('',#12447,1.);
#2049=VECTOR('',#12450,1.);
#2050=VECTOR('',#12451,1.);
#2051=VECTOR('',#12452,1.);
#2052=VECTOR('',#12455,1.);
#2053=VECTOR('',#12456,1.);
#2054=VECTOR('',#12457,1.);
#2055=VECTOR('',#12460,1.);
#2056=VECTOR('',#12461,1.);
#2057=VECTOR('',#12462,1.);
#2058=VECTOR('',#12465,1.);
#2059=VECTOR('',#12466,1.);
#2060=VECTOR('',#12467,1.);
#2061=VECTOR('',#12470,1.);
#2062=VECTOR('',#12471,1.);
#2063=VECTOR('',#12472,1.);
#2064=VECTOR('',#12475,1.);
#2065=VECTOR('',#12476,1.);
#2066=VECTOR('',#12477,1.);
#2067=VECTOR('',#12480,1.);
#2068=VECTOR('',#12481,1.);
#2069=VECTOR('',#12482,1.);
#2070=VECTOR('',#12485,1.);
#2071=VECTOR('',#12486,1.);
#2072=VECTOR('',#12487,1.);
#2073=VECTOR('',#12490,1.);
#2074=VECTOR('',#12491,1.);
#2075=VECTOR('',#12492,1.);
#2076=VECTOR('',#12495,1.);
#2077=VECTOR('',#12496,1.);
#2078=VECTOR('',#12497,1.);
#2079=VECTOR('',#12500,1.);
#2080=VECTOR('',#12501,1.);
#2081=VECTOR('',#12502,1.);
#2082=VECTOR('',#12505,1.);
#2083=VECTOR('',#12506,1.);
#2084=VECTOR('',#12507,1.);
#2085=VECTOR('',#12510,1.);
#2086=VECTOR('',#12511,1.);
#2087=VECTOR('',#12512,1.);
#2088=VECTOR('',#12515,1.);
#2089=VECTOR('',#12516,1.);
#2090=VECTOR('',#12517,1.);
#2091=VECTOR('',#12520,1.);
#2092=VECTOR('',#12521,1.);
#2093=VECTOR('',#12522,1.);
#2094=VECTOR('',#12525,1.);
#2095=VECTOR('',#12526,1.);
#2096=VECTOR('',#12527,1.);
#2097=VECTOR('',#12530,1.);
#2098=VECTOR('',#12531,1.);
#2099=VECTOR('',#12532,1.);
#2100=VECTOR('',#12535,1.);
#2101=VECTOR('',#12536,1.);
#2102=VECTOR('',#12537,1.);
#2103=VECTOR('',#12540,1.);
#2104=VECTOR('',#12541,1.);
#2105=VECTOR('',#12542,1.);
#2106=VECTOR('',#12545,1.);
#2107=VECTOR('',#12546,1.);
#2108=VECTOR('',#12547,1.);
#2109=VECTOR('',#12550,1.);
#2110=VECTOR('',#12551,1.);
#2111=VECTOR('',#12552,1.);
#2112=VECTOR('',#12555,1.);
#2113=VECTOR('',#12556,1.);
#2114=VECTOR('',#12557,1.);
#2115=VECTOR('',#12560,1.);
#2116=VECTOR('',#12561,1.);
#2117=VECTOR('',#12562,1.);
#2118=VECTOR('',#12563,1.);
#2119=VECTOR('',#12566,1.);
#2120=VECTOR('',#12567,1.);
#2121=VECTOR('',#12568,1.);
#2122=VECTOR('',#12571,1.);
#2123=VECTOR('',#12572,1.);
#2124=VECTOR('',#12573,1.);
#2125=VECTOR('',#12576,1.);
#2126=VECTOR('',#12577,1.);
#2127=VECTOR('',#12578,1.);
#2128=VECTOR('',#12581,1.);
#2129=VECTOR('',#12582,1.);
#2130=VECTOR('',#12583,1.);
#2131=VECTOR('',#12586,1.);
#2132=VECTOR('',#12587,1.);
#2133=VECTOR('',#12588,1.);
#2134=VECTOR('',#12591,1.);
#2135=VECTOR('',#12592,1.);
#2136=VECTOR('',#12593,1.);
#2137=VECTOR('',#12596,1.);
#2138=VECTOR('',#12597,1.);
#2139=VECTOR('',#12598,1.);
#2140=VECTOR('',#12601,1.);
#2141=VECTOR('',#12602,1.);
#2142=VECTOR('',#12603,1.);
#2143=VECTOR('',#12606,1.);
#2144=VECTOR('',#12607,1.);
#2145=VECTOR('',#12608,1.);
#2146=VECTOR('',#12611,1.);
#2147=VECTOR('',#12612,1.);
#2148=VECTOR('',#12613,1.);
#2149=VECTOR('',#12616,1.);
#2150=VECTOR('',#12617,1.);
#2151=VECTOR('',#12618,1.);
#2152=VECTOR('',#12621,1.);
#2153=VECTOR('',#12622,1.);
#2154=VECTOR('',#12623,1.);
#2155=VECTOR('',#12626,1.);
#2156=VECTOR('',#12627,1.);
#2157=VECTOR('',#12628,1.);
#2158=VECTOR('',#12631,1.);
#2159=VECTOR('',#12632,1.);
#2160=VECTOR('',#12633,1.);
#2161=VECTOR('',#12636,1.);
#2162=VECTOR('',#12637,1.);
#2163=VECTOR('',#12638,1.);
#2164=VECTOR('',#12639,1.);
#2165=VECTOR('',#12642,1.);
#2166=VECTOR('',#12643,1.);
#2167=VECTOR('',#12644,1.);
#2168=VECTOR('',#12647,1.);
#2169=VECTOR('',#12648,1.);
#2170=VECTOR('',#12649,1.);
#2171=VECTOR('',#12652,1.);
#2172=VECTOR('',#12653,1.);
#2173=VECTOR('',#12656,1.);
#2174=VECTOR('',#12657,1.);
#2175=VECTOR('',#12660,1.);
#2176=VECTOR('',#12661,1.);
#2177=VECTOR('',#12662,1.);
#2178=VECTOR('',#12663,1.);
#2179=VECTOR('',#12664,1.);
#2180=VECTOR('',#12665,1.);
#2181=VECTOR('',#12666,1.);
#2182=VECTOR('',#12667,1.);
#2183=VECTOR('',#12668,1.);
#2184=VECTOR('',#12669,1.);
#2185=VECTOR('',#12670,1.);
#2186=VECTOR('',#12671,1.);
#2187=VECTOR('',#12672,1.);
#2188=VECTOR('',#12673,1.);
#2189=VECTOR('',#12674,1.);
#2190=VECTOR('',#12675,1.);
#2191=VECTOR('',#12676,1.);
#2192=VECTOR('',#12677,1.);
#2193=VECTOR('',#12678,1.);
#2194=VECTOR('',#12679,1.);
#2195=VECTOR('',#12680,1.);
#2196=VECTOR('',#12681,1.);
#2197=VECTOR('',#12682,1.);
#2198=VECTOR('',#12683,1.);
#2199=VECTOR('',#12684,1.);
#2200=VECTOR('',#12685,1.);
#2201=VECTOR('',#12686,1.);
#2202=VECTOR('',#12687,1.);
#2203=VECTOR('',#12688,1.);
#2204=VECTOR('',#12689,1.);
#2205=VECTOR('',#12690,1.);
#2206=VECTOR('',#12691,1.);
#2207=VECTOR('',#12692,1.);
#2208=VECTOR('',#12693,1.);
#2209=VECTOR('',#12694,1.);
#2210=VECTOR('',#12695,1.);
#2211=VECTOR('',#12696,1.);
#2212=VECTOR('',#12697,1.);
#2213=VECTOR('',#12698,1.);
#2214=VECTOR('',#12699,1.);
#2215=VECTOR('',#12700,1.);
#2216=VECTOR('',#12701,1.);
#2217=VECTOR('',#12702,1.);
#2218=VECTOR('',#12703,1.);
#2219=VECTOR('',#12704,1.);
#2220=VECTOR('',#12705,1.);
#2221=VECTOR('',#12706,1.);
#2222=VECTOR('',#12707,1.);
#2223=VECTOR('',#12710,1.);
#2224=VECTOR('',#12711,1.);
#2225=VECTOR('',#12714,1.);
#2226=VECTOR('',#12717,1.);
#2227=VECTOR('',#12720,1.);
#2228=VECTOR('',#12723,1.);
#2229=VECTOR('',#12726,1.);
#2230=VECTOR('',#12729,1.);
#2231=VECTOR('',#12732,1.);
#2232=VECTOR('',#12735,1.);
#2233=VECTOR('',#12738,1.);
#2234=VECTOR('',#12741,1.);
#2235=VECTOR('',#12744,1.);
#2236=VECTOR('',#12747,1.);
#2237=VECTOR('',#12750,1.);
#2238=VECTOR('',#12753,1.);
#2239=VECTOR('',#12756,1.);
#2240=VECTOR('',#12967,1.);
#2241=VECTOR('',#12970,1.);
#2242=VECTOR('',#12973,1.);
#2243=VECTOR('',#12976,1.);
#2244=VECTOR('',#12979,1.);
#2245=VECTOR('',#12982,1.);
#2246=VECTOR('',#12985,1.);
#2247=VECTOR('',#12988,1.);
#2248=VECTOR('',#12991,1.);
#2249=VECTOR('',#12994,1.);
#2250=VECTOR('',#12997,1.);
#2251=VECTOR('',#13000,1.);
#2252=VECTOR('',#13003,1.);
#2253=VECTOR('',#13006,1.);
#2254=VECTOR('',#13009,1.);
#2255=VECTOR('',#13012,1.);
#2256=VECTOR('',#13015,1.);
#2257=VECTOR('',#13018,1.);
#2258=VECTOR('',#13021,1.);
#2259=VECTOR('',#13024,1.);
#2260=VECTOR('',#13027,1.);
#2261=VECTOR('',#13030,1.);
#2262=VECTOR('',#13033,1.);
#2263=VECTOR('',#13036,1.);
#2264=VECTOR('',#13039,1.);
#2265=VECTOR('',#13042,1.);
#2266=VECTOR('',#13045,1.);
#2267=VECTOR('',#13048,1.);
#2268=VECTOR('',#13051,1.);
#2269=VECTOR('',#13054,1.);
#2270=VECTOR('',#13057,1.);
#2271=VECTOR('',#13060,1.);
#2272=VECTOR('',#13065,1.);
#2273=VECTOR('',#13068,1.);
#2274=VECTOR('',#13071,1.);
#2275=VECTOR('',#13074,1.);
#2276=ORIENTED_EDGE('',*,*,#4958,.F.);
#2277=ORIENTED_EDGE('',*,*,#4959,.F.);
#2278=ORIENTED_EDGE('',*,*,#4960,.T.);
#2279=ORIENTED_EDGE('',*,*,#4961,.F.);
#2280=ORIENTED_EDGE('',*,*,#4962,.T.);
#2281=ORIENTED_EDGE('',*,*,#4963,.T.);
#2282=ORIENTED_EDGE('',*,*,#4964,.F.);
#2283=ORIENTED_EDGE('',*,*,#4965,.F.);
#2284=ORIENTED_EDGE('',*,*,#4966,.F.);
#2285=ORIENTED_EDGE('',*,*,#4967,.T.);
#2286=ORIENTED_EDGE('',*,*,#4968,.T.);
#2287=ORIENTED_EDGE('',*,*,#4969,.F.);
#2288=ORIENTED_EDGE('',*,*,#4970,.T.);
#2289=ORIENTED_EDGE('',*,*,#4971,.F.);
#2290=ORIENTED_EDGE('',*,*,#4972,.T.);
#2291=ORIENTED_EDGE('',*,*,#4959,.T.);
#2292=ORIENTED_EDGE('',*,*,#4973,.T.);
#2293=ORIENTED_EDGE('',*,*,#4974,.F.);
#2294=ORIENTED_EDGE('',*,*,#4975,.F.);
#2295=ORIENTED_EDGE('',*,*,#4976,.F.);
#2296=ORIENTED_EDGE('',*,*,#4977,.T.);
#2297=ORIENTED_EDGE('',*,*,#4963,.F.);
#2298=ORIENTED_EDGE('',*,*,#4978,.F.);
#2299=ORIENTED_EDGE('',*,*,#4979,.T.);
#2300=ORIENTED_EDGE('',*,*,#4980,.T.);
#2301=ORIENTED_EDGE('',*,*,#4981,.F.);
#2302=ORIENTED_EDGE('',*,*,#4982,.F.);
#2303=ORIENTED_EDGE('',*,*,#4983,.F.);
#2304=ORIENTED_EDGE('',*,*,#4984,.F.);
#2305=ORIENTED_EDGE('',*,*,#4965,.T.);
#2306=ORIENTED_EDGE('',*,*,#4985,.T.);
#2307=ORIENTED_EDGE('',*,*,#4986,.F.);
#2308=ORIENTED_EDGE('',*,*,#4987,.F.);
#2309=ORIENTED_EDGE('',*,*,#4988,.F.);
#2310=ORIENTED_EDGE('',*,*,#4989,.F.);
#2311=ORIENTED_EDGE('',*,*,#4990,.T.);
#2312=ORIENTED_EDGE('',*,*,#4991,.T.);
#2313=ORIENTED_EDGE('',*,*,#4992,.F.);
#2314=ORIENTED_EDGE('',*,*,#4993,.F.);
#2315=ORIENTED_EDGE('',*,*,#4994,.F.);
#2316=ORIENTED_EDGE('',*,*,#4995,.F.);
#2317=ORIENTED_EDGE('',*,*,#4996,.F.);
#2318=ORIENTED_EDGE('',*,*,#4997,.F.);
#2319=ORIENTED_EDGE('',*,*,#4998,.F.);
#2320=ORIENTED_EDGE('',*,*,#4999,.F.);
#2321=ORIENTED_EDGE('',*,*,#4967,.F.);
#2322=ORIENTED_EDGE('',*,*,#5000,.F.);
#2323=ORIENTED_EDGE('',*,*,#5001,.T.);
#2324=ORIENTED_EDGE('',*,*,#5002,.F.);
#2325=ORIENTED_EDGE('',*,*,#5003,.T.);
#2326=ORIENTED_EDGE('',*,*,#5004,.F.);
#2327=ORIENTED_EDGE('',*,*,#5005,.F.);
#2328=ORIENTED_EDGE('',*,*,#5006,.F.);
#2329=ORIENTED_EDGE('',*,*,#5007,.F.);
#2330=ORIENTED_EDGE('',*,*,#5008,.T.);
#2331=ORIENTED_EDGE('',*,*,#5009,.F.);
#2332=ORIENTED_EDGE('',*,*,#5010,.F.);
#2333=ORIENTED_EDGE('',*,*,#5011,.F.);
#2334=ORIENTED_EDGE('',*,*,#5012,.F.);
#2335=ORIENTED_EDGE('',*,*,#5013,.T.);
#2336=ORIENTED_EDGE('',*,*,#5014,.T.);
#2337=ORIENTED_EDGE('',*,*,#5015,.F.);
#2338=ORIENTED_EDGE('',*,*,#5016,.F.);
#2339=ORIENTED_EDGE('',*,*,#5017,.T.);
#2340=ORIENTED_EDGE('',*,*,#5018,.T.);
#2341=ORIENTED_EDGE('',*,*,#5019,.T.);
#2342=ORIENTED_EDGE('',*,*,#5020,.F.);
#2343=ORIENTED_EDGE('',*,*,#5021,.F.);
#2344=ORIENTED_EDGE('',*,*,#5022,.T.);
#2345=ORIENTED_EDGE('',*,*,#5023,.F.);
#2346=ORIENTED_EDGE('',*,*,#5024,.F.);
#2347=ORIENTED_EDGE('',*,*,#5025,.F.);
#2348=ORIENTED_EDGE('',*,*,#5026,.F.);
#2349=ORIENTED_EDGE('',*,*,#5027,.F.);
#2350=ORIENTED_EDGE('',*,*,#5028,.T.);
#2351=ORIENTED_EDGE('',*,*,#4990,.F.);
#2352=ORIENTED_EDGE('',*,*,#5029,.T.);
#2353=ORIENTED_EDGE('',*,*,#4981,.T.);
#2354=ORIENTED_EDGE('',*,*,#5030,.F.);
#2355=ORIENTED_EDGE('',*,*,#5031,.T.);
#2356=ORIENTED_EDGE('',*,*,#5032,.T.);
#2357=ORIENTED_EDGE('',*,*,#5033,.T.);
#2358=ORIENTED_EDGE('',*,*,#5034,.T.);
#2359=ORIENTED_EDGE('',*,*,#5035,.T.);
#2360=ORIENTED_EDGE('',*,*,#5036,.F.);
#2361=ORIENTED_EDGE('',*,*,#5037,.T.);
#2362=ORIENTED_EDGE('',*,*,#5038,.T.);
#2363=ORIENTED_EDGE('',*,*,#5039,.T.);
#2364=ORIENTED_EDGE('',*,*,#5040,.F.);
#2365=ORIENTED_EDGE('',*,*,#5041,.T.);
#2366=ORIENTED_EDGE('',*,*,#5042,.T.);
#2367=ORIENTED_EDGE('',*,*,#5043,.T.);
#2368=ORIENTED_EDGE('',*,*,#5044,.F.);
#2369=ORIENTED_EDGE('',*,*,#5045,.T.);
#2370=ORIENTED_EDGE('',*,*,#5046,.T.);
#2371=ORIENTED_EDGE('',*,*,#5047,.T.);
#2372=ORIENTED_EDGE('',*,*,#5048,.T.);
#2373=ORIENTED_EDGE('',*,*,#5049,.F.);
#2374=ORIENTED_EDGE('',*,*,#5050,.F.);
#2375=ORIENTED_EDGE('',*,*,#5051,.T.);
#2376=ORIENTED_EDGE('',*,*,#5052,.T.);
#2377=ORIENTED_EDGE('',*,*,#5053,.F.);
#2378=ORIENTED_EDGE('',*,*,#5054,.T.);
#2379=ORIENTED_EDGE('',*,*,#5055,.F.);
#2380=ORIENTED_EDGE('',*,*,#5056,.T.);
#2381=ORIENTED_EDGE('',*,*,#5057,.F.);
#2382=ORIENTED_EDGE('',*,*,#5058,.T.);
#2383=ORIENTED_EDGE('',*,*,#5059,.F.);
#2384=ORIENTED_EDGE('',*,*,#5060,.F.);
#2385=ORIENTED_EDGE('',*,*,#5061,.T.);
#2386=ORIENTED_EDGE('',*,*,#5062,.T.);
#2387=ORIENTED_EDGE('',*,*,#5031,.F.);
#2388=ORIENTED_EDGE('',*,*,#5062,.F.);
#2389=ORIENTED_EDGE('',*,*,#5063,.T.);
#2390=ORIENTED_EDGE('',*,*,#5064,.T.);
#2391=ORIENTED_EDGE('',*,*,#5032,.F.);
#2392=ORIENTED_EDGE('',*,*,#5064,.F.);
#2393=ORIENTED_EDGE('',*,*,#5065,.T.);
#2394=ORIENTED_EDGE('',*,*,#5066,.T.);
#2395=ORIENTED_EDGE('',*,*,#5033,.F.);
#2396=ORIENTED_EDGE('',*,*,#5066,.F.);
#2397=ORIENTED_EDGE('',*,*,#5067,.T.);
#2398=ORIENTED_EDGE('',*,*,#5068,.T.);
#2399=ORIENTED_EDGE('',*,*,#5034,.F.);
#2400=ORIENTED_EDGE('',*,*,#5068,.F.);
#2401=ORIENTED_EDGE('',*,*,#5069,.T.);
#2402=ORIENTED_EDGE('',*,*,#5070,.T.);
#2403=ORIENTED_EDGE('',*,*,#5035,.F.);
#2404=ORIENTED_EDGE('',*,*,#5070,.F.);
#2405=ORIENTED_EDGE('',*,*,#5071,.T.);
#2406=ORIENTED_EDGE('',*,*,#5072,.T.);
#2407=ORIENTED_EDGE('',*,*,#5036,.T.);
#2408=ORIENTED_EDGE('',*,*,#5072,.F.);
#2409=ORIENTED_EDGE('',*,*,#5073,.T.);
#2410=ORIENTED_EDGE('',*,*,#5074,.T.);
#2411=ORIENTED_EDGE('',*,*,#5037,.F.);
#2412=ORIENTED_EDGE('',*,*,#5074,.F.);
#2413=ORIENTED_EDGE('',*,*,#5075,.T.);
#2414=ORIENTED_EDGE('',*,*,#5076,.T.);
#2415=ORIENTED_EDGE('',*,*,#5038,.F.);
#2416=ORIENTED_EDGE('',*,*,#5076,.F.);
#2417=ORIENTED_EDGE('',*,*,#5077,.T.);
#2418=ORIENTED_EDGE('',*,*,#5078,.T.);
#2419=ORIENTED_EDGE('',*,*,#5039,.F.);
#2420=ORIENTED_EDGE('',*,*,#5078,.F.);
#2421=ORIENTED_EDGE('',*,*,#5079,.T.);
#2422=ORIENTED_EDGE('',*,*,#5080,.T.);
#2423=ORIENTED_EDGE('',*,*,#5040,.T.);
#2424=ORIENTED_EDGE('',*,*,#5080,.F.);
#2425=ORIENTED_EDGE('',*,*,#5081,.T.);
#2426=ORIENTED_EDGE('',*,*,#5082,.T.);
#2427=ORIENTED_EDGE('',*,*,#5041,.F.);
#2428=ORIENTED_EDGE('',*,*,#5082,.F.);
#2429=ORIENTED_EDGE('',*,*,#5083,.T.);
#2430=ORIENTED_EDGE('',*,*,#5084,.T.);
#2431=ORIENTED_EDGE('',*,*,#5042,.F.);
#2432=ORIENTED_EDGE('',*,*,#5084,.F.);
#2433=ORIENTED_EDGE('',*,*,#5085,.T.);
#2434=ORIENTED_EDGE('',*,*,#5086,.T.);
#2435=ORIENTED_EDGE('',*,*,#5043,.F.);
#2436=ORIENTED_EDGE('',*,*,#5086,.F.);
#2437=ORIENTED_EDGE('',*,*,#5087,.T.);
#2438=ORIENTED_EDGE('',*,*,#5088,.T.);
#2439=ORIENTED_EDGE('',*,*,#5044,.T.);
#2440=ORIENTED_EDGE('',*,*,#5088,.F.);
#2441=ORIENTED_EDGE('',*,*,#5089,.T.);
#2442=ORIENTED_EDGE('',*,*,#5090,.T.);
#2443=ORIENTED_EDGE('',*,*,#5045,.F.);
#2444=ORIENTED_EDGE('',*,*,#5090,.F.);
#2445=ORIENTED_EDGE('',*,*,#5091,.T.);
#2446=ORIENTED_EDGE('',*,*,#5092,.T.);
#2447=ORIENTED_EDGE('',*,*,#5046,.F.);
#2448=ORIENTED_EDGE('',*,*,#5092,.F.);
#2449=ORIENTED_EDGE('',*,*,#5093,.T.);
#2450=ORIENTED_EDGE('',*,*,#5094,.T.);
#2451=ORIENTED_EDGE('',*,*,#5047,.F.);
#2452=ORIENTED_EDGE('',*,*,#5094,.F.);
#2453=ORIENTED_EDGE('',*,*,#5095,.T.);
#2454=ORIENTED_EDGE('',*,*,#5096,.T.);
#2455=ORIENTED_EDGE('',*,*,#5048,.F.);
#2456=ORIENTED_EDGE('',*,*,#5096,.F.);
#2457=ORIENTED_EDGE('',*,*,#5097,.T.);
#2458=ORIENTED_EDGE('',*,*,#5098,.T.);
#2459=ORIENTED_EDGE('',*,*,#5049,.T.);
#2460=ORIENTED_EDGE('',*,*,#5098,.F.);
#2461=ORIENTED_EDGE('',*,*,#5099,.T.);
#2462=ORIENTED_EDGE('',*,*,#5100,.T.);
#2463=ORIENTED_EDGE('',*,*,#5050,.T.);
#2464=ORIENTED_EDGE('',*,*,#5100,.F.);
#2465=ORIENTED_EDGE('',*,*,#5101,.T.);
#2466=ORIENTED_EDGE('',*,*,#5102,.T.);
#2467=ORIENTED_EDGE('',*,*,#5051,.F.);
#2468=ORIENTED_EDGE('',*,*,#5102,.F.);
#2469=ORIENTED_EDGE('',*,*,#5103,.T.);
#2470=ORIENTED_EDGE('',*,*,#5104,.T.);
#2471=ORIENTED_EDGE('',*,*,#5052,.F.);
#2472=ORIENTED_EDGE('',*,*,#5104,.F.);
#2473=ORIENTED_EDGE('',*,*,#5105,.T.);
#2474=ORIENTED_EDGE('',*,*,#5106,.T.);
#2475=ORIENTED_EDGE('',*,*,#5053,.T.);
#2476=ORIENTED_EDGE('',*,*,#5106,.F.);
#2477=ORIENTED_EDGE('',*,*,#5107,.T.);
#2478=ORIENTED_EDGE('',*,*,#5108,.T.);
#2479=ORIENTED_EDGE('',*,*,#5054,.F.);
#2480=ORIENTED_EDGE('',*,*,#5108,.F.);
#2481=ORIENTED_EDGE('',*,*,#5109,.T.);
#2482=ORIENTED_EDGE('',*,*,#5110,.T.);
#2483=ORIENTED_EDGE('',*,*,#5055,.T.);
#2484=ORIENTED_EDGE('',*,*,#5110,.F.);
#2485=ORIENTED_EDGE('',*,*,#5111,.T.);
#2486=ORIENTED_EDGE('',*,*,#5112,.T.);
#2487=ORIENTED_EDGE('',*,*,#5056,.F.);
#2488=ORIENTED_EDGE('',*,*,#5112,.F.);
#2489=ORIENTED_EDGE('',*,*,#5113,.T.);
#2490=ORIENTED_EDGE('',*,*,#5114,.T.);
#2491=ORIENTED_EDGE('',*,*,#5057,.T.);
#2492=ORIENTED_EDGE('',*,*,#5114,.F.);
#2493=ORIENTED_EDGE('',*,*,#5115,.T.);
#2494=ORIENTED_EDGE('',*,*,#5116,.T.);
#2495=ORIENTED_EDGE('',*,*,#5058,.F.);
#2496=ORIENTED_EDGE('',*,*,#5117,.F.);
#2497=ORIENTED_EDGE('',*,*,#5118,.T.);
#2498=ORIENTED_EDGE('',*,*,#5059,.T.);
#2499=ORIENTED_EDGE('',*,*,#5116,.F.);
#2500=ORIENTED_EDGE('',*,*,#5119,.T.);
#2501=ORIENTED_EDGE('',*,*,#5120,.T.);
#2502=ORIENTED_EDGE('',*,*,#4961,.T.);
#2503=ORIENTED_EDGE('',*,*,#5121,.T.);
#2504=ORIENTED_EDGE('',*,*,#5122,.F.);
#2505=ORIENTED_EDGE('',*,*,#5123,.T.);
#2506=ORIENTED_EDGE('',*,*,#5120,.F.);
#2507=ORIENTED_EDGE('',*,*,#5124,.T.);
#2508=ORIENTED_EDGE('',*,*,#4978,.T.);
#2509=ORIENTED_EDGE('',*,*,#4962,.F.);
#2510=ORIENTED_EDGE('',*,*,#4980,.F.);
#2511=ORIENTED_EDGE('',*,*,#5125,.T.);
#2512=ORIENTED_EDGE('',*,*,#5060,.T.);
#2513=ORIENTED_EDGE('',*,*,#5030,.T.);
#2514=ORIENTED_EDGE('',*,*,#5126,.F.);
#2515=ORIENTED_EDGE('',*,*,#5127,.F.);
#2516=ORIENTED_EDGE('',*,*,#5128,.F.);
#2517=ORIENTED_EDGE('',*,*,#5129,.F.);
#2518=ORIENTED_EDGE('',*,*,#5130,.F.);
#2519=ORIENTED_EDGE('',*,*,#5131,.F.);
#2520=ORIENTED_EDGE('',*,*,#5132,.T.);
#2521=ORIENTED_EDGE('',*,*,#5133,.T.);
#2522=ORIENTED_EDGE('',*,*,#5134,.T.);
#2523=ORIENTED_EDGE('',*,*,#5135,.T.);
#2524=ORIENTED_EDGE('',*,*,#5136,.T.);
#2525=ORIENTED_EDGE('',*,*,#5137,.T.);
#2526=ORIENTED_EDGE('',*,*,#5138,.T.);
#2527=ORIENTED_EDGE('',*,*,#5139,.T.);
#2528=ORIENTED_EDGE('',*,*,#5140,.T.);
#2529=ORIENTED_EDGE('',*,*,#5141,.T.);
#2530=ORIENTED_EDGE('',*,*,#5142,.T.);
#2531=ORIENTED_EDGE('',*,*,#5143,.T.);
#2532=ORIENTED_EDGE('',*,*,#5144,.T.);
#2533=ORIENTED_EDGE('',*,*,#5145,.T.);
#2534=ORIENTED_EDGE('',*,*,#5146,.T.);
#2535=ORIENTED_EDGE('',*,*,#5147,.T.);
#2536=ORIENTED_EDGE('',*,*,#5148,.T.);
#2537=ORIENTED_EDGE('',*,*,#5149,.T.);
#2538=ORIENTED_EDGE('',*,*,#5150,.T.);
#2539=ORIENTED_EDGE('',*,*,#5151,.T.);
#2540=ORIENTED_EDGE('',*,*,#5152,.T.);
#2541=ORIENTED_EDGE('',*,*,#5153,.T.);
#2542=ORIENTED_EDGE('',*,*,#5154,.T.);
#2543=ORIENTED_EDGE('',*,*,#5155,.T.);
#2544=ORIENTED_EDGE('',*,*,#5156,.T.);
#2545=ORIENTED_EDGE('',*,*,#5157,.T.);
#2546=ORIENTED_EDGE('',*,*,#5158,.T.);
#2547=ORIENTED_EDGE('',*,*,#5159,.T.);
#2548=ORIENTED_EDGE('',*,*,#5160,.T.);
#2549=ORIENTED_EDGE('',*,*,#5161,.T.);
#2550=ORIENTED_EDGE('',*,*,#5162,.T.);
#2551=ORIENTED_EDGE('',*,*,#5163,.T.);
#2552=ORIENTED_EDGE('',*,*,#5164,.F.);
#2553=ORIENTED_EDGE('',*,*,#5165,.F.);
#2554=ORIENTED_EDGE('',*,*,#5007,.T.);
#2555=ORIENTED_EDGE('',*,*,#5166,.T.);
#2556=ORIENTED_EDGE('',*,*,#5167,.T.);
#2557=ORIENTED_EDGE('',*,*,#5168,.F.);
#2558=ORIENTED_EDGE('',*,*,#5008,.F.);
#2559=ORIENTED_EDGE('',*,*,#5165,.T.);
#2560=ORIENTED_EDGE('',*,*,#5169,.F.);
#2561=ORIENTED_EDGE('',*,*,#5170,.F.);
#2562=ORIENTED_EDGE('',*,*,#5009,.T.);
#2563=ORIENTED_EDGE('',*,*,#5168,.T.);
#2564=ORIENTED_EDGE('',*,*,#5171,.F.);
#2565=ORIENTED_EDGE('',*,*,#5172,.F.);
#2566=ORIENTED_EDGE('',*,*,#5010,.T.);
#2567=ORIENTED_EDGE('',*,*,#5170,.T.);
#2568=ORIENTED_EDGE('',*,*,#5173,.F.);
#2569=ORIENTED_EDGE('',*,*,#5174,.F.);
#2570=ORIENTED_EDGE('',*,*,#5011,.T.);
#2571=ORIENTED_EDGE('',*,*,#5172,.T.);
#2572=ORIENTED_EDGE('',*,*,#5175,.F.);
#2573=ORIENTED_EDGE('',*,*,#5176,.F.);
#2574=ORIENTED_EDGE('',*,*,#5012,.T.);
#2575=ORIENTED_EDGE('',*,*,#5174,.T.);
#2576=ORIENTED_EDGE('',*,*,#5177,.T.);
#2577=ORIENTED_EDGE('',*,*,#5178,.F.);
#2578=ORIENTED_EDGE('',*,*,#5013,.F.);
#2579=ORIENTED_EDGE('',*,*,#5176,.T.);
#2580=ORIENTED_EDGE('',*,*,#5179,.T.);
#2581=ORIENTED_EDGE('',*,*,#5180,.F.);
#2582=ORIENTED_EDGE('',*,*,#5014,.F.);
#2583=ORIENTED_EDGE('',*,*,#5178,.T.);
#2584=ORIENTED_EDGE('',*,*,#5181,.F.);
#2585=ORIENTED_EDGE('',*,*,#5182,.F.);
#2586=ORIENTED_EDGE('',*,*,#5015,.T.);
#2587=ORIENTED_EDGE('',*,*,#5180,.T.);
#2588=ORIENTED_EDGE('',*,*,#5183,.F.);
#2589=ORIENTED_EDGE('',*,*,#5184,.F.);
#2590=ORIENTED_EDGE('',*,*,#5016,.T.);
#2591=ORIENTED_EDGE('',*,*,#5182,.T.);
#2592=ORIENTED_EDGE('',*,*,#5185,.T.);
#2593=ORIENTED_EDGE('',*,*,#5186,.F.);
#2594=ORIENTED_EDGE('',*,*,#5017,.F.);
#2595=ORIENTED_EDGE('',*,*,#5184,.T.);
#2596=ORIENTED_EDGE('',*,*,#5187,.T.);
#2597=ORIENTED_EDGE('',*,*,#5188,.F.);
#2598=ORIENTED_EDGE('',*,*,#5018,.F.);
#2599=ORIENTED_EDGE('',*,*,#5186,.T.);
#2600=ORIENTED_EDGE('',*,*,#5189,.T.);
#2601=ORIENTED_EDGE('',*,*,#5190,.F.);
#2602=ORIENTED_EDGE('',*,*,#5019,.F.);
#2603=ORIENTED_EDGE('',*,*,#5188,.T.);
#2604=ORIENTED_EDGE('',*,*,#5191,.F.);
#2605=ORIENTED_EDGE('',*,*,#5192,.F.);
#2606=ORIENTED_EDGE('',*,*,#5020,.T.);
#2607=ORIENTED_EDGE('',*,*,#5190,.T.);
#2608=ORIENTED_EDGE('',*,*,#5193,.F.);
#2609=ORIENTED_EDGE('',*,*,#5194,.F.);
#2610=ORIENTED_EDGE('',*,*,#5021,.T.);
#2611=ORIENTED_EDGE('',*,*,#5192,.T.);
#2612=ORIENTED_EDGE('',*,*,#5195,.T.);
#2613=ORIENTED_EDGE('',*,*,#5196,.F.);
#2614=ORIENTED_EDGE('',*,*,#5022,.F.);
#2615=ORIENTED_EDGE('',*,*,#5194,.T.);
#2616=ORIENTED_EDGE('',*,*,#5197,.F.);
#2617=ORIENTED_EDGE('',*,*,#5198,.F.);
#2618=ORIENTED_EDGE('',*,*,#5023,.T.);
#2619=ORIENTED_EDGE('',*,*,#5196,.T.);
#2620=ORIENTED_EDGE('',*,*,#5199,.F.);
#2621=ORIENTED_EDGE('',*,*,#5200,.F.);
#2622=ORIENTED_EDGE('',*,*,#5024,.T.);
#2623=ORIENTED_EDGE('',*,*,#5198,.T.);
#2624=ORIENTED_EDGE('',*,*,#5201,.F.);
#2625=ORIENTED_EDGE('',*,*,#5202,.F.);
#2626=ORIENTED_EDGE('',*,*,#5025,.T.);
#2627=ORIENTED_EDGE('',*,*,#5200,.T.);
#2628=ORIENTED_EDGE('',*,*,#5203,.F.);
#2629=ORIENTED_EDGE('',*,*,#5204,.F.);
#2630=ORIENTED_EDGE('',*,*,#5026,.T.);
#2631=ORIENTED_EDGE('',*,*,#5202,.T.);
#2632=ORIENTED_EDGE('',*,*,#5205,.F.);
#2633=ORIENTED_EDGE('',*,*,#5206,.F.);
#2634=ORIENTED_EDGE('',*,*,#5027,.T.);
#2635=ORIENTED_EDGE('',*,*,#5204,.T.);
#2636=ORIENTED_EDGE('',*,*,#5207,.T.);
#2637=ORIENTED_EDGE('',*,*,#4991,.F.);
#2638=ORIENTED_EDGE('',*,*,#5028,.F.);
#2639=ORIENTED_EDGE('',*,*,#5206,.T.);
#2640=ORIENTED_EDGE('',*,*,#5208,.F.);
#2641=ORIENTED_EDGE('',*,*,#4973,.F.);
#2642=ORIENTED_EDGE('',*,*,#4966,.T.);
#2643=ORIENTED_EDGE('',*,*,#4993,.T.);
#2644=ORIENTED_EDGE('',*,*,#5209,.F.);
#2645=ORIENTED_EDGE('',*,*,#5210,.F.);
#2646=ORIENTED_EDGE('',*,*,#5000,.T.);
#2647=ORIENTED_EDGE('',*,*,#4975,.T.);
#2648=ORIENTED_EDGE('',*,*,#5211,.T.);
#2649=ORIENTED_EDGE('',*,*,#5212,.F.);
#2650=ORIENTED_EDGE('',*,*,#5001,.F.);
#2651=ORIENTED_EDGE('',*,*,#5210,.T.);
#2652=ORIENTED_EDGE('',*,*,#5213,.F.);
#2653=ORIENTED_EDGE('',*,*,#5214,.F.);
#2654=ORIENTED_EDGE('',*,*,#5002,.T.);
#2655=ORIENTED_EDGE('',*,*,#5212,.T.);
#2656=ORIENTED_EDGE('',*,*,#5215,.T.);
#2657=ORIENTED_EDGE('',*,*,#5216,.F.);
#2658=ORIENTED_EDGE('',*,*,#5003,.F.);
#2659=ORIENTED_EDGE('',*,*,#5214,.T.);
#2660=ORIENTED_EDGE('',*,*,#5217,.F.);
#2661=ORIENTED_EDGE('',*,*,#5218,.F.);
#2662=ORIENTED_EDGE('',*,*,#5004,.T.);
#2663=ORIENTED_EDGE('',*,*,#5216,.T.);
#2664=ORIENTED_EDGE('',*,*,#5219,.F.);
#2665=ORIENTED_EDGE('',*,*,#5220,.F.);
#2666=ORIENTED_EDGE('',*,*,#5005,.T.);
#2667=ORIENTED_EDGE('',*,*,#5218,.T.);
#2668=ORIENTED_EDGE('',*,*,#5221,.F.);
#2669=ORIENTED_EDGE('',*,*,#5166,.F.);
#2670=ORIENTED_EDGE('',*,*,#5006,.T.);
#2671=ORIENTED_EDGE('',*,*,#5220,.T.);
#2672=ORIENTED_EDGE('',*,*,#5164,.T.);
#2673=ORIENTED_EDGE('',*,*,#5221,.T.);
#2674=ORIENTED_EDGE('',*,*,#5219,.T.);
#2675=ORIENTED_EDGE('',*,*,#5217,.T.);
#2676=ORIENTED_EDGE('',*,*,#5215,.F.);
#2677=ORIENTED_EDGE('',*,*,#5213,.T.);
#2678=ORIENTED_EDGE('',*,*,#5211,.F.);
#2679=ORIENTED_EDGE('',*,*,#5209,.T.);
#2680=ORIENTED_EDGE('',*,*,#4974,.T.);
#2681=ORIENTED_EDGE('',*,*,#5208,.T.);
#2682=ORIENTED_EDGE('',*,*,#4992,.T.);
#2683=ORIENTED_EDGE('',*,*,#5207,.F.);
#2684=ORIENTED_EDGE('',*,*,#5205,.T.);
#2685=ORIENTED_EDGE('',*,*,#5203,.T.);
#2686=ORIENTED_EDGE('',*,*,#5201,.T.);
#2687=ORIENTED_EDGE('',*,*,#5199,.T.);
#2688=ORIENTED_EDGE('',*,*,#5197,.T.);
#2689=ORIENTED_EDGE('',*,*,#5195,.F.);
#2690=ORIENTED_EDGE('',*,*,#5193,.T.);
#2691=ORIENTED_EDGE('',*,*,#5191,.T.);
#2692=ORIENTED_EDGE('',*,*,#5189,.F.);
#2693=ORIENTED_EDGE('',*,*,#5187,.F.);
#2694=ORIENTED_EDGE('',*,*,#5185,.F.);
#2695=ORIENTED_EDGE('',*,*,#5183,.T.);
#2696=ORIENTED_EDGE('',*,*,#5181,.T.);
#2697=ORIENTED_EDGE('',*,*,#5179,.F.);
#2698=ORIENTED_EDGE('',*,*,#5177,.F.);
#2699=ORIENTED_EDGE('',*,*,#5175,.T.);
#2700=ORIENTED_EDGE('',*,*,#5173,.T.);
#2701=ORIENTED_EDGE('',*,*,#5171,.T.);
#2702=ORIENTED_EDGE('',*,*,#5169,.T.);
#2703=ORIENTED_EDGE('',*,*,#5167,.F.);
#2704=ORIENTED_EDGE('',*,*,#5222,.F.);
#2705=ORIENTED_EDGE('',*,*,#5111,.F.);
#2706=ORIENTED_EDGE('',*,*,#5223,.F.);
#2707=ORIENTED_EDGE('',*,*,#5149,.F.);
#2708=ORIENTED_EDGE('',*,*,#5223,.T.);
#2709=ORIENTED_EDGE('',*,*,#5109,.F.);
#2710=ORIENTED_EDGE('',*,*,#5224,.F.);
#2711=ORIENTED_EDGE('',*,*,#5150,.F.);
#2712=ORIENTED_EDGE('',*,*,#5222,.T.);
#2713=ORIENTED_EDGE('',*,*,#5148,.F.);
#2714=ORIENTED_EDGE('',*,*,#5225,.F.);
#2715=ORIENTED_EDGE('',*,*,#5113,.F.);
#2716=ORIENTED_EDGE('',*,*,#5224,.T.);
#2717=ORIENTED_EDGE('',*,*,#5107,.F.);
#2718=ORIENTED_EDGE('',*,*,#5226,.F.);
#2719=ORIENTED_EDGE('',*,*,#5151,.F.);
#2720=ORIENTED_EDGE('',*,*,#5225,.T.);
#2721=ORIENTED_EDGE('',*,*,#5147,.F.);
#2722=ORIENTED_EDGE('',*,*,#5227,.F.);
#2723=ORIENTED_EDGE('',*,*,#5115,.F.);
#2724=ORIENTED_EDGE('',*,*,#5226,.T.);
#2725=ORIENTED_EDGE('',*,*,#5105,.F.);
#2726=ORIENTED_EDGE('',*,*,#5228,.F.);
#2727=ORIENTED_EDGE('',*,*,#5152,.F.);
#2728=ORIENTED_EDGE('',*,*,#5227,.T.);
#2729=ORIENTED_EDGE('',*,*,#5146,.F.);
#2730=ORIENTED_EDGE('',*,*,#5229,.F.);
#2731=ORIENTED_EDGE('',*,*,#5119,.F.);
#2732=ORIENTED_EDGE('',*,*,#5228,.T.);
#2733=ORIENTED_EDGE('',*,*,#5103,.F.);
#2734=ORIENTED_EDGE('',*,*,#5230,.F.);
#2735=ORIENTED_EDGE('',*,*,#5153,.F.);
#2736=ORIENTED_EDGE('',*,*,#5229,.T.);
#2737=ORIENTED_EDGE('',*,*,#5145,.F.);
#2738=ORIENTED_EDGE('',*,*,#5231,.F.);
#2739=ORIENTED_EDGE('',*,*,#5124,.F.);
#2740=ORIENTED_EDGE('',*,*,#5230,.T.);
#2741=ORIENTED_EDGE('',*,*,#5101,.F.);
#2742=ORIENTED_EDGE('',*,*,#5232,.F.);
#2743=ORIENTED_EDGE('',*,*,#5154,.F.);
#2744=ORIENTED_EDGE('',*,*,#5231,.T.);
#2745=ORIENTED_EDGE('',*,*,#5144,.F.);
#2746=ORIENTED_EDGE('',*,*,#5233,.F.);
#2747=ORIENTED_EDGE('',*,*,#4979,.F.);
#2748=ORIENTED_EDGE('',*,*,#5232,.T.);
#2749=ORIENTED_EDGE('',*,*,#5099,.F.);
#2750=ORIENTED_EDGE('',*,*,#5234,.F.);
#2751=ORIENTED_EDGE('',*,*,#5155,.F.);
#2752=ORIENTED_EDGE('',*,*,#5233,.T.);
#2753=ORIENTED_EDGE('',*,*,#5143,.F.);
#2754=ORIENTED_EDGE('',*,*,#5235,.F.);
#2755=ORIENTED_EDGE('',*,*,#5125,.F.);
#2756=ORIENTED_EDGE('',*,*,#5234,.T.);
#2757=ORIENTED_EDGE('',*,*,#5097,.F.);
#2758=ORIENTED_EDGE('',*,*,#5236,.F.);
#2759=ORIENTED_EDGE('',*,*,#5156,.F.);
#2760=ORIENTED_EDGE('',*,*,#5235,.T.);
#2761=ORIENTED_EDGE('',*,*,#5142,.F.);
#2762=ORIENTED_EDGE('',*,*,#5237,.F.);
#2763=ORIENTED_EDGE('',*,*,#5061,.F.);
#2764=ORIENTED_EDGE('',*,*,#5236,.T.);
#2765=ORIENTED_EDGE('',*,*,#5095,.F.);
#2766=ORIENTED_EDGE('',*,*,#5238,.F.);
#2767=ORIENTED_EDGE('',*,*,#5157,.F.);
#2768=ORIENTED_EDGE('',*,*,#5237,.T.);
#2769=ORIENTED_EDGE('',*,*,#5141,.F.);
#2770=ORIENTED_EDGE('',*,*,#5239,.F.);
#2771=ORIENTED_EDGE('',*,*,#5063,.F.);
#2772=ORIENTED_EDGE('',*,*,#5238,.T.);
#2773=ORIENTED_EDGE('',*,*,#5093,.F.);
#2774=ORIENTED_EDGE('',*,*,#5240,.F.);
#2775=ORIENTED_EDGE('',*,*,#5158,.F.);
#2776=ORIENTED_EDGE('',*,*,#5239,.T.);
#2777=ORIENTED_EDGE('',*,*,#5140,.F.);
#2778=ORIENTED_EDGE('',*,*,#5241,.F.);
#2779=ORIENTED_EDGE('',*,*,#5065,.F.);
#2780=ORIENTED_EDGE('',*,*,#5240,.T.);
#2781=ORIENTED_EDGE('',*,*,#5091,.F.);
#2782=ORIENTED_EDGE('',*,*,#5242,.F.);
#2783=ORIENTED_EDGE('',*,*,#5159,.F.);
#2784=ORIENTED_EDGE('',*,*,#5241,.T.);
#2785=ORIENTED_EDGE('',*,*,#5139,.F.);
#2786=ORIENTED_EDGE('',*,*,#5243,.F.);
#2787=ORIENTED_EDGE('',*,*,#5067,.F.);
#2788=ORIENTED_EDGE('',*,*,#5242,.T.);
#2789=ORIENTED_EDGE('',*,*,#5089,.F.);
#2790=ORIENTED_EDGE('',*,*,#5244,.F.);
#2791=ORIENTED_EDGE('',*,*,#5160,.F.);
#2792=ORIENTED_EDGE('',*,*,#5243,.T.);
#2793=ORIENTED_EDGE('',*,*,#5138,.F.);
#2794=ORIENTED_EDGE('',*,*,#5245,.F.);
#2795=ORIENTED_EDGE('',*,*,#5069,.F.);
#2796=ORIENTED_EDGE('',*,*,#5244,.T.);
#2797=ORIENTED_EDGE('',*,*,#5087,.F.);
#2798=ORIENTED_EDGE('',*,*,#5246,.F.);
#2799=ORIENTED_EDGE('',*,*,#5161,.F.);
#2800=ORIENTED_EDGE('',*,*,#5245,.T.);
#2801=ORIENTED_EDGE('',*,*,#5137,.F.);
#2802=ORIENTED_EDGE('',*,*,#5247,.F.);
#2803=ORIENTED_EDGE('',*,*,#5071,.F.);
#2804=ORIENTED_EDGE('',*,*,#5246,.T.);
#2805=ORIENTED_EDGE('',*,*,#5085,.F.);
#2806=ORIENTED_EDGE('',*,*,#5248,.F.);
#2807=ORIENTED_EDGE('',*,*,#5162,.F.);
#2808=ORIENTED_EDGE('',*,*,#5247,.T.);
#2809=ORIENTED_EDGE('',*,*,#5136,.F.);
#2810=ORIENTED_EDGE('',*,*,#5249,.F.);
#2811=ORIENTED_EDGE('',*,*,#5073,.F.);
#2812=ORIENTED_EDGE('',*,*,#5248,.T.);
#2813=ORIENTED_EDGE('',*,*,#5083,.F.);
#2814=ORIENTED_EDGE('',*,*,#5250,.F.);
#2815=ORIENTED_EDGE('',*,*,#5163,.F.);
#2816=ORIENTED_EDGE('',*,*,#5249,.T.);
#2817=ORIENTED_EDGE('',*,*,#5135,.F.);
#2818=ORIENTED_EDGE('',*,*,#5251,.F.);
#2819=ORIENTED_EDGE('',*,*,#5075,.F.);
#2820=ORIENTED_EDGE('',*,*,#5250,.T.);
#2821=ORIENTED_EDGE('',*,*,#5081,.F.);
#2822=ORIENTED_EDGE('',*,*,#5252,.F.);
#2823=ORIENTED_EDGE('',*,*,#5132,.F.);
#2824=ORIENTED_EDGE('',*,*,#5251,.T.);
#2825=ORIENTED_EDGE('',*,*,#5134,.F.);
#2826=ORIENTED_EDGE('',*,*,#5253,.F.);
#2827=ORIENTED_EDGE('',*,*,#5077,.F.);
#2828=ORIENTED_EDGE('',*,*,#5252,.T.);
#2829=ORIENTED_EDGE('',*,*,#5079,.F.);
#2830=ORIENTED_EDGE('',*,*,#5253,.T.);
#2831=ORIENTED_EDGE('',*,*,#5133,.F.);
#2832=ORIENTED_EDGE('',*,*,#4964,.T.);
#2833=ORIENTED_EDGE('',*,*,#4977,.F.);
#2834=ORIENTED_EDGE('',*,*,#5254,.F.);
#2835=ORIENTED_EDGE('',*,*,#4985,.F.);
#2836=ORIENTED_EDGE('',*,*,#4986,.T.);
#2837=ORIENTED_EDGE('',*,*,#5254,.T.);
#2838=ORIENTED_EDGE('',*,*,#4976,.T.);
#2839=ORIENTED_EDGE('',*,*,#5255,.F.);
#2840=ORIENTED_EDGE('',*,*,#4987,.T.);
#2841=ORIENTED_EDGE('',*,*,#5255,.T.);
#2842=ORIENTED_EDGE('',*,*,#4984,.T.);
#2843=ORIENTED_EDGE('',*,*,#5256,.F.);
#2844=ORIENTED_EDGE('',*,*,#4988,.T.);
#2845=ORIENTED_EDGE('',*,*,#5256,.T.);
#2846=ORIENTED_EDGE('',*,*,#4983,.T.);
#2847=ORIENTED_EDGE('',*,*,#5257,.F.);
#2848=ORIENTED_EDGE('',*,*,#4989,.T.);
#2849=ORIENTED_EDGE('',*,*,#5257,.T.);
#2850=ORIENTED_EDGE('',*,*,#4982,.T.);
#2851=ORIENTED_EDGE('',*,*,#5029,.F.);
#2852=ORIENTED_EDGE('',*,*,#4999,.T.);
#2853=ORIENTED_EDGE('',*,*,#5118,.F.);
#2854=ORIENTED_EDGE('',*,*,#5258,.F.);
#2855=ORIENTED_EDGE('',*,*,#4968,.F.);
#2856=ORIENTED_EDGE('',*,*,#4969,.T.);
#2857=ORIENTED_EDGE('',*,*,#5258,.T.);
#2858=ORIENTED_EDGE('',*,*,#5117,.T.);
#2859=ORIENTED_EDGE('',*,*,#5259,.F.);
#2860=ORIENTED_EDGE('',*,*,#5259,.T.);
#2861=ORIENTED_EDGE('',*,*,#5123,.F.);
#2862=ORIENTED_EDGE('',*,*,#5260,.F.);
#2863=ORIENTED_EDGE('',*,*,#4970,.F.);
#2864=ORIENTED_EDGE('',*,*,#4971,.T.);
#2865=ORIENTED_EDGE('',*,*,#5260,.T.);
#2866=ORIENTED_EDGE('',*,*,#5122,.T.);
#2867=ORIENTED_EDGE('',*,*,#5261,.F.);
#2868=ORIENTED_EDGE('',*,*,#5261,.T.);
#2869=ORIENTED_EDGE('',*,*,#5121,.F.);
#2870=ORIENTED_EDGE('',*,*,#4960,.F.);
#2871=ORIENTED_EDGE('',*,*,#4972,.F.);
#2872=ORIENTED_EDGE('',*,*,#4998,.T.);
#2873=ORIENTED_EDGE('',*,*,#5131,.T.);
#2874=ORIENTED_EDGE('',*,*,#4997,.T.);
#2875=ORIENTED_EDGE('',*,*,#5130,.T.);
#2876=ORIENTED_EDGE('',*,*,#4996,.T.);
#2877=ORIENTED_EDGE('',*,*,#5129,.T.);
#2878=ORIENTED_EDGE('',*,*,#4995,.T.);
#2879=ORIENTED_EDGE('',*,*,#5128,.T.);
#2880=ORIENTED_EDGE('',*,*,#4958,.T.);
#2881=ORIENTED_EDGE('',*,*,#5127,.T.);
#2882=ORIENTED_EDGE('',*,*,#4994,.T.);
#2883=ORIENTED_EDGE('',*,*,#5126,.T.);
#2884=ORIENTED_EDGE('',*,*,#5262,.F.);
#2885=ORIENTED_EDGE('',*,*,#5263,.T.);
#2886=ORIENTED_EDGE('',*,*,#5264,.T.);
#2887=ORIENTED_EDGE('',*,*,#5265,.F.);
#2888=ORIENTED_EDGE('',*,*,#5266,.F.);
#2889=ORIENTED_EDGE('',*,*,#5267,.F.);
#2890=ORIENTED_EDGE('',*,*,#5268,.F.);
#2891=ORIENTED_EDGE('',*,*,#5269,.T.);
#2892=ORIENTED_EDGE('',*,*,#5270,.T.);
#2893=ORIENTED_EDGE('',*,*,#5271,.F.);
#2894=ORIENTED_EDGE('',*,*,#5272,.F.);
#2895=ORIENTED_EDGE('',*,*,#5273,.T.);
#2896=ORIENTED_EDGE('',*,*,#5274,.T.);
#2897=ORIENTED_EDGE('',*,*,#5275,.F.);
#2898=ORIENTED_EDGE('',*,*,#5276,.F.);
#2899=ORIENTED_EDGE('',*,*,#5277,.T.);
#2900=ORIENTED_EDGE('',*,*,#5278,.T.);
#2901=ORIENTED_EDGE('',*,*,#5279,.F.);
#2902=ORIENTED_EDGE('',*,*,#5280,.F.);
#2903=ORIENTED_EDGE('',*,*,#5281,.T.);
#2904=ORIENTED_EDGE('',*,*,#5282,.T.);
#2905=ORIENTED_EDGE('',*,*,#5283,.F.);
#2906=ORIENTED_EDGE('',*,*,#5284,.F.);
#2907=ORIENTED_EDGE('',*,*,#5285,.T.);
#2908=ORIENTED_EDGE('',*,*,#5286,.T.);
#2909=ORIENTED_EDGE('',*,*,#5287,.F.);
#2910=ORIENTED_EDGE('',*,*,#5288,.F.);
#2911=ORIENTED_EDGE('',*,*,#5289,.T.);
#2912=ORIENTED_EDGE('',*,*,#5290,.T.);
#2913=ORIENTED_EDGE('',*,*,#5291,.F.);
#2914=ORIENTED_EDGE('',*,*,#5292,.F.);
#2915=ORIENTED_EDGE('',*,*,#5293,.T.);
#2916=ORIENTED_EDGE('',*,*,#5294,.T.);
#2917=ORIENTED_EDGE('',*,*,#5295,.F.);
#2918=ORIENTED_EDGE('',*,*,#5296,.F.);
#2919=ORIENTED_EDGE('',*,*,#5297,.T.);
#2920=ORIENTED_EDGE('',*,*,#5298,.T.);
#2921=ORIENTED_EDGE('',*,*,#5299,.F.);
#2922=ORIENTED_EDGE('',*,*,#5300,.F.);
#2923=ORIENTED_EDGE('',*,*,#5301,.T.);
#2924=ORIENTED_EDGE('',*,*,#5302,.T.);
#2925=ORIENTED_EDGE('',*,*,#5303,.F.);
#2926=ORIENTED_EDGE('',*,*,#5304,.F.);
#2927=ORIENTED_EDGE('',*,*,#5305,.T.);
#2928=ORIENTED_EDGE('',*,*,#5306,.T.);
#2929=ORIENTED_EDGE('',*,*,#5307,.F.);
#2930=ORIENTED_EDGE('',*,*,#5308,.F.);
#2931=ORIENTED_EDGE('',*,*,#5309,.T.);
#2932=ORIENTED_EDGE('',*,*,#5310,.T.);
#2933=ORIENTED_EDGE('',*,*,#5311,.F.);
#2934=ORIENTED_EDGE('',*,*,#5312,.F.);
#2935=ORIENTED_EDGE('',*,*,#5313,.T.);
#2936=ORIENTED_EDGE('',*,*,#5314,.T.);
#2937=ORIENTED_EDGE('',*,*,#5315,.F.);
#2938=ORIENTED_EDGE('',*,*,#5316,.F.);
#2939=ORIENTED_EDGE('',*,*,#5317,.T.);
#2940=ORIENTED_EDGE('',*,*,#5318,.T.);
#2941=ORIENTED_EDGE('',*,*,#5319,.F.);
#2942=ORIENTED_EDGE('',*,*,#5320,.F.);
#2943=ORIENTED_EDGE('',*,*,#5321,.T.);
#2944=ORIENTED_EDGE('',*,*,#5322,.T.);
#2945=ORIENTED_EDGE('',*,*,#5323,.F.);
#2946=ORIENTED_EDGE('',*,*,#5324,.F.);
#2947=ORIENTED_EDGE('',*,*,#5325,.T.);
#2948=ORIENTED_EDGE('',*,*,#5326,.T.);
#2949=ORIENTED_EDGE('',*,*,#5327,.F.);
#2950=ORIENTED_EDGE('',*,*,#5328,.F.);
#2951=ORIENTED_EDGE('',*,*,#5329,.T.);
#2952=ORIENTED_EDGE('',*,*,#5330,.T.);
#2953=ORIENTED_EDGE('',*,*,#5331,.F.);
#2954=ORIENTED_EDGE('',*,*,#5332,.F.);
#2955=ORIENTED_EDGE('',*,*,#5333,.T.);
#2956=ORIENTED_EDGE('',*,*,#5334,.T.);
#2957=ORIENTED_EDGE('',*,*,#5335,.F.);
#2958=ORIENTED_EDGE('',*,*,#5336,.F.);
#2959=ORIENTED_EDGE('',*,*,#5337,.T.);
#2960=ORIENTED_EDGE('',*,*,#5338,.T.);
#2961=ORIENTED_EDGE('',*,*,#5339,.F.);
#2962=ORIENTED_EDGE('',*,*,#5340,.F.);
#2963=ORIENTED_EDGE('',*,*,#5341,.T.);
#2964=ORIENTED_EDGE('',*,*,#5342,.T.);
#2965=ORIENTED_EDGE('',*,*,#5343,.F.);
#2966=ORIENTED_EDGE('',*,*,#5344,.F.);
#2967=ORIENTED_EDGE('',*,*,#5345,.T.);
#2968=ORIENTED_EDGE('',*,*,#5346,.T.);
#2969=ORIENTED_EDGE('',*,*,#5347,.F.);
#2970=ORIENTED_EDGE('',*,*,#5348,.F.);
#2971=ORIENTED_EDGE('',*,*,#5349,.T.);
#2972=ORIENTED_EDGE('',*,*,#5350,.T.);
#2973=ORIENTED_EDGE('',*,*,#5351,.F.);
#2974=ORIENTED_EDGE('',*,*,#5352,.F.);
#2975=ORIENTED_EDGE('',*,*,#5353,.T.);
#2976=ORIENTED_EDGE('',*,*,#5354,.T.);
#2977=ORIENTED_EDGE('',*,*,#5355,.F.);
#2978=ORIENTED_EDGE('',*,*,#5356,.F.);
#2979=ORIENTED_EDGE('',*,*,#5357,.T.);
#2980=ORIENTED_EDGE('',*,*,#5358,.T.);
#2981=ORIENTED_EDGE('',*,*,#5359,.F.);
#2982=ORIENTED_EDGE('',*,*,#5360,.F.);
#2983=ORIENTED_EDGE('',*,*,#5361,.T.);
#2984=ORIENTED_EDGE('',*,*,#5362,.T.);
#2985=ORIENTED_EDGE('',*,*,#5363,.F.);
#2986=ORIENTED_EDGE('',*,*,#5364,.F.);
#2987=ORIENTED_EDGE('',*,*,#5365,.T.);
#2988=ORIENTED_EDGE('',*,*,#5366,.T.);
#2989=ORIENTED_EDGE('',*,*,#5367,.F.);
#2990=ORIENTED_EDGE('',*,*,#5368,.F.);
#2991=ORIENTED_EDGE('',*,*,#5369,.T.);
#2992=ORIENTED_EDGE('',*,*,#5370,.T.);
#2993=ORIENTED_EDGE('',*,*,#5371,.F.);
#2994=ORIENTED_EDGE('',*,*,#5372,.F.);
#2995=ORIENTED_EDGE('',*,*,#5373,.T.);
#2996=ORIENTED_EDGE('',*,*,#5374,.T.);
#2997=ORIENTED_EDGE('',*,*,#5375,.F.);
#2998=ORIENTED_EDGE('',*,*,#5376,.F.);
#2999=ORIENTED_EDGE('',*,*,#5377,.T.);
#3000=ORIENTED_EDGE('',*,*,#5378,.T.);
#3001=ORIENTED_EDGE('',*,*,#5379,.F.);
#3002=ORIENTED_EDGE('',*,*,#5380,.F.);
#3003=ORIENTED_EDGE('',*,*,#5381,.F.);
#3004=ORIENTED_EDGE('',*,*,#5382,.F.);
#3005=ORIENTED_EDGE('',*,*,#5383,.F.);
#3006=ORIENTED_EDGE('',*,*,#5384,.F.);
#3007=ORIENTED_EDGE('',*,*,#5385,.T.);
#3008=ORIENTED_EDGE('',*,*,#5386,.T.);
#3009=ORIENTED_EDGE('',*,*,#5262,.T.);
#3010=ORIENTED_EDGE('',*,*,#5387,.F.);
#3011=ORIENTED_EDGE('',*,*,#5388,.T.);
#3012=ORIENTED_EDGE('',*,*,#5389,.T.);
#3013=ORIENTED_EDGE('',*,*,#5390,.T.);
#3014=ORIENTED_EDGE('',*,*,#5391,.T.);
#3015=ORIENTED_EDGE('',*,*,#5392,.T.);
#3016=ORIENTED_EDGE('',*,*,#5393,.F.);
#3017=ORIENTED_EDGE('',*,*,#5394,.T.);
#3018=ORIENTED_EDGE('',*,*,#5395,.T.);
#3019=ORIENTED_EDGE('',*,*,#5396,.T.);
#3020=ORIENTED_EDGE('',*,*,#5397,.F.);
#3021=ORIENTED_EDGE('',*,*,#5398,.T.);
#3022=ORIENTED_EDGE('',*,*,#5399,.T.);
#3023=ORIENTED_EDGE('',*,*,#5400,.T.);
#3024=ORIENTED_EDGE('',*,*,#5401,.F.);
#3025=ORIENTED_EDGE('',*,*,#5402,.T.);
#3026=ORIENTED_EDGE('',*,*,#5403,.T.);
#3027=ORIENTED_EDGE('',*,*,#5404,.T.);
#3028=ORIENTED_EDGE('',*,*,#5405,.T.);
#3029=ORIENTED_EDGE('',*,*,#5406,.T.);
#3030=ORIENTED_EDGE('',*,*,#5407,.F.);
#3031=ORIENTED_EDGE('',*,*,#5408,.T.);
#3032=ORIENTED_EDGE('',*,*,#5409,.T.);
#3033=ORIENTED_EDGE('',*,*,#5410,.T.);
#3034=ORIENTED_EDGE('',*,*,#5411,.T.);
#3035=ORIENTED_EDGE('',*,*,#5412,.T.);
#3036=ORIENTED_EDGE('',*,*,#5413,.T.);
#3037=ORIENTED_EDGE('',*,*,#5414,.T.);
#3038=ORIENTED_EDGE('',*,*,#5415,.T.);
#3039=ORIENTED_EDGE('',*,*,#5416,.F.);
#3040=ORIENTED_EDGE('',*,*,#5417,.T.);
#3041=ORIENTED_EDGE('',*,*,#5418,.F.);
#3042=ORIENTED_EDGE('',*,*,#5419,.F.);
#3043=ORIENTED_EDGE('',*,*,#5420,.T.);
#3044=ORIENTED_EDGE('',*,*,#5421,.T.);
#3045=ORIENTED_EDGE('',*,*,#5422,.T.);
#3046=ORIENTED_EDGE('',*,*,#5423,.T.);
#3047=ORIENTED_EDGE('',*,*,#5424,.T.);
#3048=ORIENTED_EDGE('',*,*,#5425,.F.);
#3049=ORIENTED_EDGE('',*,*,#5426,.F.);
#3050=ORIENTED_EDGE('',*,*,#5427,.F.);
#3051=ORIENTED_EDGE('',*,*,#5376,.T.);
#3052=ORIENTED_EDGE('',*,*,#5428,.T.);
#3053=ORIENTED_EDGE('',*,*,#5429,.T.);
#3054=ORIENTED_EDGE('',*,*,#5430,.F.);
#3055=ORIENTED_EDGE('',*,*,#5377,.F.);
#3056=ORIENTED_EDGE('',*,*,#5427,.T.);
#3057=ORIENTED_EDGE('',*,*,#5431,.T.);
#3058=ORIENTED_EDGE('',*,*,#5432,.F.);
#3059=ORIENTED_EDGE('',*,*,#5378,.F.);
#3060=ORIENTED_EDGE('',*,*,#5430,.T.);
#3061=ORIENTED_EDGE('',*,*,#5433,.F.);
#3062=ORIENTED_EDGE('',*,*,#5434,.F.);
#3063=ORIENTED_EDGE('',*,*,#5372,.T.);
#3064=ORIENTED_EDGE('',*,*,#5435,.T.);
#3065=ORIENTED_EDGE('',*,*,#5436,.T.);
#3066=ORIENTED_EDGE('',*,*,#5437,.F.);
#3067=ORIENTED_EDGE('',*,*,#5373,.F.);
#3068=ORIENTED_EDGE('',*,*,#5434,.T.);
#3069=ORIENTED_EDGE('',*,*,#5438,.T.);
#3070=ORIENTED_EDGE('',*,*,#5439,.F.);
#3071=ORIENTED_EDGE('',*,*,#5374,.F.);
#3072=ORIENTED_EDGE('',*,*,#5437,.T.);
#3073=ORIENTED_EDGE('',*,*,#5440,.F.);
#3074=ORIENTED_EDGE('',*,*,#5441,.F.);
#3075=ORIENTED_EDGE('',*,*,#5368,.T.);
#3076=ORIENTED_EDGE('',*,*,#5442,.T.);
#3077=ORIENTED_EDGE('',*,*,#5443,.T.);
#3078=ORIENTED_EDGE('',*,*,#5444,.F.);
#3079=ORIENTED_EDGE('',*,*,#5369,.F.);
#3080=ORIENTED_EDGE('',*,*,#5441,.T.);
#3081=ORIENTED_EDGE('',*,*,#5445,.T.);
#3082=ORIENTED_EDGE('',*,*,#5446,.F.);
#3083=ORIENTED_EDGE('',*,*,#5370,.F.);
#3084=ORIENTED_EDGE('',*,*,#5444,.T.);
#3085=ORIENTED_EDGE('',*,*,#5447,.F.);
#3086=ORIENTED_EDGE('',*,*,#5448,.F.);
#3087=ORIENTED_EDGE('',*,*,#5364,.T.);
#3088=ORIENTED_EDGE('',*,*,#5449,.T.);
#3089=ORIENTED_EDGE('',*,*,#5450,.T.);
#3090=ORIENTED_EDGE('',*,*,#5451,.F.);
#3091=ORIENTED_EDGE('',*,*,#5365,.F.);
#3092=ORIENTED_EDGE('',*,*,#5448,.T.);
#3093=ORIENTED_EDGE('',*,*,#5452,.T.);
#3094=ORIENTED_EDGE('',*,*,#5453,.F.);
#3095=ORIENTED_EDGE('',*,*,#5366,.F.);
#3096=ORIENTED_EDGE('',*,*,#5451,.T.);
#3097=ORIENTED_EDGE('',*,*,#5454,.F.);
#3098=ORIENTED_EDGE('',*,*,#5455,.F.);
#3099=ORIENTED_EDGE('',*,*,#5360,.T.);
#3100=ORIENTED_EDGE('',*,*,#5456,.T.);
#3101=ORIENTED_EDGE('',*,*,#5457,.T.);
#3102=ORIENTED_EDGE('',*,*,#5458,.F.);
#3103=ORIENTED_EDGE('',*,*,#5361,.F.);
#3104=ORIENTED_EDGE('',*,*,#5455,.T.);
#3105=ORIENTED_EDGE('',*,*,#5459,.T.);
#3106=ORIENTED_EDGE('',*,*,#5460,.F.);
#3107=ORIENTED_EDGE('',*,*,#5362,.F.);
#3108=ORIENTED_EDGE('',*,*,#5458,.T.);
#3109=ORIENTED_EDGE('',*,*,#5461,.F.);
#3110=ORIENTED_EDGE('',*,*,#5462,.F.);
#3111=ORIENTED_EDGE('',*,*,#5356,.T.);
#3112=ORIENTED_EDGE('',*,*,#5463,.T.);
#3113=ORIENTED_EDGE('',*,*,#5464,.T.);
#3114=ORIENTED_EDGE('',*,*,#5465,.F.);
#3115=ORIENTED_EDGE('',*,*,#5357,.F.);
#3116=ORIENTED_EDGE('',*,*,#5462,.T.);
#3117=ORIENTED_EDGE('',*,*,#5466,.T.);
#3118=ORIENTED_EDGE('',*,*,#5467,.F.);
#3119=ORIENTED_EDGE('',*,*,#5358,.F.);
#3120=ORIENTED_EDGE('',*,*,#5465,.T.);
#3121=ORIENTED_EDGE('',*,*,#5468,.F.);
#3122=ORIENTED_EDGE('',*,*,#5469,.F.);
#3123=ORIENTED_EDGE('',*,*,#5352,.T.);
#3124=ORIENTED_EDGE('',*,*,#5470,.T.);
#3125=ORIENTED_EDGE('',*,*,#5471,.T.);
#3126=ORIENTED_EDGE('',*,*,#5472,.F.);
#3127=ORIENTED_EDGE('',*,*,#5353,.F.);
#3128=ORIENTED_EDGE('',*,*,#5469,.T.);
#3129=ORIENTED_EDGE('',*,*,#5473,.T.);
#3130=ORIENTED_EDGE('',*,*,#5474,.F.);
#3131=ORIENTED_EDGE('',*,*,#5354,.F.);
#3132=ORIENTED_EDGE('',*,*,#5472,.T.);
#3133=ORIENTED_EDGE('',*,*,#5475,.F.);
#3134=ORIENTED_EDGE('',*,*,#5476,.F.);
#3135=ORIENTED_EDGE('',*,*,#5348,.T.);
#3136=ORIENTED_EDGE('',*,*,#5477,.T.);
#3137=ORIENTED_EDGE('',*,*,#5478,.T.);
#3138=ORIENTED_EDGE('',*,*,#5479,.F.);
#3139=ORIENTED_EDGE('',*,*,#5349,.F.);
#3140=ORIENTED_EDGE('',*,*,#5476,.T.);
#3141=ORIENTED_EDGE('',*,*,#5480,.T.);
#3142=ORIENTED_EDGE('',*,*,#5481,.F.);
#3143=ORIENTED_EDGE('',*,*,#5350,.F.);
#3144=ORIENTED_EDGE('',*,*,#5479,.T.);
#3145=ORIENTED_EDGE('',*,*,#5482,.F.);
#3146=ORIENTED_EDGE('',*,*,#5483,.F.);
#3147=ORIENTED_EDGE('',*,*,#5344,.T.);
#3148=ORIENTED_EDGE('',*,*,#5484,.T.);
#3149=ORIENTED_EDGE('',*,*,#5485,.T.);
#3150=ORIENTED_EDGE('',*,*,#5486,.F.);
#3151=ORIENTED_EDGE('',*,*,#5345,.F.);
#3152=ORIENTED_EDGE('',*,*,#5483,.T.);
#3153=ORIENTED_EDGE('',*,*,#5487,.T.);
#3154=ORIENTED_EDGE('',*,*,#5488,.F.);
#3155=ORIENTED_EDGE('',*,*,#5346,.F.);
#3156=ORIENTED_EDGE('',*,*,#5486,.T.);
#3157=ORIENTED_EDGE('',*,*,#5489,.F.);
#3158=ORIENTED_EDGE('',*,*,#5490,.F.);
#3159=ORIENTED_EDGE('',*,*,#5340,.T.);
#3160=ORIENTED_EDGE('',*,*,#5491,.T.);
#3161=ORIENTED_EDGE('',*,*,#5492,.T.);
#3162=ORIENTED_EDGE('',*,*,#5493,.F.);
#3163=ORIENTED_EDGE('',*,*,#5341,.F.);
#3164=ORIENTED_EDGE('',*,*,#5490,.T.);
#3165=ORIENTED_EDGE('',*,*,#5494,.T.);
#3166=ORIENTED_EDGE('',*,*,#5495,.F.);
#3167=ORIENTED_EDGE('',*,*,#5342,.F.);
#3168=ORIENTED_EDGE('',*,*,#5493,.T.);
#3169=ORIENTED_EDGE('',*,*,#5496,.F.);
#3170=ORIENTED_EDGE('',*,*,#5497,.F.);
#3171=ORIENTED_EDGE('',*,*,#5336,.T.);
#3172=ORIENTED_EDGE('',*,*,#5498,.T.);
#3173=ORIENTED_EDGE('',*,*,#5499,.T.);
#3174=ORIENTED_EDGE('',*,*,#5500,.F.);
#3175=ORIENTED_EDGE('',*,*,#5337,.F.);
#3176=ORIENTED_EDGE('',*,*,#5497,.T.);
#3177=ORIENTED_EDGE('',*,*,#5501,.T.);
#3178=ORIENTED_EDGE('',*,*,#5502,.F.);
#3179=ORIENTED_EDGE('',*,*,#5338,.F.);
#3180=ORIENTED_EDGE('',*,*,#5500,.T.);
#3181=ORIENTED_EDGE('',*,*,#5503,.F.);
#3182=ORIENTED_EDGE('',*,*,#5504,.F.);
#3183=ORIENTED_EDGE('',*,*,#5332,.T.);
#3184=ORIENTED_EDGE('',*,*,#5505,.T.);
#3185=ORIENTED_EDGE('',*,*,#5506,.T.);
#3186=ORIENTED_EDGE('',*,*,#5507,.F.);
#3187=ORIENTED_EDGE('',*,*,#5333,.F.);
#3188=ORIENTED_EDGE('',*,*,#5504,.T.);
#3189=ORIENTED_EDGE('',*,*,#5508,.T.);
#3190=ORIENTED_EDGE('',*,*,#5509,.F.);
#3191=ORIENTED_EDGE('',*,*,#5334,.F.);
#3192=ORIENTED_EDGE('',*,*,#5507,.T.);
#3193=ORIENTED_EDGE('',*,*,#5510,.F.);
#3194=ORIENTED_EDGE('',*,*,#5511,.F.);
#3195=ORIENTED_EDGE('',*,*,#5328,.T.);
#3196=ORIENTED_EDGE('',*,*,#5512,.T.);
#3197=ORIENTED_EDGE('',*,*,#5513,.T.);
#3198=ORIENTED_EDGE('',*,*,#5514,.F.);
#3199=ORIENTED_EDGE('',*,*,#5329,.F.);
#3200=ORIENTED_EDGE('',*,*,#5511,.T.);
#3201=ORIENTED_EDGE('',*,*,#5515,.T.);
#3202=ORIENTED_EDGE('',*,*,#5516,.F.);
#3203=ORIENTED_EDGE('',*,*,#5330,.F.);
#3204=ORIENTED_EDGE('',*,*,#5514,.T.);
#3205=ORIENTED_EDGE('',*,*,#5517,.F.);
#3206=ORIENTED_EDGE('',*,*,#5518,.F.);
#3207=ORIENTED_EDGE('',*,*,#5324,.T.);
#3208=ORIENTED_EDGE('',*,*,#5519,.T.);
#3209=ORIENTED_EDGE('',*,*,#5520,.T.);
#3210=ORIENTED_EDGE('',*,*,#5521,.F.);
#3211=ORIENTED_EDGE('',*,*,#5325,.F.);
#3212=ORIENTED_EDGE('',*,*,#5518,.T.);
#3213=ORIENTED_EDGE('',*,*,#5522,.T.);
#3214=ORIENTED_EDGE('',*,*,#5523,.F.);
#3215=ORIENTED_EDGE('',*,*,#5326,.F.);
#3216=ORIENTED_EDGE('',*,*,#5521,.T.);
#3217=ORIENTED_EDGE('',*,*,#5524,.F.);
#3218=ORIENTED_EDGE('',*,*,#5525,.F.);
#3219=ORIENTED_EDGE('',*,*,#5320,.T.);
#3220=ORIENTED_EDGE('',*,*,#5526,.T.);
#3221=ORIENTED_EDGE('',*,*,#5527,.T.);
#3222=ORIENTED_EDGE('',*,*,#5528,.F.);
#3223=ORIENTED_EDGE('',*,*,#5321,.F.);
#3224=ORIENTED_EDGE('',*,*,#5525,.T.);
#3225=ORIENTED_EDGE('',*,*,#5529,.T.);
#3226=ORIENTED_EDGE('',*,*,#5530,.F.);
#3227=ORIENTED_EDGE('',*,*,#5322,.F.);
#3228=ORIENTED_EDGE('',*,*,#5528,.T.);
#3229=ORIENTED_EDGE('',*,*,#5531,.F.);
#3230=ORIENTED_EDGE('',*,*,#5532,.F.);
#3231=ORIENTED_EDGE('',*,*,#5316,.T.);
#3232=ORIENTED_EDGE('',*,*,#5533,.T.);
#3233=ORIENTED_EDGE('',*,*,#5534,.T.);
#3234=ORIENTED_EDGE('',*,*,#5535,.F.);
#3235=ORIENTED_EDGE('',*,*,#5317,.F.);
#3236=ORIENTED_EDGE('',*,*,#5532,.T.);
#3237=ORIENTED_EDGE('',*,*,#5536,.T.);
#3238=ORIENTED_EDGE('',*,*,#5537,.F.);
#3239=ORIENTED_EDGE('',*,*,#5318,.F.);
#3240=ORIENTED_EDGE('',*,*,#5535,.T.);
#3241=ORIENTED_EDGE('',*,*,#5538,.F.);
#3242=ORIENTED_EDGE('',*,*,#5539,.F.);
#3243=ORIENTED_EDGE('',*,*,#5312,.T.);
#3244=ORIENTED_EDGE('',*,*,#5540,.T.);
#3245=ORIENTED_EDGE('',*,*,#5541,.T.);
#3246=ORIENTED_EDGE('',*,*,#5542,.F.);
#3247=ORIENTED_EDGE('',*,*,#5313,.F.);
#3248=ORIENTED_EDGE('',*,*,#5539,.T.);
#3249=ORIENTED_EDGE('',*,*,#5543,.T.);
#3250=ORIENTED_EDGE('',*,*,#5544,.F.);
#3251=ORIENTED_EDGE('',*,*,#5314,.F.);
#3252=ORIENTED_EDGE('',*,*,#5542,.T.);
#3253=ORIENTED_EDGE('',*,*,#5545,.F.);
#3254=ORIENTED_EDGE('',*,*,#5546,.F.);
#3255=ORIENTED_EDGE('',*,*,#5308,.T.);
#3256=ORIENTED_EDGE('',*,*,#5547,.T.);
#3257=ORIENTED_EDGE('',*,*,#5548,.T.);
#3258=ORIENTED_EDGE('',*,*,#5549,.F.);
#3259=ORIENTED_EDGE('',*,*,#5309,.F.);
#3260=ORIENTED_EDGE('',*,*,#5546,.T.);
#3261=ORIENTED_EDGE('',*,*,#5550,.T.);
#3262=ORIENTED_EDGE('',*,*,#5551,.F.);
#3263=ORIENTED_EDGE('',*,*,#5310,.F.);
#3264=ORIENTED_EDGE('',*,*,#5549,.T.);
#3265=ORIENTED_EDGE('',*,*,#5552,.F.);
#3266=ORIENTED_EDGE('',*,*,#5553,.F.);
#3267=ORIENTED_EDGE('',*,*,#5304,.T.);
#3268=ORIENTED_EDGE('',*,*,#5554,.T.);
#3269=ORIENTED_EDGE('',*,*,#5555,.T.);
#3270=ORIENTED_EDGE('',*,*,#5556,.F.);
#3271=ORIENTED_EDGE('',*,*,#5305,.F.);
#3272=ORIENTED_EDGE('',*,*,#5553,.T.);
#3273=ORIENTED_EDGE('',*,*,#5557,.T.);
#3274=ORIENTED_EDGE('',*,*,#5558,.F.);
#3275=ORIENTED_EDGE('',*,*,#5306,.F.);
#3276=ORIENTED_EDGE('',*,*,#5556,.T.);
#3277=ORIENTED_EDGE('',*,*,#5559,.F.);
#3278=ORIENTED_EDGE('',*,*,#5560,.F.);
#3279=ORIENTED_EDGE('',*,*,#5300,.T.);
#3280=ORIENTED_EDGE('',*,*,#5561,.T.);
#3281=ORIENTED_EDGE('',*,*,#5562,.T.);
#3282=ORIENTED_EDGE('',*,*,#5563,.F.);
#3283=ORIENTED_EDGE('',*,*,#5301,.F.);
#3284=ORIENTED_EDGE('',*,*,#5560,.T.);
#3285=ORIENTED_EDGE('',*,*,#5564,.T.);
#3286=ORIENTED_EDGE('',*,*,#5565,.F.);
#3287=ORIENTED_EDGE('',*,*,#5302,.F.);
#3288=ORIENTED_EDGE('',*,*,#5563,.T.);
#3289=ORIENTED_EDGE('',*,*,#5566,.F.);
#3290=ORIENTED_EDGE('',*,*,#5567,.F.);
#3291=ORIENTED_EDGE('',*,*,#5296,.T.);
#3292=ORIENTED_EDGE('',*,*,#5568,.T.);
#3293=ORIENTED_EDGE('',*,*,#5569,.T.);
#3294=ORIENTED_EDGE('',*,*,#5570,.F.);
#3295=ORIENTED_EDGE('',*,*,#5297,.F.);
#3296=ORIENTED_EDGE('',*,*,#5567,.T.);
#3297=ORIENTED_EDGE('',*,*,#5571,.T.);
#3298=ORIENTED_EDGE('',*,*,#5572,.F.);
#3299=ORIENTED_EDGE('',*,*,#5298,.F.);
#3300=ORIENTED_EDGE('',*,*,#5570,.T.);
#3301=ORIENTED_EDGE('',*,*,#5573,.F.);
#3302=ORIENTED_EDGE('',*,*,#5574,.F.);
#3303=ORIENTED_EDGE('',*,*,#5292,.T.);
#3304=ORIENTED_EDGE('',*,*,#5575,.T.);
#3305=ORIENTED_EDGE('',*,*,#5576,.T.);
#3306=ORIENTED_EDGE('',*,*,#5577,.F.);
#3307=ORIENTED_EDGE('',*,*,#5293,.F.);
#3308=ORIENTED_EDGE('',*,*,#5574,.T.);
#3309=ORIENTED_EDGE('',*,*,#5578,.T.);
#3310=ORIENTED_EDGE('',*,*,#5579,.F.);
#3311=ORIENTED_EDGE('',*,*,#5294,.F.);
#3312=ORIENTED_EDGE('',*,*,#5577,.T.);
#3313=ORIENTED_EDGE('',*,*,#5580,.F.);
#3314=ORIENTED_EDGE('',*,*,#5581,.F.);
#3315=ORIENTED_EDGE('',*,*,#5288,.T.);
#3316=ORIENTED_EDGE('',*,*,#5582,.T.);
#3317=ORIENTED_EDGE('',*,*,#5583,.T.);
#3318=ORIENTED_EDGE('',*,*,#5584,.F.);
#3319=ORIENTED_EDGE('',*,*,#5289,.F.);
#3320=ORIENTED_EDGE('',*,*,#5581,.T.);
#3321=ORIENTED_EDGE('',*,*,#5585,.T.);
#3322=ORIENTED_EDGE('',*,*,#5586,.F.);
#3323=ORIENTED_EDGE('',*,*,#5290,.F.);
#3324=ORIENTED_EDGE('',*,*,#5584,.T.);
#3325=ORIENTED_EDGE('',*,*,#5587,.F.);
#3326=ORIENTED_EDGE('',*,*,#5588,.F.);
#3327=ORIENTED_EDGE('',*,*,#5284,.T.);
#3328=ORIENTED_EDGE('',*,*,#5589,.T.);
#3329=ORIENTED_EDGE('',*,*,#5590,.T.);
#3330=ORIENTED_EDGE('',*,*,#5591,.F.);
#3331=ORIENTED_EDGE('',*,*,#5285,.F.);
#3332=ORIENTED_EDGE('',*,*,#5588,.T.);
#3333=ORIENTED_EDGE('',*,*,#5592,.T.);
#3334=ORIENTED_EDGE('',*,*,#5593,.F.);
#3335=ORIENTED_EDGE('',*,*,#5286,.F.);
#3336=ORIENTED_EDGE('',*,*,#5591,.T.);
#3337=ORIENTED_EDGE('',*,*,#5594,.F.);
#3338=ORIENTED_EDGE('',*,*,#5595,.F.);
#3339=ORIENTED_EDGE('',*,*,#5280,.T.);
#3340=ORIENTED_EDGE('',*,*,#5596,.T.);
#3341=ORIENTED_EDGE('',*,*,#5597,.T.);
#3342=ORIENTED_EDGE('',*,*,#5598,.F.);
#3343=ORIENTED_EDGE('',*,*,#5281,.F.);
#3344=ORIENTED_EDGE('',*,*,#5595,.T.);
#3345=ORIENTED_EDGE('',*,*,#5599,.T.);
#3346=ORIENTED_EDGE('',*,*,#5600,.F.);
#3347=ORIENTED_EDGE('',*,*,#5282,.F.);
#3348=ORIENTED_EDGE('',*,*,#5598,.T.);
#3349=ORIENTED_EDGE('',*,*,#5601,.F.);
#3350=ORIENTED_EDGE('',*,*,#5602,.F.);
#3351=ORIENTED_EDGE('',*,*,#5276,.T.);
#3352=ORIENTED_EDGE('',*,*,#5603,.T.);
#3353=ORIENTED_EDGE('',*,*,#5604,.T.);
#3354=ORIENTED_EDGE('',*,*,#5605,.F.);
#3355=ORIENTED_EDGE('',*,*,#5277,.F.);
#3356=ORIENTED_EDGE('',*,*,#5602,.T.);
#3357=ORIENTED_EDGE('',*,*,#5606,.T.);
#3358=ORIENTED_EDGE('',*,*,#5607,.F.);
#3359=ORIENTED_EDGE('',*,*,#5278,.F.);
#3360=ORIENTED_EDGE('',*,*,#5605,.T.);
#3361=ORIENTED_EDGE('',*,*,#5608,.F.);
#3362=ORIENTED_EDGE('',*,*,#5609,.F.);
#3363=ORIENTED_EDGE('',*,*,#5272,.T.);
#3364=ORIENTED_EDGE('',*,*,#5610,.T.);
#3365=ORIENTED_EDGE('',*,*,#5611,.T.);
#3366=ORIENTED_EDGE('',*,*,#5612,.F.);
#3367=ORIENTED_EDGE('',*,*,#5273,.F.);
#3368=ORIENTED_EDGE('',*,*,#5609,.T.);
#3369=ORIENTED_EDGE('',*,*,#5613,.T.);
#3370=ORIENTED_EDGE('',*,*,#5614,.F.);
#3371=ORIENTED_EDGE('',*,*,#5274,.F.);
#3372=ORIENTED_EDGE('',*,*,#5612,.T.);
#3373=ORIENTED_EDGE('',*,*,#5615,.F.);
#3374=ORIENTED_EDGE('',*,*,#5616,.F.);
#3375=ORIENTED_EDGE('',*,*,#5268,.T.);
#3376=ORIENTED_EDGE('',*,*,#5617,.T.);
#3377=ORIENTED_EDGE('',*,*,#5618,.T.);
#3378=ORIENTED_EDGE('',*,*,#5619,.F.);
#3379=ORIENTED_EDGE('',*,*,#5269,.F.);
#3380=ORIENTED_EDGE('',*,*,#5616,.T.);
#3381=ORIENTED_EDGE('',*,*,#5620,.T.);
#3382=ORIENTED_EDGE('',*,*,#5621,.F.);
#3383=ORIENTED_EDGE('',*,*,#5270,.F.);
#3384=ORIENTED_EDGE('',*,*,#5619,.T.);
#3385=ORIENTED_EDGE('',*,*,#5622,.F.);
#3386=ORIENTED_EDGE('',*,*,#5623,.F.);
#3387=ORIENTED_EDGE('',*,*,#5418,.T.);
#3388=ORIENTED_EDGE('',*,*,#5624,.T.);
#3389=ORIENTED_EDGE('',*,*,#5625,.F.);
#3390=ORIENTED_EDGE('',*,*,#5626,.F.);
#3391=ORIENTED_EDGE('',*,*,#5419,.T.);
#3392=ORIENTED_EDGE('',*,*,#5623,.T.);
#3393=ORIENTED_EDGE('',*,*,#5627,.T.);
#3394=ORIENTED_EDGE('',*,*,#5628,.F.);
#3395=ORIENTED_EDGE('',*,*,#5420,.F.);
#3396=ORIENTED_EDGE('',*,*,#5626,.T.);
#3397=ORIENTED_EDGE('',*,*,#5629,.T.);
#3398=ORIENTED_EDGE('',*,*,#5630,.F.);
#3399=ORIENTED_EDGE('',*,*,#5421,.F.);
#3400=ORIENTED_EDGE('',*,*,#5628,.T.);
#3401=ORIENTED_EDGE('',*,*,#5631,.T.);
#3402=ORIENTED_EDGE('',*,*,#5632,.F.);
#3403=ORIENTED_EDGE('',*,*,#5422,.F.);
#3404=ORIENTED_EDGE('',*,*,#5630,.T.);
#3405=ORIENTED_EDGE('',*,*,#5633,.T.);
#3406=ORIENTED_EDGE('',*,*,#5634,.F.);
#3407=ORIENTED_EDGE('',*,*,#5423,.F.);
#3408=ORIENTED_EDGE('',*,*,#5632,.T.);
#3409=ORIENTED_EDGE('',*,*,#5635,.T.);
#3410=ORIENTED_EDGE('',*,*,#5636,.T.);
#3411=ORIENTED_EDGE('',*,*,#5424,.F.);
#3412=ORIENTED_EDGE('',*,*,#5634,.T.);
#3413=ORIENTED_EDGE('',*,*,#5637,.F.);
#3414=ORIENTED_EDGE('',*,*,#5638,.F.);
#3415=ORIENTED_EDGE('',*,*,#5387,.T.);
#3416=ORIENTED_EDGE('',*,*,#5265,.T.);
#3417=ORIENTED_EDGE('',*,*,#5639,.T.);
#3418=ORIENTED_EDGE('',*,*,#5640,.F.);
#3419=ORIENTED_EDGE('',*,*,#5388,.F.);
#3420=ORIENTED_EDGE('',*,*,#5638,.T.);
#3421=ORIENTED_EDGE('',*,*,#5641,.T.);
#3422=ORIENTED_EDGE('',*,*,#5642,.F.);
#3423=ORIENTED_EDGE('',*,*,#5389,.F.);
#3424=ORIENTED_EDGE('',*,*,#5640,.T.);
#3425=ORIENTED_EDGE('',*,*,#5643,.T.);
#3426=ORIENTED_EDGE('',*,*,#5644,.F.);
#3427=ORIENTED_EDGE('',*,*,#5390,.F.);
#3428=ORIENTED_EDGE('',*,*,#5642,.T.);
#3429=ORIENTED_EDGE('',*,*,#5645,.T.);
#3430=ORIENTED_EDGE('',*,*,#5646,.F.);
#3431=ORIENTED_EDGE('',*,*,#5391,.F.);
#3432=ORIENTED_EDGE('',*,*,#5644,.T.);
#3433=ORIENTED_EDGE('',*,*,#5647,.T.);
#3434=ORIENTED_EDGE('',*,*,#5648,.F.);
#3435=ORIENTED_EDGE('',*,*,#5392,.F.);
#3436=ORIENTED_EDGE('',*,*,#5646,.T.);
#3437=ORIENTED_EDGE('',*,*,#5649,.F.);
#3438=ORIENTED_EDGE('',*,*,#5650,.F.);
#3439=ORIENTED_EDGE('',*,*,#5393,.T.);
#3440=ORIENTED_EDGE('',*,*,#5648,.T.);
#3441=ORIENTED_EDGE('',*,*,#5651,.T.);
#3442=ORIENTED_EDGE('',*,*,#5652,.F.);
#3443=ORIENTED_EDGE('',*,*,#5394,.F.);
#3444=ORIENTED_EDGE('',*,*,#5650,.T.);
#3445=ORIENTED_EDGE('',*,*,#5653,.T.);
#3446=ORIENTED_EDGE('',*,*,#5654,.F.);
#3447=ORIENTED_EDGE('',*,*,#5395,.F.);
#3448=ORIENTED_EDGE('',*,*,#5652,.T.);
#3449=ORIENTED_EDGE('',*,*,#5655,.T.);
#3450=ORIENTED_EDGE('',*,*,#5656,.F.);
#3451=ORIENTED_EDGE('',*,*,#5396,.F.);
#3452=ORIENTED_EDGE('',*,*,#5654,.T.);
#3453=ORIENTED_EDGE('',*,*,#5657,.F.);
#3454=ORIENTED_EDGE('',*,*,#5658,.F.);
#3455=ORIENTED_EDGE('',*,*,#5397,.T.);
#3456=ORIENTED_EDGE('',*,*,#5656,.T.);
#3457=ORIENTED_EDGE('',*,*,#5659,.T.);
#3458=ORIENTED_EDGE('',*,*,#5660,.F.);
#3459=ORIENTED_EDGE('',*,*,#5398,.F.);
#3460=ORIENTED_EDGE('',*,*,#5658,.T.);
#3461=ORIENTED_EDGE('',*,*,#5661,.T.);
#3462=ORIENTED_EDGE('',*,*,#5662,.F.);
#3463=ORIENTED_EDGE('',*,*,#5399,.F.);
#3464=ORIENTED_EDGE('',*,*,#5660,.T.);
#3465=ORIENTED_EDGE('',*,*,#5663,.T.);
#3466=ORIENTED_EDGE('',*,*,#5664,.F.);
#3467=ORIENTED_EDGE('',*,*,#5400,.F.);
#3468=ORIENTED_EDGE('',*,*,#5662,.T.);
#3469=ORIENTED_EDGE('',*,*,#5665,.F.);
#3470=ORIENTED_EDGE('',*,*,#5666,.F.);
#3471=ORIENTED_EDGE('',*,*,#5401,.T.);
#3472=ORIENTED_EDGE('',*,*,#5664,.T.);
#3473=ORIENTED_EDGE('',*,*,#5667,.T.);
#3474=ORIENTED_EDGE('',*,*,#5668,.F.);
#3475=ORIENTED_EDGE('',*,*,#5402,.F.);
#3476=ORIENTED_EDGE('',*,*,#5666,.T.);
#3477=ORIENTED_EDGE('',*,*,#5669,.T.);
#3478=ORIENTED_EDGE('',*,*,#5670,.F.);
#3479=ORIENTED_EDGE('',*,*,#5403,.F.);
#3480=ORIENTED_EDGE('',*,*,#5668,.T.);
#3481=ORIENTED_EDGE('',*,*,#5671,.T.);
#3482=ORIENTED_EDGE('',*,*,#5672,.F.);
#3483=ORIENTED_EDGE('',*,*,#5404,.F.);
#3484=ORIENTED_EDGE('',*,*,#5670,.T.);
#3485=ORIENTED_EDGE('',*,*,#5673,.T.);
#3486=ORIENTED_EDGE('',*,*,#5674,.F.);
#3487=ORIENTED_EDGE('',*,*,#5405,.F.);
#3488=ORIENTED_EDGE('',*,*,#5672,.T.);
#3489=ORIENTED_EDGE('',*,*,#5675,.T.);
#3490=ORIENTED_EDGE('',*,*,#5676,.F.);
#3491=ORIENTED_EDGE('',*,*,#5406,.F.);
#3492=ORIENTED_EDGE('',*,*,#5674,.T.);
#3493=ORIENTED_EDGE('',*,*,#5677,.F.);
#3494=ORIENTED_EDGE('',*,*,#5678,.F.);
#3495=ORIENTED_EDGE('',*,*,#5407,.T.);
#3496=ORIENTED_EDGE('',*,*,#5676,.T.);
#3497=ORIENTED_EDGE('',*,*,#5679,.T.);
#3498=ORIENTED_EDGE('',*,*,#5680,.F.);
#3499=ORIENTED_EDGE('',*,*,#5408,.F.);
#3500=ORIENTED_EDGE('',*,*,#5678,.T.);
#3501=ORIENTED_EDGE('',*,*,#5681,.T.);
#3502=ORIENTED_EDGE('',*,*,#5682,.F.);
#3503=ORIENTED_EDGE('',*,*,#5409,.F.);
#3504=ORIENTED_EDGE('',*,*,#5680,.T.);
#3505=ORIENTED_EDGE('',*,*,#5683,.T.);
#3506=ORIENTED_EDGE('',*,*,#5684,.F.);
#3507=ORIENTED_EDGE('',*,*,#5410,.F.);
#3508=ORIENTED_EDGE('',*,*,#5682,.T.);
#3509=ORIENTED_EDGE('',*,*,#5685,.T.);
#3510=ORIENTED_EDGE('',*,*,#5686,.F.);
#3511=ORIENTED_EDGE('',*,*,#5411,.F.);
#3512=ORIENTED_EDGE('',*,*,#5684,.T.);
#3513=ORIENTED_EDGE('',*,*,#5687,.T.);
#3514=ORIENTED_EDGE('',*,*,#5688,.F.);
#3515=ORIENTED_EDGE('',*,*,#5412,.F.);
#3516=ORIENTED_EDGE('',*,*,#5686,.T.);
#3517=ORIENTED_EDGE('',*,*,#5689,.T.);
#3518=ORIENTED_EDGE('',*,*,#5690,.F.);
#3519=ORIENTED_EDGE('',*,*,#5413,.F.);
#3520=ORIENTED_EDGE('',*,*,#5688,.T.);
#3521=ORIENTED_EDGE('',*,*,#5691,.T.);
#3522=ORIENTED_EDGE('',*,*,#5692,.F.);
#3523=ORIENTED_EDGE('',*,*,#5414,.F.);
#3524=ORIENTED_EDGE('',*,*,#5690,.T.);
#3525=ORIENTED_EDGE('',*,*,#5693,.T.);
#3526=ORIENTED_EDGE('',*,*,#5694,.F.);
#3527=ORIENTED_EDGE('',*,*,#5415,.F.);
#3528=ORIENTED_EDGE('',*,*,#5692,.T.);
#3529=ORIENTED_EDGE('',*,*,#5695,.F.);
#3530=ORIENTED_EDGE('',*,*,#5696,.F.);
#3531=ORIENTED_EDGE('',*,*,#5416,.T.);
#3532=ORIENTED_EDGE('',*,*,#5694,.T.);
#3533=ORIENTED_EDGE('',*,*,#5383,.T.);
#3534=ORIENTED_EDGE('',*,*,#5697,.F.);
#3535=ORIENTED_EDGE('',*,*,#5382,.T.);
#3536=ORIENTED_EDGE('',*,*,#5698,.F.);
#3537=ORIENTED_EDGE('',*,*,#5381,.T.);
#3538=ORIENTED_EDGE('',*,*,#5699,.F.);
#3539=ORIENTED_EDGE('',*,*,#5380,.T.);
#3540=ORIENTED_EDGE('',*,*,#5700,.F.);
#3541=ORIENTED_EDGE('',*,*,#5701,.F.);
#3542=ORIENTED_EDGE('',*,*,#5428,.F.);
#3543=ORIENTED_EDGE('',*,*,#5379,.T.);
#3544=ORIENTED_EDGE('',*,*,#5432,.T.);
#3545=ORIENTED_EDGE('',*,*,#5702,.F.);
#3546=ORIENTED_EDGE('',*,*,#5435,.F.);
#3547=ORIENTED_EDGE('',*,*,#5375,.T.);
#3548=ORIENTED_EDGE('',*,*,#5439,.T.);
#3549=ORIENTED_EDGE('',*,*,#5703,.F.);
#3550=ORIENTED_EDGE('',*,*,#5442,.F.);
#3551=ORIENTED_EDGE('',*,*,#5371,.T.);
#3552=ORIENTED_EDGE('',*,*,#5446,.T.);
#3553=ORIENTED_EDGE('',*,*,#5704,.F.);
#3554=ORIENTED_EDGE('',*,*,#5449,.F.);
#3555=ORIENTED_EDGE('',*,*,#5367,.T.);
#3556=ORIENTED_EDGE('',*,*,#5453,.T.);
#3557=ORIENTED_EDGE('',*,*,#5705,.F.);
#3558=ORIENTED_EDGE('',*,*,#5456,.F.);
#3559=ORIENTED_EDGE('',*,*,#5363,.T.);
#3560=ORIENTED_EDGE('',*,*,#5460,.T.);
#3561=ORIENTED_EDGE('',*,*,#5706,.F.);
#3562=ORIENTED_EDGE('',*,*,#5463,.F.);
#3563=ORIENTED_EDGE('',*,*,#5359,.T.);
#3564=ORIENTED_EDGE('',*,*,#5467,.T.);
#3565=ORIENTED_EDGE('',*,*,#5707,.F.);
#3566=ORIENTED_EDGE('',*,*,#5470,.F.);
#3567=ORIENTED_EDGE('',*,*,#5355,.T.);
#3568=ORIENTED_EDGE('',*,*,#5474,.T.);
#3569=ORIENTED_EDGE('',*,*,#5708,.F.);
#3570=ORIENTED_EDGE('',*,*,#5477,.F.);
#3571=ORIENTED_EDGE('',*,*,#5351,.T.);
#3572=ORIENTED_EDGE('',*,*,#5481,.T.);
#3573=ORIENTED_EDGE('',*,*,#5709,.F.);
#3574=ORIENTED_EDGE('',*,*,#5484,.F.);
#3575=ORIENTED_EDGE('',*,*,#5347,.T.);
#3576=ORIENTED_EDGE('',*,*,#5488,.T.);
#3577=ORIENTED_EDGE('',*,*,#5710,.F.);
#3578=ORIENTED_EDGE('',*,*,#5491,.F.);
#3579=ORIENTED_EDGE('',*,*,#5343,.T.);
#3580=ORIENTED_EDGE('',*,*,#5495,.T.);
#3581=ORIENTED_EDGE('',*,*,#5711,.F.);
#3582=ORIENTED_EDGE('',*,*,#5498,.F.);
#3583=ORIENTED_EDGE('',*,*,#5339,.T.);
#3584=ORIENTED_EDGE('',*,*,#5502,.T.);
#3585=ORIENTED_EDGE('',*,*,#5712,.F.);
#3586=ORIENTED_EDGE('',*,*,#5505,.F.);
#3587=ORIENTED_EDGE('',*,*,#5335,.T.);
#3588=ORIENTED_EDGE('',*,*,#5509,.T.);
#3589=ORIENTED_EDGE('',*,*,#5713,.F.);
#3590=ORIENTED_EDGE('',*,*,#5512,.F.);
#3591=ORIENTED_EDGE('',*,*,#5331,.T.);
#3592=ORIENTED_EDGE('',*,*,#5516,.T.);
#3593=ORIENTED_EDGE('',*,*,#5714,.F.);
#3594=ORIENTED_EDGE('',*,*,#5519,.F.);
#3595=ORIENTED_EDGE('',*,*,#5327,.T.);
#3596=ORIENTED_EDGE('',*,*,#5523,.T.);
#3597=ORIENTED_EDGE('',*,*,#5715,.F.);
#3598=ORIENTED_EDGE('',*,*,#5526,.F.);
#3599=ORIENTED_EDGE('',*,*,#5323,.T.);
#3600=ORIENTED_EDGE('',*,*,#5530,.T.);
#3601=ORIENTED_EDGE('',*,*,#5716,.F.);
#3602=ORIENTED_EDGE('',*,*,#5533,.F.);
#3603=ORIENTED_EDGE('',*,*,#5319,.T.);
#3604=ORIENTED_EDGE('',*,*,#5537,.T.);
#3605=ORIENTED_EDGE('',*,*,#5717,.F.);
#3606=ORIENTED_EDGE('',*,*,#5540,.F.);
#3607=ORIENTED_EDGE('',*,*,#5315,.T.);
#3608=ORIENTED_EDGE('',*,*,#5544,.T.);
#3609=ORIENTED_EDGE('',*,*,#5718,.F.);
#3610=ORIENTED_EDGE('',*,*,#5547,.F.);
#3611=ORIENTED_EDGE('',*,*,#5311,.T.);
#3612=ORIENTED_EDGE('',*,*,#5551,.T.);
#3613=ORIENTED_EDGE('',*,*,#5719,.F.);
#3614=ORIENTED_EDGE('',*,*,#5554,.F.);
#3615=ORIENTED_EDGE('',*,*,#5307,.T.);
#3616=ORIENTED_EDGE('',*,*,#5558,.T.);
#3617=ORIENTED_EDGE('',*,*,#5720,.F.);
#3618=ORIENTED_EDGE('',*,*,#5561,.F.);
#3619=ORIENTED_EDGE('',*,*,#5303,.T.);
#3620=ORIENTED_EDGE('',*,*,#5565,.T.);
#3621=ORIENTED_EDGE('',*,*,#5721,.F.);
#3622=ORIENTED_EDGE('',*,*,#5568,.F.);
#3623=ORIENTED_EDGE('',*,*,#5299,.T.);
#3624=ORIENTED_EDGE('',*,*,#5572,.T.);
#3625=ORIENTED_EDGE('',*,*,#5722,.F.);
#3626=ORIENTED_EDGE('',*,*,#5575,.F.);
#3627=ORIENTED_EDGE('',*,*,#5295,.T.);
#3628=ORIENTED_EDGE('',*,*,#5579,.T.);
#3629=ORIENTED_EDGE('',*,*,#5723,.F.);
#3630=ORIENTED_EDGE('',*,*,#5582,.F.);
#3631=ORIENTED_EDGE('',*,*,#5291,.T.);
#3632=ORIENTED_EDGE('',*,*,#5586,.T.);
#3633=ORIENTED_EDGE('',*,*,#5724,.F.);
#3634=ORIENTED_EDGE('',*,*,#5589,.F.);
#3635=ORIENTED_EDGE('',*,*,#5287,.T.);
#3636=ORIENTED_EDGE('',*,*,#5593,.T.);
#3637=ORIENTED_EDGE('',*,*,#5725,.F.);
#3638=ORIENTED_EDGE('',*,*,#5596,.F.);
#3639=ORIENTED_EDGE('',*,*,#5283,.T.);
#3640=ORIENTED_EDGE('',*,*,#5600,.T.);
#3641=ORIENTED_EDGE('',*,*,#5726,.F.);
#3642=ORIENTED_EDGE('',*,*,#5603,.F.);
#3643=ORIENTED_EDGE('',*,*,#5279,.T.);
#3644=ORIENTED_EDGE('',*,*,#5607,.T.);
#3645=ORIENTED_EDGE('',*,*,#5727,.F.);
#3646=ORIENTED_EDGE('',*,*,#5610,.F.);
#3647=ORIENTED_EDGE('',*,*,#5275,.T.);
#3648=ORIENTED_EDGE('',*,*,#5614,.T.);
#3649=ORIENTED_EDGE('',*,*,#5728,.F.);
#3650=ORIENTED_EDGE('',*,*,#5617,.F.);
#3651=ORIENTED_EDGE('',*,*,#5271,.T.);
#3652=ORIENTED_EDGE('',*,*,#5621,.T.);
#3653=ORIENTED_EDGE('',*,*,#5267,.T.);
#3654=ORIENTED_EDGE('',*,*,#5729,.F.);
#3655=ORIENTED_EDGE('',*,*,#5730,.T.);
#3656=ORIENTED_EDGE('',*,*,#5624,.F.);
#3657=ORIENTED_EDGE('',*,*,#5417,.F.);
#3658=ORIENTED_EDGE('',*,*,#5696,.T.);
#3659=ORIENTED_EDGE('',*,*,#5266,.T.);
#3660=ORIENTED_EDGE('',*,*,#5731,.F.);
#3661=ORIENTED_EDGE('',*,*,#5384,.T.);
#3662=ORIENTED_EDGE('',*,*,#5732,.F.);
#3663=ORIENTED_EDGE('',*,*,#5733,.F.);
#3664=ORIENTED_EDGE('',*,*,#5734,.T.);
#3665=ORIENTED_EDGE('',*,*,#5635,.F.);
#3666=ORIENTED_EDGE('',*,*,#5633,.F.);
#3667=ORIENTED_EDGE('',*,*,#5631,.F.);
#3668=ORIENTED_EDGE('',*,*,#5629,.F.);
#3669=ORIENTED_EDGE('',*,*,#5627,.F.);
#3670=ORIENTED_EDGE('',*,*,#5625,.T.);
#3671=ORIENTED_EDGE('',*,*,#5622,.T.);
#3672=ORIENTED_EDGE('',*,*,#5730,.F.);
#3673=ORIENTED_EDGE('',*,*,#5695,.T.);
#3674=ORIENTED_EDGE('',*,*,#5693,.F.);
#3675=ORIENTED_EDGE('',*,*,#5691,.F.);
#3676=ORIENTED_EDGE('',*,*,#5689,.F.);
#3677=ORIENTED_EDGE('',*,*,#5687,.F.);
#3678=ORIENTED_EDGE('',*,*,#5685,.F.);
#3679=ORIENTED_EDGE('',*,*,#5683,.F.);
#3680=ORIENTED_EDGE('',*,*,#5681,.F.);
#3681=ORIENTED_EDGE('',*,*,#5679,.F.);
#3682=ORIENTED_EDGE('',*,*,#5677,.T.);
#3683=ORIENTED_EDGE('',*,*,#5675,.F.);
#3684=ORIENTED_EDGE('',*,*,#5673,.F.);
#3685=ORIENTED_EDGE('',*,*,#5671,.F.);
#3686=ORIENTED_EDGE('',*,*,#5669,.F.);
#3687=ORIENTED_EDGE('',*,*,#5667,.F.);
#3688=ORIENTED_EDGE('',*,*,#5665,.T.);
#3689=ORIENTED_EDGE('',*,*,#5663,.F.);
#3690=ORIENTED_EDGE('',*,*,#5661,.F.);
#3691=ORIENTED_EDGE('',*,*,#5659,.F.);
#3692=ORIENTED_EDGE('',*,*,#5657,.T.);
#3693=ORIENTED_EDGE('',*,*,#5655,.F.);
#3694=ORIENTED_EDGE('',*,*,#5653,.F.);
#3695=ORIENTED_EDGE('',*,*,#5651,.F.);
#3696=ORIENTED_EDGE('',*,*,#5649,.T.);
#3697=ORIENTED_EDGE('',*,*,#5647,.F.);
#3698=ORIENTED_EDGE('',*,*,#5645,.F.);
#3699=ORIENTED_EDGE('',*,*,#5643,.F.);
#3700=ORIENTED_EDGE('',*,*,#5641,.F.);
#3701=ORIENTED_EDGE('',*,*,#5639,.F.);
#3702=ORIENTED_EDGE('',*,*,#5637,.T.);
#3703=ORIENTED_EDGE('',*,*,#5264,.F.);
#3704=ORIENTED_EDGE('',*,*,#5735,.F.);
#3705=ORIENTED_EDGE('',*,*,#5731,.T.);
#3706=ORIENTED_EDGE('',*,*,#5729,.T.);
#3707=ORIENTED_EDGE('',*,*,#5615,.T.);
#3708=ORIENTED_EDGE('',*,*,#5728,.T.);
#3709=ORIENTED_EDGE('',*,*,#5620,.F.);
#3710=ORIENTED_EDGE('',*,*,#5618,.F.);
#3711=ORIENTED_EDGE('',*,*,#5608,.T.);
#3712=ORIENTED_EDGE('',*,*,#5727,.T.);
#3713=ORIENTED_EDGE('',*,*,#5613,.F.);
#3714=ORIENTED_EDGE('',*,*,#5611,.F.);
#3715=ORIENTED_EDGE('',*,*,#5601,.T.);
#3716=ORIENTED_EDGE('',*,*,#5726,.T.);
#3717=ORIENTED_EDGE('',*,*,#5606,.F.);
#3718=ORIENTED_EDGE('',*,*,#5604,.F.);
#3719=ORIENTED_EDGE('',*,*,#5594,.T.);
#3720=ORIENTED_EDGE('',*,*,#5725,.T.);
#3721=ORIENTED_EDGE('',*,*,#5599,.F.);
#3722=ORIENTED_EDGE('',*,*,#5597,.F.);
#3723=ORIENTED_EDGE('',*,*,#5587,.T.);
#3724=ORIENTED_EDGE('',*,*,#5724,.T.);
#3725=ORIENTED_EDGE('',*,*,#5592,.F.);
#3726=ORIENTED_EDGE('',*,*,#5590,.F.);
#3727=ORIENTED_EDGE('',*,*,#5580,.T.);
#3728=ORIENTED_EDGE('',*,*,#5723,.T.);
#3729=ORIENTED_EDGE('',*,*,#5585,.F.);
#3730=ORIENTED_EDGE('',*,*,#5583,.F.);
#3731=ORIENTED_EDGE('',*,*,#5573,.T.);
#3732=ORIENTED_EDGE('',*,*,#5722,.T.);
#3733=ORIENTED_EDGE('',*,*,#5578,.F.);
#3734=ORIENTED_EDGE('',*,*,#5576,.F.);
#3735=ORIENTED_EDGE('',*,*,#5566,.T.);
#3736=ORIENTED_EDGE('',*,*,#5721,.T.);
#3737=ORIENTED_EDGE('',*,*,#5571,.F.);
#3738=ORIENTED_EDGE('',*,*,#5569,.F.);
#3739=ORIENTED_EDGE('',*,*,#5559,.T.);
#3740=ORIENTED_EDGE('',*,*,#5720,.T.);
#3741=ORIENTED_EDGE('',*,*,#5564,.F.);
#3742=ORIENTED_EDGE('',*,*,#5562,.F.);
#3743=ORIENTED_EDGE('',*,*,#5552,.T.);
#3744=ORIENTED_EDGE('',*,*,#5719,.T.);
#3745=ORIENTED_EDGE('',*,*,#5557,.F.);
#3746=ORIENTED_EDGE('',*,*,#5555,.F.);
#3747=ORIENTED_EDGE('',*,*,#5545,.T.);
#3748=ORIENTED_EDGE('',*,*,#5718,.T.);
#3749=ORIENTED_EDGE('',*,*,#5550,.F.);
#3750=ORIENTED_EDGE('',*,*,#5548,.F.);
#3751=ORIENTED_EDGE('',*,*,#5538,.T.);
#3752=ORIENTED_EDGE('',*,*,#5717,.T.);
#3753=ORIENTED_EDGE('',*,*,#5543,.F.);
#3754=ORIENTED_EDGE('',*,*,#5541,.F.);
#3755=ORIENTED_EDGE('',*,*,#5531,.T.);
#3756=ORIENTED_EDGE('',*,*,#5716,.T.);
#3757=ORIENTED_EDGE('',*,*,#5536,.F.);
#3758=ORIENTED_EDGE('',*,*,#5534,.F.);
#3759=ORIENTED_EDGE('',*,*,#5524,.T.);
#3760=ORIENTED_EDGE('',*,*,#5715,.T.);
#3761=ORIENTED_EDGE('',*,*,#5529,.F.);
#3762=ORIENTED_EDGE('',*,*,#5527,.F.);
#3763=ORIENTED_EDGE('',*,*,#5517,.T.);
#3764=ORIENTED_EDGE('',*,*,#5714,.T.);
#3765=ORIENTED_EDGE('',*,*,#5522,.F.);
#3766=ORIENTED_EDGE('',*,*,#5520,.F.);
#3767=ORIENTED_EDGE('',*,*,#5510,.T.);
#3768=ORIENTED_EDGE('',*,*,#5713,.T.);
#3769=ORIENTED_EDGE('',*,*,#5515,.F.);
#3770=ORIENTED_EDGE('',*,*,#5513,.F.);
#3771=ORIENTED_EDGE('',*,*,#5503,.T.);
#3772=ORIENTED_EDGE('',*,*,#5712,.T.);
#3773=ORIENTED_EDGE('',*,*,#5508,.F.);
#3774=ORIENTED_EDGE('',*,*,#5506,.F.);
#3775=ORIENTED_EDGE('',*,*,#5496,.T.);
#3776=ORIENTED_EDGE('',*,*,#5711,.T.);
#3777=ORIENTED_EDGE('',*,*,#5501,.F.);
#3778=ORIENTED_EDGE('',*,*,#5499,.F.);
#3779=ORIENTED_EDGE('',*,*,#5489,.T.);
#3780=ORIENTED_EDGE('',*,*,#5710,.T.);
#3781=ORIENTED_EDGE('',*,*,#5494,.F.);
#3782=ORIENTED_EDGE('',*,*,#5492,.F.);
#3783=ORIENTED_EDGE('',*,*,#5482,.T.);
#3784=ORIENTED_EDGE('',*,*,#5709,.T.);
#3785=ORIENTED_EDGE('',*,*,#5487,.F.);
#3786=ORIENTED_EDGE('',*,*,#5485,.F.);
#3787=ORIENTED_EDGE('',*,*,#5475,.T.);
#3788=ORIENTED_EDGE('',*,*,#5708,.T.);
#3789=ORIENTED_EDGE('',*,*,#5480,.F.);
#3790=ORIENTED_EDGE('',*,*,#5478,.F.);
#3791=ORIENTED_EDGE('',*,*,#5468,.T.);
#3792=ORIENTED_EDGE('',*,*,#5707,.T.);
#3793=ORIENTED_EDGE('',*,*,#5473,.F.);
#3794=ORIENTED_EDGE('',*,*,#5471,.F.);
#3795=ORIENTED_EDGE('',*,*,#5461,.T.);
#3796=ORIENTED_EDGE('',*,*,#5706,.T.);
#3797=ORIENTED_EDGE('',*,*,#5466,.F.);
#3798=ORIENTED_EDGE('',*,*,#5464,.F.);
#3799=ORIENTED_EDGE('',*,*,#5454,.T.);
#3800=ORIENTED_EDGE('',*,*,#5705,.T.);
#3801=ORIENTED_EDGE('',*,*,#5459,.F.);
#3802=ORIENTED_EDGE('',*,*,#5457,.F.);
#3803=ORIENTED_EDGE('',*,*,#5447,.T.);
#3804=ORIENTED_EDGE('',*,*,#5704,.T.);
#3805=ORIENTED_EDGE('',*,*,#5452,.F.);
#3806=ORIENTED_EDGE('',*,*,#5450,.F.);
#3807=ORIENTED_EDGE('',*,*,#5440,.T.);
#3808=ORIENTED_EDGE('',*,*,#5703,.T.);
#3809=ORIENTED_EDGE('',*,*,#5445,.F.);
#3810=ORIENTED_EDGE('',*,*,#5443,.F.);
#3811=ORIENTED_EDGE('',*,*,#5433,.T.);
#3812=ORIENTED_EDGE('',*,*,#5702,.T.);
#3813=ORIENTED_EDGE('',*,*,#5438,.F.);
#3814=ORIENTED_EDGE('',*,*,#5436,.F.);
#3815=ORIENTED_EDGE('',*,*,#5426,.T.);
#3816=ORIENTED_EDGE('',*,*,#5701,.T.);
#3817=ORIENTED_EDGE('',*,*,#5431,.F.);
#3818=ORIENTED_EDGE('',*,*,#5429,.F.);
#3819=ORIENTED_EDGE('',*,*,#5700,.T.);
#3820=ORIENTED_EDGE('',*,*,#5699,.T.);
#3821=ORIENTED_EDGE('',*,*,#5698,.T.);
#3822=ORIENTED_EDGE('',*,*,#5697,.T.);
#3823=ORIENTED_EDGE('',*,*,#5732,.T.);
#3824=ORIENTED_EDGE('',*,*,#5263,.F.);
#3825=ORIENTED_EDGE('',*,*,#5386,.F.);
#3826=ORIENTED_EDGE('',*,*,#5736,.T.);
#3827=ORIENTED_EDGE('',*,*,#5735,.T.);
#3828=ORIENTED_EDGE('',*,*,#5636,.F.);
#3829=ORIENTED_EDGE('',*,*,#5734,.F.);
#3830=ORIENTED_EDGE('',*,*,#5737,.T.);
#3831=ORIENTED_EDGE('',*,*,#5425,.T.);
#3832=ORIENTED_EDGE('',*,*,#5736,.F.);
#3833=ORIENTED_EDGE('',*,*,#5385,.F.);
#3834=ORIENTED_EDGE('',*,*,#5737,.F.);
#3835=ORIENTED_EDGE('',*,*,#5733,.T.);
#3836=ORIENTED_EDGE('',*,*,#5738,.T.);
#3837=ORIENTED_EDGE('',*,*,#5739,.F.);
#3838=ORIENTED_EDGE('',*,*,#5740,.F.);
#3839=ORIENTED_EDGE('',*,*,#5741,.T.);
#3840=ORIENTED_EDGE('',*,*,#5742,.F.);
#3841=ORIENTED_EDGE('',*,*,#5743,.F.);
#3842=ORIENTED_EDGE('',*,*,#5744,.T.);
#3843=ORIENTED_EDGE('',*,*,#5745,.T.);
#3844=ORIENTED_EDGE('',*,*,#5746,.F.);
#3845=ORIENTED_EDGE('',*,*,#5747,.T.);
#3846=ORIENTED_EDGE('',*,*,#5748,.T.);
#3847=ORIENTED_EDGE('',*,*,#5749,.T.);
#3848=ORIENTED_EDGE('',*,*,#5750,.T.);
#3849=ORIENTED_EDGE('',*,*,#5751,.T.);
#3850=ORIENTED_EDGE('',*,*,#5752,.F.);
#3851=ORIENTED_EDGE('',*,*,#5753,.F.);
#3852=ORIENTED_EDGE('',*,*,#5754,.T.);
#3853=ORIENTED_EDGE('',*,*,#5755,.F.);
#3854=ORIENTED_EDGE('',*,*,#5746,.T.);
#3855=ORIENTED_EDGE('',*,*,#5756,.T.);
#3856=ORIENTED_EDGE('',*,*,#5757,.T.);
#3857=ORIENTED_EDGE('',*,*,#5758,.T.);
#3858=ORIENTED_EDGE('',*,*,#5759,.F.);
#3859=ORIENTED_EDGE('',*,*,#5760,.F.);
#3860=ORIENTED_EDGE('',*,*,#5739,.T.);
#3861=ORIENTED_EDGE('',*,*,#5761,.F.);
#3862=ORIENTED_EDGE('',*,*,#5762,.T.);
#3863=ORIENTED_EDGE('',*,*,#5763,.F.);
#3864=ORIENTED_EDGE('',*,*,#5764,.T.);
#3865=ORIENTED_EDGE('',*,*,#5765,.F.);
#3866=ORIENTED_EDGE('',*,*,#5766,.F.);
#3867=ORIENTED_EDGE('',*,*,#5757,.F.);
#3868=ORIENTED_EDGE('',*,*,#5767,.F.);
#3869=ORIENTED_EDGE('',*,*,#5768,.T.);
#3870=ORIENTED_EDGE('',*,*,#5769,.T.);
#3871=ORIENTED_EDGE('',*,*,#5770,.F.);
#3872=ORIENTED_EDGE('',*,*,#5771,.T.);
#3873=ORIENTED_EDGE('',*,*,#5772,.T.);
#3874=ORIENTED_EDGE('',*,*,#5773,.F.);
#3875=ORIENTED_EDGE('',*,*,#5774,.F.);
#3876=ORIENTED_EDGE('',*,*,#5775,.T.);
#3877=ORIENTED_EDGE('',*,*,#5770,.T.);
#3878=ORIENTED_EDGE('',*,*,#5776,.T.);
#3879=ORIENTED_EDGE('',*,*,#5777,.F.);
#3880=ORIENTED_EDGE('',*,*,#5778,.T.);
#3881=ORIENTED_EDGE('',*,*,#5774,.T.);
#3882=ORIENTED_EDGE('',*,*,#5779,.T.);
#3883=ORIENTED_EDGE('',*,*,#5780,.F.);
#3884=ORIENTED_EDGE('',*,*,#5781,.T.);
#3885=ORIENTED_EDGE('',*,*,#5777,.T.);
#3886=ORIENTED_EDGE('',*,*,#5782,.T.);
#3887=ORIENTED_EDGE('',*,*,#5783,.F.);
#3888=ORIENTED_EDGE('',*,*,#5784,.T.);
#3889=ORIENTED_EDGE('',*,*,#5780,.T.);
#3890=ORIENTED_EDGE('',*,*,#5785,.T.);
#3891=ORIENTED_EDGE('',*,*,#5786,.F.);
#3892=ORIENTED_EDGE('',*,*,#5787,.T.);
#3893=ORIENTED_EDGE('',*,*,#5783,.T.);
#3894=ORIENTED_EDGE('',*,*,#5788,.T.);
#3895=ORIENTED_EDGE('',*,*,#5789,.F.);
#3896=ORIENTED_EDGE('',*,*,#5790,.T.);
#3897=ORIENTED_EDGE('',*,*,#5786,.T.);
#3898=ORIENTED_EDGE('',*,*,#5791,.F.);
#3899=ORIENTED_EDGE('',*,*,#5792,.F.);
#3900=ORIENTED_EDGE('',*,*,#5793,.T.);
#3901=ORIENTED_EDGE('',*,*,#5789,.T.);
#3902=ORIENTED_EDGE('',*,*,#5794,.T.);
#3903=ORIENTED_EDGE('',*,*,#5795,.F.);
#3904=ORIENTED_EDGE('',*,*,#5796,.T.);
#3905=ORIENTED_EDGE('',*,*,#5792,.T.);
#3906=ORIENTED_EDGE('',*,*,#5797,.T.);
#3907=ORIENTED_EDGE('',*,*,#5798,.F.);
#3908=ORIENTED_EDGE('',*,*,#5799,.T.);
#3909=ORIENTED_EDGE('',*,*,#5795,.T.);
#3910=ORIENTED_EDGE('',*,*,#5800,.T.);
#3911=ORIENTED_EDGE('',*,*,#5801,.F.);
#3912=ORIENTED_EDGE('',*,*,#5802,.T.);
#3913=ORIENTED_EDGE('',*,*,#5798,.T.);
#3914=ORIENTED_EDGE('',*,*,#5803,.F.);
#3915=ORIENTED_EDGE('',*,*,#5804,.F.);
#3916=ORIENTED_EDGE('',*,*,#5805,.T.);
#3917=ORIENTED_EDGE('',*,*,#5801,.T.);
#3918=ORIENTED_EDGE('',*,*,#5806,.T.);
#3919=ORIENTED_EDGE('',*,*,#5807,.F.);
#3920=ORIENTED_EDGE('',*,*,#5808,.T.);
#3921=ORIENTED_EDGE('',*,*,#5804,.T.);
#3922=ORIENTED_EDGE('',*,*,#5809,.T.);
#3923=ORIENTED_EDGE('',*,*,#5810,.F.);
#3924=ORIENTED_EDGE('',*,*,#5811,.T.);
#3925=ORIENTED_EDGE('',*,*,#5807,.T.);
#3926=ORIENTED_EDGE('',*,*,#5812,.T.);
#3927=ORIENTED_EDGE('',*,*,#5813,.F.);
#3928=ORIENTED_EDGE('',*,*,#5814,.T.);
#3929=ORIENTED_EDGE('',*,*,#5810,.T.);
#3930=ORIENTED_EDGE('',*,*,#5815,.F.);
#3931=ORIENTED_EDGE('',*,*,#5816,.F.);
#3932=ORIENTED_EDGE('',*,*,#5817,.T.);
#3933=ORIENTED_EDGE('',*,*,#5813,.T.);
#3934=ORIENTED_EDGE('',*,*,#5818,.T.);
#3935=ORIENTED_EDGE('',*,*,#5819,.F.);
#3936=ORIENTED_EDGE('',*,*,#5820,.T.);
#3937=ORIENTED_EDGE('',*,*,#5816,.T.);
#3938=ORIENTED_EDGE('',*,*,#5821,.T.);
#3939=ORIENTED_EDGE('',*,*,#5822,.F.);
#3940=ORIENTED_EDGE('',*,*,#5823,.T.);
#3941=ORIENTED_EDGE('',*,*,#5819,.T.);
#3942=ORIENTED_EDGE('',*,*,#5824,.T.);
#3943=ORIENTED_EDGE('',*,*,#5825,.F.);
#3944=ORIENTED_EDGE('',*,*,#5826,.T.);
#3945=ORIENTED_EDGE('',*,*,#5822,.T.);
#3946=ORIENTED_EDGE('',*,*,#5827,.T.);
#3947=ORIENTED_EDGE('',*,*,#5828,.F.);
#3948=ORIENTED_EDGE('',*,*,#5829,.T.);
#3949=ORIENTED_EDGE('',*,*,#5825,.T.);
#3950=ORIENTED_EDGE('',*,*,#5830,.F.);
#3951=ORIENTED_EDGE('',*,*,#5831,.F.);
#3952=ORIENTED_EDGE('',*,*,#5832,.T.);
#3953=ORIENTED_EDGE('',*,*,#5828,.T.);
#3954=ORIENTED_EDGE('',*,*,#5833,.F.);
#3955=ORIENTED_EDGE('',*,*,#5834,.F.);
#3956=ORIENTED_EDGE('',*,*,#5835,.T.);
#3957=ORIENTED_EDGE('',*,*,#5831,.T.);
#3958=ORIENTED_EDGE('',*,*,#5836,.T.);
#3959=ORIENTED_EDGE('',*,*,#5837,.F.);
#3960=ORIENTED_EDGE('',*,*,#5838,.T.);
#3961=ORIENTED_EDGE('',*,*,#5834,.T.);
#3962=ORIENTED_EDGE('',*,*,#5839,.T.);
#3963=ORIENTED_EDGE('',*,*,#5840,.F.);
#3964=ORIENTED_EDGE('',*,*,#5841,.T.);
#3965=ORIENTED_EDGE('',*,*,#5837,.T.);
#3966=ORIENTED_EDGE('',*,*,#5842,.F.);
#3967=ORIENTED_EDGE('',*,*,#5843,.F.);
#3968=ORIENTED_EDGE('',*,*,#5844,.T.);
#3969=ORIENTED_EDGE('',*,*,#5840,.T.);
#3970=ORIENTED_EDGE('',*,*,#5845,.T.);
#3971=ORIENTED_EDGE('',*,*,#5846,.F.);
#3972=ORIENTED_EDGE('',*,*,#5847,.T.);
#3973=ORIENTED_EDGE('',*,*,#5843,.T.);
#3974=ORIENTED_EDGE('',*,*,#5848,.F.);
#3975=ORIENTED_EDGE('',*,*,#5849,.F.);
#3976=ORIENTED_EDGE('',*,*,#5850,.T.);
#3977=ORIENTED_EDGE('',*,*,#5846,.T.);
#3978=ORIENTED_EDGE('',*,*,#5851,.T.);
#3979=ORIENTED_EDGE('',*,*,#5852,.F.);
#3980=ORIENTED_EDGE('',*,*,#5853,.T.);
#3981=ORIENTED_EDGE('',*,*,#5849,.T.);
#3982=ORIENTED_EDGE('',*,*,#5854,.F.);
#3983=ORIENTED_EDGE('',*,*,#5745,.F.);
#3984=ORIENTED_EDGE('',*,*,#5855,.T.);
#3985=ORIENTED_EDGE('',*,*,#5852,.T.);
#3986=ORIENTED_EDGE('',*,*,#5856,.T.);
#3987=ORIENTED_EDGE('',*,*,#5857,.F.);
#3988=ORIENTED_EDGE('',*,*,#5858,.T.);
#3989=ORIENTED_EDGE('',*,*,#5740,.T.);
#3990=ORIENTED_EDGE('',*,*,#5760,.T.);
#3991=ORIENTED_EDGE('',*,*,#5859,.F.);
#3992=ORIENTED_EDGE('',*,*,#5860,.F.);
#3993=ORIENTED_EDGE('',*,*,#5861,.T.);
#3994=ORIENTED_EDGE('',*,*,#5862,.T.);
#3995=ORIENTED_EDGE('',*,*,#5863,.F.);
#3996=ORIENTED_EDGE('',*,*,#5864,.F.);
#3997=ORIENTED_EDGE('',*,*,#5865,.T.);
#3998=ORIENTED_EDGE('',*,*,#5860,.T.);
#3999=ORIENTED_EDGE('',*,*,#5866,.T.);
#4000=ORIENTED_EDGE('',*,*,#5867,.F.);
#4001=ORIENTED_EDGE('',*,*,#5868,.F.);
#4002=ORIENTED_EDGE('',*,*,#5864,.T.);
#4003=ORIENTED_EDGE('',*,*,#5869,.F.);
#4004=ORIENTED_EDGE('',*,*,#5870,.F.);
#4005=ORIENTED_EDGE('',*,*,#5871,.T.);
#4006=ORIENTED_EDGE('',*,*,#5867,.T.);
#4007=ORIENTED_EDGE('',*,*,#5872,.F.);
#4008=ORIENTED_EDGE('',*,*,#5873,.F.);
#4009=ORIENTED_EDGE('',*,*,#5874,.T.);
#4010=ORIENTED_EDGE('',*,*,#5870,.T.);
#4011=ORIENTED_EDGE('',*,*,#5875,.F.);
#4012=ORIENTED_EDGE('',*,*,#5876,.F.);
#4013=ORIENTED_EDGE('',*,*,#5877,.T.);
#4014=ORIENTED_EDGE('',*,*,#5873,.T.);
#4015=ORIENTED_EDGE('',*,*,#5878,.T.);
#4016=ORIENTED_EDGE('',*,*,#5879,.F.);
#4017=ORIENTED_EDGE('',*,*,#5880,.F.);
#4018=ORIENTED_EDGE('',*,*,#5876,.T.);
#4019=ORIENTED_EDGE('',*,*,#5881,.F.);
#4020=ORIENTED_EDGE('',*,*,#5882,.F.);
#4021=ORIENTED_EDGE('',*,*,#5883,.T.);
#4022=ORIENTED_EDGE('',*,*,#5879,.T.);
#4023=ORIENTED_EDGE('',*,*,#5884,.F.);
#4024=ORIENTED_EDGE('',*,*,#5885,.F.);
#4025=ORIENTED_EDGE('',*,*,#5886,.T.);
#4026=ORIENTED_EDGE('',*,*,#5882,.T.);
#4027=ORIENTED_EDGE('',*,*,#5887,.F.);
#4028=ORIENTED_EDGE('',*,*,#5888,.F.);
#4029=ORIENTED_EDGE('',*,*,#5889,.T.);
#4030=ORIENTED_EDGE('',*,*,#5885,.T.);
#4031=ORIENTED_EDGE('',*,*,#5890,.T.);
#4032=ORIENTED_EDGE('',*,*,#5891,.F.);
#4033=ORIENTED_EDGE('',*,*,#5892,.F.);
#4034=ORIENTED_EDGE('',*,*,#5888,.T.);
#4035=ORIENTED_EDGE('',*,*,#5893,.F.);
#4036=ORIENTED_EDGE('',*,*,#5894,.F.);
#4037=ORIENTED_EDGE('',*,*,#5895,.T.);
#4038=ORIENTED_EDGE('',*,*,#5891,.T.);
#4039=ORIENTED_EDGE('',*,*,#5896,.F.);
#4040=ORIENTED_EDGE('',*,*,#5897,.F.);
#4041=ORIENTED_EDGE('',*,*,#5898,.T.);
#4042=ORIENTED_EDGE('',*,*,#5894,.T.);
#4043=ORIENTED_EDGE('',*,*,#5899,.F.);
#4044=ORIENTED_EDGE('',*,*,#5900,.F.);
#4045=ORIENTED_EDGE('',*,*,#5901,.T.);
#4046=ORIENTED_EDGE('',*,*,#5897,.T.);
#4047=ORIENTED_EDGE('',*,*,#5902,.F.);
#4048=ORIENTED_EDGE('',*,*,#5903,.F.);
#4049=ORIENTED_EDGE('',*,*,#5904,.T.);
#4050=ORIENTED_EDGE('',*,*,#5900,.T.);
#4051=ORIENTED_EDGE('',*,*,#5905,.F.);
#4052=ORIENTED_EDGE('',*,*,#5906,.F.);
#4053=ORIENTED_EDGE('',*,*,#5907,.T.);
#4054=ORIENTED_EDGE('',*,*,#5903,.T.);
#4055=ORIENTED_EDGE('',*,*,#5908,.T.);
#4056=ORIENTED_EDGE('',*,*,#5769,.F.);
#4057=ORIENTED_EDGE('',*,*,#5909,.F.);
#4058=ORIENTED_EDGE('',*,*,#5906,.T.);
#4059=ORIENTED_EDGE('',*,*,#5756,.F.);
#4060=ORIENTED_EDGE('',*,*,#5749,.F.);
#4061=ORIENTED_EDGE('',*,*,#5910,.T.);
#4062=ORIENTED_EDGE('',*,*,#5767,.T.);
#4063=ORIENTED_EDGE('',*,*,#5911,.F.);
#4064=ORIENTED_EDGE('',*,*,#5912,.F.);
#4065=ORIENTED_EDGE('',*,*,#5913,.T.);
#4066=ORIENTED_EDGE('',*,*,#5753,.T.);
#4067=ORIENTED_EDGE('',*,*,#5914,.F.);
#4068=ORIENTED_EDGE('',*,*,#5915,.F.);
#4069=ORIENTED_EDGE('',*,*,#5916,.T.);
#4070=ORIENTED_EDGE('',*,*,#5912,.T.);
#4071=ORIENTED_EDGE('',*,*,#5917,.F.);
#4072=ORIENTED_EDGE('',*,*,#5918,.F.);
#4073=ORIENTED_EDGE('',*,*,#5919,.T.);
#4074=ORIENTED_EDGE('',*,*,#5915,.T.);
#4075=ORIENTED_EDGE('',*,*,#5920,.F.);
#4076=ORIENTED_EDGE('',*,*,#5921,.F.);
#4077=ORIENTED_EDGE('',*,*,#5922,.T.);
#4078=ORIENTED_EDGE('',*,*,#5918,.T.);
#4079=ORIENTED_EDGE('',*,*,#5923,.F.);
#4080=ORIENTED_EDGE('',*,*,#5924,.F.);
#4081=ORIENTED_EDGE('',*,*,#5925,.T.);
#4082=ORIENTED_EDGE('',*,*,#5921,.T.);
#4083=ORIENTED_EDGE('',*,*,#5926,.F.);
#4084=ORIENTED_EDGE('',*,*,#5927,.F.);
#4085=ORIENTED_EDGE('',*,*,#5928,.T.);
#4086=ORIENTED_EDGE('',*,*,#5924,.T.);
#4087=ORIENTED_EDGE('',*,*,#5929,.F.);
#4088=ORIENTED_EDGE('',*,*,#5930,.F.);
#4089=ORIENTED_EDGE('',*,*,#5931,.T.);
#4090=ORIENTED_EDGE('',*,*,#5927,.T.);
#4091=ORIENTED_EDGE('',*,*,#5932,.F.);
#4092=ORIENTED_EDGE('',*,*,#5933,.F.);
#4093=ORIENTED_EDGE('',*,*,#5934,.T.);
#4094=ORIENTED_EDGE('',*,*,#5930,.T.);
#4095=ORIENTED_EDGE('',*,*,#5935,.T.);
#4096=ORIENTED_EDGE('',*,*,#5936,.F.);
#4097=ORIENTED_EDGE('',*,*,#5937,.F.);
#4098=ORIENTED_EDGE('',*,*,#5933,.T.);
#4099=ORIENTED_EDGE('',*,*,#5938,.F.);
#4100=ORIENTED_EDGE('',*,*,#5939,.F.);
#4101=ORIENTED_EDGE('',*,*,#5940,.T.);
#4102=ORIENTED_EDGE('',*,*,#5936,.T.);
#4103=ORIENTED_EDGE('',*,*,#5941,.F.);
#4104=ORIENTED_EDGE('',*,*,#5942,.F.);
#4105=ORIENTED_EDGE('',*,*,#5943,.T.);
#4106=ORIENTED_EDGE('',*,*,#5939,.T.);
#4107=ORIENTED_EDGE('',*,*,#5944,.F.);
#4108=ORIENTED_EDGE('',*,*,#5862,.F.);
#4109=ORIENTED_EDGE('',*,*,#5945,.T.);
#4110=ORIENTED_EDGE('',*,*,#5942,.T.);
#4111=ORIENTED_EDGE('',*,*,#5946,.F.);
#4112=ORIENTED_EDGE('',*,*,#5947,.T.);
#4113=ORIENTED_EDGE('',*,*,#5948,.T.);
#4114=ORIENTED_EDGE('',*,*,#5772,.F.);
#4115=ORIENTED_EDGE('',*,*,#5949,.T.);
#4116=ORIENTED_EDGE('',*,*,#5857,.T.);
#4117=ORIENTED_EDGE('',*,*,#5759,.T.);
#4118=ORIENTED_EDGE('',*,*,#5950,.F.);
#4119=ORIENTED_EDGE('',*,*,#5951,.F.);
#4120=ORIENTED_EDGE('',*,*,#5952,.T.);
#4121=ORIENTED_EDGE('',*,*,#5953,.T.);
#4122=ORIENTED_EDGE('',*,*,#5954,.T.);
#4123=ORIENTED_EDGE('',*,*,#5955,.T.);
#4124=ORIENTED_EDGE('',*,*,#5956,.T.);
#4125=ORIENTED_EDGE('',*,*,#5957,.T.);
#4126=ORIENTED_EDGE('',*,*,#5752,.T.);
#4127=ORIENTED_EDGE('',*,*,#5958,.T.);
#4128=ORIENTED_EDGE('',*,*,#5742,.T.);
#4129=ORIENTED_EDGE('',*,*,#5856,.F.);
#4130=ORIENTED_EDGE('',*,*,#5854,.T.);
#4131=ORIENTED_EDGE('',*,*,#5851,.F.);
#4132=ORIENTED_EDGE('',*,*,#5848,.T.);
#4133=ORIENTED_EDGE('',*,*,#5845,.F.);
#4134=ORIENTED_EDGE('',*,*,#5842,.T.);
#4135=ORIENTED_EDGE('',*,*,#5839,.F.);
#4136=ORIENTED_EDGE('',*,*,#5836,.F.);
#4137=ORIENTED_EDGE('',*,*,#5833,.T.);
#4138=ORIENTED_EDGE('',*,*,#5830,.T.);
#4139=ORIENTED_EDGE('',*,*,#5827,.F.);
#4140=ORIENTED_EDGE('',*,*,#5824,.F.);
#4141=ORIENTED_EDGE('',*,*,#5821,.F.);
#4142=ORIENTED_EDGE('',*,*,#5818,.F.);
#4143=ORIENTED_EDGE('',*,*,#5815,.T.);
#4144=ORIENTED_EDGE('',*,*,#5812,.F.);
#4145=ORIENTED_EDGE('',*,*,#5809,.F.);
#4146=ORIENTED_EDGE('',*,*,#5806,.F.);
#4147=ORIENTED_EDGE('',*,*,#5803,.T.);
#4148=ORIENTED_EDGE('',*,*,#5800,.F.);
#4149=ORIENTED_EDGE('',*,*,#5797,.F.);
#4150=ORIENTED_EDGE('',*,*,#5794,.F.);
#4151=ORIENTED_EDGE('',*,*,#5791,.T.);
#4152=ORIENTED_EDGE('',*,*,#5788,.F.);
#4153=ORIENTED_EDGE('',*,*,#5785,.F.);
#4154=ORIENTED_EDGE('',*,*,#5782,.F.);
#4155=ORIENTED_EDGE('',*,*,#5779,.F.);
#4156=ORIENTED_EDGE('',*,*,#5776,.F.);
#4157=ORIENTED_EDGE('',*,*,#5773,.T.);
#4158=ORIENTED_EDGE('',*,*,#5948,.F.);
#4159=ORIENTED_EDGE('',*,*,#5959,.F.);
#4160=ORIENTED_EDGE('',*,*,#5761,.T.);
#4161=ORIENTED_EDGE('',*,*,#5908,.F.);
#4162=ORIENTED_EDGE('',*,*,#5905,.T.);
#4163=ORIENTED_EDGE('',*,*,#5902,.T.);
#4164=ORIENTED_EDGE('',*,*,#5899,.T.);
#4165=ORIENTED_EDGE('',*,*,#5896,.T.);
#4166=ORIENTED_EDGE('',*,*,#5893,.T.);
#4167=ORIENTED_EDGE('',*,*,#5890,.F.);
#4168=ORIENTED_EDGE('',*,*,#5887,.T.);
#4169=ORIENTED_EDGE('',*,*,#5884,.T.);
#4170=ORIENTED_EDGE('',*,*,#5881,.T.);
#4171=ORIENTED_EDGE('',*,*,#5878,.F.);
#4172=ORIENTED_EDGE('',*,*,#5875,.T.);
#4173=ORIENTED_EDGE('',*,*,#5872,.T.);
#4174=ORIENTED_EDGE('',*,*,#5869,.T.);
#4175=ORIENTED_EDGE('',*,*,#5866,.F.);
#4176=ORIENTED_EDGE('',*,*,#5863,.T.);
#4177=ORIENTED_EDGE('',*,*,#5859,.T.);
#4178=ORIENTED_EDGE('',*,*,#5944,.T.);
#4179=ORIENTED_EDGE('',*,*,#5941,.T.);
#4180=ORIENTED_EDGE('',*,*,#5938,.T.);
#4181=ORIENTED_EDGE('',*,*,#5935,.F.);
#4182=ORIENTED_EDGE('',*,*,#5932,.T.);
#4183=ORIENTED_EDGE('',*,*,#5929,.T.);
#4184=ORIENTED_EDGE('',*,*,#5926,.T.);
#4185=ORIENTED_EDGE('',*,*,#5923,.T.);
#4186=ORIENTED_EDGE('',*,*,#5920,.T.);
#4187=ORIENTED_EDGE('',*,*,#5917,.T.);
#4188=ORIENTED_EDGE('',*,*,#5914,.T.);
#4189=ORIENTED_EDGE('',*,*,#5911,.T.);
#4190=ORIENTED_EDGE('',*,*,#5960,.F.);
#4191=ORIENTED_EDGE('',*,*,#5961,.T.);
#4192=ORIENTED_EDGE('',*,*,#5962,.T.);
#4193=ORIENTED_EDGE('',*,*,#5963,.T.);
#4194=ORIENTED_EDGE('',*,*,#5964,.F.);
#4195=ORIENTED_EDGE('',*,*,#5965,.T.);
#4196=ORIENTED_EDGE('',*,*,#5960,.T.);
#4197=ORIENTED_EDGE('',*,*,#5966,.T.);
#4198=ORIENTED_EDGE('',*,*,#5967,.F.);
#4199=ORIENTED_EDGE('',*,*,#5968,.T.);
#4200=ORIENTED_EDGE('',*,*,#5964,.T.);
#4201=ORIENTED_EDGE('',*,*,#5969,.T.);
#4202=ORIENTED_EDGE('',*,*,#5970,.F.);
#4203=ORIENTED_EDGE('',*,*,#5971,.T.);
#4204=ORIENTED_EDGE('',*,*,#5967,.T.);
#4205=ORIENTED_EDGE('',*,*,#5972,.T.);
#4206=ORIENTED_EDGE('',*,*,#5973,.F.);
#4207=ORIENTED_EDGE('',*,*,#5974,.T.);
#4208=ORIENTED_EDGE('',*,*,#5970,.T.);
#4209=ORIENTED_EDGE('',*,*,#5975,.T.);
#4210=ORIENTED_EDGE('',*,*,#5976,.F.);
#4211=ORIENTED_EDGE('',*,*,#5977,.T.);
#4212=ORIENTED_EDGE('',*,*,#5973,.T.);
#4213=ORIENTED_EDGE('',*,*,#5978,.T.);
#4214=ORIENTED_EDGE('',*,*,#5979,.F.);
#4215=ORIENTED_EDGE('',*,*,#5980,.T.);
#4216=ORIENTED_EDGE('',*,*,#5976,.T.);
#4217=ORIENTED_EDGE('',*,*,#5981,.T.);
#4218=ORIENTED_EDGE('',*,*,#5982,.F.);
#4219=ORIENTED_EDGE('',*,*,#5983,.T.);
#4220=ORIENTED_EDGE('',*,*,#5979,.T.);
#4221=ORIENTED_EDGE('',*,*,#5984,.T.);
#4222=ORIENTED_EDGE('',*,*,#5985,.F.);
#4223=ORIENTED_EDGE('',*,*,#5986,.T.);
#4224=ORIENTED_EDGE('',*,*,#5982,.T.);
#4225=ORIENTED_EDGE('',*,*,#5987,.T.);
#4226=ORIENTED_EDGE('',*,*,#5988,.F.);
#4227=ORIENTED_EDGE('',*,*,#5989,.T.);
#4228=ORIENTED_EDGE('',*,*,#5985,.T.);
#4229=ORIENTED_EDGE('',*,*,#5990,.T.);
#4230=ORIENTED_EDGE('',*,*,#5991,.F.);
#4231=ORIENTED_EDGE('',*,*,#5992,.T.);
#4232=ORIENTED_EDGE('',*,*,#5988,.T.);
#4233=ORIENTED_EDGE('',*,*,#5993,.T.);
#4234=ORIENTED_EDGE('',*,*,#5994,.F.);
#4235=ORIENTED_EDGE('',*,*,#5995,.T.);
#4236=ORIENTED_EDGE('',*,*,#5991,.T.);
#4237=ORIENTED_EDGE('',*,*,#5996,.T.);
#4238=ORIENTED_EDGE('',*,*,#5997,.F.);
#4239=ORIENTED_EDGE('',*,*,#5998,.T.);
#4240=ORIENTED_EDGE('',*,*,#5994,.T.);
#4241=ORIENTED_EDGE('',*,*,#5999,.T.);
#4242=ORIENTED_EDGE('',*,*,#6000,.F.);
#4243=ORIENTED_EDGE('',*,*,#6001,.T.);
#4244=ORIENTED_EDGE('',*,*,#5997,.T.);
#4245=ORIENTED_EDGE('',*,*,#6002,.T.);
#4246=ORIENTED_EDGE('',*,*,#6003,.F.);
#4247=ORIENTED_EDGE('',*,*,#6004,.T.);
#4248=ORIENTED_EDGE('',*,*,#6000,.T.);
#4249=ORIENTED_EDGE('',*,*,#6005,.T.);
#4250=ORIENTED_EDGE('',*,*,#6006,.F.);
#4251=ORIENTED_EDGE('',*,*,#6007,.T.);
#4252=ORIENTED_EDGE('',*,*,#6003,.T.);
#4253=ORIENTED_EDGE('',*,*,#6008,.T.);
#4254=ORIENTED_EDGE('',*,*,#6009,.F.);
#4255=ORIENTED_EDGE('',*,*,#6010,.T.);
#4256=ORIENTED_EDGE('',*,*,#6006,.T.);
#4257=ORIENTED_EDGE('',*,*,#6011,.T.);
#4258=ORIENTED_EDGE('',*,*,#6012,.F.);
#4259=ORIENTED_EDGE('',*,*,#6013,.T.);
#4260=ORIENTED_EDGE('',*,*,#6009,.T.);
#4261=ORIENTED_EDGE('',*,*,#6014,.T.);
#4262=ORIENTED_EDGE('',*,*,#6015,.F.);
#4263=ORIENTED_EDGE('',*,*,#6016,.T.);
#4264=ORIENTED_EDGE('',*,*,#6012,.T.);
#4265=ORIENTED_EDGE('',*,*,#6017,.T.);
#4266=ORIENTED_EDGE('',*,*,#6018,.F.);
#4267=ORIENTED_EDGE('',*,*,#6019,.T.);
#4268=ORIENTED_EDGE('',*,*,#6015,.T.);
#4269=ORIENTED_EDGE('',*,*,#6020,.T.);
#4270=ORIENTED_EDGE('',*,*,#6021,.F.);
#4271=ORIENTED_EDGE('',*,*,#6022,.T.);
#4272=ORIENTED_EDGE('',*,*,#6018,.T.);
#4273=ORIENTED_EDGE('',*,*,#6023,.T.);
#4274=ORIENTED_EDGE('',*,*,#6024,.F.);
#4275=ORIENTED_EDGE('',*,*,#6025,.T.);
#4276=ORIENTED_EDGE('',*,*,#6021,.T.);
#4277=ORIENTED_EDGE('',*,*,#6026,.T.);
#4278=ORIENTED_EDGE('',*,*,#6027,.F.);
#4279=ORIENTED_EDGE('',*,*,#6028,.T.);
#4280=ORIENTED_EDGE('',*,*,#6024,.T.);
#4281=ORIENTED_EDGE('',*,*,#6029,.T.);
#4282=ORIENTED_EDGE('',*,*,#6030,.F.);
#4283=ORIENTED_EDGE('',*,*,#6031,.T.);
#4284=ORIENTED_EDGE('',*,*,#6027,.T.);
#4285=ORIENTED_EDGE('',*,*,#6032,.T.);
#4286=ORIENTED_EDGE('',*,*,#6033,.F.);
#4287=ORIENTED_EDGE('',*,*,#6034,.T.);
#4288=ORIENTED_EDGE('',*,*,#6030,.T.);
#4289=ORIENTED_EDGE('',*,*,#6035,.T.);
#4290=ORIENTED_EDGE('',*,*,#6036,.F.);
#4291=ORIENTED_EDGE('',*,*,#6037,.T.);
#4292=ORIENTED_EDGE('',*,*,#6033,.T.);
#4293=ORIENTED_EDGE('',*,*,#6038,.T.);
#4294=ORIENTED_EDGE('',*,*,#6039,.F.);
#4295=ORIENTED_EDGE('',*,*,#6040,.T.);
#4296=ORIENTED_EDGE('',*,*,#6036,.T.);
#4297=ORIENTED_EDGE('',*,*,#6041,.T.);
#4298=ORIENTED_EDGE('',*,*,#6042,.F.);
#4299=ORIENTED_EDGE('',*,*,#6043,.T.);
#4300=ORIENTED_EDGE('',*,*,#6039,.T.);
#4301=ORIENTED_EDGE('',*,*,#6044,.T.);
#4302=ORIENTED_EDGE('',*,*,#6045,.F.);
#4303=ORIENTED_EDGE('',*,*,#6046,.T.);
#4304=ORIENTED_EDGE('',*,*,#6042,.T.);
#4305=ORIENTED_EDGE('',*,*,#6047,.T.);
#4306=ORIENTED_EDGE('',*,*,#6048,.F.);
#4307=ORIENTED_EDGE('',*,*,#6049,.T.);
#4308=ORIENTED_EDGE('',*,*,#6045,.T.);
#4309=ORIENTED_EDGE('',*,*,#6050,.T.);
#4310=ORIENTED_EDGE('',*,*,#6051,.F.);
#4311=ORIENTED_EDGE('',*,*,#6052,.T.);
#4312=ORIENTED_EDGE('',*,*,#6048,.T.);
#4313=ORIENTED_EDGE('',*,*,#6053,.T.);
#4314=ORIENTED_EDGE('',*,*,#6054,.F.);
#4315=ORIENTED_EDGE('',*,*,#6055,.T.);
#4316=ORIENTED_EDGE('',*,*,#6056,.T.);
#4317=ORIENTED_EDGE('',*,*,#6057,.F.);
#4318=ORIENTED_EDGE('',*,*,#6058,.F.);
#4319=ORIENTED_EDGE('',*,*,#6059,.T.);
#4320=ORIENTED_EDGE('',*,*,#6054,.T.);
#4321=ORIENTED_EDGE('',*,*,#6060,.F.);
#4322=ORIENTED_EDGE('',*,*,#6061,.F.);
#4323=ORIENTED_EDGE('',*,*,#6062,.T.);
#4324=ORIENTED_EDGE('',*,*,#6058,.T.);
#4325=ORIENTED_EDGE('',*,*,#6063,.F.);
#4326=ORIENTED_EDGE('',*,*,#6064,.F.);
#4327=ORIENTED_EDGE('',*,*,#6065,.T.);
#4328=ORIENTED_EDGE('',*,*,#6061,.T.);
#4329=ORIENTED_EDGE('',*,*,#6066,.F.);
#4330=ORIENTED_EDGE('',*,*,#6067,.F.);
#4331=ORIENTED_EDGE('',*,*,#6068,.T.);
#4332=ORIENTED_EDGE('',*,*,#6064,.T.);
#4333=ORIENTED_EDGE('',*,*,#6069,.F.);
#4334=ORIENTED_EDGE('',*,*,#6070,.F.);
#4335=ORIENTED_EDGE('',*,*,#6071,.T.);
#4336=ORIENTED_EDGE('',*,*,#6067,.T.);
#4337=ORIENTED_EDGE('',*,*,#6072,.F.);
#4338=ORIENTED_EDGE('',*,*,#6073,.F.);
#4339=ORIENTED_EDGE('',*,*,#6074,.T.);
#4340=ORIENTED_EDGE('',*,*,#6070,.T.);
#4341=ORIENTED_EDGE('',*,*,#6075,.F.);
#4342=ORIENTED_EDGE('',*,*,#6076,.F.);
#4343=ORIENTED_EDGE('',*,*,#6077,.T.);
#4344=ORIENTED_EDGE('',*,*,#6073,.T.);
#4345=ORIENTED_EDGE('',*,*,#6078,.F.);
#4346=ORIENTED_EDGE('',*,*,#6079,.F.);
#4347=ORIENTED_EDGE('',*,*,#6080,.T.);
#4348=ORIENTED_EDGE('',*,*,#6076,.T.);
#4349=ORIENTED_EDGE('',*,*,#6081,.F.);
#4350=ORIENTED_EDGE('',*,*,#6082,.F.);
#4351=ORIENTED_EDGE('',*,*,#6083,.T.);
#4352=ORIENTED_EDGE('',*,*,#6079,.T.);
#4353=ORIENTED_EDGE('',*,*,#6084,.F.);
#4354=ORIENTED_EDGE('',*,*,#6085,.F.);
#4355=ORIENTED_EDGE('',*,*,#6086,.T.);
#4356=ORIENTED_EDGE('',*,*,#6082,.T.);
#4357=ORIENTED_EDGE('',*,*,#6087,.F.);
#4358=ORIENTED_EDGE('',*,*,#6088,.F.);
#4359=ORIENTED_EDGE('',*,*,#6089,.T.);
#4360=ORIENTED_EDGE('',*,*,#6085,.T.);
#4361=ORIENTED_EDGE('',*,*,#6090,.F.);
#4362=ORIENTED_EDGE('',*,*,#6091,.F.);
#4363=ORIENTED_EDGE('',*,*,#6092,.T.);
#4364=ORIENTED_EDGE('',*,*,#6088,.T.);
#4365=ORIENTED_EDGE('',*,*,#6093,.F.);
#4366=ORIENTED_EDGE('',*,*,#6094,.F.);
#4367=ORIENTED_EDGE('',*,*,#6095,.T.);
#4368=ORIENTED_EDGE('',*,*,#6091,.T.);
#4369=ORIENTED_EDGE('',*,*,#6096,.F.);
#4370=ORIENTED_EDGE('',*,*,#6097,.F.);
#4371=ORIENTED_EDGE('',*,*,#6098,.T.);
#4372=ORIENTED_EDGE('',*,*,#6094,.T.);
#4373=ORIENTED_EDGE('',*,*,#6099,.F.);
#4374=ORIENTED_EDGE('',*,*,#6100,.T.);
#4375=ORIENTED_EDGE('',*,*,#6101,.T.);
#4376=ORIENTED_EDGE('',*,*,#5743,.T.);
#4377=ORIENTED_EDGE('',*,*,#5958,.F.);
#4378=ORIENTED_EDGE('',*,*,#5751,.F.);
#4379=ORIENTED_EDGE('',*,*,#6102,.F.);
#4380=ORIENTED_EDGE('',*,*,#6103,.F.);
#4381=ORIENTED_EDGE('',*,*,#6104,.F.);
#4382=ORIENTED_EDGE('',*,*,#6105,.F.);
#4383=ORIENTED_EDGE('',*,*,#6106,.T.);
#4384=ORIENTED_EDGE('',*,*,#6103,.T.);
#4385=ORIENTED_EDGE('',*,*,#5738,.F.);
#4386=ORIENTED_EDGE('',*,*,#6107,.T.);
#4387=ORIENTED_EDGE('',*,*,#6108,.T.);
#4388=ORIENTED_EDGE('',*,*,#6105,.T.);
#4389=ORIENTED_EDGE('',*,*,#6109,.F.);
#4390=ORIENTED_EDGE('',*,*,#5747,.F.);
#4391=ORIENTED_EDGE('',*,*,#5755,.T.);
#4392=ORIENTED_EDGE('',*,*,#6056,.F.);
#4393=ORIENTED_EDGE('',*,*,#6110,.T.);
#4394=ORIENTED_EDGE('',*,*,#6097,.T.);
#4395=ORIENTED_EDGE('',*,*,#6111,.F.);
#4396=ORIENTED_EDGE('',*,*,#5962,.F.);
#4397=ORIENTED_EDGE('',*,*,#6112,.T.);
#4398=ORIENTED_EDGE('',*,*,#6051,.T.);
#4399=ORIENTED_EDGE('',*,*,#6113,.T.);
#4400=ORIENTED_EDGE('',*,*,#6114,.T.);
#4401=ORIENTED_EDGE('',*,*,#6115,.T.);
#4402=ORIENTED_EDGE('',*,*,#6116,.T.);
#4403=ORIENTED_EDGE('',*,*,#6117,.T.);
#4404=ORIENTED_EDGE('',*,*,#6118,.T.);
#4405=ORIENTED_EDGE('',*,*,#6119,.T.);
#4406=ORIENTED_EDGE('',*,*,#6120,.T.);
#4407=ORIENTED_EDGE('',*,*,#6121,.T.);
#4408=ORIENTED_EDGE('',*,*,#6122,.T.);
#4409=ORIENTED_EDGE('',*,*,#6123,.T.);
#4410=ORIENTED_EDGE('',*,*,#6124,.T.);
#4411=ORIENTED_EDGE('',*,*,#6125,.T.);
#4412=ORIENTED_EDGE('',*,*,#6126,.T.);
#4413=ORIENTED_EDGE('',*,*,#6127,.T.);
#4414=ORIENTED_EDGE('',*,*,#6128,.T.);
#4415=ORIENTED_EDGE('',*,*,#6129,.T.);
#4416=ORIENTED_EDGE('',*,*,#6130,.T.);
#4417=ORIENTED_EDGE('',*,*,#6131,.T.);
#4418=ORIENTED_EDGE('',*,*,#6132,.T.);
#4419=ORIENTED_EDGE('',*,*,#6133,.T.);
#4420=ORIENTED_EDGE('',*,*,#6134,.T.);
#4421=ORIENTED_EDGE('',*,*,#6135,.T.);
#4422=ORIENTED_EDGE('',*,*,#6136,.T.);
#4423=ORIENTED_EDGE('',*,*,#6137,.T.);
#4424=ORIENTED_EDGE('',*,*,#6138,.T.);
#4425=ORIENTED_EDGE('',*,*,#6139,.T.);
#4426=ORIENTED_EDGE('',*,*,#6140,.T.);
#4427=ORIENTED_EDGE('',*,*,#6141,.T.);
#4428=ORIENTED_EDGE('',*,*,#6142,.T.);
#4429=ORIENTED_EDGE('',*,*,#6143,.T.);
#4430=ORIENTED_EDGE('',*,*,#6144,.T.);
#4431=ORIENTED_EDGE('',*,*,#6145,.T.);
#4432=ORIENTED_EDGE('',*,*,#6146,.T.);
#4433=ORIENTED_EDGE('',*,*,#6147,.T.);
#4434=ORIENTED_EDGE('',*,*,#6148,.T.);
#4435=ORIENTED_EDGE('',*,*,#6149,.T.);
#4436=ORIENTED_EDGE('',*,*,#6150,.T.);
#4437=ORIENTED_EDGE('',*,*,#6151,.T.);
#4438=ORIENTED_EDGE('',*,*,#6152,.T.);
#4439=ORIENTED_EDGE('',*,*,#6153,.T.);
#4440=ORIENTED_EDGE('',*,*,#6154,.T.);
#4441=ORIENTED_EDGE('',*,*,#6155,.T.);
#4442=ORIENTED_EDGE('',*,*,#6156,.T.);
#4443=ORIENTED_EDGE('',*,*,#6157,.T.);
#4444=ORIENTED_EDGE('',*,*,#6158,.T.);
#4445=ORIENTED_EDGE('',*,*,#6159,.T.);
#4446=ORIENTED_EDGE('',*,*,#6160,.T.);
#4447=ORIENTED_EDGE('',*,*,#6161,.T.);
#4448=ORIENTED_EDGE('',*,*,#6162,.T.);
#4449=ORIENTED_EDGE('',*,*,#6163,.T.);
#4450=ORIENTED_EDGE('',*,*,#6100,.F.);
#4451=ORIENTED_EDGE('',*,*,#6106,.F.);
#4452=ORIENTED_EDGE('',*,*,#6108,.F.);
#4453=ORIENTED_EDGE('',*,*,#6164,.T.);
#4454=ORIENTED_EDGE('',*,*,#6165,.T.);
#4455=ORIENTED_EDGE('',*,*,#6166,.T.);
#4456=ORIENTED_EDGE('',*,*,#6167,.T.);
#4457=ORIENTED_EDGE('',*,*,#6168,.T.);
#4458=ORIENTED_EDGE('',*,*,#6169,.T.);
#4459=ORIENTED_EDGE('',*,*,#6170,.T.);
#4460=ORIENTED_EDGE('',*,*,#6171,.T.);
#4461=ORIENTED_EDGE('',*,*,#6172,.T.);
#4462=ORIENTED_EDGE('',*,*,#6173,.T.);
#4463=ORIENTED_EDGE('',*,*,#6174,.T.);
#4464=ORIENTED_EDGE('',*,*,#6175,.T.);
#4465=ORIENTED_EDGE('',*,*,#6176,.T.);
#4466=ORIENTED_EDGE('',*,*,#6177,.T.);
#4467=ORIENTED_EDGE('',*,*,#6178,.T.);
#4468=ORIENTED_EDGE('',*,*,#6179,.T.);
#4469=ORIENTED_EDGE('',*,*,#6180,.T.);
#4470=ORIENTED_EDGE('',*,*,#6181,.T.);
#4471=ORIENTED_EDGE('',*,*,#6182,.T.);
#4472=ORIENTED_EDGE('',*,*,#6183,.T.);
#4473=ORIENTED_EDGE('',*,*,#6184,.T.);
#4474=ORIENTED_EDGE('',*,*,#6185,.T.);
#4475=ORIENTED_EDGE('',*,*,#6186,.T.);
#4476=ORIENTED_EDGE('',*,*,#6187,.T.);
#4477=ORIENTED_EDGE('',*,*,#6188,.T.);
#4478=ORIENTED_EDGE('',*,*,#6189,.T.);
#4479=ORIENTED_EDGE('',*,*,#6190,.T.);
#4480=ORIENTED_EDGE('',*,*,#6191,.T.);
#4481=ORIENTED_EDGE('',*,*,#6192,.T.);
#4482=ORIENTED_EDGE('',*,*,#6193,.T.);
#4483=ORIENTED_EDGE('',*,*,#6194,.T.);
#4484=ORIENTED_EDGE('',*,*,#6195,.F.);
#4485=ORIENTED_EDGE('',*,*,#6196,.F.);
#4486=ORIENTED_EDGE('',*,*,#6197,.F.);
#4487=ORIENTED_EDGE('',*,*,#6198,.F.);
#4488=ORIENTED_EDGE('',*,*,#6199,.F.);
#4489=ORIENTED_EDGE('',*,*,#6200,.F.);
#4490=ORIENTED_EDGE('',*,*,#6201,.F.);
#4491=ORIENTED_EDGE('',*,*,#5750,.F.);
#4492=ORIENTED_EDGE('',*,*,#5913,.F.);
#4493=ORIENTED_EDGE('',*,*,#5916,.F.);
#4494=ORIENTED_EDGE('',*,*,#5919,.F.);
#4495=ORIENTED_EDGE('',*,*,#5922,.F.);
#4496=ORIENTED_EDGE('',*,*,#5925,.F.);
#4497=ORIENTED_EDGE('',*,*,#5928,.F.);
#4498=ORIENTED_EDGE('',*,*,#5931,.F.);
#4499=ORIENTED_EDGE('',*,*,#5934,.F.);
#4500=ORIENTED_EDGE('',*,*,#5937,.T.);
#4501=ORIENTED_EDGE('',*,*,#5940,.F.);
#4502=ORIENTED_EDGE('',*,*,#5943,.F.);
#4503=ORIENTED_EDGE('',*,*,#5945,.F.);
#4504=ORIENTED_EDGE('',*,*,#5861,.F.);
#4505=ORIENTED_EDGE('',*,*,#5865,.F.);
#4506=ORIENTED_EDGE('',*,*,#5868,.T.);
#4507=ORIENTED_EDGE('',*,*,#5871,.F.);
#4508=ORIENTED_EDGE('',*,*,#5874,.F.);
#4509=ORIENTED_EDGE('',*,*,#5877,.F.);
#4510=ORIENTED_EDGE('',*,*,#5880,.T.);
#4511=ORIENTED_EDGE('',*,*,#5883,.F.);
#4512=ORIENTED_EDGE('',*,*,#5886,.F.);
#4513=ORIENTED_EDGE('',*,*,#5889,.F.);
#4514=ORIENTED_EDGE('',*,*,#5892,.T.);
#4515=ORIENTED_EDGE('',*,*,#5895,.F.);
#4516=ORIENTED_EDGE('',*,*,#5898,.F.);
#4517=ORIENTED_EDGE('',*,*,#5901,.F.);
#4518=ORIENTED_EDGE('',*,*,#5904,.F.);
#4519=ORIENTED_EDGE('',*,*,#5907,.F.);
#4520=ORIENTED_EDGE('',*,*,#5909,.T.);
#4521=ORIENTED_EDGE('',*,*,#5768,.F.);
#4522=ORIENTED_EDGE('',*,*,#5910,.F.);
#4523=ORIENTED_EDGE('',*,*,#5748,.F.);
#4524=ORIENTED_EDGE('',*,*,#6109,.T.);
#4525=ORIENTED_EDGE('',*,*,#6104,.T.);
#4526=ORIENTED_EDGE('',*,*,#6102,.T.);
#4527=ORIENTED_EDGE('',*,*,#6057,.T.);
#4528=ORIENTED_EDGE('',*,*,#6111,.T.);
#4529=ORIENTED_EDGE('',*,*,#6099,.T.);
#4530=ORIENTED_EDGE('',*,*,#6096,.T.);
#4531=ORIENTED_EDGE('',*,*,#6093,.T.);
#4532=ORIENTED_EDGE('',*,*,#6090,.T.);
#4533=ORIENTED_EDGE('',*,*,#6087,.T.);
#4534=ORIENTED_EDGE('',*,*,#6084,.T.);
#4535=ORIENTED_EDGE('',*,*,#6081,.T.);
#4536=ORIENTED_EDGE('',*,*,#6078,.T.);
#4537=ORIENTED_EDGE('',*,*,#6075,.T.);
#4538=ORIENTED_EDGE('',*,*,#6072,.T.);
#4539=ORIENTED_EDGE('',*,*,#6069,.T.);
#4540=ORIENTED_EDGE('',*,*,#6066,.T.);
#4541=ORIENTED_EDGE('',*,*,#6063,.T.);
#4542=ORIENTED_EDGE('',*,*,#6060,.T.);
#4543=ORIENTED_EDGE('',*,*,#5963,.F.);
#4544=ORIENTED_EDGE('',*,*,#6113,.F.);
#4545=ORIENTED_EDGE('',*,*,#6053,.F.);
#4546=ORIENTED_EDGE('',*,*,#6050,.F.);
#4547=ORIENTED_EDGE('',*,*,#6047,.F.);
#4548=ORIENTED_EDGE('',*,*,#6044,.F.);
#4549=ORIENTED_EDGE('',*,*,#6041,.F.);
#4550=ORIENTED_EDGE('',*,*,#6038,.F.);
#4551=ORIENTED_EDGE('',*,*,#6035,.F.);
#4552=ORIENTED_EDGE('',*,*,#6032,.F.);
#4553=ORIENTED_EDGE('',*,*,#6029,.F.);
#4554=ORIENTED_EDGE('',*,*,#6026,.F.);
#4555=ORIENTED_EDGE('',*,*,#6023,.F.);
#4556=ORIENTED_EDGE('',*,*,#6020,.F.);
#4557=ORIENTED_EDGE('',*,*,#6017,.F.);
#4558=ORIENTED_EDGE('',*,*,#6014,.F.);
#4559=ORIENTED_EDGE('',*,*,#6011,.F.);
#4560=ORIENTED_EDGE('',*,*,#6008,.F.);
#4561=ORIENTED_EDGE('',*,*,#6005,.F.);
#4562=ORIENTED_EDGE('',*,*,#6002,.F.);
#4563=ORIENTED_EDGE('',*,*,#5999,.F.);
#4564=ORIENTED_EDGE('',*,*,#5996,.F.);
#4565=ORIENTED_EDGE('',*,*,#5993,.F.);
#4566=ORIENTED_EDGE('',*,*,#5990,.F.);
#4567=ORIENTED_EDGE('',*,*,#5987,.F.);
#4568=ORIENTED_EDGE('',*,*,#5984,.F.);
#4569=ORIENTED_EDGE('',*,*,#5981,.F.);
#4570=ORIENTED_EDGE('',*,*,#5978,.F.);
#4571=ORIENTED_EDGE('',*,*,#5975,.F.);
#4572=ORIENTED_EDGE('',*,*,#5972,.F.);
#4573=ORIENTED_EDGE('',*,*,#5969,.F.);
#4574=ORIENTED_EDGE('',*,*,#5966,.F.);
#4575=ORIENTED_EDGE('',*,*,#6202,.F.);
#4576=ORIENTED_EDGE('',*,*,#5995,.F.);
#4577=ORIENTED_EDGE('',*,*,#6203,.F.);
#4578=ORIENTED_EDGE('',*,*,#6136,.F.);
#4579=ORIENTED_EDGE('',*,*,#6203,.T.);
#4580=ORIENTED_EDGE('',*,*,#5998,.F.);
#4581=ORIENTED_EDGE('',*,*,#6204,.F.);
#4582=ORIENTED_EDGE('',*,*,#6137,.F.);
#4583=ORIENTED_EDGE('',*,*,#6202,.T.);
#4584=ORIENTED_EDGE('',*,*,#6135,.F.);
#4585=ORIENTED_EDGE('',*,*,#6205,.F.);
#4586=ORIENTED_EDGE('',*,*,#5992,.F.);
#4587=ORIENTED_EDGE('',*,*,#6204,.T.);
#4588=ORIENTED_EDGE('',*,*,#6001,.F.);
#4589=ORIENTED_EDGE('',*,*,#6206,.F.);
#4590=ORIENTED_EDGE('',*,*,#6138,.F.);
#4591=ORIENTED_EDGE('',*,*,#6205,.T.);
#4592=ORIENTED_EDGE('',*,*,#6134,.F.);
#4593=ORIENTED_EDGE('',*,*,#6207,.F.);
#4594=ORIENTED_EDGE('',*,*,#5989,.F.);
#4595=ORIENTED_EDGE('',*,*,#6206,.T.);
#4596=ORIENTED_EDGE('',*,*,#6004,.F.);
#4597=ORIENTED_EDGE('',*,*,#6208,.F.);
#4598=ORIENTED_EDGE('',*,*,#6139,.F.);
#4599=ORIENTED_EDGE('',*,*,#6207,.T.);
#4600=ORIENTED_EDGE('',*,*,#6133,.F.);
#4601=ORIENTED_EDGE('',*,*,#6209,.F.);
#4602=ORIENTED_EDGE('',*,*,#5986,.F.);
#4603=ORIENTED_EDGE('',*,*,#6208,.T.);
#4604=ORIENTED_EDGE('',*,*,#6007,.F.);
#4605=ORIENTED_EDGE('',*,*,#6210,.F.);
#4606=ORIENTED_EDGE('',*,*,#6140,.F.);
#4607=ORIENTED_EDGE('',*,*,#6209,.T.);
#4608=ORIENTED_EDGE('',*,*,#6132,.F.);
#4609=ORIENTED_EDGE('',*,*,#6211,.F.);
#4610=ORIENTED_EDGE('',*,*,#5983,.F.);
#4611=ORIENTED_EDGE('',*,*,#6210,.T.);
#4612=ORIENTED_EDGE('',*,*,#6010,.F.);
#4613=ORIENTED_EDGE('',*,*,#6212,.F.);
#4614=ORIENTED_EDGE('',*,*,#6141,.F.);
#4615=ORIENTED_EDGE('',*,*,#6211,.T.);
#4616=ORIENTED_EDGE('',*,*,#6131,.F.);
#4617=ORIENTED_EDGE('',*,*,#6213,.F.);
#4618=ORIENTED_EDGE('',*,*,#5980,.F.);
#4619=ORIENTED_EDGE('',*,*,#6212,.T.);
#4620=ORIENTED_EDGE('',*,*,#6013,.F.);
#4621=ORIENTED_EDGE('',*,*,#6214,.F.);
#4622=ORIENTED_EDGE('',*,*,#6142,.F.);
#4623=ORIENTED_EDGE('',*,*,#6213,.T.);
#4624=ORIENTED_EDGE('',*,*,#6130,.F.);
#4625=ORIENTED_EDGE('',*,*,#6215,.F.);
#4626=ORIENTED_EDGE('',*,*,#5977,.F.);
#4627=ORIENTED_EDGE('',*,*,#6214,.T.);
#4628=ORIENTED_EDGE('',*,*,#6016,.F.);
#4629=ORIENTED_EDGE('',*,*,#6216,.F.);
#4630=ORIENTED_EDGE('',*,*,#6143,.F.);
#4631=ORIENTED_EDGE('',*,*,#6215,.T.);
#4632=ORIENTED_EDGE('',*,*,#6161,.F.);
#4633=ORIENTED_EDGE('',*,*,#6217,.F.);
#4634=ORIENTED_EDGE('',*,*,#5974,.F.);
#4635=ORIENTED_EDGE('',*,*,#6216,.T.);
#4636=ORIENTED_EDGE('',*,*,#6019,.F.);
#4637=ORIENTED_EDGE('',*,*,#6218,.F.);
#4638=ORIENTED_EDGE('',*,*,#6144,.F.);
#4639=ORIENTED_EDGE('',*,*,#6217,.T.);
#4640=ORIENTED_EDGE('',*,*,#6160,.F.);
#4641=ORIENTED_EDGE('',*,*,#6219,.F.);
#4642=ORIENTED_EDGE('',*,*,#5971,.F.);
#4643=ORIENTED_EDGE('',*,*,#6218,.T.);
#4644=ORIENTED_EDGE('',*,*,#6022,.F.);
#4645=ORIENTED_EDGE('',*,*,#6220,.F.);
#4646=ORIENTED_EDGE('',*,*,#6145,.F.);
#4647=ORIENTED_EDGE('',*,*,#6219,.T.);
#4648=ORIENTED_EDGE('',*,*,#6159,.F.);
#4649=ORIENTED_EDGE('',*,*,#6221,.F.);
#4650=ORIENTED_EDGE('',*,*,#5968,.F.);
#4651=ORIENTED_EDGE('',*,*,#6220,.T.);
#4652=ORIENTED_EDGE('',*,*,#6025,.F.);
#4653=ORIENTED_EDGE('',*,*,#6222,.F.);
#4654=ORIENTED_EDGE('',*,*,#6146,.F.);
#4655=ORIENTED_EDGE('',*,*,#6221,.T.);
#4656=ORIENTED_EDGE('',*,*,#6158,.F.);
#4657=ORIENTED_EDGE('',*,*,#6223,.F.);
#4658=ORIENTED_EDGE('',*,*,#5965,.F.);
#4659=ORIENTED_EDGE('',*,*,#6222,.T.);
#4660=ORIENTED_EDGE('',*,*,#6028,.F.);
#4661=ORIENTED_EDGE('',*,*,#6224,.F.);
#4662=ORIENTED_EDGE('',*,*,#6147,.F.);
#4663=ORIENTED_EDGE('',*,*,#6223,.T.);
#4664=ORIENTED_EDGE('',*,*,#6157,.F.);
#4665=ORIENTED_EDGE('',*,*,#6225,.F.);
#4666=ORIENTED_EDGE('',*,*,#5961,.F.);
#4667=ORIENTED_EDGE('',*,*,#6224,.T.);
#4668=ORIENTED_EDGE('',*,*,#6031,.F.);
#4669=ORIENTED_EDGE('',*,*,#6226,.F.);
#4670=ORIENTED_EDGE('',*,*,#6148,.F.);
#4671=ORIENTED_EDGE('',*,*,#6225,.T.);
#4672=ORIENTED_EDGE('',*,*,#6156,.F.);
#4673=ORIENTED_EDGE('',*,*,#6227,.F.);
#4674=ORIENTED_EDGE('',*,*,#6112,.F.);
#4675=ORIENTED_EDGE('',*,*,#6226,.T.);
#4676=ORIENTED_EDGE('',*,*,#6034,.F.);
#4677=ORIENTED_EDGE('',*,*,#6228,.F.);
#4678=ORIENTED_EDGE('',*,*,#6149,.F.);
#4679=ORIENTED_EDGE('',*,*,#6227,.T.);
#4680=ORIENTED_EDGE('',*,*,#6155,.F.);
#4681=ORIENTED_EDGE('',*,*,#6229,.F.);
#4682=ORIENTED_EDGE('',*,*,#6052,.F.);
#4683=ORIENTED_EDGE('',*,*,#6228,.T.);
#4684=ORIENTED_EDGE('',*,*,#6037,.F.);
#4685=ORIENTED_EDGE('',*,*,#6230,.F.);
#4686=ORIENTED_EDGE('',*,*,#6150,.F.);
#4687=ORIENTED_EDGE('',*,*,#6229,.T.);
#4688=ORIENTED_EDGE('',*,*,#6154,.F.);
#4689=ORIENTED_EDGE('',*,*,#6231,.F.);
#4690=ORIENTED_EDGE('',*,*,#6049,.F.);
#4691=ORIENTED_EDGE('',*,*,#6230,.T.);
#4692=ORIENTED_EDGE('',*,*,#6040,.F.);
#4693=ORIENTED_EDGE('',*,*,#6232,.F.);
#4694=ORIENTED_EDGE('',*,*,#6151,.F.);
#4695=ORIENTED_EDGE('',*,*,#6231,.T.);
#4696=ORIENTED_EDGE('',*,*,#6153,.F.);
#4697=ORIENTED_EDGE('',*,*,#6233,.F.);
#4698=ORIENTED_EDGE('',*,*,#6046,.F.);
#4699=ORIENTED_EDGE('',*,*,#6232,.T.);
#4700=ORIENTED_EDGE('',*,*,#6043,.F.);
#4701=ORIENTED_EDGE('',*,*,#6233,.T.);
#4702=ORIENTED_EDGE('',*,*,#6152,.F.);
#4703=ORIENTED_EDGE('',*,*,#6234,.F.);
#4704=ORIENTED_EDGE('',*,*,#6125,.F.);
#4705=ORIENTED_EDGE('',*,*,#6235,.F.);
#4706=ORIENTED_EDGE('',*,*,#6062,.F.);
#4707=ORIENTED_EDGE('',*,*,#6235,.T.);
#4708=ORIENTED_EDGE('',*,*,#6124,.F.);
#4709=ORIENTED_EDGE('',*,*,#6236,.F.);
#4710=ORIENTED_EDGE('',*,*,#6059,.F.);
#4711=ORIENTED_EDGE('',*,*,#6234,.T.);
#4712=ORIENTED_EDGE('',*,*,#6065,.F.);
#4713=ORIENTED_EDGE('',*,*,#6237,.F.);
#4714=ORIENTED_EDGE('',*,*,#6126,.F.);
#4715=ORIENTED_EDGE('',*,*,#6236,.T.);
#4716=ORIENTED_EDGE('',*,*,#6123,.F.);
#4717=ORIENTED_EDGE('',*,*,#6238,.F.);
#4718=ORIENTED_EDGE('',*,*,#6055,.F.);
#4719=ORIENTED_EDGE('',*,*,#6237,.T.);
#4720=ORIENTED_EDGE('',*,*,#6068,.F.);
#4721=ORIENTED_EDGE('',*,*,#6239,.F.);
#4722=ORIENTED_EDGE('',*,*,#6127,.F.);
#4723=ORIENTED_EDGE('',*,*,#6238,.T.);
#4724=ORIENTED_EDGE('',*,*,#6122,.F.);
#4725=ORIENTED_EDGE('',*,*,#6240,.F.);
#4726=ORIENTED_EDGE('',*,*,#6110,.F.);
#4727=ORIENTED_EDGE('',*,*,#6239,.T.);
#4728=ORIENTED_EDGE('',*,*,#6071,.F.);
#4729=ORIENTED_EDGE('',*,*,#6241,.F.);
#4730=ORIENTED_EDGE('',*,*,#6128,.F.);
#4731=ORIENTED_EDGE('',*,*,#6240,.T.);
#4732=ORIENTED_EDGE('',*,*,#6121,.F.);
#4733=ORIENTED_EDGE('',*,*,#6242,.F.);
#4734=ORIENTED_EDGE('',*,*,#6098,.F.);
#4735=ORIENTED_EDGE('',*,*,#6241,.T.);
#4736=ORIENTED_EDGE('',*,*,#6074,.F.);
#4737=ORIENTED_EDGE('',*,*,#6243,.F.);
#4738=ORIENTED_EDGE('',*,*,#6129,.F.);
#4739=ORIENTED_EDGE('',*,*,#6242,.T.);
#4740=ORIENTED_EDGE('',*,*,#6120,.F.);
#4741=ORIENTED_EDGE('',*,*,#6244,.F.);
#4742=ORIENTED_EDGE('',*,*,#6095,.F.);
#4743=ORIENTED_EDGE('',*,*,#6243,.T.);
#4744=ORIENTED_EDGE('',*,*,#6077,.F.);
#4745=ORIENTED_EDGE('',*,*,#6245,.F.);
#4746=ORIENTED_EDGE('',*,*,#6114,.F.);
#4747=ORIENTED_EDGE('',*,*,#6244,.T.);
#4748=ORIENTED_EDGE('',*,*,#6119,.F.);
#4749=ORIENTED_EDGE('',*,*,#6246,.F.);
#4750=ORIENTED_EDGE('',*,*,#6092,.F.);
#4751=ORIENTED_EDGE('',*,*,#6245,.T.);
#4752=ORIENTED_EDGE('',*,*,#6080,.F.);
#4753=ORIENTED_EDGE('',*,*,#6247,.F.);
#4754=ORIENTED_EDGE('',*,*,#6115,.F.);
#4755=ORIENTED_EDGE('',*,*,#6246,.T.);
#4756=ORIENTED_EDGE('',*,*,#6118,.F.);
#4757=ORIENTED_EDGE('',*,*,#6248,.F.);
#4758=ORIENTED_EDGE('',*,*,#6089,.F.);
#4759=ORIENTED_EDGE('',*,*,#6247,.T.);
#4760=ORIENTED_EDGE('',*,*,#6083,.F.);
#4761=ORIENTED_EDGE('',*,*,#6249,.F.);
#4762=ORIENTED_EDGE('',*,*,#6116,.F.);
#4763=ORIENTED_EDGE('',*,*,#6248,.T.);
#4764=ORIENTED_EDGE('',*,*,#6117,.F.);
#4765=ORIENTED_EDGE('',*,*,#6249,.T.);
#4766=ORIENTED_EDGE('',*,*,#6086,.F.);
#4767=ORIENTED_EDGE('',*,*,#6107,.F.);
#4768=ORIENTED_EDGE('',*,*,#5741,.F.);
#4769=ORIENTED_EDGE('',*,*,#6250,.F.);
#4770=ORIENTED_EDGE('',*,*,#6164,.F.);
#4771=ORIENTED_EDGE('',*,*,#6250,.T.);
#4772=ORIENTED_EDGE('',*,*,#5858,.F.);
#4773=ORIENTED_EDGE('',*,*,#6251,.F.);
#4774=ORIENTED_EDGE('',*,*,#6165,.F.);
#4775=ORIENTED_EDGE('',*,*,#6251,.T.);
#4776=ORIENTED_EDGE('',*,*,#5949,.F.);
#4777=ORIENTED_EDGE('',*,*,#6252,.F.);
#4778=ORIENTED_EDGE('',*,*,#6166,.F.);
#4779=ORIENTED_EDGE('',*,*,#6252,.T.);
#4780=ORIENTED_EDGE('',*,*,#5771,.F.);
#4781=ORIENTED_EDGE('',*,*,#6253,.F.);
#4782=ORIENTED_EDGE('',*,*,#6167,.F.);
#4783=ORIENTED_EDGE('',*,*,#6253,.T.);
#4784=ORIENTED_EDGE('',*,*,#5775,.F.);
#4785=ORIENTED_EDGE('',*,*,#6254,.F.);
#4786=ORIENTED_EDGE('',*,*,#6168,.F.);
#4787=ORIENTED_EDGE('',*,*,#6254,.T.);
#4788=ORIENTED_EDGE('',*,*,#5778,.F.);
#4789=ORIENTED_EDGE('',*,*,#6255,.F.);
#4790=ORIENTED_EDGE('',*,*,#6169,.F.);
#4791=ORIENTED_EDGE('',*,*,#6255,.T.);
#4792=ORIENTED_EDGE('',*,*,#5781,.F.);
#4793=ORIENTED_EDGE('',*,*,#6256,.F.);
#4794=ORIENTED_EDGE('',*,*,#6170,.F.);
#4795=ORIENTED_EDGE('',*,*,#6256,.T.);
#4796=ORIENTED_EDGE('',*,*,#5784,.F.);
#4797=ORIENTED_EDGE('',*,*,#6257,.F.);
#4798=ORIENTED_EDGE('',*,*,#6171,.F.);
#4799=ORIENTED_EDGE('',*,*,#6257,.T.);
#4800=ORIENTED_EDGE('',*,*,#5787,.F.);
#4801=ORIENTED_EDGE('',*,*,#6258,.F.);
#4802=ORIENTED_EDGE('',*,*,#6172,.F.);
#4803=ORIENTED_EDGE('',*,*,#6258,.T.);
#4804=ORIENTED_EDGE('',*,*,#5790,.F.);
#4805=ORIENTED_EDGE('',*,*,#6259,.F.);
#4806=ORIENTED_EDGE('',*,*,#6173,.F.);
#4807=ORIENTED_EDGE('',*,*,#6259,.T.);
#4808=ORIENTED_EDGE('',*,*,#5793,.F.);
#4809=ORIENTED_EDGE('',*,*,#6260,.F.);
#4810=ORIENTED_EDGE('',*,*,#6174,.F.);
#4811=ORIENTED_EDGE('',*,*,#6260,.T.);
#4812=ORIENTED_EDGE('',*,*,#5796,.F.);
#4813=ORIENTED_EDGE('',*,*,#6261,.F.);
#4814=ORIENTED_EDGE('',*,*,#6175,.F.);
#4815=ORIENTED_EDGE('',*,*,#6261,.T.);
#4816=ORIENTED_EDGE('',*,*,#5799,.F.);
#4817=ORIENTED_EDGE('',*,*,#6262,.F.);
#4818=ORIENTED_EDGE('',*,*,#6176,.F.);
#4819=ORIENTED_EDGE('',*,*,#6262,.T.);
#4820=ORIENTED_EDGE('',*,*,#5802,.F.);
#4821=ORIENTED_EDGE('',*,*,#6263,.F.);
#4822=ORIENTED_EDGE('',*,*,#6177,.F.);
#4823=ORIENTED_EDGE('',*,*,#6263,.T.);
#4824=ORIENTED_EDGE('',*,*,#5805,.F.);
#4825=ORIENTED_EDGE('',*,*,#6264,.F.);
#4826=ORIENTED_EDGE('',*,*,#6178,.F.);
#4827=ORIENTED_EDGE('',*,*,#6264,.T.);
#4828=ORIENTED_EDGE('',*,*,#5808,.F.);
#4829=ORIENTED_EDGE('',*,*,#6265,.F.);
#4830=ORIENTED_EDGE('',*,*,#6179,.F.);
#4831=ORIENTED_EDGE('',*,*,#6265,.T.);
#4832=ORIENTED_EDGE('',*,*,#5811,.F.);
#4833=ORIENTED_EDGE('',*,*,#6266,.F.);
#4834=ORIENTED_EDGE('',*,*,#6180,.F.);
#4835=ORIENTED_EDGE('',*,*,#6266,.T.);
#4836=ORIENTED_EDGE('',*,*,#5814,.F.);
#4837=ORIENTED_EDGE('',*,*,#6267,.F.);
#4838=ORIENTED_EDGE('',*,*,#6181,.F.);
#4839=ORIENTED_EDGE('',*,*,#6267,.T.);
#4840=ORIENTED_EDGE('',*,*,#5817,.F.);
#4841=ORIENTED_EDGE('',*,*,#6268,.F.);
#4842=ORIENTED_EDGE('',*,*,#6182,.F.);
#4843=ORIENTED_EDGE('',*,*,#6268,.T.);
#4844=ORIENTED_EDGE('',*,*,#5820,.F.);
#4845=ORIENTED_EDGE('',*,*,#6269,.F.);
#4846=ORIENTED_EDGE('',*,*,#6183,.F.);
#4847=ORIENTED_EDGE('',*,*,#6269,.T.);
#4848=ORIENTED_EDGE('',*,*,#5823,.F.);
#4849=ORIENTED_EDGE('',*,*,#6270,.F.);
#4850=ORIENTED_EDGE('',*,*,#6184,.F.);
#4851=ORIENTED_EDGE('',*,*,#6270,.T.);
#4852=ORIENTED_EDGE('',*,*,#5826,.F.);
#4853=ORIENTED_EDGE('',*,*,#6271,.F.);
#4854=ORIENTED_EDGE('',*,*,#6185,.F.);
#4855=ORIENTED_EDGE('',*,*,#6271,.T.);
#4856=ORIENTED_EDGE('',*,*,#5829,.F.);
#4857=ORIENTED_EDGE('',*,*,#6272,.F.);
#4858=ORIENTED_EDGE('',*,*,#6186,.F.);
#4859=ORIENTED_EDGE('',*,*,#6272,.T.);
#4860=ORIENTED_EDGE('',*,*,#5832,.F.);
#4861=ORIENTED_EDGE('',*,*,#6273,.F.);
#4862=ORIENTED_EDGE('',*,*,#6187,.F.);
#4863=ORIENTED_EDGE('',*,*,#6273,.T.);
#4864=ORIENTED_EDGE('',*,*,#5835,.F.);
#4865=ORIENTED_EDGE('',*,*,#6274,.F.);
#4866=ORIENTED_EDGE('',*,*,#6188,.F.);
#4867=ORIENTED_EDGE('',*,*,#6274,.T.);
#4868=ORIENTED_EDGE('',*,*,#5838,.F.);
#4869=ORIENTED_EDGE('',*,*,#6275,.F.);
#4870=ORIENTED_EDGE('',*,*,#6189,.F.);
#4871=ORIENTED_EDGE('',*,*,#6275,.T.);
#4872=ORIENTED_EDGE('',*,*,#5841,.F.);
#4873=ORIENTED_EDGE('',*,*,#6276,.F.);
#4874=ORIENTED_EDGE('',*,*,#6190,.F.);
#4875=ORIENTED_EDGE('',*,*,#6276,.T.);
#4876=ORIENTED_EDGE('',*,*,#5844,.F.);
#4877=ORIENTED_EDGE('',*,*,#6277,.F.);
#4878=ORIENTED_EDGE('',*,*,#6191,.F.);
#4879=ORIENTED_EDGE('',*,*,#6277,.T.);
#4880=ORIENTED_EDGE('',*,*,#5847,.F.);
#4881=ORIENTED_EDGE('',*,*,#6278,.F.);
#4882=ORIENTED_EDGE('',*,*,#6192,.F.);
#4883=ORIENTED_EDGE('',*,*,#6278,.T.);
#4884=ORIENTED_EDGE('',*,*,#5850,.F.);
#4885=ORIENTED_EDGE('',*,*,#6279,.F.);
#4886=ORIENTED_EDGE('',*,*,#6193,.F.);
#4887=ORIENTED_EDGE('',*,*,#6279,.T.);
#4888=ORIENTED_EDGE('',*,*,#5853,.F.);
#4889=ORIENTED_EDGE('',*,*,#6280,.F.);
#4890=ORIENTED_EDGE('',*,*,#6194,.F.);
#4891=ORIENTED_EDGE('',*,*,#6280,.T.);
#4892=ORIENTED_EDGE('',*,*,#5855,.F.);
#4893=ORIENTED_EDGE('',*,*,#6281,.F.);
#4894=ORIENTED_EDGE('',*,*,#6162,.F.);
#4895=ORIENTED_EDGE('',*,*,#6101,.F.);
#4896=ORIENTED_EDGE('',*,*,#6163,.F.);
#4897=ORIENTED_EDGE('',*,*,#6281,.T.);
#4898=ORIENTED_EDGE('',*,*,#5744,.F.);
#4899=ORIENTED_EDGE('',*,*,#5959,.T.);
#4900=ORIENTED_EDGE('',*,*,#5947,.F.);
#4901=ORIENTED_EDGE('',*,*,#6282,.F.);
#4902=ORIENTED_EDGE('',*,*,#5762,.F.);
#4903=ORIENTED_EDGE('',*,*,#5763,.T.);
#4904=ORIENTED_EDGE('',*,*,#6282,.T.);
#4905=ORIENTED_EDGE('',*,*,#5946,.T.);
#4906=ORIENTED_EDGE('',*,*,#6283,.F.);
#4907=ORIENTED_EDGE('',*,*,#6283,.T.);
#4908=ORIENTED_EDGE('',*,*,#5952,.F.);
#4909=ORIENTED_EDGE('',*,*,#6284,.F.);
#4910=ORIENTED_EDGE('',*,*,#5764,.F.);
#4911=ORIENTED_EDGE('',*,*,#5765,.T.);
#4912=ORIENTED_EDGE('',*,*,#6284,.T.);
#4913=ORIENTED_EDGE('',*,*,#5951,.T.);
#4914=ORIENTED_EDGE('',*,*,#6285,.F.);
#4915=ORIENTED_EDGE('',*,*,#5766,.T.);
#4916=ORIENTED_EDGE('',*,*,#6285,.T.);
#4917=ORIENTED_EDGE('',*,*,#5950,.T.);
#4918=ORIENTED_EDGE('',*,*,#5758,.F.);
#4919=ORIENTED_EDGE('',*,*,#6286,.T.);
#4920=ORIENTED_EDGE('',*,*,#5957,.F.);
#4921=ORIENTED_EDGE('',*,*,#6286,.F.);
#4922=ORIENTED_EDGE('',*,*,#6287,.T.);
#4923=ORIENTED_EDGE('',*,*,#5956,.F.);
#4924=ORIENTED_EDGE('',*,*,#6287,.F.);
#4925=ORIENTED_EDGE('',*,*,#6288,.T.);
#4926=ORIENTED_EDGE('',*,*,#5955,.F.);
#4927=ORIENTED_EDGE('',*,*,#6288,.F.);
#4928=ORIENTED_EDGE('',*,*,#6289,.T.);
#4929=ORIENTED_EDGE('',*,*,#5954,.F.);
#4930=ORIENTED_EDGE('',*,*,#6289,.F.);
#4931=ORIENTED_EDGE('',*,*,#6290,.T.);
#4932=ORIENTED_EDGE('',*,*,#5953,.F.);
#4933=ORIENTED_EDGE('',*,*,#6290,.F.);
#4934=ORIENTED_EDGE('',*,*,#6291,.T.);
#4935=ORIENTED_EDGE('',*,*,#5754,.F.);
#4936=ORIENTED_EDGE('',*,*,#6291,.F.);
#4937=ORIENTED_EDGE('',*,*,#6292,.F.);
#4938=ORIENTED_EDGE('',*,*,#6201,.T.);
#4939=ORIENTED_EDGE('',*,*,#6292,.T.);
#4940=ORIENTED_EDGE('',*,*,#6293,.F.);
#4941=ORIENTED_EDGE('',*,*,#6200,.T.);
#4942=ORIENTED_EDGE('',*,*,#6293,.T.);
#4943=ORIENTED_EDGE('',*,*,#6294,.F.);
#4944=ORIENTED_EDGE('',*,*,#6199,.T.);
#4945=ORIENTED_EDGE('',*,*,#6294,.T.);
#4946=ORIENTED_EDGE('',*,*,#6295,.F.);
#4947=ORIENTED_EDGE('',*,*,#6198,.T.);
#4948=ORIENTED_EDGE('',*,*,#6295,.T.);
#4949=ORIENTED_EDGE('',*,*,#6296,.F.);
#4950=ORIENTED_EDGE('',*,*,#6197,.T.);
#4951=ORIENTED_EDGE('',*,*,#6296,.T.);
#4952=ORIENTED_EDGE('',*,*,#6297,.F.);
#4953=ORIENTED_EDGE('',*,*,#6196,.T.);
#4954=ORIENTED_EDGE('',*,*,#6297,.T.);
#4955=ORIENTED_EDGE('',*,*,#6298,.F.);
#4956=ORIENTED_EDGE('',*,*,#6195,.T.);
#4957=ORIENTED_EDGE('',*,*,#6298,.T.);
#4958=EDGE_CURVE('',#6299,#6299,#7173,.T.);
#4959=EDGE_CURVE('',#6300,#6301,#274,.T.);
#4960=EDGE_CURVE('',#6300,#6302,#275,.T.);
#4961=EDGE_CURVE('',#6303,#6302,#276,.T.);
#4962=EDGE_CURVE('',#6303,#6304,#7174,.T.);
#4963=EDGE_CURVE('',#6304,#6305,#277,.T.);
#4964=EDGE_CURVE('',#6306,#6305,#278,.T.);
#4965=EDGE_CURVE('',#6307,#6306,#279,.T.);
#4966=EDGE_CURVE('',#6301,#6307,#7175,.T.);
#4967=EDGE_CURVE('',#6308,#6309,#280,.T.);
#4968=EDGE_CURVE('',#6309,#6310,#281,.T.);
#4969=EDGE_CURVE('',#6311,#6310,#7176,.T.);
#4970=EDGE_CURVE('',#6311,#6312,#282,.T.);
#4971=EDGE_CURVE('',#6313,#6312,#7177,.T.);
#4972=EDGE_CURVE('',#6313,#6300,#283,.T.);
#4973=EDGE_CURVE('',#6301,#6314,#284,.T.);
#4974=EDGE_CURVE('',#6315,#6314,#285,.T.);
#4975=EDGE_CURVE('',#6308,#6315,#286,.T.);
#4976=EDGE_CURVE('',#6316,#6317,#7178,.T.);
#4977=EDGE_CURVE('',#6316,#6305,#287,.T.);
#4978=EDGE_CURVE('',#6318,#6304,#288,.T.);
#4979=EDGE_CURVE('',#6318,#6319,#289,.T.);
#4980=EDGE_CURVE('',#6319,#6320,#290,.T.);
#4981=EDGE_CURVE('',#6321,#6320,#291,.T.);
#4982=EDGE_CURVE('',#6322,#6321,#292,.T.);
#4983=EDGE_CURVE('',#6323,#6322,#7179,.T.);
#4984=EDGE_CURVE('',#6317,#6323,#293,.T.);
#4985=EDGE_CURVE('',#6306,#6324,#294,.T.);
#4986=EDGE_CURVE('',#6325,#6324,#7180,.T.);
#4987=EDGE_CURVE('',#6326,#6325,#295,.T.);
#4988=EDGE_CURVE('',#6327,#6326,#7181,.T.);
#4989=EDGE_CURVE('',#6328,#6327,#296,.T.);
#4990=EDGE_CURVE('',#6328,#6329,#297,.T.);
#4991=EDGE_CURVE('',#6329,#6330,#298,.T.);
#4992=EDGE_CURVE('',#6331,#6330,#299,.T.);
#4993=EDGE_CURVE('',#6307,#6331,#300,.T.);
#4994=EDGE_CURVE('',#6332,#6332,#7182,.T.);
#4995=EDGE_CURVE('',#6333,#6333,#7183,.T.);
#4996=EDGE_CURVE('',#6334,#6334,#7184,.T.);
#4997=EDGE_CURVE('',#6335,#6335,#7185,.T.);
#4998=EDGE_CURVE('',#6336,#6336,#7186,.T.);
#4999=EDGE_CURVE('',#6309,#6337,#301,.T.);
#5000=EDGE_CURVE('',#6338,#6308,#7187,.T.);
#5001=EDGE_CURVE('',#6338,#6339,#302,.T.);
#5002=EDGE_CURVE('',#6340,#6339,#7188,.T.);
#5003=EDGE_CURVE('',#6340,#6341,#303,.T.);
#5004=EDGE_CURVE('',#6342,#6341,#7189,.T.);
#5005=EDGE_CURVE('',#6343,#6342,#304,.T.);
#5006=EDGE_CURVE('',#6344,#6343,#7190,.T.);
#5007=EDGE_CURVE('',#6345,#6344,#305,.T.);
#5008=EDGE_CURVE('',#6345,#6346,#7191,.T.);
#5009=EDGE_CURVE('',#6347,#6346,#306,.T.);
#5010=EDGE_CURVE('',#6348,#6347,#7192,.T.);
#5011=EDGE_CURVE('',#6349,#6348,#307,.T.);
#5012=EDGE_CURVE('',#6350,#6349,#7193,.T.);
#5013=EDGE_CURVE('',#6350,#6351,#308,.T.);
#5014=EDGE_CURVE('',#6351,#6352,#7194,.T.);
#5015=EDGE_CURVE('',#6353,#6352,#309,.T.);
#5016=EDGE_CURVE('',#6354,#6353,#7195,.T.);
#5017=EDGE_CURVE('',#6354,#6355,#310,.T.);
#5018=EDGE_CURVE('',#6355,#6356,#7196,.T.);
#5019=EDGE_CURVE('',#6356,#6357,#311,.T.);
#5020=EDGE_CURVE('',#6358,#6357,#7197,.T.);
#5021=EDGE_CURVE('',#6359,#6358,#312,.T.);
#5022=EDGE_CURVE('',#6359,#6360,#7198,.T.);
#5023=EDGE_CURVE('',#6361,#6360,#313,.T.);
#5024=EDGE_CURVE('',#6362,#6361,#7199,.T.);
#5025=EDGE_CURVE('',#6363,#6362,#314,.T.);
#5026=EDGE_CURVE('',#6364,#6363,#7200,.T.);
#5027=EDGE_CURVE('',#6365,#6364,#315,.T.);
#5028=EDGE_CURVE('',#6365,#6329,#7201,.T.);
#5029=EDGE_CURVE('',#6328,#6321,#316,.T.);
#5030=EDGE_CURVE('',#6366,#6320,#7202,.T.);
#5031=EDGE_CURVE('',#6366,#6367,#317,.T.);
#5032=EDGE_CURVE('',#6367,#6368,#7203,.T.);
#5033=EDGE_CURVE('',#6368,#6369,#318,.T.);
#5034=EDGE_CURVE('',#6369,#6370,#7204,.T.);
#5035=EDGE_CURVE('',#6370,#6371,#319,.T.);
#5036=EDGE_CURVE('',#6372,#6371,#7205,.T.);
#5037=EDGE_CURVE('',#6372,#6373,#320,.T.);
#5038=EDGE_CURVE('',#6373,#6374,#7206,.T.);
#5039=EDGE_CURVE('',#6374,#6375,#321,.T.);
#5040=EDGE_CURVE('',#6376,#6375,#7207,.T.);
#5041=EDGE_CURVE('',#6376,#6377,#322,.T.);
#5042=EDGE_CURVE('',#6377,#6378,#7208,.T.);
#5043=EDGE_CURVE('',#6378,#6379,#323,.T.);
#5044=EDGE_CURVE('',#6380,#6379,#7209,.T.);
#5045=EDGE_CURVE('',#6380,#6381,#324,.T.);
#5046=EDGE_CURVE('',#6381,#6382,#7210,.T.);
#5047=EDGE_CURVE('',#6382,#6383,#325,.T.);
#5048=EDGE_CURVE('',#6383,#6384,#7211,.T.);
#5049=EDGE_CURVE('',#6385,#6384,#326,.T.);
#5050=EDGE_CURVE('',#6386,#6385,#7212,.T.);
#5051=EDGE_CURVE('',#6386,#6387,#327,.T.);
#5052=EDGE_CURVE('',#6387,#6388,#7213,.T.);
#5053=EDGE_CURVE('',#6389,#6388,#328,.T.);
#5054=EDGE_CURVE('',#6389,#6390,#7214,.T.);
#5055=EDGE_CURVE('',#6391,#6390,#329,.T.);
#5056=EDGE_CURVE('',#6391,#6392,#7215,.T.);
#5057=EDGE_CURVE('',#6393,#6392,#330,.T.);
#5058=EDGE_CURVE('',#6393,#6394,#7216,.T.);
#5059=EDGE_CURVE('',#6337,#6394,#331,.T.);
#5060=EDGE_CURVE('',#6395,#6366,#332,.T.);
#5061=EDGE_CURVE('',#6395,#6396,#333,.T.);
#5062=EDGE_CURVE('',#6396,#6367,#334,.T.);
#5063=EDGE_CURVE('',#6396,#6397,#7217,.T.);
#5064=EDGE_CURVE('',#6397,#6368,#335,.T.);
#5065=EDGE_CURVE('',#6397,#6398,#336,.T.);
#5066=EDGE_CURVE('',#6398,#6369,#337,.T.);
#5067=EDGE_CURVE('',#6398,#6399,#7218,.T.);
#5068=EDGE_CURVE('',#6399,#6370,#338,.T.);
#5069=EDGE_CURVE('',#6399,#6400,#339,.T.);
#5070=EDGE_CURVE('',#6400,#6371,#340,.T.);
#5071=EDGE_CURVE('',#6400,#6401,#7219,.F.);
#5072=EDGE_CURVE('',#6401,#6372,#341,.T.);
#5073=EDGE_CURVE('',#6401,#6402,#342,.T.);
#5074=EDGE_CURVE('',#6402,#6373,#343,.T.);
#5075=EDGE_CURVE('',#6402,#6403,#7220,.T.);
#5076=EDGE_CURVE('',#6403,#6374,#344,.T.);
#5077=EDGE_CURVE('',#6403,#6404,#345,.T.);
#5078=EDGE_CURVE('',#6404,#6375,#346,.T.);
#5079=EDGE_CURVE('',#6404,#6405,#7221,.F.);
#5080=EDGE_CURVE('',#6405,#6376,#347,.T.);
#5081=EDGE_CURVE('',#6405,#6406,#348,.T.);
#5082=EDGE_CURVE('',#6406,#6377,#349,.T.);
#5083=EDGE_CURVE('',#6406,#6407,#7222,.T.);
#5084=EDGE_CURVE('',#6407,#6378,#350,.T.);
#5085=EDGE_CURVE('',#6407,#6408,#351,.T.);
#5086=EDGE_CURVE('',#6408,#6379,#352,.T.);
#5087=EDGE_CURVE('',#6408,#6409,#7223,.F.);
#5088=EDGE_CURVE('',#6409,#6380,#353,.T.);
#5089=EDGE_CURVE('',#6409,#6410,#354,.T.);
#5090=EDGE_CURVE('',#6410,#6381,#355,.T.);
#5091=EDGE_CURVE('',#6410,#6411,#7224,.T.);
#5092=EDGE_CURVE('',#6411,#6382,#356,.T.);
#5093=EDGE_CURVE('',#6411,#6412,#357,.T.);
#5094=EDGE_CURVE('',#6412,#6383,#358,.T.);
#5095=EDGE_CURVE('',#6412,#6413,#7225,.T.);
#5096=EDGE_CURVE('',#6413,#6384,#359,.T.);
#5097=EDGE_CURVE('',#6413,#6414,#360,.F.);
#5098=EDGE_CURVE('',#6414,#6385,#361,.T.);
#5099=EDGE_CURVE('',#6414,#6415,#7226,.F.);
#5100=EDGE_CURVE('',#6415,#6386,#362,.T.);
#5101=EDGE_CURVE('',#6415,#6416,#363,.T.);
#5102=EDGE_CURVE('',#6416,#6387,#364,.T.);
#5103=EDGE_CURVE('',#6416,#6417,#7227,.T.);
#5104=EDGE_CURVE('',#6417,#6388,#365,.T.);
#5105=EDGE_CURVE('',#6417,#6418,#366,.F.);
#5106=EDGE_CURVE('',#6418,#6389,#367,.T.);
#5107=EDGE_CURVE('',#6418,#6419,#7228,.T.);
#5108=EDGE_CURVE('',#6419,#6390,#368,.T.);
#5109=EDGE_CURVE('',#6419,#6420,#369,.F.);
#5110=EDGE_CURVE('',#6420,#6391,#370,.T.);
#5111=EDGE_CURVE('',#6420,#6421,#7229,.T.);
#5112=EDGE_CURVE('',#6421,#6392,#371,.T.);
#5113=EDGE_CURVE('',#6421,#6422,#372,.F.);
#5114=EDGE_CURVE('',#6422,#6393,#373,.T.);
#5115=EDGE_CURVE('',#6422,#6423,#7230,.T.);
#5116=EDGE_CURVE('',#6423,#6394,#374,.T.);
#5117=EDGE_CURVE('',#6424,#6425,#7231,.T.);
#5118=EDGE_CURVE('',#6424,#6337,#375,.T.);
#5119=EDGE_CURVE('',#6423,#6426,#376,.F.);
#5120=EDGE_CURVE('',#6426,#6303,#377,.T.);
#5121=EDGE_CURVE('',#6302,#6427,#378,.T.);
#5122=EDGE_CURVE('',#6428,#6427,#7232,.T.);
#5123=EDGE_CURVE('',#6428,#6425,#379,.T.);
#5124=EDGE_CURVE('',#6426,#6318,#7233,.T.);
#5125=EDGE_CURVE('',#6319,#6395,#7234,.F.);
#5126=EDGE_CURVE('',#6429,#6429,#7235,.T.);
#5127=EDGE_CURVE('',#6430,#6430,#7236,.T.);
#5128=EDGE_CURVE('',#6431,#6431,#7237,.T.);
#5129=EDGE_CURVE('',#6432,#6432,#7238,.T.);
#5130=EDGE_CURVE('',#6433,#6433,#7239,.T.);
#5131=EDGE_CURVE('',#6434,#6434,#7240,.T.);
#5132=EDGE_CURVE('',#6435,#6436,#380,.F.);
#5133=EDGE_CURVE('',#6436,#6437,#7241,.T.);
#5134=EDGE_CURVE('',#6437,#6438,#381,.F.);
#5135=EDGE_CURVE('',#6438,#6439,#7242,.F.);
#5136=EDGE_CURVE('',#6439,#6440,#382,.F.);
#5137=EDGE_CURVE('',#6440,#6441,#7243,.T.);
#5138=EDGE_CURVE('',#6441,#6442,#383,.F.);
#5139=EDGE_CURVE('',#6442,#6443,#7244,.F.);
#5140=EDGE_CURVE('',#6443,#6444,#384,.F.);
#5141=EDGE_CURVE('',#6444,#6445,#7245,.F.);
#5142=EDGE_CURVE('',#6445,#6446,#385,.F.);
#5143=EDGE_CURVE('',#6446,#6447,#7246,.T.);
#5144=EDGE_CURVE('',#6447,#6448,#386,.F.);
#5145=EDGE_CURVE('',#6448,#6449,#7247,.F.);
#5146=EDGE_CURVE('',#6449,#6450,#387,.T.);
#5147=EDGE_CURVE('',#6450,#6451,#7248,.F.);
#5148=EDGE_CURVE('',#6451,#6452,#388,.T.);
#5149=EDGE_CURVE('',#6452,#6453,#7249,.F.);
#5150=EDGE_CURVE('',#6453,#6454,#389,.T.);
#5151=EDGE_CURVE('',#6454,#6455,#7250,.F.);
#5152=EDGE_CURVE('',#6455,#6456,#390,.T.);
#5153=EDGE_CURVE('',#6456,#6457,#7251,.F.);
#5154=EDGE_CURVE('',#6457,#6458,#391,.F.);
#5155=EDGE_CURVE('',#6458,#6459,#7252,.T.);
#5156=EDGE_CURVE('',#6459,#6460,#392,.T.);
#5157=EDGE_CURVE('',#6460,#6461,#7253,.F.);
#5158=EDGE_CURVE('',#6461,#6462,#393,.F.);
#5159=EDGE_CURVE('',#6462,#6463,#7254,.F.);
#5160=EDGE_CURVE('',#6463,#6464,#394,.F.);
#5161=EDGE_CURVE('',#6464,#6465,#7255,.T.);
#5162=EDGE_CURVE('',#6465,#6466,#395,.F.);
#5163=EDGE_CURVE('',#6466,#6435,#7256,.F.);
#5164=EDGE_CURVE('',#6467,#6468,#396,.T.);
#5165=EDGE_CURVE('',#6345,#6467,#397,.T.);
#5166=EDGE_CURVE('',#6344,#6468,#398,.T.);
#5167=EDGE_CURVE('',#6467,#6469,#7257,.T.);
#5168=EDGE_CURVE('',#6346,#6469,#399,.T.);
#5169=EDGE_CURVE('',#6470,#6469,#400,.T.);
#5170=EDGE_CURVE('',#6347,#6470,#401,.T.);
#5171=EDGE_CURVE('',#6471,#6470,#7258,.T.);
#5172=EDGE_CURVE('',#6348,#6471,#402,.T.);
#5173=EDGE_CURVE('',#6472,#6471,#403,.T.);
#5174=EDGE_CURVE('',#6349,#6472,#404,.T.);
#5175=EDGE_CURVE('',#6473,#6472,#7259,.T.);
#5176=EDGE_CURVE('',#6350,#6473,#405,.T.);
#5177=EDGE_CURVE('',#6473,#6474,#406,.T.);
#5178=EDGE_CURVE('',#6351,#6474,#407,.T.);
#5179=EDGE_CURVE('',#6474,#6475,#7260,.T.);
#5180=EDGE_CURVE('',#6352,#6475,#408,.T.);
#5181=EDGE_CURVE('',#6476,#6475,#409,.T.);
#5182=EDGE_CURVE('',#6353,#6476,#410,.T.);
#5183=EDGE_CURVE('',#6477,#6476,#7261,.T.);
#5184=EDGE_CURVE('',#6354,#6477,#411,.T.);
#5185=EDGE_CURVE('',#6477,#6478,#412,.T.);
#5186=EDGE_CURVE('',#6355,#6478,#413,.T.);
#5187=EDGE_CURVE('',#6478,#6479,#7262,.T.);
#5188=EDGE_CURVE('',#6356,#6479,#414,.T.);
#5189=EDGE_CURVE('',#6479,#6480,#415,.T.);
#5190=EDGE_CURVE('',#6357,#6480,#416,.T.);
#5191=EDGE_CURVE('',#6481,#6480,#7263,.T.);
#5192=EDGE_CURVE('',#6358,#6481,#417,.T.);
#5193=EDGE_CURVE('',#6482,#6481,#418,.T.);
#5194=EDGE_CURVE('',#6359,#6482,#419,.T.);
#5195=EDGE_CURVE('',#6482,#6483,#7264,.T.);
#5196=EDGE_CURVE('',#6360,#6483,#420,.T.);
#5197=EDGE_CURVE('',#6484,#6483,#421,.T.);
#5198=EDGE_CURVE('',#6361,#6484,#422,.T.);
#5199=EDGE_CURVE('',#6485,#6484,#7265,.T.);
#5200=EDGE_CURVE('',#6362,#6485,#423,.T.);
#5201=EDGE_CURVE('',#6486,#6485,#424,.T.);
#5202=EDGE_CURVE('',#6363,#6486,#425,.T.);
#5203=EDGE_CURVE('',#6487,#6486,#7266,.T.);
#5204=EDGE_CURVE('',#6364,#6487,#426,.T.);
#5205=EDGE_CURVE('',#6488,#6487,#427,.T.);
#5206=EDGE_CURVE('',#6365,#6488,#428,.T.);
#5207=EDGE_CURVE('',#6488,#6330,#7267,.T.);
#5208=EDGE_CURVE('',#6314,#6331,#7268,.T.);
#5209=EDGE_CURVE('',#6489,#6315,#7269,.T.);
#5210=EDGE_CURVE('',#6338,#6489,#429,.T.);
#5211=EDGE_CURVE('',#6489,#6490,#430,.T.);
#5212=EDGE_CURVE('',#6339,#6490,#431,.T.);
#5213=EDGE_CURVE('',#6491,#6490,#7270,.T.);
#5214=EDGE_CURVE('',#6340,#6491,#432,.T.);
#5215=EDGE_CURVE('',#6491,#6492,#433,.T.);
#5216=EDGE_CURVE('',#6341,#6492,#434,.T.);
#5217=EDGE_CURVE('',#6493,#6492,#7271,.T.);
#5218=EDGE_CURVE('',#6342,#6493,#435,.T.);
#5219=EDGE_CURVE('',#6494,#6493,#436,.T.);
#5220=EDGE_CURVE('',#6343,#6494,#437,.T.);
#5221=EDGE_CURVE('',#6468,#6494,#7272,.T.);
#5222=EDGE_CURVE('',#6421,#6452,#7273,.T.);
#5223=EDGE_CURVE('',#6453,#6420,#7274,.T.);
#5224=EDGE_CURVE('',#6454,#6419,#7275,.T.);
#5225=EDGE_CURVE('',#6422,#6451,#7276,.T.);
#5226=EDGE_CURVE('',#6455,#6418,#7277,.T.);
#5227=EDGE_CURVE('',#6423,#6450,#7278,.T.);
#5228=EDGE_CURVE('',#6456,#6417,#7279,.T.);
#5229=EDGE_CURVE('',#6426,#6449,#7280,.T.);
#5230=EDGE_CURVE('',#6457,#6416,#7281,.T.);
#5231=EDGE_CURVE('',#6318,#6448,#7282,.T.);
#5232=EDGE_CURVE('',#6458,#6415,#7283,.T.);
#5233=EDGE_CURVE('',#6319,#6447,#7284,.T.);
#5234=EDGE_CURVE('',#6459,#6414,#7285,.T.);
#5235=EDGE_CURVE('',#6395,#6446,#7286,.T.);
#5236=EDGE_CURVE('',#6460,#6413,#7287,.T.);
#5237=EDGE_CURVE('',#6396,#6445,#7288,.T.);
#5238=EDGE_CURVE('',#6461,#6412,#7289,.T.);
#5239=EDGE_CURVE('',#6397,#6444,#7290,.T.);
#5240=EDGE_CURVE('',#6462,#6411,#7291,.T.);
#5241=EDGE_CURVE('',#6398,#6443,#7292,.T.);
#5242=EDGE_CURVE('',#6463,#6410,#7293,.T.);
#5243=EDGE_CURVE('',#6399,#6442,#7294,.T.);
#5244=EDGE_CURVE('',#6464,#6409,#7295,.T.);
#5245=EDGE_CURVE('',#6400,#6441,#7296,.T.);
#5246=EDGE_CURVE('',#6465,#6408,#7297,.T.);
#5247=EDGE_CURVE('',#6401,#6440,#7298,.T.);
#5248=EDGE_CURVE('',#6466,#6407,#7299,.T.);
#5249=EDGE_CURVE('',#6402,#6439,#7300,.T.);
#5250=EDGE_CURVE('',#6435,#6406,#7301,.T.);
#5251=EDGE_CURVE('',#6403,#6438,#7302,.T.);
#5252=EDGE_CURVE('',#6436,#6405,#7303,.T.);
#5253=EDGE_CURVE('',#6404,#6437,#7304,.T.);
#5254=EDGE_CURVE('',#6324,#6316,#438,.T.);
#5255=EDGE_CURVE('',#6325,#6317,#439,.T.);
#5256=EDGE_CURVE('',#6326,#6323,#440,.T.);
#5257=EDGE_CURVE('',#6327,#6322,#441,.T.);
#5258=EDGE_CURVE('',#6310,#6424,#442,.T.);
#5259=EDGE_CURVE('',#6311,#6425,#443,.T.);
#5260=EDGE_CURVE('',#6312,#6428,#444,.T.);
#5261=EDGE_CURVE('',#6313,#6427,#445,.T.);
#5262=EDGE_CURVE('',#6495,#6496,#446,.T.);
#5263=EDGE_CURVE('',#6495,#6497,#447,.T.);
#5264=EDGE_CURVE('',#6497,#6498,#448,.T.);
#5265=EDGE_CURVE('',#6496,#6498,#449,.T.);
#5266=EDGE_CURVE('',#6499,#6499,#7305,.T.);
#5267=EDGE_CURVE('',#6500,#6500,#7306,.T.);
#5268=EDGE_CURVE('',#6501,#6502,#450,.T.);
#5269=EDGE_CURVE('',#6501,#6503,#451,.T.);
#5270=EDGE_CURVE('',#6503,#6504,#452,.T.);
#5271=EDGE_CURVE('',#6502,#6504,#453,.T.);
#5272=EDGE_CURVE('',#6505,#6506,#454,.T.);
#5273=EDGE_CURVE('',#6505,#6507,#455,.T.);
#5274=EDGE_CURVE('',#6507,#6508,#456,.T.);
#5275=EDGE_CURVE('',#6506,#6508,#457,.T.);
#5276=EDGE_CURVE('',#6509,#6510,#458,.T.);
#5277=EDGE_CURVE('',#6509,#6511,#459,.T.);
#5278=EDGE_CURVE('',#6511,#6512,#460,.T.);
#5279=EDGE_CURVE('',#6510,#6512,#461,.T.);
#5280=EDGE_CURVE('',#6513,#6514,#462,.T.);
#5281=EDGE_CURVE('',#6513,#6515,#463,.T.);
#5282=EDGE_CURVE('',#6515,#6516,#464,.T.);
#5283=EDGE_CURVE('',#6514,#6516,#465,.T.);
#5284=EDGE_CURVE('',#6517,#6518,#466,.T.);
#5285=EDGE_CURVE('',#6517,#6519,#467,.T.);
#5286=EDGE_CURVE('',#6519,#6520,#468,.T.);
#5287=EDGE_CURVE('',#6518,#6520,#469,.T.);
#5288=EDGE_CURVE('',#6521,#6522,#470,.T.);
#5289=EDGE_CURVE('',#6521,#6523,#471,.T.);
#5290=EDGE_CURVE('',#6523,#6524,#472,.T.);
#5291=EDGE_CURVE('',#6522,#6524,#473,.T.);
#5292=EDGE_CURVE('',#6525,#6526,#474,.T.);
#5293=EDGE_CURVE('',#6525,#6527,#475,.T.);
#5294=EDGE_CURVE('',#6527,#6528,#476,.T.);
#5295=EDGE_CURVE('',#6526,#6528,#477,.T.);
#5296=EDGE_CURVE('',#6529,#6530,#478,.T.);
#5297=EDGE_CURVE('',#6529,#6531,#479,.T.);
#5298=EDGE_CURVE('',#6531,#6532,#480,.T.);
#5299=EDGE_CURVE('',#6530,#6532,#481,.T.);
#5300=EDGE_CURVE('',#6533,#6534,#482,.T.);
#5301=EDGE_CURVE('',#6533,#6535,#483,.T.);
#5302=EDGE_CURVE('',#6535,#6536,#484,.T.);
#5303=EDGE_CURVE('',#6534,#6536,#485,.T.);
#5304=EDGE_CURVE('',#6537,#6538,#486,.T.);
#5305=EDGE_CURVE('',#6537,#6539,#487,.T.);
#5306=EDGE_CURVE('',#6539,#6540,#488,.T.);
#5307=EDGE_CURVE('',#6538,#6540,#489,.T.);
#5308=EDGE_CURVE('',#6541,#6542,#490,.T.);
#5309=EDGE_CURVE('',#6541,#6543,#491,.T.);
#5310=EDGE_CURVE('',#6543,#6544,#492,.T.);
#5311=EDGE_CURVE('',#6542,#6544,#493,.T.);
#5312=EDGE_CURVE('',#6545,#6546,#494,.T.);
#5313=EDGE_CURVE('',#6545,#6547,#495,.T.);
#5314=EDGE_CURVE('',#6547,#6548,#496,.T.);
#5315=EDGE_CURVE('',#6546,#6548,#497,.T.);
#5316=EDGE_CURVE('',#6549,#6550,#498,.T.);
#5317=EDGE_CURVE('',#6549,#6551,#499,.T.);
#5318=EDGE_CURVE('',#6551,#6552,#500,.T.);
#5319=EDGE_CURVE('',#6550,#6552,#501,.T.);
#5320=EDGE_CURVE('',#6553,#6554,#502,.T.);
#5321=EDGE_CURVE('',#6553,#6555,#503,.T.);
#5322=EDGE_CURVE('',#6555,#6556,#504,.T.);
#5323=EDGE_CURVE('',#6554,#6556,#505,.T.);
#5324=EDGE_CURVE('',#6557,#6558,#506,.T.);
#5325=EDGE_CURVE('',#6557,#6559,#507,.T.);
#5326=EDGE_CURVE('',#6559,#6560,#508,.T.);
#5327=EDGE_CURVE('',#6558,#6560,#509,.T.);
#5328=EDGE_CURVE('',#6561,#6562,#510,.T.);
#5329=EDGE_CURVE('',#6561,#6563,#511,.T.);
#5330=EDGE_CURVE('',#6563,#6564,#512,.T.);
#5331=EDGE_CURVE('',#6562,#6564,#513,.T.);
#5332=EDGE_CURVE('',#6565,#6566,#514,.T.);
#5333=EDGE_CURVE('',#6565,#6567,#515,.T.);
#5334=EDGE_CURVE('',#6567,#6568,#516,.T.);
#5335=EDGE_CURVE('',#6566,#6568,#517,.T.);
#5336=EDGE_CURVE('',#6569,#6570,#518,.T.);
#5337=EDGE_CURVE('',#6569,#6571,#519,.T.);
#5338=EDGE_CURVE('',#6571,#6572,#520,.T.);
#5339=EDGE_CURVE('',#6570,#6572,#521,.T.);
#5340=EDGE_CURVE('',#6573,#6574,#522,.T.);
#5341=EDGE_CURVE('',#6573,#6575,#523,.T.);
#5342=EDGE_CURVE('',#6575,#6576,#524,.T.);
#5343=EDGE_CURVE('',#6574,#6576,#525,.T.);
#5344=EDGE_CURVE('',#6577,#6578,#526,.T.);
#5345=EDGE_CURVE('',#6577,#6579,#527,.T.);
#5346=EDGE_CURVE('',#6579,#6580,#528,.T.);
#5347=EDGE_CURVE('',#6578,#6580,#529,.T.);
#5348=EDGE_CURVE('',#6581,#6582,#530,.T.);
#5349=EDGE_CURVE('',#6581,#6583,#531,.T.);
#5350=EDGE_CURVE('',#6583,#6584,#532,.T.);
#5351=EDGE_CURVE('',#6582,#6584,#533,.T.);
#5352=EDGE_CURVE('',#6585,#6586,#534,.T.);
#5353=EDGE_CURVE('',#6585,#6587,#535,.T.);
#5354=EDGE_CURVE('',#6587,#6588,#536,.T.);
#5355=EDGE_CURVE('',#6586,#6588,#537,.T.);
#5356=EDGE_CURVE('',#6589,#6590,#538,.T.);
#5357=EDGE_CURVE('',#6589,#6591,#539,.T.);
#5358=EDGE_CURVE('',#6591,#6592,#540,.T.);
#5359=EDGE_CURVE('',#6590,#6592,#541,.T.);
#5360=EDGE_CURVE('',#6593,#6594,#542,.T.);
#5361=EDGE_CURVE('',#6593,#6595,#543,.T.);
#5362=EDGE_CURVE('',#6595,#6596,#544,.T.);
#5363=EDGE_CURVE('',#6594,#6596,#545,.T.);
#5364=EDGE_CURVE('',#6597,#6598,#546,.T.);
#5365=EDGE_CURVE('',#6597,#6599,#547,.T.);
#5366=EDGE_CURVE('',#6599,#6600,#548,.T.);
#5367=EDGE_CURVE('',#6598,#6600,#549,.T.);
#5368=EDGE_CURVE('',#6601,#6602,#550,.T.);
#5369=EDGE_CURVE('',#6601,#6603,#551,.T.);
#5370=EDGE_CURVE('',#6603,#6604,#552,.T.);
#5371=EDGE_CURVE('',#6602,#6604,#553,.T.);
#5372=EDGE_CURVE('',#6605,#6606,#554,.T.);
#5373=EDGE_CURVE('',#6605,#6607,#555,.T.);
#5374=EDGE_CURVE('',#6607,#6608,#556,.T.);
#5375=EDGE_CURVE('',#6606,#6608,#557,.T.);
#5376=EDGE_CURVE('',#6609,#6610,#558,.T.);
#5377=EDGE_CURVE('',#6609,#6611,#559,.T.);
#5378=EDGE_CURVE('',#6611,#6612,#560,.T.);
#5379=EDGE_CURVE('',#6610,#6612,#561,.T.);
#5380=EDGE_CURVE('',#6613,#6613,#7307,.T.);
#5381=EDGE_CURVE('',#6614,#6614,#7308,.T.);
#5382=EDGE_CURVE('',#6615,#6615,#7309,.T.);
#5383=EDGE_CURVE('',#6616,#6616,#7310,.T.);
#5384=EDGE_CURVE('',#6617,#6617,#7311,.T.);
#5385=EDGE_CURVE('',#6618,#6619,#562,.T.);
#5386=EDGE_CURVE('',#6619,#6495,#563,.T.);
#5387=EDGE_CURVE('',#6620,#6496,#7312,.T.);
#5388=EDGE_CURVE('',#6620,#6621,#564,.T.);
#5389=EDGE_CURVE('',#6621,#6622,#7313,.T.);
#5390=EDGE_CURVE('',#6622,#6623,#565,.T.);
#5391=EDGE_CURVE('',#6623,#6624,#7314,.T.);
#5392=EDGE_CURVE('',#6624,#6625,#566,.T.);
#5393=EDGE_CURVE('',#6626,#6625,#7315,.T.);
#5394=EDGE_CURVE('',#6626,#6627,#567,.T.);
#5395=EDGE_CURVE('',#6627,#6628,#7316,.T.);
#5396=EDGE_CURVE('',#6628,#6629,#568,.T.);
#5397=EDGE_CURVE('',#6630,#6629,#7317,.T.);
#5398=EDGE_CURVE('',#6630,#6631,#569,.T.);
#5399=EDGE_CURVE('',#6631,#6632,#7318,.T.);
#5400=EDGE_CURVE('',#6632,#6633,#570,.T.);
#5401=EDGE_CURVE('',#6634,#6633,#7319,.T.);
#5402=EDGE_CURVE('',#6634,#6635,#571,.T.);
#5403=EDGE_CURVE('',#6635,#6636,#7320,.T.);
#5404=EDGE_CURVE('',#6636,#6637,#572,.T.);
#5405=EDGE_CURVE('',#6637,#6638,#7321,.T.);
#5406=EDGE_CURVE('',#6638,#6639,#573,.T.);
#5407=EDGE_CURVE('',#6640,#6639,#7322,.T.);
#5408=EDGE_CURVE('',#6640,#6641,#574,.T.);
#5409=EDGE_CURVE('',#6641,#6642,#7323,.T.);
#5410=EDGE_CURVE('',#6642,#6643,#575,.T.);
#5411=EDGE_CURVE('',#6643,#6644,#7324,.T.);
#5412=EDGE_CURVE('',#6644,#6645,#576,.T.);
#5413=EDGE_CURVE('',#6645,#6646,#7325,.T.);
#5414=EDGE_CURVE('',#6646,#6647,#577,.T.);
#5415=EDGE_CURVE('',#6647,#6648,#7326,.T.);
#5416=EDGE_CURVE('',#6649,#6648,#578,.T.);
#5417=EDGE_CURVE('',#6649,#6650,#7327,.T.);
#5418=EDGE_CURVE('',#6651,#6650,#579,.T.);
#5419=EDGE_CURVE('',#6652,#6651,#580,.T.);
#5420=EDGE_CURVE('',#6652,#6653,#581,.T.);
#5421=EDGE_CURVE('',#6653,#6654,#7328,.T.);
#5422=EDGE_CURVE('',#6654,#6655,#582,.T.);
#5423=EDGE_CURVE('',#6655,#6656,#7329,.T.);
#5424=EDGE_CURVE('',#6656,#6657,#583,.T.);
#5425=EDGE_CURVE('',#6618,#6657,#584,.T.);
#5426=EDGE_CURVE('',#6658,#6659,#585,.T.);
#5427=EDGE_CURVE('',#6609,#6658,#586,.T.);
#5428=EDGE_CURVE('',#6610,#6659,#587,.T.);
#5429=EDGE_CURVE('',#6658,#6660,#588,.T.);
#5430=EDGE_CURVE('',#6611,#6660,#589,.T.);
#5431=EDGE_CURVE('',#6660,#6661,#590,.T.);
#5432=EDGE_CURVE('',#6612,#6661,#591,.T.);
#5433=EDGE_CURVE('',#6662,#6663,#592,.T.);
#5434=EDGE_CURVE('',#6605,#6662,#593,.T.);
#5435=EDGE_CURVE('',#6606,#6663,#594,.T.);
#5436=EDGE_CURVE('',#6662,#6664,#595,.T.);
#5437=EDGE_CURVE('',#6607,#6664,#596,.T.);
#5438=EDGE_CURVE('',#6664,#6665,#597,.T.);
#5439=EDGE_CURVE('',#6608,#6665,#598,.T.);
#5440=EDGE_CURVE('',#6666,#6667,#599,.T.);
#5441=EDGE_CURVE('',#6601,#6666,#600,.T.);
#5442=EDGE_CURVE('',#6602,#6667,#601,.T.);
#5443=EDGE_CURVE('',#6666,#6668,#602,.T.);
#5444=EDGE_CURVE('',#6603,#6668,#603,.T.);
#5445=EDGE_CURVE('',#6668,#6669,#604,.T.);
#5446=EDGE_CURVE('',#6604,#6669,#605,.T.);
#5447=EDGE_CURVE('',#6670,#6671,#606,.T.);
#5448=EDGE_CURVE('',#6597,#6670,#607,.T.);
#5449=EDGE_CURVE('',#6598,#6671,#608,.T.);
#5450=EDGE_CURVE('',#6670,#6672,#609,.T.);
#5451=EDGE_CURVE('',#6599,#6672,#610,.T.);
#5452=EDGE_CURVE('',#6672,#6673,#611,.T.);
#5453=EDGE_CURVE('',#6600,#6673,#612,.T.);
#5454=EDGE_CURVE('',#6674,#6675,#613,.T.);
#5455=EDGE_CURVE('',#6593,#6674,#614,.T.);
#5456=EDGE_CURVE('',#6594,#6675,#615,.T.);
#5457=EDGE_CURVE('',#6674,#6676,#616,.T.);
#5458=EDGE_CURVE('',#6595,#6676,#617,.T.);
#5459=EDGE_CURVE('',#6676,#6677,#618,.T.);
#5460=EDGE_CURVE('',#6596,#6677,#619,.T.);
#5461=EDGE_CURVE('',#6678,#6679,#620,.T.);
#5462=EDGE_CURVE('',#6589,#6678,#621,.T.);
#5463=EDGE_CURVE('',#6590,#6679,#622,.T.);
#5464=EDGE_CURVE('',#6678,#6680,#623,.T.);
#5465=EDGE_CURVE('',#6591,#6680,#624,.T.);
#5466=EDGE_CURVE('',#6680,#6681,#625,.T.);
#5467=EDGE_CURVE('',#6592,#6681,#626,.T.);
#5468=EDGE_CURVE('',#6682,#6683,#627,.T.);
#5469=EDGE_CURVE('',#6585,#6682,#628,.T.);
#5470=EDGE_CURVE('',#6586,#6683,#629,.T.);
#5471=EDGE_CURVE('',#6682,#6684,#630,.T.);
#5472=EDGE_CURVE('',#6587,#6684,#631,.T.);
#5473=EDGE_CURVE('',#6684,#6685,#632,.T.);
#5474=EDGE_CURVE('',#6588,#6685,#633,.T.);
#5475=EDGE_CURVE('',#6686,#6687,#634,.T.);
#5476=EDGE_CURVE('',#6581,#6686,#635,.T.);
#5477=EDGE_CURVE('',#6582,#6687,#636,.T.);
#5478=EDGE_CURVE('',#6686,#6688,#637,.T.);
#5479=EDGE_CURVE('',#6583,#6688,#638,.T.);
#5480=EDGE_CURVE('',#6688,#6689,#639,.T.);
#5481=EDGE_CURVE('',#6584,#6689,#640,.T.);
#5482=EDGE_CURVE('',#6690,#6691,#641,.T.);
#5483=EDGE_CURVE('',#6577,#6690,#642,.T.);
#5484=EDGE_CURVE('',#6578,#6691,#643,.T.);
#5485=EDGE_CURVE('',#6690,#6692,#644,.T.);
#5486=EDGE_CURVE('',#6579,#6692,#645,.T.);
#5487=EDGE_CURVE('',#6692,#6693,#646,.T.);
#5488=EDGE_CURVE('',#6580,#6693,#647,.T.);
#5489=EDGE_CURVE('',#6694,#6695,#648,.T.);
#5490=EDGE_CURVE('',#6573,#6694,#649,.T.);
#5491=EDGE_CURVE('',#6574,#6695,#650,.T.);
#5492=EDGE_CURVE('',#6694,#6696,#651,.T.);
#5493=EDGE_CURVE('',#6575,#6696,#652,.T.);
#5494=EDGE_CURVE('',#6696,#6697,#653,.T.);
#5495=EDGE_CURVE('',#6576,#6697,#654,.T.);
#5496=EDGE_CURVE('',#6698,#6699,#655,.T.);
#5497=EDGE_CURVE('',#6569,#6698,#656,.T.);
#5498=EDGE_CURVE('',#6570,#6699,#657,.T.);
#5499=EDGE_CURVE('',#6698,#6700,#658,.T.);
#5500=EDGE_CURVE('',#6571,#6700,#659,.T.);
#5501=EDGE_CURVE('',#6700,#6701,#660,.T.);
#5502=EDGE_CURVE('',#6572,#6701,#661,.T.);
#5503=EDGE_CURVE('',#6702,#6703,#662,.T.);
#5504=EDGE_CURVE('',#6565,#6702,#663,.T.);
#5505=EDGE_CURVE('',#6566,#6703,#664,.T.);
#5506=EDGE_CURVE('',#6702,#6704,#665,.T.);
#5507=EDGE_CURVE('',#6567,#6704,#666,.T.);
#5508=EDGE_CURVE('',#6704,#6705,#667,.T.);
#5509=EDGE_CURVE('',#6568,#6705,#668,.T.);
#5510=EDGE_CURVE('',#6706,#6707,#669,.T.);
#5511=EDGE_CURVE('',#6561,#6706,#670,.T.);
#5512=EDGE_CURVE('',#6562,#6707,#671,.T.);
#5513=EDGE_CURVE('',#6706,#6708,#672,.T.);
#5514=EDGE_CURVE('',#6563,#6708,#673,.T.);
#5515=EDGE_CURVE('',#6708,#6709,#674,.T.);
#5516=EDGE_CURVE('',#6564,#6709,#675,.T.);
#5517=EDGE_CURVE('',#6710,#6711,#676,.T.);
#5518=EDGE_CURVE('',#6557,#6710,#677,.T.);
#5519=EDGE_CURVE('',#6558,#6711,#678,.T.);
#5520=EDGE_CURVE('',#6710,#6712,#679,.T.);
#5521=EDGE_CURVE('',#6559,#6712,#680,.T.);
#5522=EDGE_CURVE('',#6712,#6713,#681,.T.);
#5523=EDGE_CURVE('',#6560,#6713,#682,.T.);
#5524=EDGE_CURVE('',#6714,#6715,#683,.T.);
#5525=EDGE_CURVE('',#6553,#6714,#684,.T.);
#5526=EDGE_CURVE('',#6554,#6715,#685,.T.);
#5527=EDGE_CURVE('',#6714,#6716,#686,.T.);
#5528=EDGE_CURVE('',#6555,#6716,#687,.T.);
#5529=EDGE_CURVE('',#6716,#6717,#688,.T.);
#5530=EDGE_CURVE('',#6556,#6717,#689,.T.);
#5531=EDGE_CURVE('',#6718,#6719,#690,.T.);
#5532=EDGE_CURVE('',#6549,#6718,#691,.T.);
#5533=EDGE_CURVE('',#6550,#6719,#692,.T.);
#5534=EDGE_CURVE('',#6718,#6720,#693,.T.);
#5535=EDGE_CURVE('',#6551,#6720,#694,.T.);
#5536=EDGE_CURVE('',#6720,#6721,#695,.T.);
#5537=EDGE_CURVE('',#6552,#6721,#696,.T.);
#5538=EDGE_CURVE('',#6722,#6723,#697,.T.);
#5539=EDGE_CURVE('',#6545,#6722,#698,.T.);
#5540=EDGE_CURVE('',#6546,#6723,#699,.T.);
#5541=EDGE_CURVE('',#6722,#6724,#700,.T.);
#5542=EDGE_CURVE('',#6547,#6724,#701,.T.);
#5543=EDGE_CURVE('',#6724,#6725,#702,.T.);
#5544=EDGE_CURVE('',#6548,#6725,#703,.T.);
#5545=EDGE_CURVE('',#6726,#6727,#704,.T.);
#5546=EDGE_CURVE('',#6541,#6726,#705,.T.);
#5547=EDGE_CURVE('',#6542,#6727,#706,.T.);
#5548=EDGE_CURVE('',#6726,#6728,#707,.T.);
#5549=EDGE_CURVE('',#6543,#6728,#708,.T.);
#5550=EDGE_CURVE('',#6728,#6729,#709,.T.);
#5551=EDGE_CURVE('',#6544,#6729,#710,.T.);
#5552=EDGE_CURVE('',#6730,#6731,#711,.T.);
#5553=EDGE_CURVE('',#6537,#6730,#712,.T.);
#5554=EDGE_CURVE('',#6538,#6731,#713,.T.);
#5555=EDGE_CURVE('',#6730,#6732,#714,.T.);
#5556=EDGE_CURVE('',#6539,#6732,#715,.T.);
#5557=EDGE_CURVE('',#6732,#6733,#716,.T.);
#5558=EDGE_CURVE('',#6540,#6733,#717,.T.);
#5559=EDGE_CURVE('',#6734,#6735,#718,.T.);
#5560=EDGE_CURVE('',#6533,#6734,#719,.T.);
#5561=EDGE_CURVE('',#6534,#6735,#720,.T.);
#5562=EDGE_CURVE('',#6734,#6736,#721,.T.);
#5563=EDGE_CURVE('',#6535,#6736,#722,.T.);
#5564=EDGE_CURVE('',#6736,#6737,#723,.T.);
#5565=EDGE_CURVE('',#6536,#6737,#724,.T.);
#5566=EDGE_CURVE('',#6738,#6739,#725,.T.);
#5567=EDGE_CURVE('',#6529,#6738,#726,.T.);
#5568=EDGE_CURVE('',#6530,#6739,#727,.T.);
#5569=EDGE_CURVE('',#6738,#6740,#728,.T.);
#5570=EDGE_CURVE('',#6531,#6740,#729,.T.);
#5571=EDGE_CURVE('',#6740,#6741,#730,.T.);
#5572=EDGE_CURVE('',#6532,#6741,#731,.T.);
#5573=EDGE_CURVE('',#6742,#6743,#732,.T.);
#5574=EDGE_CURVE('',#6525,#6742,#733,.T.);
#5575=EDGE_CURVE('',#6526,#6743,#734,.T.);
#5576=EDGE_CURVE('',#6742,#6744,#735,.T.);
#5577=EDGE_CURVE('',#6527,#6744,#736,.T.);
#5578=EDGE_CURVE('',#6744,#6745,#737,.T.);
#5579=EDGE_CURVE('',#6528,#6745,#738,.T.);
#5580=EDGE_CURVE('',#6746,#6747,#739,.T.);
#5581=EDGE_CURVE('',#6521,#6746,#740,.T.);
#5582=EDGE_CURVE('',#6522,#6747,#741,.T.);
#5583=EDGE_CURVE('',#6746,#6748,#742,.T.);
#5584=EDGE_CURVE('',#6523,#6748,#743,.T.);
#5585=EDGE_CURVE('',#6748,#6749,#744,.T.);
#5586=EDGE_CURVE('',#6524,#6749,#745,.T.);
#5587=EDGE_CURVE('',#6750,#6751,#746,.T.);
#5588=EDGE_CURVE('',#6517,#6750,#747,.T.);
#5589=EDGE_CURVE('',#6518,#6751,#748,.T.);
#5590=EDGE_CURVE('',#6750,#6752,#749,.T.);
#5591=EDGE_CURVE('',#6519,#6752,#750,.T.);
#5592=EDGE_CURVE('',#6752,#6753,#751,.T.);
#5593=EDGE_CURVE('',#6520,#6753,#752,.T.);
#5594=EDGE_CURVE('',#6754,#6755,#753,.T.);
#5595=EDGE_CURVE('',#6513,#6754,#754,.T.);
#5596=EDGE_CURVE('',#6514,#6755,#755,.T.);
#5597=EDGE_CURVE('',#6754,#6756,#756,.T.);
#5598=EDGE_CURVE('',#6515,#6756,#757,.T.);
#5599=EDGE_CURVE('',#6756,#6757,#758,.T.);
#5600=EDGE_CURVE('',#6516,#6757,#759,.T.);
#5601=EDGE_CURVE('',#6758,#6759,#760,.T.);
#5602=EDGE_CURVE('',#6509,#6758,#761,.T.);
#5603=EDGE_CURVE('',#6510,#6759,#762,.T.);
#5604=EDGE_CURVE('',#6758,#6760,#763,.T.);
#5605=EDGE_CURVE('',#6511,#6760,#764,.T.);
#5606=EDGE_CURVE('',#6760,#6761,#765,.T.);
#5607=EDGE_CURVE('',#6512,#6761,#766,.T.);
#5608=EDGE_CURVE('',#6762,#6763,#767,.T.);
#5609=EDGE_CURVE('',#6505,#6762,#768,.T.);
#5610=EDGE_CURVE('',#6506,#6763,#769,.T.);
#5611=EDGE_CURVE('',#6762,#6764,#770,.T.);
#5612=EDGE_CURVE('',#6507,#6764,#771,.T.);
#5613=EDGE_CURVE('',#6764,#6765,#772,.T.);
#5614=EDGE_CURVE('',#6508,#6765,#773,.T.);
#5615=EDGE_CURVE('',#6766,#6767,#774,.T.);
#5616=EDGE_CURVE('',#6501,#6766,#775,.T.);
#5617=EDGE_CURVE('',#6502,#6767,#776,.T.);
#5618=EDGE_CURVE('',#6766,#6768,#777,.T.);
#5619=EDGE_CURVE('',#6503,#6768,#778,.T.);
#5620=EDGE_CURVE('',#6768,#6769,#779,.T.);
#5621=EDGE_CURVE('',#6504,#6769,#780,.T.);
#5622=EDGE_CURVE('',#6770,#6771,#781,.T.);
#5623=EDGE_CURVE('',#6651,#6770,#782,.T.);
#5624=EDGE_CURVE('',#6650,#6771,#783,.T.);
#5625=EDGE_CURVE('',#6772,#6770,#784,.T.);
#5626=EDGE_CURVE('',#6652,#6772,#785,.T.);
#5627=EDGE_CURVE('',#6772,#6773,#786,.T.);
#5628=EDGE_CURVE('',#6653,#6773,#787,.T.);
#5629=EDGE_CURVE('',#6773,#6774,#7330,.T.);
#5630=EDGE_CURVE('',#6654,#6774,#788,.T.);
#5631=EDGE_CURVE('',#6774,#6775,#789,.T.);
#5632=EDGE_CURVE('',#6655,#6775,#790,.T.);
#5633=EDGE_CURVE('',#6775,#6776,#7331,.T.);
#5634=EDGE_CURVE('',#6656,#6776,#791,.T.);
#5635=EDGE_CURVE('',#6776,#6777,#792,.T.);
#5636=EDGE_CURVE('',#6777,#6657,#793,.T.);
#5637=EDGE_CURVE('',#6778,#6498,#7332,.T.);
#5638=EDGE_CURVE('',#6620,#6778,#794,.T.);
#5639=EDGE_CURVE('',#6778,#6779,#795,.T.);
#5640=EDGE_CURVE('',#6621,#6779,#796,.T.);
#5641=EDGE_CURVE('',#6779,#6780,#7333,.T.);
#5642=EDGE_CURVE('',#6622,#6780,#797,.T.);
#5643=EDGE_CURVE('',#6780,#6781,#798,.T.);
#5644=EDGE_CURVE('',#6623,#6781,#799,.T.);
#5645=EDGE_CURVE('',#6781,#6782,#7334,.T.);
#5646=EDGE_CURVE('',#6624,#6782,#800,.T.);
#5647=EDGE_CURVE('',#6782,#6783,#801,.T.);
#5648=EDGE_CURVE('',#6625,#6783,#802,.T.);
#5649=EDGE_CURVE('',#6784,#6783,#7335,.T.);
#5650=EDGE_CURVE('',#6626,#6784,#803,.T.);
#5651=EDGE_CURVE('',#6784,#6785,#804,.T.);
#5652=EDGE_CURVE('',#6627,#6785,#805,.T.);
#5653=EDGE_CURVE('',#6785,#6786,#7336,.T.);
#5654=EDGE_CURVE('',#6628,#6786,#806,.T.);
#5655=EDGE_CURVE('',#6786,#6787,#807,.T.);
#5656=EDGE_CURVE('',#6629,#6787,#808,.T.);
#5657=EDGE_CURVE('',#6788,#6787,#7337,.T.);
#5658=EDGE_CURVE('',#6630,#6788,#809,.T.);
#5659=EDGE_CURVE('',#6788,#6789,#810,.T.);
#5660=EDGE_CURVE('',#6631,#6789,#811,.T.);
#5661=EDGE_CURVE('',#6789,#6790,#7338,.T.);
#5662=EDGE_CURVE('',#6632,#6790,#812,.T.);
#5663=EDGE_CURVE('',#6790,#6791,#813,.T.);
#5664=EDGE_CURVE('',#6633,#6791,#814,.T.);
#5665=EDGE_CURVE('',#6792,#6791,#7339,.T.);
#5666=EDGE_CURVE('',#6634,#6792,#815,.T.);
#5667=EDGE_CURVE('',#6792,#6793,#816,.T.);
#5668=EDGE_CURVE('',#6635,#6793,#817,.T.);
#5669=EDGE_CURVE('',#6793,#6794,#7340,.T.);
#5670=EDGE_CURVE('',#6636,#6794,#818,.T.);
#5671=EDGE_CURVE('',#6794,#6795,#819,.T.);
#5672=EDGE_CURVE('',#6637,#6795,#820,.T.);
#5673=EDGE_CURVE('',#6795,#6796,#7341,.T.);
#5674=EDGE_CURVE('',#6638,#6796,#821,.T.);
#5675=EDGE_CURVE('',#6796,#6797,#822,.T.);
#5676=EDGE_CURVE('',#6639,#6797,#823,.T.);
#5677=EDGE_CURVE('',#6798,#6797,#7342,.T.);
#5678=EDGE_CURVE('',#6640,#6798,#824,.T.);
#5679=EDGE_CURVE('',#6798,#6799,#825,.T.);
#5680=EDGE_CURVE('',#6641,#6799,#826,.T.);
#5681=EDGE_CURVE('',#6799,#6800,#7343,.T.);
#5682=EDGE_CURVE('',#6642,#6800,#827,.T.);
#5683=EDGE_CURVE('',#6800,#6801,#828,.T.);
#5684=EDGE_CURVE('',#6643,#6801,#829,.T.);
#5685=EDGE_CURVE('',#6801,#6802,#7344,.T.);
#5686=EDGE_CURVE('',#6644,#6802,#830,.T.);
#5687=EDGE_CURVE('',#6802,#6803,#831,.T.);
#5688=EDGE_CURVE('',#6645,#6803,#832,.T.);
#5689=EDGE_CURVE('',#6803,#6804,#7345,.T.);
#5690=EDGE_CURVE('',#6646,#6804,#833,.T.);
#5691=EDGE_CURVE('',#6804,#6805,#834,.T.);
#5692=EDGE_CURVE('',#6647,#6805,#835,.T.);
#5693=EDGE_CURVE('',#6805,#6806,#7346,.T.);
#5694=EDGE_CURVE('',#6648,#6806,#836,.T.);
#5695=EDGE_CURVE('',#6807,#6806,#837,.T.);
#5696=EDGE_CURVE('',#6649,#6807,#838,.T.);
#5697=EDGE_CURVE('',#6808,#6808,#7347,.T.);
#5698=EDGE_CURVE('',#6809,#6809,#7348,.T.);
#5699=EDGE_CURVE('',#6810,#6810,#7349,.T.);
#5700=EDGE_CURVE('',#6811,#6811,#7350,.T.);
#5701=EDGE_CURVE('',#6659,#6661,#839,.T.);
#5702=EDGE_CURVE('',#6663,#6665,#840,.T.);
#5703=EDGE_CURVE('',#6667,#6669,#841,.T.);
#5704=EDGE_CURVE('',#6671,#6673,#842,.T.);
#5705=EDGE_CURVE('',#6675,#6677,#843,.T.);
#5706=EDGE_CURVE('',#6679,#6681,#844,.T.);
#5707=EDGE_CURVE('',#6683,#6685,#845,.T.);
#5708=EDGE_CURVE('',#6687,#6689,#846,.T.);
#5709=EDGE_CURVE('',#6691,#6693,#847,.T.);
#5710=EDGE_CURVE('',#6695,#6697,#848,.T.);
#5711=EDGE_CURVE('',#6699,#6701,#849,.T.);
#5712=EDGE_CURVE('',#6703,#6705,#850,.T.);
#5713=EDGE_CURVE('',#6707,#6709,#851,.T.);
#5714=EDGE_CURVE('',#6711,#6713,#852,.T.);
#5715=EDGE_CURVE('',#6715,#6717,#853,.T.);
#5716=EDGE_CURVE('',#6719,#6721,#854,.T.);
#5717=EDGE_CURVE('',#6723,#6725,#855,.T.);
#5718=EDGE_CURVE('',#6727,#6729,#856,.T.);
#5719=EDGE_CURVE('',#6731,#6733,#857,.T.);
#5720=EDGE_CURVE('',#6735,#6737,#858,.T.);
#5721=EDGE_CURVE('',#6739,#6741,#859,.T.);
#5722=EDGE_CURVE('',#6743,#6745,#860,.T.);
#5723=EDGE_CURVE('',#6747,#6749,#861,.T.);
#5724=EDGE_CURVE('',#6751,#6753,#862,.T.);
#5725=EDGE_CURVE('',#6755,#6757,#863,.T.);
#5726=EDGE_CURVE('',#6759,#6761,#864,.T.);
#5727=EDGE_CURVE('',#6763,#6765,#865,.T.);
#5728=EDGE_CURVE('',#6767,#6769,#866,.T.);
#5729=EDGE_CURVE('',#6812,#6812,#7351,.T.);
#5730=EDGE_CURVE('',#6807,#6771,#7352,.T.);
#5731=EDGE_CURVE('',#6813,#6813,#7353,.T.);
#5732=EDGE_CURVE('',#6814,#6814,#7354,.T.);
#5733=EDGE_CURVE('',#6815,#6816,#867,.T.);
#5734=EDGE_CURVE('',#6815,#6777,#868,.T.);
#5735=EDGE_CURVE('',#6816,#6497,#869,.T.);
#5736=EDGE_CURVE('',#6619,#6816,#870,.T.);
#5737=EDGE_CURVE('',#6815,#6618,#871,.T.);
#5738=EDGE_CURVE('',#6817,#6818,#872,.T.);
#5739=EDGE_CURVE('',#6819,#6818,#873,.T.);
#5740=EDGE_CURVE('',#6820,#6819,#874,.T.);
#5741=EDGE_CURVE('',#6820,#6817,#875,.T.);
#5742=EDGE_CURVE('',#6821,#6822,#876,.T.);
#5743=EDGE_CURVE('',#6823,#6821,#877,.T.);
#5744=EDGE_CURVE('',#6823,#6824,#878,.T.);
#5745=EDGE_CURVE('',#6824,#6822,#879,.T.);
#5746=EDGE_CURVE('',#6825,#6826,#880,.T.);
#5747=EDGE_CURVE('',#6825,#6827,#881,.T.);
#5748=EDGE_CURVE('',#6827,#6828,#882,.T.);
#5749=EDGE_CURVE('',#6828,#6826,#883,.T.);
#5750=EDGE_CURVE('',#6829,#6830,#884,.T.);
#5751=EDGE_CURVE('',#6830,#6831,#885,.T.);
#5752=EDGE_CURVE('',#6832,#6831,#886,.T.);
#5753=EDGE_CURVE('',#6829,#6832,#887,.T.);
#5754=EDGE_CURVE('',#6833,#6833,#7355,.T.);
#5755=EDGE_CURVE('',#6825,#6818,#888,.T.);
#5756=EDGE_CURVE('',#6826,#6834,#7356,.T.);
#5757=EDGE_CURVE('',#6834,#6835,#889,.T.);
#5758=EDGE_CURVE('',#6835,#6836,#890,.T.);
#5759=EDGE_CURVE('',#6837,#6836,#891,.T.);
#5760=EDGE_CURVE('',#6819,#6837,#7357,.T.);
#5761=EDGE_CURVE('',#6838,#6839,#892,.T.);
#5762=EDGE_CURVE('',#6838,#6840,#893,.T.);
#5763=EDGE_CURVE('',#6841,#6840,#7358,.T.);
#5764=EDGE_CURVE('',#6841,#6842,#894,.T.);
#5765=EDGE_CURVE('',#6843,#6842,#7359,.T.);
#5766=EDGE_CURVE('',#6835,#6843,#895,.T.);
#5767=EDGE_CURVE('',#6844,#6834,#896,.T.);
#5768=EDGE_CURVE('',#6844,#6845,#897,.T.);
#5769=EDGE_CURVE('',#6845,#6839,#898,.T.);
#5770=EDGE_CURVE('',#6846,#6847,#899,.T.);
#5771=EDGE_CURVE('',#6846,#6848,#7360,.T.);
#5772=EDGE_CURVE('',#6848,#6849,#900,.T.);
#5773=EDGE_CURVE('',#6847,#6849,#7361,.T.);
#5774=EDGE_CURVE('',#6850,#6851,#901,.T.);
#5775=EDGE_CURVE('',#6850,#6846,#902,.T.);
#5776=EDGE_CURVE('',#6847,#6851,#903,.T.);
#5777=EDGE_CURVE('',#6852,#6853,#904,.T.);
#5778=EDGE_CURVE('',#6852,#6850,#7362,.F.);
#5779=EDGE_CURVE('',#6851,#6853,#7363,.T.);
#5780=EDGE_CURVE('',#6854,#6855,#905,.T.);
#5781=EDGE_CURVE('',#6854,#6852,#906,.T.);
#5782=EDGE_CURVE('',#6853,#6855,#907,.T.);
#5783=EDGE_CURVE('',#6856,#6857,#908,.T.);
#5784=EDGE_CURVE('',#6856,#6854,#7364,.F.);
#5785=EDGE_CURVE('',#6855,#6857,#7365,.T.);
#5786=EDGE_CURVE('',#6858,#6859,#909,.T.);
#5787=EDGE_CURVE('',#6858,#6856,#910,.T.);
#5788=EDGE_CURVE('',#6857,#6859,#911,.T.);
#5789=EDGE_CURVE('',#6860,#6861,#912,.T.);
#5790=EDGE_CURVE('',#6860,#6858,#7366,.T.);
#5791=EDGE_CURVE('',#6861,#6859,#7367,.T.);
#5792=EDGE_CURVE('',#6862,#6863,#913,.T.);
#5793=EDGE_CURVE('',#6862,#6860,#914,.T.);
#5794=EDGE_CURVE('',#6861,#6863,#915,.T.);
#5795=EDGE_CURVE('',#6864,#6865,#916,.T.);
#5796=EDGE_CURVE('',#6864,#6862,#7368,.F.);
#5797=EDGE_CURVE('',#6863,#6865,#7369,.T.);
#5798=EDGE_CURVE('',#6866,#6867,#917,.T.);
#5799=EDGE_CURVE('',#6866,#6864,#918,.T.);
#5800=EDGE_CURVE('',#6865,#6867,#919,.T.);
#5801=EDGE_CURVE('',#6868,#6869,#920,.T.);
#5802=EDGE_CURVE('',#6868,#6866,#7370,.T.);
#5803=EDGE_CURVE('',#6869,#6867,#7371,.T.);
#5804=EDGE_CURVE('',#6870,#6871,#921,.T.);
#5805=EDGE_CURVE('',#6870,#6868,#922,.T.);
#5806=EDGE_CURVE('',#6869,#6871,#923,.T.);
#5807=EDGE_CURVE('',#6872,#6873,#924,.T.);
#5808=EDGE_CURVE('',#6872,#6870,#7372,.F.);
#5809=EDGE_CURVE('',#6871,#6873,#7373,.T.);
#5810=EDGE_CURVE('',#6874,#6875,#925,.T.);
#5811=EDGE_CURVE('',#6874,#6872,#926,.T.);
#5812=EDGE_CURVE('',#6873,#6875,#927,.T.);
#5813=EDGE_CURVE('',#6876,#6877,#928,.T.);
#5814=EDGE_CURVE('',#6876,#6874,#7374,.T.);
#5815=EDGE_CURVE('',#6877,#6875,#7375,.T.);
#5816=EDGE_CURVE('',#6878,#6879,#929,.T.);
#5817=EDGE_CURVE('',#6878,#6876,#930,.T.);
#5818=EDGE_CURVE('',#6877,#6879,#931,.T.);
#5819=EDGE_CURVE('',#6880,#6881,#932,.T.);
#5820=EDGE_CURVE('',#6880,#6878,#7376,.F.);
#5821=EDGE_CURVE('',#6879,#6881,#7377,.T.);
#5822=EDGE_CURVE('',#6882,#6883,#933,.T.);
#5823=EDGE_CURVE('',#6882,#6880,#934,.T.);
#5824=EDGE_CURVE('',#6881,#6883,#935,.T.);
#5825=EDGE_CURVE('',#6884,#6885,#936,.T.);
#5826=EDGE_CURVE('',#6884,#6882,#7378,.F.);
#5827=EDGE_CURVE('',#6883,#6885,#7379,.T.);
#5828=EDGE_CURVE('',#6886,#6887,#937,.T.);
#5829=EDGE_CURVE('',#6886,#6884,#938,.T.);
#5830=EDGE_CURVE('',#6887,#6885,#939,.T.);
#5831=EDGE_CURVE('',#6888,#6889,#940,.T.);
#5832=EDGE_CURVE('',#6888,#6886,#7380,.T.);
#5833=EDGE_CURVE('',#6889,#6887,#7381,.T.);
#5834=EDGE_CURVE('',#6890,#6891,#941,.T.);
#5835=EDGE_CURVE('',#6890,#6888,#942,.T.);
#5836=EDGE_CURVE('',#6889,#6891,#943,.T.);
#5837=EDGE_CURVE('',#6892,#6893,#944,.T.);
#5838=EDGE_CURVE('',#6892,#6890,#7382,.F.);
#5839=EDGE_CURVE('',#6891,#6893,#7383,.T.);
#5840=EDGE_CURVE('',#6894,#6895,#945,.T.);
#5841=EDGE_CURVE('',#6894,#6892,#946,.T.);
#5842=EDGE_CURVE('',#6895,#6893,#947,.T.);
#5843=EDGE_CURVE('',#6896,#6897,#948,.T.);
#5844=EDGE_CURVE('',#6896,#6894,#7384,.F.);
#5845=EDGE_CURVE('',#6895,#6897,#7385,.T.);
#5846=EDGE_CURVE('',#6898,#6899,#949,.T.);
#5847=EDGE_CURVE('',#6898,#6896,#950,.T.);
#5848=EDGE_CURVE('',#6899,#6897,#951,.T.);
#5849=EDGE_CURVE('',#6900,#6901,#952,.T.);
#5850=EDGE_CURVE('',#6900,#6898,#7386,.F.);
#5851=EDGE_CURVE('',#6899,#6901,#7387,.T.);
#5852=EDGE_CURVE('',#6902,#6903,#953,.T.);
#5853=EDGE_CURVE('',#6902,#6900,#954,.T.);
#5854=EDGE_CURVE('',#6903,#6901,#955,.T.);
#5855=EDGE_CURVE('',#6824,#6902,#7388,.F.);
#5856=EDGE_CURVE('',#6903,#6822,#7389,.T.);
#5857=EDGE_CURVE('',#6904,#6837,#956,.T.);
#5858=EDGE_CURVE('',#6904,#6820,#7390,.F.);
#5859=EDGE_CURVE('',#6905,#6906,#7391,.T.);
#5860=EDGE_CURVE('',#6907,#6905,#957,.T.);
#5861=EDGE_CURVE('',#6907,#6908,#7392,.T.);
#5862=EDGE_CURVE('',#6908,#6906,#958,.T.);
#5863=EDGE_CURVE('',#6909,#6905,#959,.T.);
#5864=EDGE_CURVE('',#6910,#6909,#960,.T.);
#5865=EDGE_CURVE('',#6910,#6907,#961,.T.);
#5866=EDGE_CURVE('',#6909,#6911,#7393,.T.);
#5867=EDGE_CURVE('',#6912,#6911,#962,.T.);
#5868=EDGE_CURVE('',#6910,#6912,#7394,.T.);
#5869=EDGE_CURVE('',#6913,#6911,#963,.T.);
#5870=EDGE_CURVE('',#6914,#6913,#964,.T.);
#5871=EDGE_CURVE('',#6914,#6912,#965,.T.);
#5872=EDGE_CURVE('',#6915,#6913,#7395,.T.);
#5873=EDGE_CURVE('',#6916,#6915,#966,.T.);
#5874=EDGE_CURVE('',#6916,#6914,#7396,.T.);
#5875=EDGE_CURVE('',#6917,#6915,#967,.T.);
#5876=EDGE_CURVE('',#6918,#6917,#968,.T.);
#5877=EDGE_CURVE('',#6918,#6916,#969,.T.);
#5878=EDGE_CURVE('',#6917,#6919,#7397,.T.);
#5879=EDGE_CURVE('',#6920,#6919,#970,.T.);
#5880=EDGE_CURVE('',#6918,#6920,#7398,.T.);
#5881=EDGE_CURVE('',#6921,#6919,#971,.T.);
#5882=EDGE_CURVE('',#6922,#6921,#972,.T.);
#5883=EDGE_CURVE('',#6922,#6920,#973,.T.);
#5884=EDGE_CURVE('',#6923,#6921,#7399,.T.);
#5885=EDGE_CURVE('',#6924,#6923,#974,.T.);
#5886=EDGE_CURVE('',#6924,#6922,#7400,.T.);
#5887=EDGE_CURVE('',#6925,#6923,#975,.T.);
#5888=EDGE_CURVE('',#6926,#6925,#976,.T.);
#5889=EDGE_CURVE('',#6926,#6924,#977,.T.);
#5890=EDGE_CURVE('',#6925,#6927,#7401,.T.);
#5891=EDGE_CURVE('',#6928,#6927,#978,.T.);
#5892=EDGE_CURVE('',#6926,#6928,#7402,.T.);
#5893=EDGE_CURVE('',#6929,#6927,#979,.T.);
#5894=EDGE_CURVE('',#6930,#6929,#980,.T.);
#5895=EDGE_CURVE('',#6930,#6928,#981,.T.);
#5896=EDGE_CURVE('',#6931,#6929,#7403,.T.);
#5897=EDGE_CURVE('',#6932,#6931,#982,.T.);
#5898=EDGE_CURVE('',#6932,#6930,#7404,.T.);
#5899=EDGE_CURVE('',#6933,#6931,#983,.T.);
#5900=EDGE_CURVE('',#6934,#6933,#984,.T.);
#5901=EDGE_CURVE('',#6934,#6932,#985,.T.);
#5902=EDGE_CURVE('',#6935,#6933,#7405,.T.);
#5903=EDGE_CURVE('',#6936,#6935,#986,.T.);
#5904=EDGE_CURVE('',#6936,#6934,#7406,.T.);
#5905=EDGE_CURVE('',#6937,#6935,#987,.T.);
#5906=EDGE_CURVE('',#6938,#6937,#988,.T.);
#5907=EDGE_CURVE('',#6938,#6936,#989,.T.);
#5908=EDGE_CURVE('',#6937,#6839,#7407,.T.);
#5909=EDGE_CURVE('',#6938,#6845,#7408,.T.);
#5910=EDGE_CURVE('',#6828,#6844,#7409,.T.);
#5911=EDGE_CURVE('',#6939,#6832,#7410,.T.);
#5912=EDGE_CURVE('',#6940,#6939,#990,.T.);
#5913=EDGE_CURVE('',#6940,#6829,#7411,.T.);
#5914=EDGE_CURVE('',#6941,#6939,#991,.T.);
#5915=EDGE_CURVE('',#6942,#6941,#992,.T.);
#5916=EDGE_CURVE('',#6942,#6940,#993,.T.);
#5917=EDGE_CURVE('',#6943,#6941,#7412,.T.);
#5918=EDGE_CURVE('',#6944,#6943,#994,.T.);
#5919=EDGE_CURVE('',#6944,#6942,#7413,.T.);
#5920=EDGE_CURVE('',#6945,#6943,#995,.T.);
#5921=EDGE_CURVE('',#6946,#6945,#996,.T.);
#5922=EDGE_CURVE('',#6946,#6944,#997,.T.);
#5923=EDGE_CURVE('',#6947,#6945,#7414,.T.);
#5924=EDGE_CURVE('',#6948,#6947,#998,.T.);
#5925=EDGE_CURVE('',#6948,#6946,#7415,.T.);
#5926=EDGE_CURVE('',#6949,#6947,#999,.T.);
#5927=EDGE_CURVE('',#6950,#6949,#1000,.T.);
#5928=EDGE_CURVE('',#6950,#6948,#1001,.T.);
#5929=EDGE_CURVE('',#6951,#6949,#7416,.T.);
#5930=EDGE_CURVE('',#6952,#6951,#1002,.T.);
#5931=EDGE_CURVE('',#6952,#6950,#7417,.T.);
#5932=EDGE_CURVE('',#6953,#6951,#1003,.T.);
#5933=EDGE_CURVE('',#6954,#6953,#1004,.T.);
#5934=EDGE_CURVE('',#6954,#6952,#1005,.T.);
#5935=EDGE_CURVE('',#6953,#6955,#7418,.T.);
#5936=EDGE_CURVE('',#6956,#6955,#1006,.T.);
#5937=EDGE_CURVE('',#6954,#6956,#7419,.T.);
#5938=EDGE_CURVE('',#6957,#6955,#1007,.T.);
#5939=EDGE_CURVE('',#6958,#6957,#1008,.T.);
#5940=EDGE_CURVE('',#6958,#6956,#1009,.T.);
#5941=EDGE_CURVE('',#6959,#6957,#7420,.T.);
#5942=EDGE_CURVE('',#6960,#6959,#1010,.T.);
#5943=EDGE_CURVE('',#6960,#6958,#7421,.T.);
#5944=EDGE_CURVE('',#6906,#6959,#1011,.T.);
#5945=EDGE_CURVE('',#6908,#6960,#1012,.T.);
#5946=EDGE_CURVE('',#6961,#6962,#7422,.T.);
#5947=EDGE_CURVE('',#6961,#6963,#1013,.T.);
#5948=EDGE_CURVE('',#6963,#6849,#1014,.T.);
#5949=EDGE_CURVE('',#6848,#6904,#1015,.T.);
#5950=EDGE_CURVE('',#6964,#6836,#1016,.T.);
#5951=EDGE_CURVE('',#6965,#6964,#7423,.T.);
#5952=EDGE_CURVE('',#6965,#6962,#1017,.T.);
#5953=EDGE_CURVE('',#6966,#6966,#7424,.T.);
#5954=EDGE_CURVE('',#6967,#6967,#7425,.T.);
#5955=EDGE_CURVE('',#6968,#6968,#7426,.T.);
#5956=EDGE_CURVE('',#6969,#6969,#7427,.T.);
#5957=EDGE_CURVE('',#6970,#6970,#7428,.T.);
#5958=EDGE_CURVE('',#6831,#6821,#1018,.T.);
#5959=EDGE_CURVE('',#6838,#6963,#1019,.T.);
#5960=EDGE_CURVE('',#6971,#6972,#1020,.T.);
#5961=EDGE_CURVE('',#6971,#6973,#1021,.F.);
#5962=EDGE_CURVE('',#6973,#6974,#1022,.T.);
#5963=EDGE_CURVE('',#6974,#6972,#1023,.T.);
#5964=EDGE_CURVE('',#6975,#6976,#1024,.T.);
#5965=EDGE_CURVE('',#6975,#6971,#1025,.F.);
#5966=EDGE_CURVE('',#6972,#6976,#1026,.T.);
#5967=EDGE_CURVE('',#6977,#6978,#1027,.T.);
#5968=EDGE_CURVE('',#6977,#6975,#1028,.F.);
#5969=EDGE_CURVE('',#6976,#6978,#1029,.T.);
#5970=EDGE_CURVE('',#6979,#6980,#1030,.T.);
#5971=EDGE_CURVE('',#6979,#6977,#1031,.F.);
#5972=EDGE_CURVE('',#6978,#6980,#1032,.T.);
#5973=EDGE_CURVE('',#6981,#6982,#1033,.T.);
#5974=EDGE_CURVE('',#6981,#6979,#1034,.F.);
#5975=EDGE_CURVE('',#6980,#6982,#1035,.T.);
#5976=EDGE_CURVE('',#6983,#6984,#1036,.T.);
#5977=EDGE_CURVE('',#6983,#6981,#1037,.F.);
#5978=EDGE_CURVE('',#6982,#6984,#1038,.T.);
#5979=EDGE_CURVE('',#6985,#6986,#1039,.T.);
#5980=EDGE_CURVE('',#6985,#6983,#1040,.F.);
#5981=EDGE_CURVE('',#6984,#6986,#1041,.T.);
#5982=EDGE_CURVE('',#6987,#6988,#1042,.T.);
#5983=EDGE_CURVE('',#6987,#6985,#1043,.F.);
#5984=EDGE_CURVE('',#6986,#6988,#1044,.T.);
#5985=EDGE_CURVE('',#6989,#6990,#1045,.T.);
#5986=EDGE_CURVE('',#6989,#6987,#1046,.F.);
#5987=EDGE_CURVE('',#6988,#6990,#1047,.T.);
#5988=EDGE_CURVE('',#6991,#6992,#1048,.T.);
#5989=EDGE_CURVE('',#6991,#6989,#1049,.F.);
#5990=EDGE_CURVE('',#6990,#6992,#1050,.T.);
#5991=EDGE_CURVE('',#6993,#6994,#1051,.T.);
#5992=EDGE_CURVE('',#6993,#6991,#1052,.F.);
#5993=EDGE_CURVE('',#6992,#6994,#1053,.T.);
#5994=EDGE_CURVE('',#6995,#6996,#1054,.T.);
#5995=EDGE_CURVE('',#6995,#6993,#1055,.F.);
#5996=EDGE_CURVE('',#6994,#6996,#1056,.T.);
#5997=EDGE_CURVE('',#6997,#6998,#1057,.T.);
#5998=EDGE_CURVE('',#6997,#6995,#1058,.F.);
#5999=EDGE_CURVE('',#6996,#6998,#1059,.T.);
#6000=EDGE_CURVE('',#6999,#7000,#1060,.T.);
#6001=EDGE_CURVE('',#6999,#6997,#1061,.F.);
#6002=EDGE_CURVE('',#6998,#7000,#1062,.T.);
#6003=EDGE_CURVE('',#7001,#7002,#1063,.T.);
#6004=EDGE_CURVE('',#7001,#6999,#1064,.F.);
#6005=EDGE_CURVE('',#7000,#7002,#1065,.T.);
#6006=EDGE_CURVE('',#7003,#7004,#1066,.T.);
#6007=EDGE_CURVE('',#7003,#7001,#1067,.F.);
#6008=EDGE_CURVE('',#7002,#7004,#1068,.T.);
#6009=EDGE_CURVE('',#7005,#7006,#1069,.T.);
#6010=EDGE_CURVE('',#7005,#7003,#1070,.F.);
#6011=EDGE_CURVE('',#7004,#7006,#1071,.T.);
#6012=EDGE_CURVE('',#7007,#7008,#1072,.T.);
#6013=EDGE_CURVE('',#7007,#7005,#1073,.F.);
#6014=EDGE_CURVE('',#7006,#7008,#1074,.T.);
#6015=EDGE_CURVE('',#7009,#7010,#1075,.T.);
#6016=EDGE_CURVE('',#7009,#7007,#1076,.F.);
#6017=EDGE_CURVE('',#7008,#7010,#1077,.T.);
#6018=EDGE_CURVE('',#7011,#7012,#1078,.T.);
#6019=EDGE_CURVE('',#7011,#7009,#1079,.F.);
#6020=EDGE_CURVE('',#7010,#7012,#1080,.T.);
#6021=EDGE_CURVE('',#7013,#7014,#1081,.T.);
#6022=EDGE_CURVE('',#7013,#7011,#1082,.F.);
#6023=EDGE_CURVE('',#7012,#7014,#1083,.T.);
#6024=EDGE_CURVE('',#7015,#7016,#1084,.T.);
#6025=EDGE_CURVE('',#7015,#7013,#1085,.F.);
#6026=EDGE_CURVE('',#7014,#7016,#1086,.T.);
#6027=EDGE_CURVE('',#7017,#7018,#1087,.T.);
#6028=EDGE_CURVE('',#7017,#7015,#1088,.F.);
#6029=EDGE_CURVE('',#7016,#7018,#1089,.T.);
#6030=EDGE_CURVE('',#7019,#7020,#1090,.T.);
#6031=EDGE_CURVE('',#7019,#7017,#1091,.F.);
#6032=EDGE_CURVE('',#7018,#7020,#1092,.T.);
#6033=EDGE_CURVE('',#7021,#7022,#1093,.T.);
#6034=EDGE_CURVE('',#7021,#7019,#1094,.F.);
#6035=EDGE_CURVE('',#7020,#7022,#1095,.T.);
#6036=EDGE_CURVE('',#7023,#7024,#1096,.T.);
#6037=EDGE_CURVE('',#7023,#7021,#1097,.F.);
#6038=EDGE_CURVE('',#7022,#7024,#1098,.T.);
#6039=EDGE_CURVE('',#7025,#7026,#1099,.T.);
#6040=EDGE_CURVE('',#7025,#7023,#1100,.F.);
#6041=EDGE_CURVE('',#7024,#7026,#1101,.T.);
#6042=EDGE_CURVE('',#7027,#7028,#1102,.T.);
#6043=EDGE_CURVE('',#7027,#7025,#1103,.F.);
#6044=EDGE_CURVE('',#7026,#7028,#1104,.T.);
#6045=EDGE_CURVE('',#7029,#7030,#1105,.T.);
#6046=EDGE_CURVE('',#7029,#7027,#1106,.F.);
#6047=EDGE_CURVE('',#7028,#7030,#1107,.T.);
#6048=EDGE_CURVE('',#7031,#7032,#1108,.T.);
#6049=EDGE_CURVE('',#7031,#7029,#1109,.F.);
#6050=EDGE_CURVE('',#7030,#7032,#1110,.T.);
#6051=EDGE_CURVE('',#7033,#7034,#1111,.T.);
#6052=EDGE_CURVE('',#7033,#7031,#1112,.F.);
#6053=EDGE_CURVE('',#7032,#7034,#1113,.T.);
#6054=EDGE_CURVE('',#7035,#7036,#1114,.T.);
#6055=EDGE_CURVE('',#7035,#7037,#1115,.T.);
#6056=EDGE_CURVE('',#7037,#7038,#1116,.T.);
#6057=EDGE_CURVE('',#7036,#7038,#1117,.T.);
#6058=EDGE_CURVE('',#7039,#7040,#1118,.T.);
#6059=EDGE_CURVE('',#7039,#7035,#1119,.T.);
#6060=EDGE_CURVE('',#7040,#7036,#1120,.T.);
#6061=EDGE_CURVE('',#7041,#7042,#1121,.T.);
#6062=EDGE_CURVE('',#7041,#7039,#1122,.T.);
#6063=EDGE_CURVE('',#7042,#7040,#1123,.T.);
#6064=EDGE_CURVE('',#7043,#7044,#1124,.T.);
#6065=EDGE_CURVE('',#7043,#7041,#1125,.T.);
#6066=EDGE_CURVE('',#7044,#7042,#1126,.T.);
#6067=EDGE_CURVE('',#7045,#7046,#1127,.T.);
#6068=EDGE_CURVE('',#7045,#7043,#1128,.T.);
#6069=EDGE_CURVE('',#7046,#7044,#1129,.T.);
#6070=EDGE_CURVE('',#7047,#7048,#1130,.T.);
#6071=EDGE_CURVE('',#7047,#7045,#1131,.T.);
#6072=EDGE_CURVE('',#7048,#7046,#1132,.T.);
#6073=EDGE_CURVE('',#7049,#7050,#1133,.T.);
#6074=EDGE_CURVE('',#7049,#7047,#1134,.T.);
#6075=EDGE_CURVE('',#7050,#7048,#1135,.T.);
#6076=EDGE_CURVE('',#7051,#7052,#1136,.T.);
#6077=EDGE_CURVE('',#7051,#7049,#1137,.T.);
#6078=EDGE_CURVE('',#7052,#7050,#1138,.T.);
#6079=EDGE_CURVE('',#7053,#7054,#1139,.T.);
#6080=EDGE_CURVE('',#7053,#7051,#1140,.T.);
#6081=EDGE_CURVE('',#7054,#7052,#1141,.T.);
#6082=EDGE_CURVE('',#7055,#7056,#1142,.T.);
#6083=EDGE_CURVE('',#7055,#7053,#1143,.T.);
#6084=EDGE_CURVE('',#7056,#7054,#1144,.T.);
#6085=EDGE_CURVE('',#7057,#7058,#1145,.T.);
#6086=EDGE_CURVE('',#7057,#7055,#1146,.T.);
#6087=EDGE_CURVE('',#7058,#7056,#1147,.T.);
#6088=EDGE_CURVE('',#7059,#7060,#1148,.T.);
#6089=EDGE_CURVE('',#7059,#7057,#1149,.T.);
#6090=EDGE_CURVE('',#7060,#7058,#1150,.T.);
#6091=EDGE_CURVE('',#7061,#7062,#1151,.T.);
#6092=EDGE_CURVE('',#7061,#7059,#1152,.T.);
#6093=EDGE_CURVE('',#7062,#7060,#1153,.T.);
#6094=EDGE_CURVE('',#7063,#7064,#1154,.T.);
#6095=EDGE_CURVE('',#7063,#7061,#1155,.T.);
#6096=EDGE_CURVE('',#7064,#7062,#1156,.T.);
#6097=EDGE_CURVE('',#7065,#7066,#1157,.T.);
#6098=EDGE_CURVE('',#7065,#7063,#1158,.T.);
#6099=EDGE_CURVE('',#7066,#7064,#1159,.T.);
#6100=EDGE_CURVE('',#7067,#7068,#1160,.T.);
#6101=EDGE_CURVE('',#7068,#6823,#1161,.F.);
#6102=EDGE_CURVE('',#7069,#6830,#1162,.T.);
#6103=EDGE_CURVE('',#7067,#7069,#1163,.T.);
#6104=EDGE_CURVE('',#7070,#7069,#1164,.T.);
#6105=EDGE_CURVE('',#7071,#7070,#1165,.T.);
#6106=EDGE_CURVE('',#7071,#7067,#1166,.T.);
#6107=EDGE_CURVE('',#6817,#7072,#1167,.F.);
#6108=EDGE_CURVE('',#7072,#7071,#1168,.T.);
#6109=EDGE_CURVE('',#6827,#7070,#1169,.T.);
#6110=EDGE_CURVE('',#7037,#7065,#1170,.T.);
#6111=EDGE_CURVE('',#7038,#7066,#1171,.T.);
#6112=EDGE_CURVE('',#6973,#7033,#1172,.F.);
#6113=EDGE_CURVE('',#7034,#6974,#1173,.T.);
#6114=EDGE_CURVE('',#7073,#7074,#1174,.F.);
#6115=EDGE_CURVE('',#7074,#7075,#1175,.F.);
#6116=EDGE_CURVE('',#7075,#7076,#1176,.F.);
#6117=EDGE_CURVE('',#7076,#7077,#1177,.F.);
#6118=EDGE_CURVE('',#7077,#7078,#1178,.F.);
#6119=EDGE_CURVE('',#7078,#7079,#1179,.F.);
#6120=EDGE_CURVE('',#7079,#7080,#1180,.F.);
#6121=EDGE_CURVE('',#7080,#7081,#1181,.F.);
#6122=EDGE_CURVE('',#7081,#7082,#1182,.F.);
#6123=EDGE_CURVE('',#7082,#7083,#1183,.F.);
#6124=EDGE_CURVE('',#7083,#7084,#1184,.F.);
#6125=EDGE_CURVE('',#7084,#7085,#1185,.F.);
#6126=EDGE_CURVE('',#7085,#7086,#1186,.F.);
#6127=EDGE_CURVE('',#7086,#7087,#1187,.F.);
#6128=EDGE_CURVE('',#7087,#7088,#1188,.F.);
#6129=EDGE_CURVE('',#7088,#7073,#1189,.F.);
#6130=EDGE_CURVE('',#7089,#7090,#1190,.T.);
#6131=EDGE_CURVE('',#7090,#7091,#1191,.T.);
#6132=EDGE_CURVE('',#7091,#7092,#1192,.T.);
#6133=EDGE_CURVE('',#7092,#7093,#1193,.T.);
#6134=EDGE_CURVE('',#7093,#7094,#1194,.T.);
#6135=EDGE_CURVE('',#7094,#7095,#1195,.T.);
#6136=EDGE_CURVE('',#7095,#7096,#1196,.T.);
#6137=EDGE_CURVE('',#7096,#7097,#1197,.T.);
#6138=EDGE_CURVE('',#7097,#7098,#1198,.T.);
#6139=EDGE_CURVE('',#7098,#7099,#1199,.T.);
#6140=EDGE_CURVE('',#7099,#7100,#1200,.T.);
#6141=EDGE_CURVE('',#7100,#7101,#1201,.T.);
#6142=EDGE_CURVE('',#7101,#7102,#1202,.T.);
#6143=EDGE_CURVE('',#7102,#7103,#1203,.T.);
#6144=EDGE_CURVE('',#7103,#7104,#1204,.T.);
#6145=EDGE_CURVE('',#7104,#7105,#1205,.T.);
#6146=EDGE_CURVE('',#7105,#7106,#1206,.T.);
#6147=EDGE_CURVE('',#7106,#7107,#1207,.T.);
#6148=EDGE_CURVE('',#7107,#7108,#1208,.T.);
#6149=EDGE_CURVE('',#7108,#7109,#1209,.T.);
#6150=EDGE_CURVE('',#7109,#7110,#1210,.T.);
#6151=EDGE_CURVE('',#7110,#7111,#1211,.T.);
#6152=EDGE_CURVE('',#7111,#7112,#1212,.T.);
#6153=EDGE_CURVE('',#7112,#7113,#1213,.T.);
#6154=EDGE_CURVE('',#7113,#7114,#1214,.T.);
#6155=EDGE_CURVE('',#7114,#7115,#1215,.T.);
#6156=EDGE_CURVE('',#7115,#7116,#1216,.T.);
#6157=EDGE_CURVE('',#7116,#7117,#1217,.T.);
#6158=EDGE_CURVE('',#7117,#7118,#1218,.T.);
#6159=EDGE_CURVE('',#7118,#7119,#1219,.T.);
#6160=EDGE_CURVE('',#7119,#7120,#1220,.T.);
#6161=EDGE_CURVE('',#7120,#7089,#1221,.T.);
#6162=EDGE_CURVE('',#7121,#7122,#7429,.T.);
#6163=EDGE_CURVE('',#7122,#7068,#1222,.T.);
#6164=EDGE_CURVE('',#7072,#7123,#1223,.T.);
#6165=EDGE_CURVE('',#7123,#7124,#7430,.T.);
#6166=EDGE_CURVE('',#7124,#7125,#1224,.T.);
#6167=EDGE_CURVE('',#7125,#7126,#7431,.F.);
#6168=EDGE_CURVE('',#7126,#7127,#1225,.T.);
#6169=EDGE_CURVE('',#7127,#7128,#7432,.T.);
#6170=EDGE_CURVE('',#7128,#7129,#1226,.T.);
#6171=EDGE_CURVE('',#7129,#7130,#7433,.T.);
#6172=EDGE_CURVE('',#7130,#7131,#1227,.T.);
#6173=EDGE_CURVE('',#7131,#7132,#7434,.F.);
#6174=EDGE_CURVE('',#7132,#7133,#1228,.T.);
#6175=EDGE_CURVE('',#7133,#7134,#7435,.T.);
#6176=EDGE_CURVE('',#7134,#7135,#1229,.T.);
#6177=EDGE_CURVE('',#7135,#7136,#7436,.F.);
#6178=EDGE_CURVE('',#7136,#7137,#1230,.T.);
#6179=EDGE_CURVE('',#7137,#7138,#7437,.T.);
#6180=EDGE_CURVE('',#7138,#7139,#1231,.T.);
#6181=EDGE_CURVE('',#7139,#7140,#7438,.F.);
#6182=EDGE_CURVE('',#7140,#7141,#1232,.T.);
#6183=EDGE_CURVE('',#7141,#7142,#7439,.T.);
#6184=EDGE_CURVE('',#7142,#7143,#1233,.T.);
#6185=EDGE_CURVE('',#7143,#7144,#7440,.T.);
#6186=EDGE_CURVE('',#7144,#7145,#1234,.T.);
#6187=EDGE_CURVE('',#7145,#7146,#7441,.F.);
#6188=EDGE_CURVE('',#7146,#7147,#1235,.T.);
#6189=EDGE_CURVE('',#7147,#7148,#7442,.T.);
#6190=EDGE_CURVE('',#7148,#7149,#1236,.T.);
#6191=EDGE_CURVE('',#7149,#7150,#7443,.T.);
#6192=EDGE_CURVE('',#7150,#7151,#1237,.T.);
#6193=EDGE_CURVE('',#7151,#7152,#7444,.T.);
#6194=EDGE_CURVE('',#7152,#7121,#1238,.T.);
#6195=EDGE_CURVE('',#7153,#7153,#7445,.T.);
#6196=EDGE_CURVE('',#7154,#7154,#7446,.T.);
#6197=EDGE_CURVE('',#7155,#7155,#7447,.T.);
#6198=EDGE_CURVE('',#7156,#7156,#7448,.T.);
#6199=EDGE_CURVE('',#7157,#7157,#7449,.T.);
#6200=EDGE_CURVE('',#7158,#7158,#7450,.T.);
#6201=EDGE_CURVE('',#7159,#7159,#7451,.T.);
#6202=EDGE_CURVE('',#6993,#7095,#26,.T.);
#6203=EDGE_CURVE('',#7096,#6995,#27,.F.);
#6204=EDGE_CURVE('',#7097,#6997,#28,.F.);
#6205=EDGE_CURVE('',#6991,#7094,#29,.T.);
#6206=EDGE_CURVE('',#7098,#6999,#30,.F.);
#6207=EDGE_CURVE('',#6989,#7093,#31,.T.);
#6208=EDGE_CURVE('',#7099,#7001,#32,.F.);
#6209=EDGE_CURVE('',#6987,#7092,#33,.T.);
#6210=EDGE_CURVE('',#7100,#7003,#34,.F.);
#6211=EDGE_CURVE('',#6985,#7091,#35,.T.);
#6212=EDGE_CURVE('',#7101,#7005,#36,.F.);
#6213=EDGE_CURVE('',#6983,#7090,#37,.T.);
#6214=EDGE_CURVE('',#7102,#7007,#38,.F.);
#6215=EDGE_CURVE('',#6981,#7089,#39,.T.);
#6216=EDGE_CURVE('',#7103,#7009,#40,.F.);
#6217=EDGE_CURVE('',#6979,#7120,#41,.T.);
#6218=EDGE_CURVE('',#7104,#7011,#42,.F.);
#6219=EDGE_CURVE('',#6977,#7119,#43,.T.);
#6220=EDGE_CURVE('',#7105,#7013,#44,.F.);
#6221=EDGE_CURVE('',#6975,#7118,#45,.T.);
#6222=EDGE_CURVE('',#7106,#7015,#46,.F.);
#6223=EDGE_CURVE('',#6971,#7117,#47,.T.);
#6224=EDGE_CURVE('',#7107,#7017,#48,.F.);
#6225=EDGE_CURVE('',#6973,#7116,#49,.T.);
#6226=EDGE_CURVE('',#7108,#7019,#50,.F.);
#6227=EDGE_CURVE('',#7033,#7115,#51,.T.);
#6228=EDGE_CURVE('',#7109,#7021,#52,.F.);
#6229=EDGE_CURVE('',#7031,#7114,#53,.T.);
#6230=EDGE_CURVE('',#7110,#7023,#54,.F.);
#6231=EDGE_CURVE('',#7029,#7113,#55,.T.);
#6232=EDGE_CURVE('',#7111,#7025,#56,.F.);
#6233=EDGE_CURVE('',#7027,#7112,#57,.T.);
#6234=EDGE_CURVE('',#7085,#7041,#58,.F.);
#6235=EDGE_CURVE('',#7039,#7084,#59,.T.);
#6236=EDGE_CURVE('',#7035,#7083,#60,.T.);
#6237=EDGE_CURVE('',#7086,#7043,#61,.F.);
#6238=EDGE_CURVE('',#7037,#7082,#62,.T.);
#6239=EDGE_CURVE('',#7087,#7045,#63,.F.);
#6240=EDGE_CURVE('',#7065,#7081,#64,.T.);
#6241=EDGE_CURVE('',#7088,#7047,#65,.F.);
#6242=EDGE_CURVE('',#7063,#7080,#66,.T.);
#6243=EDGE_CURVE('',#7073,#7049,#67,.F.);
#6244=EDGE_CURVE('',#7061,#7079,#68,.T.);
#6245=EDGE_CURVE('',#7074,#7051,#69,.F.);
#6246=EDGE_CURVE('',#7059,#7078,#70,.T.);
#6247=EDGE_CURVE('',#7075,#7053,#71,.F.);
#6248=EDGE_CURVE('',#7057,#7077,#72,.T.);
#6249=EDGE_CURVE('',#7076,#7055,#73,.F.);
#6250=EDGE_CURVE('',#7123,#6820,#1239,.T.);
#6251=EDGE_CURVE('',#7124,#6904,#1240,.T.);
#6252=EDGE_CURVE('',#7125,#6848,#1241,.T.);
#6253=EDGE_CURVE('',#7126,#6846,#1242,.T.);
#6254=EDGE_CURVE('',#7127,#6850,#1243,.T.);
#6255=EDGE_CURVE('',#7128,#6852,#1244,.T.);
#6256=EDGE_CURVE('',#7129,#6854,#1245,.T.);
#6257=EDGE_CURVE('',#7130,#6856,#1246,.T.);
#6258=EDGE_CURVE('',#7131,#6858,#1247,.T.);
#6259=EDGE_CURVE('',#7132,#6860,#1248,.T.);
#6260=EDGE_CURVE('',#7133,#6862,#1249,.T.);
#6261=EDGE_CURVE('',#7134,#6864,#1250,.T.);
#6262=EDGE_CURVE('',#7135,#6866,#1251,.T.);
#6263=EDGE_CURVE('',#7136,#6868,#1252,.T.);
#6264=EDGE_CURVE('',#7137,#6870,#1253,.T.);
#6265=EDGE_CURVE('',#7138,#6872,#1254,.T.);
#6266=EDGE_CURVE('',#7139,#6874,#1255,.T.);
#6267=EDGE_CURVE('',#7140,#6876,#1256,.T.);
#6268=EDGE_CURVE('',#7141,#6878,#1257,.T.);
#6269=EDGE_CURVE('',#7142,#6880,#1258,.T.);
#6270=EDGE_CURVE('',#7143,#6882,#1259,.T.);
#6271=EDGE_CURVE('',#7144,#6884,#1260,.T.);
#6272=EDGE_CURVE('',#7145,#6886,#1261,.T.);
#6273=EDGE_CURVE('',#7146,#6888,#1262,.T.);
#6274=EDGE_CURVE('',#7147,#6890,#1263,.T.);
#6275=EDGE_CURVE('',#7148,#6892,#1264,.T.);
#6276=EDGE_CURVE('',#7149,#6894,#1265,.T.);
#6277=EDGE_CURVE('',#7150,#6896,#1266,.T.);
#6278=EDGE_CURVE('',#7151,#6898,#1267,.T.);
#6279=EDGE_CURVE('',#7152,#6900,#1268,.T.);
#6280=EDGE_CURVE('',#7121,#6902,#1269,.T.);
#6281=EDGE_CURVE('',#7122,#6824,#1270,.T.);
#6282=EDGE_CURVE('',#6840,#6961,#1271,.T.);
#6283=EDGE_CURVE('',#6841,#6962,#1272,.T.);
#6284=EDGE_CURVE('',#6842,#6965,#1273,.T.);
#6285=EDGE_CURVE('',#6843,#6964,#1274,.T.);
#6286=EDGE_CURVE('',#7160,#7160,#7452,.T.);
#6287=EDGE_CURVE('',#7161,#7161,#7453,.T.);
#6288=EDGE_CURVE('',#7162,#7162,#7454,.T.);
#6289=EDGE_CURVE('',#7163,#7163,#7455,.T.);
#6290=EDGE_CURVE('',#7164,#7164,#7456,.T.);
#6291=EDGE_CURVE('',#7165,#7165,#7457,.T.);
#6292=EDGE_CURVE('',#7166,#7166,#7458,.T.);
#6293=EDGE_CURVE('',#7167,#7167,#7459,.T.);
#6294=EDGE_CURVE('',#7168,#7168,#7460,.T.);
#6295=EDGE_CURVE('',#7169,#7169,#7461,.T.);
#6296=EDGE_CURVE('',#7170,#7170,#7462,.T.);
#6297=EDGE_CURVE('',#7171,#7171,#7463,.T.);
#6298=EDGE_CURVE('',#7172,#7172,#7464,.T.);
#6299=VERTEX_POINT('',#13158);
#6300=VERTEX_POINT('',#13160);
#6301=VERTEX_POINT('',#13161);
#6302=VERTEX_POINT('',#13163);
#6303=VERTEX_POINT('',#13165);
#6304=VERTEX_POINT('',#13167);
#6305=VERTEX_POINT('',#13169);
#6306=VERTEX_POINT('',#13171);
#6307=VERTEX_POINT('',#13173);
#6308=VERTEX_POINT('',#13177);
#6309=VERTEX_POINT('',#13178);
#6310=VERTEX_POINT('',#13180);
#6311=VERTEX_POINT('',#13182);
#6312=VERTEX_POINT('',#13184);
#6313=VERTEX_POINT('',#13186);
#6314=VERTEX_POINT('',#13189);
#6315=VERTEX_POINT('',#13191);
#6316=VERTEX_POINT('',#13195);
#6317=VERTEX_POINT('',#13196);
#6318=VERTEX_POINT('',#13199);
#6319=VERTEX_POINT('',#13201);
#6320=VERTEX_POINT('',#13203);
#6321=VERTEX_POINT('',#13205);
#6322=VERTEX_POINT('',#13207);
#6323=VERTEX_POINT('',#13209);
#6324=VERTEX_POINT('',#13213);
#6325=VERTEX_POINT('',#13215);
#6326=VERTEX_POINT('',#13217);
#6327=VERTEX_POINT('',#13219);
#6328=VERTEX_POINT('',#13221);
#6329=VERTEX_POINT('',#13223);
#6330=VERTEX_POINT('',#13225);
#6331=VERTEX_POINT('',#13227);
#6332=VERTEX_POINT('',#13231);
#6333=VERTEX_POINT('',#13233);
#6334=VERTEX_POINT('',#13235);
#6335=VERTEX_POINT('',#13237);
#6336=VERTEX_POINT('',#13239);
#6337=VERTEX_POINT('',#13241);
#6338=VERTEX_POINT('',#13243);
#6339=VERTEX_POINT('',#13245);
#6340=VERTEX_POINT('',#13247);
#6341=VERTEX_POINT('',#13249);
#6342=VERTEX_POINT('',#13251);
#6343=VERTEX_POINT('',#13253);
#6344=VERTEX_POINT('',#13255);
#6345=VERTEX_POINT('',#13257);
#6346=VERTEX_POINT('',#13259);
#6347=VERTEX_POINT('',#13261);
#6348=VERTEX_POINT('',#13263);
#6349=VERTEX_POINT('',#13265);
#6350=VERTEX_POINT('',#13267);
#6351=VERTEX_POINT('',#13269);
#6352=VERTEX_POINT('',#13271);
#6353=VERTEX_POINT('',#13273);
#6354=VERTEX_POINT('',#13275);
#6355=VERTEX_POINT('',#13277);
#6356=VERTEX_POINT('',#13279);
#6357=VERTEX_POINT('',#13281);
#6358=VERTEX_POINT('',#13283);
#6359=VERTEX_POINT('',#13285);
#6360=VERTEX_POINT('',#13287);
#6361=VERTEX_POINT('',#13289);
#6362=VERTEX_POINT('',#13291);
#6363=VERTEX_POINT('',#13293);
#6364=VERTEX_POINT('',#13295);
#6365=VERTEX_POINT('',#13297);
#6366=VERTEX_POINT('',#13301);
#6367=VERTEX_POINT('',#13303);
#6368=VERTEX_POINT('',#13305);
#6369=VERTEX_POINT('',#13307);
#6370=VERTEX_POINT('',#13309);
#6371=VERTEX_POINT('',#13311);
#6372=VERTEX_POINT('',#13313);
#6373=VERTEX_POINT('',#13315);
#6374=VERTEX_POINT('',#13317);
#6375=VERTEX_POINT('',#13319);
#6376=VERTEX_POINT('',#13321);
#6377=VERTEX_POINT('',#13323);
#6378=VERTEX_POINT('',#13325);
#6379=VERTEX_POINT('',#13327);
#6380=VERTEX_POINT('',#13329);
#6381=VERTEX_POINT('',#13331);
#6382=VERTEX_POINT('',#13333);
#6383=VERTEX_POINT('',#13335);
#6384=VERTEX_POINT('',#13337);
#6385=VERTEX_POINT('',#13339);
#6386=VERTEX_POINT('',#13341);
#6387=VERTEX_POINT('',#13343);
#6388=VERTEX_POINT('',#13345);
#6389=VERTEX_POINT('',#13347);
#6390=VERTEX_POINT('',#13349);
#6391=VERTEX_POINT('',#13351);
#6392=VERTEX_POINT('',#13353);
#6393=VERTEX_POINT('',#13355);
#6394=VERTEX_POINT('',#13357);
#6395=VERTEX_POINT('',#13361);
#6396=VERTEX_POINT('',#13363);
#6397=VERTEX_POINT('',#13367);
#6398=VERTEX_POINT('',#13371);
#6399=VERTEX_POINT('',#13375);
#6400=VERTEX_POINT('',#13379);
#6401=VERTEX_POINT('',#13383);
#6402=VERTEX_POINT('',#13387);
#6403=VERTEX_POINT('',#13391);
#6404=VERTEX_POINT('',#13395);
#6405=VERTEX_POINT('',#13399);
#6406=VERTEX_POINT('',#13403);
#6407=VERTEX_POINT('',#13407);
#6408=VERTEX_POINT('',#13411);
#6409=VERTEX_POINT('',#13415);
#6410=VERTEX_POINT('',#13419);
#6411=VERTEX_POINT('',#13423);
#6412=VERTEX_POINT('',#13427);
#6413=VERTEX_POINT('',#13431);
#6414=VERTEX_POINT('',#13435);
#6415=VERTEX_POINT('',#13439);
#6416=VERTEX_POINT('',#13443);
#6417=VERTEX_POINT('',#13447);
#6418=VERTEX_POINT('',#13451);
#6419=VERTEX_POINT('',#13455);
#6420=VERTEX_POINT('',#13459);
#6421=VERTEX_POINT('',#13463);
#6422=VERTEX_POINT('',#13467);
#6423=VERTEX_POINT('',#13471);
#6424=VERTEX_POINT('',#13475);
#6425=VERTEX_POINT('',#13476);
#6426=VERTEX_POINT('',#13479);
#6427=VERTEX_POINT('',#13482);
#6428=VERTEX_POINT('',#13484);
#6429=VERTEX_POINT('',#13492);
#6430=VERTEX_POINT('',#13494);
#6431=VERTEX_POINT('',#13496);
#6432=VERTEX_POINT('',#13498);
#6433=VERTEX_POINT('',#13500);
#6434=VERTEX_POINT('',#13502);
#6435=VERTEX_POINT('',#13504);
#6436=VERTEX_POINT('',#13505);
#6437=VERTEX_POINT('',#13507);
#6438=VERTEX_POINT('',#13509);
#6439=VERTEX_POINT('',#13511);
#6440=VERTEX_POINT('',#13513);
#6441=VERTEX_POINT('',#13515);
#6442=VERTEX_POINT('',#13517);
#6443=VERTEX_POINT('',#13519);
#6444=VERTEX_POINT('',#13521);
#6445=VERTEX_POINT('',#13523);
#6446=VERTEX_POINT('',#13525);
#6447=VERTEX_POINT('',#13527);
#6448=VERTEX_POINT('',#13529);
#6449=VERTEX_POINT('',#13531);
#6450=VERTEX_POINT('',#13533);
#6451=VERTEX_POINT('',#13535);
#6452=VERTEX_POINT('',#13537);
#6453=VERTEX_POINT('',#13539);
#6454=VERTEX_POINT('',#13541);
#6455=VERTEX_POINT('',#13543);
#6456=VERTEX_POINT('',#13545);
#6457=VERTEX_POINT('',#13547);
#6458=VERTEX_POINT('',#13549);
#6459=VERTEX_POINT('',#13551);
#6460=VERTEX_POINT('',#13553);
#6461=VERTEX_POINT('',#13555);
#6462=VERTEX_POINT('',#13557);
#6463=VERTEX_POINT('',#13559);
#6464=VERTEX_POINT('',#13561);
#6465=VERTEX_POINT('',#13563);
#6466=VERTEX_POINT('',#13565);
#6467=VERTEX_POINT('',#13569);
#6468=VERTEX_POINT('',#13570);
#6469=VERTEX_POINT('',#13575);
#6470=VERTEX_POINT('',#13579);
#6471=VERTEX_POINT('',#13583);
#6472=VERTEX_POINT('',#13587);
#6473=VERTEX_POINT('',#13591);
#6474=VERTEX_POINT('',#13595);
#6475=VERTEX_POINT('',#13599);
#6476=VERTEX_POINT('',#13603);
#6477=VERTEX_POINT('',#13607);
#6478=VERTEX_POINT('',#13611);
#6479=VERTEX_POINT('',#13615);
#6480=VERTEX_POINT('',#13619);
#6481=VERTEX_POINT('',#13623);
#6482=VERTEX_POINT('',#13627);
#6483=VERTEX_POINT('',#13631);
#6484=VERTEX_POINT('',#13635);
#6485=VERTEX_POINT('',#13639);
#6486=VERTEX_POINT('',#13643);
#6487=VERTEX_POINT('',#13647);
#6488=VERTEX_POINT('',#13651);
#6489=VERTEX_POINT('',#13659);
#6490=VERTEX_POINT('',#13663);
#6491=VERTEX_POINT('',#13667);
#6492=VERTEX_POINT('',#13671);
#6493=VERTEX_POINT('',#13675);
#6494=VERTEX_POINT('',#13679);
#6495=VERTEX_POINT('',#13775);
#6496=VERTEX_POINT('',#13776);
#6497=VERTEX_POINT('',#13778);
#6498=VERTEX_POINT('',#13780);
#6499=VERTEX_POINT('',#13784);
#6500=VERTEX_POINT('',#13786);
#6501=VERTEX_POINT('',#13788);
#6502=VERTEX_POINT('',#13789);
#6503=VERTEX_POINT('',#13791);
#6504=VERTEX_POINT('',#13793);
#6505=VERTEX_POINT('',#13796);
#6506=VERTEX_POINT('',#13797);
#6507=VERTEX_POINT('',#13799);
#6508=VERTEX_POINT('',#13801);
#6509=VERTEX_POINT('',#13804);
#6510=VERTEX_POINT('',#13805);
#6511=VERTEX_POINT('',#13807);
#6512=VERTEX_POINT('',#13809);
#6513=VERTEX_POINT('',#13812);
#6514=VERTEX_POINT('',#13813);
#6515=VERTEX_POINT('',#13815);
#6516=VERTEX_POINT('',#13817);
#6517=VERTEX_POINT('',#13820);
#6518=VERTEX_POINT('',#13821);
#6519=VERTEX_POINT('',#13823);
#6520=VERTEX_POINT('',#13825);
#6521=VERTEX_POINT('',#13828);
#6522=VERTEX_POINT('',#13829);
#6523=VERTEX_POINT('',#13831);
#6524=VERTEX_POINT('',#13833);
#6525=VERTEX_POINT('',#13836);
#6526=VERTEX_POINT('',#13837);
#6527=VERTEX_POINT('',#13839);
#6528=VERTEX_POINT('',#13841);
#6529=VERTEX_POINT('',#13844);
#6530=VERTEX_POINT('',#13845);
#6531=VERTEX_POINT('',#13847);
#6532=VERTEX_POINT('',#13849);
#6533=VERTEX_POINT('',#13852);
#6534=VERTEX_POINT('',#13853);
#6535=VERTEX_POINT('',#13855);
#6536=VERTEX_POINT('',#13857);
#6537=VERTEX_POINT('',#13860);
#6538=VERTEX_POINT('',#13861);
#6539=VERTEX_POINT('',#13863);
#6540=VERTEX_POINT('',#13865);
#6541=VERTEX_POINT('',#13868);
#6542=VERTEX_POINT('',#13869);
#6543=VERTEX_POINT('',#13871);
#6544=VERTEX_POINT('',#13873);
#6545=VERTEX_POINT('',#13876);
#6546=VERTEX_POINT('',#13877);
#6547=VERTEX_POINT('',#13879);
#6548=VERTEX_POINT('',#13881);
#6549=VERTEX_POINT('',#13884);
#6550=VERTEX_POINT('',#13885);
#6551=VERTEX_POINT('',#13887);
#6552=VERTEX_POINT('',#13889);
#6553=VERTEX_POINT('',#13892);
#6554=VERTEX_POINT('',#13893);
#6555=VERTEX_POINT('',#13895);
#6556=VERTEX_POINT('',#13897);
#6557=VERTEX_POINT('',#13900);
#6558=VERTEX_POINT('',#13901);
#6559=VERTEX_POINT('',#13903);
#6560=VERTEX_POINT('',#13905);
#6561=VERTEX_POINT('',#13908);
#6562=VERTEX_POINT('',#13909);
#6563=VERTEX_POINT('',#13911);
#6564=VERTEX_POINT('',#13913);
#6565=VERTEX_POINT('',#13916);
#6566=VERTEX_POINT('',#13917);
#6567=VERTEX_POINT('',#13919);
#6568=VERTEX_POINT('',#13921);
#6569=VERTEX_POINT('',#13924);
#6570=VERTEX_POINT('',#13925);
#6571=VERTEX_POINT('',#13927);
#6572=VERTEX_POINT('',#13929);
#6573=VERTEX_POINT('',#13932);
#6574=VERTEX_POINT('',#13933);
#6575=VERTEX_POINT('',#13935);
#6576=VERTEX_POINT('',#13937);
#6577=VERTEX_POINT('',#13940);
#6578=VERTEX_POINT('',#13941);
#6579=VERTEX_POINT('',#13943);
#6580=VERTEX_POINT('',#13945);
#6581=VERTEX_POINT('',#13948);
#6582=VERTEX_POINT('',#13949);
#6583=VERTEX_POINT('',#13951);
#6584=VERTEX_POINT('',#13953);
#6585=VERTEX_POINT('',#13956);
#6586=VERTEX_POINT('',#13957);
#6587=VERTEX_POINT('',#13959);
#6588=VERTEX_POINT('',#13961);
#6589=VERTEX_POINT('',#13964);
#6590=VERTEX_POINT('',#13965);
#6591=VERTEX_POINT('',#13967);
#6592=VERTEX_POINT('',#13969);
#6593=VERTEX_POINT('',#13972);
#6594=VERTEX_POINT('',#13973);
#6595=VERTEX_POINT('',#13975);
#6596=VERTEX_POINT('',#13977);
#6597=VERTEX_POINT('',#13980);
#6598=VERTEX_POINT('',#13981);
#6599=VERTEX_POINT('',#13983);
#6600=VERTEX_POINT('',#13985);
#6601=VERTEX_POINT('',#13988);
#6602=VERTEX_POINT('',#13989);
#6603=VERTEX_POINT('',#13991);
#6604=VERTEX_POINT('',#13993);
#6605=VERTEX_POINT('',#13996);
#6606=VERTEX_POINT('',#13997);
#6607=VERTEX_POINT('',#13999);
#6608=VERTEX_POINT('',#14001);
#6609=VERTEX_POINT('',#14004);
#6610=VERTEX_POINT('',#14005);
#6611=VERTEX_POINT('',#14007);
#6612=VERTEX_POINT('',#14009);
#6613=VERTEX_POINT('',#14012);
#6614=VERTEX_POINT('',#14014);
#6615=VERTEX_POINT('',#14016);
#6616=VERTEX_POINT('',#14018);
#6617=VERTEX_POINT('',#14020);
#6618=VERTEX_POINT('',#14022);
#6619=VERTEX_POINT('',#14023);
#6620=VERTEX_POINT('',#14026);
#6621=VERTEX_POINT('',#14028);
#6622=VERTEX_POINT('',#14030);
#6623=VERTEX_POINT('',#14032);
#6624=VERTEX_POINT('',#14034);
#6625=VERTEX_POINT('',#14036);
#6626=VERTEX_POINT('',#14038);
#6627=VERTEX_POINT('',#14040);
#6628=VERTEX_POINT('',#14042);
#6629=VERTEX_POINT('',#14044);
#6630=VERTEX_POINT('',#14046);
#6631=VERTEX_POINT('',#14048);
#6632=VERTEX_POINT('',#14050);
#6633=VERTEX_POINT('',#14052);
#6634=VERTEX_POINT('',#14054);
#6635=VERTEX_POINT('',#14056);
#6636=VERTEX_POINT('',#14058);
#6637=VERTEX_POINT('',#14060);
#6638=VERTEX_POINT('',#14062);
#6639=VERTEX_POINT('',#14064);
#6640=VERTEX_POINT('',#14066);
#6641=VERTEX_POINT('',#14068);
#6642=VERTEX_POINT('',#14070);
#6643=VERTEX_POINT('',#14072);
#6644=VERTEX_POINT('',#14074);
#6645=VERTEX_POINT('',#14076);
#6646=VERTEX_POINT('',#14078);
#6647=VERTEX_POINT('',#14080);
#6648=VERTEX_POINT('',#14082);
#6649=VERTEX_POINT('',#14084);
#6650=VERTEX_POINT('',#14086);
#6651=VERTEX_POINT('',#14088);
#6652=VERTEX_POINT('',#14090);
#6653=VERTEX_POINT('',#14092);
#6654=VERTEX_POINT('',#14094);
#6655=VERTEX_POINT('',#14096);
#6656=VERTEX_POINT('',#14098);
#6657=VERTEX_POINT('',#14100);
#6658=VERTEX_POINT('',#14104);
#6659=VERTEX_POINT('',#14105);
#6660=VERTEX_POINT('',#14110);
#6661=VERTEX_POINT('',#14114);
#6662=VERTEX_POINT('',#14118);
#6663=VERTEX_POINT('',#14119);
#6664=VERTEX_POINT('',#14124);
#6665=VERTEX_POINT('',#14128);
#6666=VERTEX_POINT('',#14132);
#6667=VERTEX_POINT('',#14133);
#6668=VERTEX_POINT('',#14138);
#6669=VERTEX_POINT('',#14142);
#6670=VERTEX_POINT('',#14146);
#6671=VERTEX_POINT('',#14147);
#6672=VERTEX_POINT('',#14152);
#6673=VERTEX_POINT('',#14156);
#6674=VERTEX_POINT('',#14160);
#6675=VERTEX_POINT('',#14161);
#6676=VERTEX_POINT('',#14166);
#6677=VERTEX_POINT('',#14170);
#6678=VERTEX_POINT('',#14174);
#6679=VERTEX_POINT('',#14175);
#6680=VERTEX_POINT('',#14180);
#6681=VERTEX_POINT('',#14184);
#6682=VERTEX_POINT('',#14188);
#6683=VERTEX_POINT('',#14189);
#6684=VERTEX_POINT('',#14194);
#6685=VERTEX_POINT('',#14198);
#6686=VERTEX_POINT('',#14202);
#6687=VERTEX_POINT('',#14203);
#6688=VERTEX_POINT('',#14208);
#6689=VERTEX_POINT('',#14212);
#6690=VERTEX_POINT('',#14216);
#6691=VERTEX_POINT('',#14217);
#6692=VERTEX_POINT('',#14222);
#6693=VERTEX_POINT('',#14226);
#6694=VERTEX_POINT('',#14230);
#6695=VERTEX_POINT('',#14231);
#6696=VERTEX_POINT('',#14236);
#6697=VERTEX_POINT('',#14240);
#6698=VERTEX_POINT('',#14244);
#6699=VERTEX_POINT('',#14245);
#6700=VERTEX_POINT('',#14250);
#6701=VERTEX_POINT('',#14254);
#6702=VERTEX_POINT('',#14258);
#6703=VERTEX_POINT('',#14259);
#6704=VERTEX_POINT('',#14264);
#6705=VERTEX_POINT('',#14268);
#6706=VERTEX_POINT('',#14272);
#6707=VERTEX_POINT('',#14273);
#6708=VERTEX_POINT('',#14278);
#6709=VERTEX_POINT('',#14282);
#6710=VERTEX_POINT('',#14286);
#6711=VERTEX_POINT('',#14287);
#6712=VERTEX_POINT('',#14292);
#6713=VERTEX_POINT('',#14296);
#6714=VERTEX_POINT('',#14300);
#6715=VERTEX_POINT('',#14301);
#6716=VERTEX_POINT('',#14306);
#6717=VERTEX_POINT('',#14310);
#6718=VERTEX_POINT('',#14314);
#6719=VERTEX_POINT('',#14315);
#6720=VERTEX_POINT('',#14320);
#6721=VERTEX_POINT('',#14324);
#6722=VERTEX_POINT('',#14328);
#6723=VERTEX_POINT('',#14329);
#6724=VERTEX_POINT('',#14334);
#6725=VERTEX_POINT('',#14338);
#6726=VERTEX_POINT('',#14342);
#6727=VERTEX_POINT('',#14343);
#6728=VERTEX_POINT('',#14348);
#6729=VERTEX_POINT('',#14352);
#6730=VERTEX_POINT('',#14356);
#6731=VERTEX_POINT('',#14357);
#6732=VERTEX_POINT('',#14362);
#6733=VERTEX_POINT('',#14366);
#6734=VERTEX_POINT('',#14370);
#6735=VERTEX_POINT('',#14371);
#6736=VERTEX_POINT('',#14376);
#6737=VERTEX_POINT('',#14380);
#6738=VERTEX_POINT('',#14384);
#6739=VERTEX_POINT('',#14385);
#6740=VERTEX_POINT('',#14390);
#6741=VERTEX_POINT('',#14394);
#6742=VERTEX_POINT('',#14398);
#6743=VERTEX_POINT('',#14399);
#6744=VERTEX_POINT('',#14404);
#6745=VERTEX_POINT('',#14408);
#6746=VERTEX_POINT('',#14412);
#6747=VERTEX_POINT('',#14413);
#6748=VERTEX_POINT('',#14418);
#6749=VERTEX_POINT('',#14422);
#6750=VERTEX_POINT('',#14426);
#6751=VERTEX_POINT('',#14427);
#6752=VERTEX_POINT('',#14432);
#6753=VERTEX_POINT('',#14436);
#6754=VERTEX_POINT('',#14440);
#6755=VERTEX_POINT('',#14441);
#6756=VERTEX_POINT('',#14446);
#6757=VERTEX_POINT('',#14450);
#6758=VERTEX_POINT('',#14454);
#6759=VERTEX_POINT('',#14455);
#6760=VERTEX_POINT('',#14460);
#6761=VERTEX_POINT('',#14464);
#6762=VERTEX_POINT('',#14468);
#6763=VERTEX_POINT('',#14469);
#6764=VERTEX_POINT('',#14474);
#6765=VERTEX_POINT('',#14478);
#6766=VERTEX_POINT('',#14482);
#6767=VERTEX_POINT('',#14483);
#6768=VERTEX_POINT('',#14488);
#6769=VERTEX_POINT('',#14492);
#6770=VERTEX_POINT('',#14496);
#6771=VERTEX_POINT('',#14497);
#6772=VERTEX_POINT('',#14502);
#6773=VERTEX_POINT('',#14506);
#6774=VERTEX_POINT('',#14510);
#6775=VERTEX_POINT('',#14514);
#6776=VERTEX_POINT('',#14518);
#6777=VERTEX_POINT('',#14522);
#6778=VERTEX_POINT('',#14526);
#6779=VERTEX_POINT('',#14530);
#6780=VERTEX_POINT('',#14534);
#6781=VERTEX_POINT('',#14538);
#6782=VERTEX_POINT('',#14542);
#6783=VERTEX_POINT('',#14546);
#6784=VERTEX_POINT('',#14550);
#6785=VERTEX_POINT('',#14554);
#6786=VERTEX_POINT('',#14558);
#6787=VERTEX_POINT('',#14562);
#6788=VERTEX_POINT('',#14566);
#6789=VERTEX_POINT('',#14570);
#6790=VERTEX_POINT('',#14574);
#6791=VERTEX_POINT('',#14578);
#6792=VERTEX_POINT('',#14582);
#6793=VERTEX_POINT('',#14586);
#6794=VERTEX_POINT('',#14590);
#6795=VERTEX_POINT('',#14594);
#6796=VERTEX_POINT('',#14598);
#6797=VERTEX_POINT('',#14602);
#6798=VERTEX_POINT('',#14606);
#6799=VERTEX_POINT('',#14610);
#6800=VERTEX_POINT('',#14614);
#6801=VERTEX_POINT('',#14618);
#6802=VERTEX_POINT('',#14622);
#6803=VERTEX_POINT('',#14626);
#6804=VERTEX_POINT('',#14630);
#6805=VERTEX_POINT('',#14634);
#6806=VERTEX_POINT('',#14638);
#6807=VERTEX_POINT('',#14642);
#6808=VERTEX_POINT('',#14646);
#6809=VERTEX_POINT('',#14649);
#6810=VERTEX_POINT('',#14652);
#6811=VERTEX_POINT('',#14655);
#6812=VERTEX_POINT('',#14714);
#6813=VERTEX_POINT('',#14719);
#6814=VERTEX_POINT('',#14722);
#6815=VERTEX_POINT('',#14725);
#6816=VERTEX_POINT('',#14726);
#6817=VERTEX_POINT('',#14737);
#6818=VERTEX_POINT('',#14738);
#6819=VERTEX_POINT('',#14740);
#6820=VERTEX_POINT('',#14742);
#6821=VERTEX_POINT('',#14746);
#6822=VERTEX_POINT('',#14747);
#6823=VERTEX_POINT('',#14749);
#6824=VERTEX_POINT('',#14751);
#6825=VERTEX_POINT('',#14755);
#6826=VERTEX_POINT('',#14756);
#6827=VERTEX_POINT('',#14758);
#6828=VERTEX_POINT('',#14760);
#6829=VERTEX_POINT('',#14764);
#6830=VERTEX_POINT('',#14765);
#6831=VERTEX_POINT('',#14767);
#6832=VERTEX_POINT('',#14769);
#6833=VERTEX_POINT('',#14773);
#6834=VERTEX_POINT('',#14776);
#6835=VERTEX_POINT('',#14778);
#6836=VERTEX_POINT('',#14780);
#6837=VERTEX_POINT('',#14782);
#6838=VERTEX_POINT('',#14786);
#6839=VERTEX_POINT('',#14787);
#6840=VERTEX_POINT('',#14789);
#6841=VERTEX_POINT('',#14791);
#6842=VERTEX_POINT('',#14793);
#6843=VERTEX_POINT('',#14795);
#6844=VERTEX_POINT('',#14798);
#6845=VERTEX_POINT('',#14800);
#6846=VERTEX_POINT('',#14804);
#6847=VERTEX_POINT('',#14805);
#6848=VERTEX_POINT('',#14807);
#6849=VERTEX_POINT('',#14809);
#6850=VERTEX_POINT('',#14813);
#6851=VERTEX_POINT('',#14814);
#6852=VERTEX_POINT('',#14819);
#6853=VERTEX_POINT('',#14820);
#6854=VERTEX_POINT('',#14825);
#6855=VERTEX_POINT('',#14826);
#6856=VERTEX_POINT('',#14831);
#6857=VERTEX_POINT('',#14832);
#6858=VERTEX_POINT('',#14837);
#6859=VERTEX_POINT('',#14838);
#6860=VERTEX_POINT('',#14843);
#6861=VERTEX_POINT('',#14844);
#6862=VERTEX_POINT('',#14849);
#6863=VERTEX_POINT('',#14850);
#6864=VERTEX_POINT('',#14855);
#6865=VERTEX_POINT('',#14856);
#6866=VERTEX_POINT('',#14861);
#6867=VERTEX_POINT('',#14862);
#6868=VERTEX_POINT('',#14867);
#6869=VERTEX_POINT('',#14868);
#6870=VERTEX_POINT('',#14873);
#6871=VERTEX_POINT('',#14874);
#6872=VERTEX_POINT('',#14879);
#6873=VERTEX_POINT('',#14880);
#6874=VERTEX_POINT('',#14885);
#6875=VERTEX_POINT('',#14886);
#6876=VERTEX_POINT('',#14891);
#6877=VERTEX_POINT('',#14892);
#6878=VERTEX_POINT('',#14897);
#6879=VERTEX_POINT('',#14898);
#6880=VERTEX_POINT('',#14903);
#6881=VERTEX_POINT('',#14904);
#6882=VERTEX_POINT('',#14909);
#6883=VERTEX_POINT('',#14910);
#6884=VERTEX_POINT('',#14915);
#6885=VERTEX_POINT('',#14916);
#6886=VERTEX_POINT('',#14921);
#6887=VERTEX_POINT('',#14922);
#6888=VERTEX_POINT('',#14927);
#6889=VERTEX_POINT('',#14928);
#6890=VERTEX_POINT('',#14933);
#6891=VERTEX_POINT('',#14934);
#6892=VERTEX_POINT('',#14939);
#6893=VERTEX_POINT('',#14940);
#6894=VERTEX_POINT('',#14945);
#6895=VERTEX_POINT('',#14946);
#6896=VERTEX_POINT('',#14951);
#6897=VERTEX_POINT('',#14952);
#6898=VERTEX_POINT('',#14957);
#6899=VERTEX_POINT('',#14958);
#6900=VERTEX_POINT('',#14963);
#6901=VERTEX_POINT('',#14964);
#6902=VERTEX_POINT('',#14969);
#6903=VERTEX_POINT('',#14970);
#6904=VERTEX_POINT('',#14978);
#6905=VERTEX_POINT('',#14982);
#6906=VERTEX_POINT('',#14983);
#6907=VERTEX_POINT('',#14985);
#6908=VERTEX_POINT('',#14987);
#6909=VERTEX_POINT('',#14991);
#6910=VERTEX_POINT('',#14993);
#6911=VERTEX_POINT('',#14997);
#6912=VERTEX_POINT('',#14999);
#6913=VERTEX_POINT('',#15003);
#6914=VERTEX_POINT('',#15005);
#6915=VERTEX_POINT('',#15009);
#6916=VERTEX_POINT('',#15011);
#6917=VERTEX_POINT('',#15015);
#6918=VERTEX_POINT('',#15017);
#6919=VERTEX_POINT('',#15021);
#6920=VERTEX_POINT('',#15023);
#6921=VERTEX_POINT('',#15027);
#6922=VERTEX_POINT('',#15029);
#6923=VERTEX_POINT('',#15033);
#6924=VERTEX_POINT('',#15035);
#6925=VERTEX_POINT('',#15039);
#6926=VERTEX_POINT('',#15041);
#6927=VERTEX_POINT('',#15045);
#6928=VERTEX_POINT('',#15047);
#6929=VERTEX_POINT('',#15051);
#6930=VERTEX_POINT('',#15053);
#6931=VERTEX_POINT('',#15057);
#6932=VERTEX_POINT('',#15059);
#6933=VERTEX_POINT('',#15063);
#6934=VERTEX_POINT('',#15065);
#6935=VERTEX_POINT('',#15069);
#6936=VERTEX_POINT('',#15071);
#6937=VERTEX_POINT('',#15075);
#6938=VERTEX_POINT('',#15077);
#6939=VERTEX_POINT('',#15086);
#6940=VERTEX_POINT('',#15088);
#6941=VERTEX_POINT('',#15092);
#6942=VERTEX_POINT('',#15094);
#6943=VERTEX_POINT('',#15098);
#6944=VERTEX_POINT('',#15100);
#6945=VERTEX_POINT('',#15104);
#6946=VERTEX_POINT('',#15106);
#6947=VERTEX_POINT('',#15110);
#6948=VERTEX_POINT('',#15112);
#6949=VERTEX_POINT('',#15116);
#6950=VERTEX_POINT('',#15118);
#6951=VERTEX_POINT('',#15122);
#6952=VERTEX_POINT('',#15124);
#6953=VERTEX_POINT('',#15128);
#6954=VERTEX_POINT('',#15130);
#6955=VERTEX_POINT('',#15134);
#6956=VERTEX_POINT('',#15136);
#6957=VERTEX_POINT('',#15140);
#6958=VERTEX_POINT('',#15142);
#6959=VERTEX_POINT('',#15146);
#6960=VERTEX_POINT('',#15148);
#6961=VERTEX_POINT('',#15155);
#6962=VERTEX_POINT('',#15156);
#6963=VERTEX_POINT('',#15158);
#6964=VERTEX_POINT('',#15162);
#6965=VERTEX_POINT('',#15164);
#6966=VERTEX_POINT('',#15168);
#6967=VERTEX_POINT('',#15170);
#6968=VERTEX_POINT('',#15172);
#6969=VERTEX_POINT('',#15174);
#6970=VERTEX_POINT('',#15176);
#6971=VERTEX_POINT('',#15181);
#6972=VERTEX_POINT('',#15182);
#6973=VERTEX_POINT('',#15184);
#6974=VERTEX_POINT('',#15186);
#6975=VERTEX_POINT('',#15190);
#6976=VERTEX_POINT('',#15191);
#6977=VERTEX_POINT('',#15196);
#6978=VERTEX_POINT('',#15197);
#6979=VERTEX_POINT('',#15202);
#6980=VERTEX_POINT('',#15203);
#6981=VERTEX_POINT('',#15208);
#6982=VERTEX_POINT('',#15209);
#6983=VERTEX_POINT('',#15214);
#6984=VERTEX_POINT('',#15215);
#6985=VERTEX_POINT('',#15220);
#6986=VERTEX_POINT('',#15221);
#6987=VERTEX_POINT('',#15226);
#6988=VERTEX_POINT('',#15227);
#6989=VERTEX_POINT('',#15232);
#6990=VERTEX_POINT('',#15233);
#6991=VERTEX_POINT('',#15238);
#6992=VERTEX_POINT('',#15239);
#6993=VERTEX_POINT('',#15244);
#6994=VERTEX_POINT('',#15245);
#6995=VERTEX_POINT('',#15250);
#6996=VERTEX_POINT('',#15251);
#6997=VERTEX_POINT('',#15256);
#6998=VERTEX_POINT('',#15257);
#6999=VERTEX_POINT('',#15262);
#7000=VERTEX_POINT('',#15263);
#7001=VERTEX_POINT('',#15268);
#7002=VERTEX_POINT('',#15269);
#7003=VERTEX_POINT('',#15274);
#7004=VERTEX_POINT('',#15275);
#7005=VERTEX_POINT('',#15280);
#7006=VERTEX_POINT('',#15281);
#7007=VERTEX_POINT('',#15286);
#7008=VERTEX_POINT('',#15287);
#7009=VERTEX_POINT('',#15292);
#7010=VERTEX_POINT('',#15293);
#7011=VERTEX_POINT('',#15298);
#7012=VERTEX_POINT('',#15299);
#7013=VERTEX_POINT('',#15304);
#7014=VERTEX_POINT('',#15305);
#7015=VERTEX_POINT('',#15310);
#7016=VERTEX_POINT('',#15311);
#7017=VERTEX_POINT('',#15316);
#7018=VERTEX_POINT('',#15317);
#7019=VERTEX_POINT('',#15322);
#7020=VERTEX_POINT('',#15323);
#7021=VERTEX_POINT('',#15328);
#7022=VERTEX_POINT('',#15329);
#7023=VERTEX_POINT('',#15334);
#7024=VERTEX_POINT('',#15335);
#7025=VERTEX_POINT('',#15340);
#7026=VERTEX_POINT('',#15341);
#7027=VERTEX_POINT('',#15346);
#7028=VERTEX_POINT('',#15347);
#7029=VERTEX_POINT('',#15352);
#7030=VERTEX_POINT('',#15353);
#7031=VERTEX_POINT('',#15358);
#7032=VERTEX_POINT('',#15359);
#7033=VERTEX_POINT('',#15364);
#7034=VERTEX_POINT('',#15365);
#7035=VERTEX_POINT('',#15370);
#7036=VERTEX_POINT('',#15371);
#7037=VERTEX_POINT('',#15373);
#7038=VERTEX_POINT('',#15375);
#7039=VERTEX_POINT('',#15379);
#7040=VERTEX_POINT('',#15380);
#7041=VERTEX_POINT('',#15385);
#7042=VERTEX_POINT('',#15386);
#7043=VERTEX_POINT('',#15391);
#7044=VERTEX_POINT('',#15392);
#7045=VERTEX_POINT('',#15397);
#7046=VERTEX_POINT('',#15398);
#7047=VERTEX_POINT('',#15403);
#7048=VERTEX_POINT('',#15404);
#7049=VERTEX_POINT('',#15409);
#7050=VERTEX_POINT('',#15410);
#7051=VERTEX_POINT('',#15415);
#7052=VERTEX_POINT('',#15416);
#7053=VERTEX_POINT('',#15421);
#7054=VERTEX_POINT('',#15422);
#7055=VERTEX_POINT('',#15427);
#7056=VERTEX_POINT('',#15428);
#7057=VERTEX_POINT('',#15433);
#7058=VERTEX_POINT('',#15434);
#7059=VERTEX_POINT('',#15439);
#7060=VERTEX_POINT('',#15440);
#7061=VERTEX_POINT('',#15445);
#7062=VERTEX_POINT('',#15446);
#7063=VERTEX_POINT('',#15451);
#7064=VERTEX_POINT('',#15452);
#7065=VERTEX_POINT('',#15457);
#7066=VERTEX_POINT('',#15458);
#7067=VERTEX_POINT('',#15463);
#7068=VERTEX_POINT('',#15464);
#7069=VERTEX_POINT('',#15467);
#7070=VERTEX_POINT('',#15471);
#7071=VERTEX_POINT('',#15473);
#7072=VERTEX_POINT('',#15477);
#7073=VERTEX_POINT('',#15488);
#7074=VERTEX_POINT('',#15489);
#7075=VERTEX_POINT('',#15491);
#7076=VERTEX_POINT('',#15493);
#7077=VERTEX_POINT('',#15495);
#7078=VERTEX_POINT('',#15497);
#7079=VERTEX_POINT('',#15499);
#7080=VERTEX_POINT('',#15501);
#7081=VERTEX_POINT('',#15503);
#7082=VERTEX_POINT('',#15505);
#7083=VERTEX_POINT('',#15507);
#7084=VERTEX_POINT('',#15509);
#7085=VERTEX_POINT('',#15511);
#7086=VERTEX_POINT('',#15513);
#7087=VERTEX_POINT('',#15515);
#7088=VERTEX_POINT('',#15517);
#7089=VERTEX_POINT('',#15520);
#7090=VERTEX_POINT('',#15521);
#7091=VERTEX_POINT('',#15523);
#7092=VERTEX_POINT('',#15525);
#7093=VERTEX_POINT('',#15527);
#7094=VERTEX_POINT('',#15529);
#7095=VERTEX_POINT('',#15531);
#7096=VERTEX_POINT('',#15533);
#7097=VERTEX_POINT('',#15535);
#7098=VERTEX_POINT('',#15537);
#7099=VERTEX_POINT('',#15539);
#7100=VERTEX_POINT('',#15541);
#7101=VERTEX_POINT('',#15543);
#7102=VERTEX_POINT('',#15545);
#7103=VERTEX_POINT('',#15547);
#7104=VERTEX_POINT('',#15549);
#7105=VERTEX_POINT('',#15551);
#7106=VERTEX_POINT('',#15553);
#7107=VERTEX_POINT('',#15555);
#7108=VERTEX_POINT('',#15557);
#7109=VERTEX_POINT('',#15559);
#7110=VERTEX_POINT('',#15561);
#7111=VERTEX_POINT('',#15563);
#7112=VERTEX_POINT('',#15565);
#7113=VERTEX_POINT('',#15567);
#7114=VERTEX_POINT('',#15569);
#7115=VERTEX_POINT('',#15571);
#7116=VERTEX_POINT('',#15573);
#7117=VERTEX_POINT('',#15575);
#7118=VERTEX_POINT('',#15577);
#7119=VERTEX_POINT('',#15579);
#7120=VERTEX_POINT('',#15581);
#7121=VERTEX_POINT('',#15584);
#7122=VERTEX_POINT('',#15585);
#7123=VERTEX_POINT('',#15588);
#7124=VERTEX_POINT('',#15590);
#7125=VERTEX_POINT('',#15592);
#7126=VERTEX_POINT('',#15594);
#7127=VERTEX_POINT('',#15596);
#7128=VERTEX_POINT('',#15598);
#7129=VERTEX_POINT('',#15600);
#7130=VERTEX_POINT('',#15602);
#7131=VERTEX_POINT('',#15604);
#7132=VERTEX_POINT('',#15606);
#7133=VERTEX_POINT('',#15608);
#7134=VERTEX_POINT('',#15610);
#7135=VERTEX_POINT('',#15612);
#7136=VERTEX_POINT('',#15614);
#7137=VERTEX_POINT('',#15616);
#7138=VERTEX_POINT('',#15618);
#7139=VERTEX_POINT('',#15620);
#7140=VERTEX_POINT('',#15622);
#7141=VERTEX_POINT('',#15624);
#7142=VERTEX_POINT('',#15626);
#7143=VERTEX_POINT('',#15628);
#7144=VERTEX_POINT('',#15630);
#7145=VERTEX_POINT('',#15632);
#7146=VERTEX_POINT('',#15634);
#7147=VERTEX_POINT('',#15636);
#7148=VERTEX_POINT('',#15638);
#7149=VERTEX_POINT('',#15640);
#7150=VERTEX_POINT('',#15642);
#7151=VERTEX_POINT('',#15644);
#7152=VERTEX_POINT('',#15646);
#7153=VERTEX_POINT('',#15650);
#7154=VERTEX_POINT('',#15652);
#7155=VERTEX_POINT('',#15654);
#7156=VERTEX_POINT('',#15656);
#7157=VERTEX_POINT('',#15658);
#7158=VERTEX_POINT('',#15660);
#7159=VERTEX_POINT('',#15662);
#7160=VERTEX_POINT('',#15835);
#7161=VERTEX_POINT('',#15839);
#7162=VERTEX_POINT('',#15843);
#7163=VERTEX_POINT('',#15847);
#7164=VERTEX_POINT('',#15851);
#7165=VERTEX_POINT('',#15855);
#7166=VERTEX_POINT('',#15859);
#7167=VERTEX_POINT('',#15863);
#7168=VERTEX_POINT('',#15867);
#7169=VERTEX_POINT('',#15871);
#7170=VERTEX_POINT('',#15875);
#7171=VERTEX_POINT('',#15879);
#7172=VERTEX_POINT('',#15883);
#7173=CIRCLE('',#9591,0.00175);
#7174=CIRCLE('',#9592,0.005);
#7175=CIRCLE('',#9593,0.001);
#7176=CIRCLE('',#9595,0.0005);
#7177=CIRCLE('',#9596,0.0005);
#7178=CIRCLE('',#9598,0.001);
#7179=CIRCLE('',#9599,0.001);
#7180=CIRCLE('',#9601,0.001);
#7181=CIRCLE('',#9602,0.001);
#7182=CIRCLE('',#9604,0.00175);
#7183=CIRCLE('',#9605,0.00175);
#7184=CIRCLE('',#9606,0.00175);
#7185=CIRCLE('',#9607,0.00175);
#7186=CIRCLE('',#9608,0.00175);
#7187=CIRCLE('',#9609,0.000999999999999477);
#7188=CIRCLE('',#9610,0.00100000000000745);
#7189=CIRCLE('',#9611,0.00100000000000002);
#7190=CIRCLE('',#9612,0.000999999999999886);
#7191=CIRCLE('',#9613,0.000999999999999844);
#7192=CIRCLE('',#9614,0.001);
#7193=CIRCLE('',#9615,0.00100000000000037);
#7194=CIRCLE('',#9616,0.00100000000000001);
#7195=CIRCLE('',#9617,0.00100000000000008);
#7196=CIRCLE('',#9618,0.00100000000000035);
#7197=CIRCLE('',#9619,0.001);
#7198=CIRCLE('',#9620,0.000999999999999947);
#7199=CIRCLE('',#9621,0.0010000000000002);
#7200=CIRCLE('',#9622,0.00100000000000006);
#7201=CIRCLE('',#9623,0.000999999999999957);
#7202=CIRCLE('',#9624,0.005);
#7203=CIRCLE('',#9625,0.00499999999999976);
#7204=CIRCLE('',#9626,0.0049999999999998);
#7205=CIRCLE('',#9627,0.00499999999999988);
#7206=CIRCLE('',#9628,0.005);
#7207=CIRCLE('',#9629,0.00499999999999968);
#7208=CIRCLE('',#9630,0.00499999999999974);
#7209=CIRCLE('',#9631,0.00500000000000006);
#7210=CIRCLE('',#9632,0.00499999999999993);
#7211=CIRCLE('',#9633,0.005);
#7212=CIRCLE('',#9634,0.005);
#7213=CIRCLE('',#9635,0.00499999999999993);
#7214=CIRCLE('',#9636,0.005);
#7215=CIRCLE('',#9637,0.00500000000001134);
#7216=CIRCLE('',#9638,0.00500000000000021);
#7217=CIRCLE('',#9641,0.00499999999999976);
#7218=CIRCLE('',#9644,0.0049999999999998);
#7219=CIRCLE('',#9647,0.00499999999999988);
#7220=CIRCLE('',#9650,0.005);
#7221=CIRCLE('',#9653,0.00499999999999968);
#7222=CIRCLE('',#9656,0.00499999999999974);
#7223=CIRCLE('',#9659,0.00500000000000006);
#7224=CIRCLE('',#9662,0.00499999999999993);
#7225=CIRCLE('',#9665,0.005);
#7226=CIRCLE('',#9668,0.005);
#7227=CIRCLE('',#9671,0.00499999999999993);
#7228=CIRCLE('',#9674,0.005);
#7229=CIRCLE('',#9677,0.00500000000001134);
#7230=CIRCLE('',#9680,0.00500000000000021);
#7231=CIRCLE('',#9682,0.0005);
#7232=CIRCLE('',#9683,0.0005);
#7233=CIRCLE('',#9685,0.005);
#7234=CIRCLE('',#9687,0.005);
#7235=CIRCLE('',#9689,0.00175);
#7236=CIRCLE('',#9690,0.00175);
#7237=CIRCLE('',#9691,0.00175);
#7238=CIRCLE('',#9692,0.00175);
#7239=CIRCLE('',#9693,0.00175);
#7240=CIRCLE('',#9694,0.00175);
#7241=CIRCLE('',#9695,0.00549999999999968);
#7242=CIRCLE('',#9696,0.0045);
#7243=CIRCLE('',#9697,0.00549999999999988);
#7244=CIRCLE('',#9698,0.0044999999999998);
#7245=CIRCLE('',#9699,0.00449999999999976);
#7246=CIRCLE('',#9700,0.0055);
#7247=CIRCLE('',#9701,0.0045);
#7248=CIRCLE('',#9702,0.00450000000000021);
#7249=CIRCLE('',#9703,0.00450000000001134);
#7250=CIRCLE('',#9704,0.0045);
#7251=CIRCLE('',#9705,0.00449999999999993);
#7252=CIRCLE('',#9706,0.0055);
#7253=CIRCLE('',#9707,0.0045);
#7254=CIRCLE('',#9708,0.00449999999999993);
#7255=CIRCLE('',#9709,0.0055);
#7256=CIRCLE('',#9710,0.00449999999999974);
#7257=CIRCLE('',#9713,0.000999999999999844);
#7258=CIRCLE('',#9716,0.001);
#7259=CIRCLE('',#9719,0.00100000000000037);
#7260=CIRCLE('',#9722,0.00100000000000001);
#7261=CIRCLE('',#9725,0.00100000000000008);
#7262=CIRCLE('',#9728,0.00100000000000035);
#7263=CIRCLE('',#9731,0.001);
#7264=CIRCLE('',#9734,0.000999999999999947);
#7265=CIRCLE('',#9737,0.0010000000000002);
#7266=CIRCLE('',#9740,0.00100000000000006);
#7267=CIRCLE('',#9743,0.000999999999999957);
#7268=CIRCLE('',#9745,0.001);
#7269=CIRCLE('',#9747,0.000999999999999477);
#7270=CIRCLE('',#9750,0.00100000000000745);
#7271=CIRCLE('',#9753,0.00100000000000002);
#7272=CIRCLE('',#9756,0.000999999999999886);
#7273=CIRCLE('',#9759,0.0005);
#7274=CIRCLE('',#9760,0.0005);
#7275=CIRCLE('',#9762,0.0005);
#7276=CIRCLE('',#9764,0.0005);
#7277=CIRCLE('',#9766,0.0005);
#7278=CIRCLE('',#9768,0.0005);
#7279=CIRCLE('',#9770,0.0005);
#7280=CIRCLE('',#9772,0.0005);
#7281=CIRCLE('',#9774,0.0005);
#7282=CIRCLE('',#9776,0.0005);
#7283=CIRCLE('',#9778,0.0005);
#7284=CIRCLE('',#9780,0.0005);
#7285=CIRCLE('',#9782,0.0005);
#7286=CIRCLE('',#9784,0.0005);
#7287=CIRCLE('',#9786,0.0005);
#7288=CIRCLE('',#9788,0.0005);
#7289=CIRCLE('',#9790,0.0005);
#7290=CIRCLE('',#9792,0.0005);
#7291=CIRCLE('',#9794,0.0005);
#7292=CIRCLE('',#9796,0.0005);
#7293=CIRCLE('',#9798,0.0005);
#7294=CIRCLE('',#9800,0.0005);
#7295=CIRCLE('',#9802,0.0005);
#7296=CIRCLE('',#9804,0.0005);
#7297=CIRCLE('',#9806,0.0005);
#7298=CIRCLE('',#9808,0.0005);
#7299=CIRCLE('',#9810,0.0005);
#7300=CIRCLE('',#9812,0.0005);
#7301=CIRCLE('',#9814,0.0005);
#7302=CIRCLE('',#9816,0.0005);
#7303=CIRCLE('',#9818,0.0005);
#7304=CIRCLE('',#9820,0.0005);
#7305=CIRCLE('',#9841,0.00175);
#7306=CIRCLE('',#9842,0.00175);
#7307=CIRCLE('',#9843,0.00175);
#7308=CIRCLE('',#9844,0.00175);
#7309=CIRCLE('',#9845,0.00175);
#7310=CIRCLE('',#9846,0.00175);
#7311=CIRCLE('',#9847,0.00175);
#7312=CIRCLE('',#9848,0.00200000000000006);
#7313=CIRCLE('',#9849,0.00199999999999986);
#7314=CIRCLE('',#9850,0.00199999999999968);
#7315=CIRCLE('',#9851,0.00200000000000007);
#7316=CIRCLE('',#9852,0.002);
#7317=CIRCLE('',#9853,0.00200000000000015);
#7318=CIRCLE('',#9854,0.00199999999999982);
#7319=CIRCLE('',#9855,0.00200000000000005);
#7320=CIRCLE('',#9856,0.00200000000000003);
#7321=CIRCLE('',#9857,0.00200000000000003);
#7322=CIRCLE('',#9858,0.002);
#7323=CIRCLE('',#9859,0.00200000000000003);
#7324=CIRCLE('',#9860,0.002);
#7325=CIRCLE('',#9861,0.00200000000001022);
#7326=CIRCLE('',#9862,0.00200000000000058);
#7327=CIRCLE('',#9863,0.00100000000000001);
#7328=CIRCLE('',#9864,0.001);
#7329=CIRCLE('',#9865,0.002);
#7330=CIRCLE('',#9954,0.001);
#7331=CIRCLE('',#9957,0.002);
#7332=CIRCLE('',#9960,0.00200000000000006);
#7333=CIRCLE('',#9963,0.00199999999999986);
#7334=CIRCLE('',#9966,0.00199999999999968);
#7335=CIRCLE('',#9969,0.00200000000000007);
#7336=CIRCLE('',#9972,0.002);
#7337=CIRCLE('',#9975,0.00200000000000015);
#7338=CIRCLE('',#9978,0.00199999999999982);
#7339=CIRCLE('',#9981,0.00200000000000005);
#7340=CIRCLE('',#9984,0.00200000000000003);
#7341=CIRCLE('',#9987,0.00200000000000003);
#7342=CIRCLE('',#9990,0.002);
#7343=CIRCLE('',#9993,0.00200000000000003);
#7344=CIRCLE('',#9996,0.002);
#7345=CIRCLE('',#9999,0.00200000000001022);
#7346=CIRCLE('',#10002,0.00200000000000058);
#7347=CIRCLE('',#10005,0.00175);
#7348=CIRCLE('',#10007,0.00175);
#7349=CIRCLE('',#10009,0.00175);
#7350=CIRCLE('',#10011,0.00175);
#7351=CIRCLE('',#10041,0.00175);
#7352=CIRCLE('',#10043,0.00100000000000001);
#7353=CIRCLE('',#10045,0.00175);
#7354=CIRCLE('',#10047,0.00175);
#7355=CIRCLE('',#10058,0.00175);
#7356=CIRCLE('',#10059,0.002);
#7357=CIRCLE('',#10060,0.005);
#7358=CIRCLE('',#10062,0.001);
#7359=CIRCLE('',#10063,0.001);
#7360=CIRCLE('',#10065,0.005);
#7361=CIRCLE('',#10066,0.005);
#7362=CIRCLE('',#10069,0.00499999999999976);
#7363=CIRCLE('',#10070,0.00499999999999976);
#7364=CIRCLE('',#10073,0.0049999999999998);
#7365=CIRCLE('',#10074,0.0049999999999998);
#7366=CIRCLE('',#10077,0.00499999999999988);
#7367=CIRCLE('',#10078,0.00499999999999988);
#7368=CIRCLE('',#10081,0.005);
#7369=CIRCLE('',#10082,0.005);
#7370=CIRCLE('',#10085,0.00499999999999968);
#7371=CIRCLE('',#10086,0.00499999999999968);
#7372=CIRCLE('',#10089,0.00499999999999974);
#7373=CIRCLE('',#10090,0.00499999999999974);
#7374=CIRCLE('',#10093,0.00500000000000006);
#7375=CIRCLE('',#10094,0.00500000000000006);
#7376=CIRCLE('',#10097,0.00499999999999993);
#7377=CIRCLE('',#10098,0.00499999999999993);
#7378=CIRCLE('',#10101,0.005);
#7379=CIRCLE('',#10102,0.005);
#7380=CIRCLE('',#10105,0.005);
#7381=CIRCLE('',#10106,0.005);
#7382=CIRCLE('',#10109,0.00499999999999993);
#7383=CIRCLE('',#10110,0.00499999999999993);
#7384=CIRCLE('',#10113,0.005);
#7385=CIRCLE('',#10114,0.005);
#7386=CIRCLE('',#10117,0.00500000000001134);
#7387=CIRCLE('',#10118,0.00500000000001134);
#7388=CIRCLE('',#10121,0.00500000000000021);
#7389=CIRCLE('',#10122,0.00500000000000021);
#7390=CIRCLE('',#10124,0.005);
#7391=CIRCLE('',#10126,0.00199999999999965);
#7392=CIRCLE('',#10127,0.00199999999999965);
#7393=CIRCLE('',#10130,0.00199999999999983);
#7394=CIRCLE('',#10131,0.00199999999999983);
#7395=CIRCLE('',#10134,0.00200000000000005);
#7396=CIRCLE('',#10135,0.00200000000000005);
#7397=CIRCLE('',#10138,0.00200000000000027);
#7398=CIRCLE('',#10139,0.00200000000000027);
#7399=CIRCLE('',#10142,0.002);
#7400=CIRCLE('',#10143,0.002);
#7401=CIRCLE('',#10146,0.002);
#7402=CIRCLE('',#10147,0.002);
#7403=CIRCLE('',#10150,0.00199999999999969);
#7404=CIRCLE('',#10151,0.00199999999999969);
#7405=CIRCLE('',#10154,0.002);
#7406=CIRCLE('',#10155,0.002);
#7407=CIRCLE('',#10158,0.00200000000000004);
#7408=CIRCLE('',#10159,0.00200000000000004);
#7409=CIRCLE('',#10161,0.002);
#7410=CIRCLE('',#10163,0.00100000000000093);
#7411=CIRCLE('',#10164,0.00100000000000093);
#7412=CIRCLE('',#10167,0.00200000000000312);
#7413=CIRCLE('',#10168,0.00200000000000312);
#7414=CIRCLE('',#10171,0.0020000000000001);
#7415=CIRCLE('',#10172,0.0020000000000001);
#7416=CIRCLE('',#10175,0.00100000000000003);
#7417=CIRCLE('',#10176,0.00100000000000003);
#7418=CIRCLE('',#10179,0.000999999999999935);
#7419=CIRCLE('',#10180,0.000999999999999935);
#7420=CIRCLE('',#10183,0.002);
#7421=CIRCLE('',#10184,0.002);
#7422=CIRCLE('',#10187,0.001);
#7423=CIRCLE('',#10188,0.001);
#7424=CIRCLE('',#10190,0.00175);
#7425=CIRCLE('',#10191,0.00175);
#7426=CIRCLE('',#10192,0.00175);
#7427=CIRCLE('',#10193,0.00175);
#7428=CIRCLE('',#10194,0.00175);
#7429=CIRCLE('',#10247,0.00300000000000021);
#7430=CIRCLE('',#10248,0.00299999999999996);
#7431=CIRCLE('',#10249,0.007);
#7432=CIRCLE('',#10250,0.00299999999999976);
#7433=CIRCLE('',#10251,0.0029999999999998);
#7434=CIRCLE('',#10252,0.00699999999999987);
#7435=CIRCLE('',#10253,0.003);
#7436=CIRCLE('',#10254,0.00699999999999968);
#7437=CIRCLE('',#10255,0.00299999999999974);
#7438=CIRCLE('',#10256,0.007);
#7439=CIRCLE('',#10257,0.00299999999999994);
#7440=CIRCLE('',#10258,0.003);
#7441=CIRCLE('',#10259,0.007);
#7442=CIRCLE('',#10260,0.00299999999999993);
#7443=CIRCLE('',#10261,0.00299999999999995);
#7444=CIRCLE('',#10262,0.00300000000001135);
#7445=CIRCLE('',#10264,0.00175);
#7446=CIRCLE('',#10265,0.00175);
#7447=CIRCLE('',#10266,0.00175);
#7448=CIRCLE('',#10267,0.00175);
#7449=CIRCLE('',#10268,0.00175);
#7450=CIRCLE('',#10269,0.00175);
#7451=CIRCLE('',#10270,0.00175);
#7452=CIRCLE('',#10406,0.00175);
#7453=CIRCLE('',#10409,0.00175);
#7454=CIRCLE('',#10412,0.00175);
#7455=CIRCLE('',#10415,0.00175);
#7456=CIRCLE('',#10418,0.00175);
#7457=CIRCLE('',#10421,0.00175);
#7458=CIRCLE('',#10424,0.00175);
#7459=CIRCLE('',#10427,0.00175);
#7460=CIRCLE('',#10430,0.00175);
#7461=CIRCLE('',#10433,0.00175);
#7462=CIRCLE('',#10436,0.00175);
#7463=CIRCLE('',#10439,0.00175);
#7464=CIRCLE('',#10442,0.00175);
#7465=EDGE_LOOP('',(#2276));
#7466=EDGE_LOOP('',(#2277,#2278,#2279,#2280,#2281,#2282,#2283,#2284));
#7467=EDGE_LOOP('',(#2285,#2286,#2287,#2288,#2289,#2290,#2291,#2292,#2293,
#2294));
#7468=EDGE_LOOP('',(#2295,#2296,#2297,#2298,#2299,#2300,#2301,#2302,#2303,
#2304));
#7469=EDGE_LOOP('',(#2305,#2306,#2307,#2308,#2309,#2310,#2311,#2312,#2313,
#2314));
#7470=EDGE_LOOP('',(#2315));
#7471=EDGE_LOOP('',(#2316));
#7472=EDGE_LOOP('',(#2317));
#7473=EDGE_LOOP('',(#2318));
#7474=EDGE_LOOP('',(#2319));
#7475=EDGE_LOOP('',(#2320,#2321,#2322,#2323,#2324,#2325,#2326,#2327,#2328,
#2329,#2330,#2331,#2332,#2333,#2334,#2335,#2336,#2337,#2338,#2339,#2340,
#2341,#2342,#2343,#2344,#2345,#2346,#2347,#2348,#2349,#2350,#2351,#2352,
#2353,#2354,#2355,#2356,#2357,#2358,#2359,#2360,#2361,#2362,#2363,#2364,
#2365,#2366,#2367,#2368,#2369,#2370,#2371,#2372,#2373,#2374,#2375,#2376,
#2377,#2378,#2379,#2380,#2381,#2382,#2383));
#7476=EDGE_LOOP('',(#2384,#2385,#2386,#2387));
#7477=EDGE_LOOP('',(#2388,#2389,#2390,#2391));
#7478=EDGE_LOOP('',(#2392,#2393,#2394,#2395));
#7479=EDGE_LOOP('',(#2396,#2397,#2398,#2399));
#7480=EDGE_LOOP('',(#2400,#2401,#2402,#2403));
#7481=EDGE_LOOP('',(#2404,#2405,#2406,#2407));
#7482=EDGE_LOOP('',(#2408,#2409,#2410,#2411));
#7483=EDGE_LOOP('',(#2412,#2413,#2414,#2415));
#7484=EDGE_LOOP('',(#2416,#2417,#2418,#2419));
#7485=EDGE_LOOP('',(#2420,#2421,#2422,#2423));
#7486=EDGE_LOOP('',(#2424,#2425,#2426,#2427));
#7487=EDGE_LOOP('',(#2428,#2429,#2430,#2431));
#7488=EDGE_LOOP('',(#2432,#2433,#2434,#2435));
#7489=EDGE_LOOP('',(#2436,#2437,#2438,#2439));
#7490=EDGE_LOOP('',(#2440,#2441,#2442,#2443));
#7491=EDGE_LOOP('',(#2444,#2445,#2446,#2447));
#7492=EDGE_LOOP('',(#2448,#2449,#2450,#2451));
#7493=EDGE_LOOP('',(#2452,#2453,#2454,#2455));
#7494=EDGE_LOOP('',(#2456,#2457,#2458,#2459));
#7495=EDGE_LOOP('',(#2460,#2461,#2462,#2463));
#7496=EDGE_LOOP('',(#2464,#2465,#2466,#2467));
#7497=EDGE_LOOP('',(#2468,#2469,#2470,#2471));
#7498=EDGE_LOOP('',(#2472,#2473,#2474,#2475));
#7499=EDGE_LOOP('',(#2476,#2477,#2478,#2479));
#7500=EDGE_LOOP('',(#2480,#2481,#2482,#2483));
#7501=EDGE_LOOP('',(#2484,#2485,#2486,#2487));
#7502=EDGE_LOOP('',(#2488,#2489,#2490,#2491));
#7503=EDGE_LOOP('',(#2492,#2493,#2494,#2495));
#7504=EDGE_LOOP('',(#2496,#2497,#2498,#2499,#2500,#2501,#2502,#2503,#2504,
#2505));
#7505=EDGE_LOOP('',(#2506,#2507,#2508,#2509));
#7506=EDGE_LOOP('',(#2510,#2511,#2512,#2513));
#7507=EDGE_LOOP('',(#2514));
#7508=EDGE_LOOP('',(#2515));
#7509=EDGE_LOOP('',(#2516));
#7510=EDGE_LOOP('',(#2517));
#7511=EDGE_LOOP('',(#2518));
#7512=EDGE_LOOP('',(#2519));
#7513=EDGE_LOOP('',(#2520,#2521,#2522,#2523,#2524,#2525,#2526,#2527,#2528,
#2529,#2530,#2531,#2532,#2533,#2534,#2535,#2536,#2537,#2538,#2539,#2540,
#2541,#2542,#2543,#2544,#2545,#2546,#2547,#2548,#2549,#2550,#2551));
#7514=EDGE_LOOP('',(#2552,#2553,#2554,#2555));
#7515=EDGE_LOOP('',(#2556,#2557,#2558,#2559));
#7516=EDGE_LOOP('',(#2560,#2561,#2562,#2563));
#7517=EDGE_LOOP('',(#2564,#2565,#2566,#2567));
#7518=EDGE_LOOP('',(#2568,#2569,#2570,#2571));
#7519=EDGE_LOOP('',(#2572,#2573,#2574,#2575));
#7520=EDGE_LOOP('',(#2576,#2577,#2578,#2579));
#7521=EDGE_LOOP('',(#2580,#2581,#2582,#2583));
#7522=EDGE_LOOP('',(#2584,#2585,#2586,#2587));
#7523=EDGE_LOOP('',(#2588,#2589,#2590,#2591));
#7524=EDGE_LOOP('',(#2592,#2593,#2594,#2595));
#7525=EDGE_LOOP('',(#2596,#2597,#2598,#2599));
#7526=EDGE_LOOP('',(#2600,#2601,#2602,#2603));
#7527=EDGE_LOOP('',(#2604,#2605,#2606,#2607));
#7528=EDGE_LOOP('',(#2608,#2609,#2610,#2611));
#7529=EDGE_LOOP('',(#2612,#2613,#2614,#2615));
#7530=EDGE_LOOP('',(#2616,#2617,#2618,#2619));
#7531=EDGE_LOOP('',(#2620,#2621,#2622,#2623));
#7532=EDGE_LOOP('',(#2624,#2625,#2626,#2627));
#7533=EDGE_LOOP('',(#2628,#2629,#2630,#2631));
#7534=EDGE_LOOP('',(#2632,#2633,#2634,#2635));
#7535=EDGE_LOOP('',(#2636,#2637,#2638,#2639));
#7536=EDGE_LOOP('',(#2640,#2641,#2642,#2643));
#7537=EDGE_LOOP('',(#2644,#2645,#2646,#2647));
#7538=EDGE_LOOP('',(#2648,#2649,#2650,#2651));
#7539=EDGE_LOOP('',(#2652,#2653,#2654,#2655));
#7540=EDGE_LOOP('',(#2656,#2657,#2658,#2659));
#7541=EDGE_LOOP('',(#2660,#2661,#2662,#2663));
#7542=EDGE_LOOP('',(#2664,#2665,#2666,#2667));
#7543=EDGE_LOOP('',(#2668,#2669,#2670,#2671));
#7544=EDGE_LOOP('',(#2672,#2673,#2674,#2675,#2676,#2677,#2678,#2679,#2680,
#2681,#2682,#2683,#2684,#2685,#2686,#2687,#2688,#2689,#2690,#2691,#2692,
#2693,#2694,#2695,#2696,#2697,#2698,#2699,#2700,#2701,#2702,#2703));
#7545=EDGE_LOOP('',(#2704,#2705,#2706,#2707));
#7546=EDGE_LOOP('',(#2708,#2709,#2710,#2711));
#7547=EDGE_LOOP('',(#2712,#2713,#2714,#2715));
#7548=EDGE_LOOP('',(#2716,#2717,#2718,#2719));
#7549=EDGE_LOOP('',(#2720,#2721,#2722,#2723));
#7550=EDGE_LOOP('',(#2724,#2725,#2726,#2727));
#7551=EDGE_LOOP('',(#2728,#2729,#2730,#2731));
#7552=EDGE_LOOP('',(#2732,#2733,#2734,#2735));
#7553=EDGE_LOOP('',(#2736,#2737,#2738,#2739));
#7554=EDGE_LOOP('',(#2740,#2741,#2742,#2743));
#7555=EDGE_LOOP('',(#2744,#2745,#2746,#2747));
#7556=EDGE_LOOP('',(#2748,#2749,#2750,#2751));
#7557=EDGE_LOOP('',(#2752,#2753,#2754,#2755));
#7558=EDGE_LOOP('',(#2756,#2757,#2758,#2759));
#7559=EDGE_LOOP('',(#2760,#2761,#2762,#2763));
#7560=EDGE_LOOP('',(#2764,#2765,#2766,#2767));
#7561=EDGE_LOOP('',(#2768,#2769,#2770,#2771));
#7562=EDGE_LOOP('',(#2772,#2773,#2774,#2775));
#7563=EDGE_LOOP('',(#2776,#2777,#2778,#2779));
#7564=EDGE_LOOP('',(#2780,#2781,#2782,#2783));
#7565=EDGE_LOOP('',(#2784,#2785,#2786,#2787));
#7566=EDGE_LOOP('',(#2788,#2789,#2790,#2791));
#7567=EDGE_LOOP('',(#2792,#2793,#2794,#2795));
#7568=EDGE_LOOP('',(#2796,#2797,#2798,#2799));
#7569=EDGE_LOOP('',(#2800,#2801,#2802,#2803));
#7570=EDGE_LOOP('',(#2804,#2805,#2806,#2807));
#7571=EDGE_LOOP('',(#2808,#2809,#2810,#2811));
#7572=EDGE_LOOP('',(#2812,#2813,#2814,#2815));
#7573=EDGE_LOOP('',(#2816,#2817,#2818,#2819));
#7574=EDGE_LOOP('',(#2820,#2821,#2822,#2823));
#7575=EDGE_LOOP('',(#2824,#2825,#2826,#2827));
#7576=EDGE_LOOP('',(#2828,#2829,#2830,#2831));
#7577=EDGE_LOOP('',(#2832,#2833,#2834,#2835));
#7578=EDGE_LOOP('',(#2836,#2837,#2838,#2839));
#7579=EDGE_LOOP('',(#2840,#2841,#2842,#2843));
#7580=EDGE_LOOP('',(#2844,#2845,#2846,#2847));
#7581=EDGE_LOOP('',(#2848,#2849,#2850,#2851));
#7582=EDGE_LOOP('',(#2852,#2853,#2854,#2855));
#7583=EDGE_LOOP('',(#2856,#2857,#2858,#2859));
#7584=EDGE_LOOP('',(#2860,#2861,#2862,#2863));
#7585=EDGE_LOOP('',(#2864,#2865,#2866,#2867));
#7586=EDGE_LOOP('',(#2868,#2869,#2870,#2871));
#7587=EDGE_LOOP('',(#2872));
#7588=EDGE_LOOP('',(#2873));
#7589=EDGE_LOOP('',(#2874));
#7590=EDGE_LOOP('',(#2875));
#7591=EDGE_LOOP('',(#2876));
#7592=EDGE_LOOP('',(#2877));
#7593=EDGE_LOOP('',(#2878));
#7594=EDGE_LOOP('',(#2879));
#7595=EDGE_LOOP('',(#2880));
#7596=EDGE_LOOP('',(#2881));
#7597=EDGE_LOOP('',(#2882));
#7598=EDGE_LOOP('',(#2883));
#7599=EDGE_LOOP('',(#2884,#2885,#2886,#2887));
#7600=EDGE_LOOP('',(#2888));
#7601=EDGE_LOOP('',(#2889));
#7602=EDGE_LOOP('',(#2890,#2891,#2892,#2893));
#7603=EDGE_LOOP('',(#2894,#2895,#2896,#2897));
#7604=EDGE_LOOP('',(#2898,#2899,#2900,#2901));
#7605=EDGE_LOOP('',(#2902,#2903,#2904,#2905));
#7606=EDGE_LOOP('',(#2906,#2907,#2908,#2909));
#7607=EDGE_LOOP('',(#2910,#2911,#2912,#2913));
#7608=EDGE_LOOP('',(#2914,#2915,#2916,#2917));
#7609=EDGE_LOOP('',(#2918,#2919,#2920,#2921));
#7610=EDGE_LOOP('',(#2922,#2923,#2924,#2925));
#7611=EDGE_LOOP('',(#2926,#2927,#2928,#2929));
#7612=EDGE_LOOP('',(#2930,#2931,#2932,#2933));
#7613=EDGE_LOOP('',(#2934,#2935,#2936,#2937));
#7614=EDGE_LOOP('',(#2938,#2939,#2940,#2941));
#7615=EDGE_LOOP('',(#2942,#2943,#2944,#2945));
#7616=EDGE_LOOP('',(#2946,#2947,#2948,#2949));
#7617=EDGE_LOOP('',(#2950,#2951,#2952,#2953));
#7618=EDGE_LOOP('',(#2954,#2955,#2956,#2957));
#7619=EDGE_LOOP('',(#2958,#2959,#2960,#2961));
#7620=EDGE_LOOP('',(#2962,#2963,#2964,#2965));
#7621=EDGE_LOOP('',(#2966,#2967,#2968,#2969));
#7622=EDGE_LOOP('',(#2970,#2971,#2972,#2973));
#7623=EDGE_LOOP('',(#2974,#2975,#2976,#2977));
#7624=EDGE_LOOP('',(#2978,#2979,#2980,#2981));
#7625=EDGE_LOOP('',(#2982,#2983,#2984,#2985));
#7626=EDGE_LOOP('',(#2986,#2987,#2988,#2989));
#7627=EDGE_LOOP('',(#2990,#2991,#2992,#2993));
#7628=EDGE_LOOP('',(#2994,#2995,#2996,#2997));
#7629=EDGE_LOOP('',(#2998,#2999,#3000,#3001));
#7630=EDGE_LOOP('',(#3002));
#7631=EDGE_LOOP('',(#3003));
#7632=EDGE_LOOP('',(#3004));
#7633=EDGE_LOOP('',(#3005));
#7634=EDGE_LOOP('',(#3006));
#7635=EDGE_LOOP('',(#3007,#3008,#3009,#3010,#3011,#3012,#3013,#3014,#3015,
#3016,#3017,#3018,#3019,#3020,#3021,#3022,#3023,#3024,#3025,#3026,#3027,
#3028,#3029,#3030,#3031,#3032,#3033,#3034,#3035,#3036,#3037,#3038,#3039,
#3040,#3041,#3042,#3043,#3044,#3045,#3046,#3047,#3048));
#7636=EDGE_LOOP('',(#3049,#3050,#3051,#3052));
#7637=EDGE_LOOP('',(#3053,#3054,#3055,#3056));
#7638=EDGE_LOOP('',(#3057,#3058,#3059,#3060));
#7639=EDGE_LOOP('',(#3061,#3062,#3063,#3064));
#7640=EDGE_LOOP('',(#3065,#3066,#3067,#3068));
#7641=EDGE_LOOP('',(#3069,#3070,#3071,#3072));
#7642=EDGE_LOOP('',(#3073,#3074,#3075,#3076));
#7643=EDGE_LOOP('',(#3077,#3078,#3079,#3080));
#7644=EDGE_LOOP('',(#3081,#3082,#3083,#3084));
#7645=EDGE_LOOP('',(#3085,#3086,#3087,#3088));
#7646=EDGE_LOOP('',(#3089,#3090,#3091,#3092));
#7647=EDGE_LOOP('',(#3093,#3094,#3095,#3096));
#7648=EDGE_LOOP('',(#3097,#3098,#3099,#3100));
#7649=EDGE_LOOP('',(#3101,#3102,#3103,#3104));
#7650=EDGE_LOOP('',(#3105,#3106,#3107,#3108));
#7651=EDGE_LOOP('',(#3109,#3110,#3111,#3112));
#7652=EDGE_LOOP('',(#3113,#3114,#3115,#3116));
#7653=EDGE_LOOP('',(#3117,#3118,#3119,#3120));
#7654=EDGE_LOOP('',(#3121,#3122,#3123,#3124));
#7655=EDGE_LOOP('',(#3125,#3126,#3127,#3128));
#7656=EDGE_LOOP('',(#3129,#3130,#3131,#3132));
#7657=EDGE_LOOP('',(#3133,#3134,#3135,#3136));
#7658=EDGE_LOOP('',(#3137,#3138,#3139,#3140));
#7659=EDGE_LOOP('',(#3141,#3142,#3143,#3144));
#7660=EDGE_LOOP('',(#3145,#3146,#3147,#3148));
#7661=EDGE_LOOP('',(#3149,#3150,#3151,#3152));
#7662=EDGE_LOOP('',(#3153,#3154,#3155,#3156));
#7663=EDGE_LOOP('',(#3157,#3158,#3159,#3160));
#7664=EDGE_LOOP('',(#3161,#3162,#3163,#3164));
#7665=EDGE_LOOP('',(#3165,#3166,#3167,#3168));
#7666=EDGE_LOOP('',(#3169,#3170,#3171,#3172));
#7667=EDGE_LOOP('',(#3173,#3174,#3175,#3176));
#7668=EDGE_LOOP('',(#3177,#3178,#3179,#3180));
#7669=EDGE_LOOP('',(#3181,#3182,#3183,#3184));
#7670=EDGE_LOOP('',(#3185,#3186,#3187,#3188));
#7671=EDGE_LOOP('',(#3189,#3190,#3191,#3192));
#7672=EDGE_LOOP('',(#3193,#3194,#3195,#3196));
#7673=EDGE_LOOP('',(#3197,#3198,#3199,#3200));
#7674=EDGE_LOOP('',(#3201,#3202,#3203,#3204));
#7675=EDGE_LOOP('',(#3205,#3206,#3207,#3208));
#7676=EDGE_LOOP('',(#3209,#3210,#3211,#3212));
#7677=EDGE_LOOP('',(#3213,#3214,#3215,#3216));
#7678=EDGE_LOOP('',(#3217,#3218,#3219,#3220));
#7679=EDGE_LOOP('',(#3221,#3222,#3223,#3224));
#7680=EDGE_LOOP('',(#3225,#3226,#3227,#3228));
#7681=EDGE_LOOP('',(#3229,#3230,#3231,#3232));
#7682=EDGE_LOOP('',(#3233,#3234,#3235,#3236));
#7683=EDGE_LOOP('',(#3237,#3238,#3239,#3240));
#7684=EDGE_LOOP('',(#3241,#3242,#3243,#3244));
#7685=EDGE_LOOP('',(#3245,#3246,#3247,#3248));
#7686=EDGE_LOOP('',(#3249,#3250,#3251,#3252));
#7687=EDGE_LOOP('',(#3253,#3254,#3255,#3256));
#7688=EDGE_LOOP('',(#3257,#3258,#3259,#3260));
#7689=EDGE_LOOP('',(#3261,#3262,#3263,#3264));
#7690=EDGE_LOOP('',(#3265,#3266,#3267,#3268));
#7691=EDGE_LOOP('',(#3269,#3270,#3271,#3272));
#7692=EDGE_LOOP('',(#3273,#3274,#3275,#3276));
#7693=EDGE_LOOP('',(#3277,#3278,#3279,#3280));
#7694=EDGE_LOOP('',(#3281,#3282,#3283,#3284));
#7695=EDGE_LOOP('',(#3285,#3286,#3287,#3288));
#7696=EDGE_LOOP('',(#3289,#3290,#3291,#3292));
#7697=EDGE_LOOP('',(#3293,#3294,#3295,#3296));
#7698=EDGE_LOOP('',(#3297,#3298,#3299,#3300));
#7699=EDGE_LOOP('',(#3301,#3302,#3303,#3304));
#7700=EDGE_LOOP('',(#3305,#3306,#3307,#3308));
#7701=EDGE_LOOP('',(#3309,#3310,#3311,#3312));
#7702=EDGE_LOOP('',(#3313,#3314,#3315,#3316));
#7703=EDGE_LOOP('',(#3317,#3318,#3319,#3320));
#7704=EDGE_LOOP('',(#3321,#3322,#3323,#3324));
#7705=EDGE_LOOP('',(#3325,#3326,#3327,#3328));
#7706=EDGE_LOOP('',(#3329,#3330,#3331,#3332));
#7707=EDGE_LOOP('',(#3333,#3334,#3335,#3336));
#7708=EDGE_LOOP('',(#3337,#3338,#3339,#3340));
#7709=EDGE_LOOP('',(#3341,#3342,#3343,#3344));
#7710=EDGE_LOOP('',(#3345,#3346,#3347,#3348));
#7711=EDGE_LOOP('',(#3349,#3350,#3351,#3352));
#7712=EDGE_LOOP('',(#3353,#3354,#3355,#3356));
#7713=EDGE_LOOP('',(#3357,#3358,#3359,#3360));
#7714=EDGE_LOOP('',(#3361,#3362,#3363,#3364));
#7715=EDGE_LOOP('',(#3365,#3366,#3367,#3368));
#7716=EDGE_LOOP('',(#3369,#3370,#3371,#3372));
#7717=EDGE_LOOP('',(#3373,#3374,#3375,#3376));
#7718=EDGE_LOOP('',(#3377,#3378,#3379,#3380));
#7719=EDGE_LOOP('',(#3381,#3382,#3383,#3384));
#7720=EDGE_LOOP('',(#3385,#3386,#3387,#3388));
#7721=EDGE_LOOP('',(#3389,#3390,#3391,#3392));
#7722=EDGE_LOOP('',(#3393,#3394,#3395,#3396));
#7723=EDGE_LOOP('',(#3397,#3398,#3399,#3400));
#7724=EDGE_LOOP('',(#3401,#3402,#3403,#3404));
#7725=EDGE_LOOP('',(#3405,#3406,#3407,#3408));
#7726=EDGE_LOOP('',(#3409,#3410,#3411,#3412));
#7727=EDGE_LOOP('',(#3413,#3414,#3415,#3416));
#7728=EDGE_LOOP('',(#3417,#3418,#3419,#3420));
#7729=EDGE_LOOP('',(#3421,#3422,#3423,#3424));
#7730=EDGE_LOOP('',(#3425,#3426,#3427,#3428));
#7731=EDGE_LOOP('',(#3429,#3430,#3431,#3432));
#7732=EDGE_LOOP('',(#3433,#3434,#3435,#3436));
#7733=EDGE_LOOP('',(#3437,#3438,#3439,#3440));
#7734=EDGE_LOOP('',(#3441,#3442,#3443,#3444));
#7735=EDGE_LOOP('',(#3445,#3446,#3447,#3448));
#7736=EDGE_LOOP('',(#3449,#3450,#3451,#3452));
#7737=EDGE_LOOP('',(#3453,#3454,#3455,#3456));
#7738=EDGE_LOOP('',(#3457,#3458,#3459,#3460));
#7739=EDGE_LOOP('',(#3461,#3462,#3463,#3464));
#7740=EDGE_LOOP('',(#3465,#3466,#3467,#3468));
#7741=EDGE_LOOP('',(#3469,#3470,#3471,#3472));
#7742=EDGE_LOOP('',(#3473,#3474,#3475,#3476));
#7743=EDGE_LOOP('',(#3477,#3478,#3479,#3480));
#7744=EDGE_LOOP('',(#3481,#3482,#3483,#3484));
#7745=EDGE_LOOP('',(#3485,#3486,#3487,#3488));
#7746=EDGE_LOOP('',(#3489,#3490,#3491,#3492));
#7747=EDGE_LOOP('',(#3493,#3494,#3495,#3496));
#7748=EDGE_LOOP('',(#3497,#3498,#3499,#3500));
#7749=EDGE_LOOP('',(#3501,#3502,#3503,#3504));
#7750=EDGE_LOOP('',(#3505,#3506,#3507,#3508));
#7751=EDGE_LOOP('',(#3509,#3510,#3511,#3512));
#7752=EDGE_LOOP('',(#3513,#3514,#3515,#3516));
#7753=EDGE_LOOP('',(#3517,#3518,#3519,#3520));
#7754=EDGE_LOOP('',(#3521,#3522,#3523,#3524));
#7755=EDGE_LOOP('',(#3525,#3526,#3527,#3528));
#7756=EDGE_LOOP('',(#3529,#3530,#3531,#3532));
#7757=EDGE_LOOP('',(#3533));
#7758=EDGE_LOOP('',(#3534));
#7759=EDGE_LOOP('',(#3535));
#7760=EDGE_LOOP('',(#3536));
#7761=EDGE_LOOP('',(#3537));
#7762=EDGE_LOOP('',(#3538));
#7763=EDGE_LOOP('',(#3539));
#7764=EDGE_LOOP('',(#3540));
#7765=EDGE_LOOP('',(#3541,#3542,#3543,#3544));
#7766=EDGE_LOOP('',(#3545,#3546,#3547,#3548));
#7767=EDGE_LOOP('',(#3549,#3550,#3551,#3552));
#7768=EDGE_LOOP('',(#3553,#3554,#3555,#3556));
#7769=EDGE_LOOP('',(#3557,#3558,#3559,#3560));
#7770=EDGE_LOOP('',(#3561,#3562,#3563,#3564));
#7771=EDGE_LOOP('',(#3565,#3566,#3567,#3568));
#7772=EDGE_LOOP('',(#3569,#3570,#3571,#3572));
#7773=EDGE_LOOP('',(#3573,#3574,#3575,#3576));
#7774=EDGE_LOOP('',(#3577,#3578,#3579,#3580));
#7775=EDGE_LOOP('',(#3581,#3582,#3583,#3584));
#7776=EDGE_LOOP('',(#3585,#3586,#3587,#3588));
#7777=EDGE_LOOP('',(#3589,#3590,#3591,#3592));
#7778=EDGE_LOOP('',(#3593,#3594,#3595,#3596));
#7779=EDGE_LOOP('',(#3597,#3598,#3599,#3600));
#7780=EDGE_LOOP('',(#3601,#3602,#3603,#3604));
#7781=EDGE_LOOP('',(#3605,#3606,#3607,#3608));
#7782=EDGE_LOOP('',(#3609,#3610,#3611,#3612));
#7783=EDGE_LOOP('',(#3613,#3614,#3615,#3616));
#7784=EDGE_LOOP('',(#3617,#3618,#3619,#3620));
#7785=EDGE_LOOP('',(#3621,#3622,#3623,#3624));
#7786=EDGE_LOOP('',(#3625,#3626,#3627,#3628));
#7787=EDGE_LOOP('',(#3629,#3630,#3631,#3632));
#7788=EDGE_LOOP('',(#3633,#3634,#3635,#3636));
#7789=EDGE_LOOP('',(#3637,#3638,#3639,#3640));
#7790=EDGE_LOOP('',(#3641,#3642,#3643,#3644));
#7791=EDGE_LOOP('',(#3645,#3646,#3647,#3648));
#7792=EDGE_LOOP('',(#3649,#3650,#3651,#3652));
#7793=EDGE_LOOP('',(#3653));
#7794=EDGE_LOOP('',(#3654));
#7795=EDGE_LOOP('',(#3655,#3656,#3657,#3658));
#7796=EDGE_LOOP('',(#3659));
#7797=EDGE_LOOP('',(#3660));
#7798=EDGE_LOOP('',(#3661));
#7799=EDGE_LOOP('',(#3662));
#7800=EDGE_LOOP('',(#3663,#3664,#3665,#3666,#3667,#3668,#3669,#3670,#3671,
#3672,#3673,#3674,#3675,#3676,#3677,#3678,#3679,#3680,#3681,#3682,#3683,
#3684,#3685,#3686,#3687,#3688,#3689,#3690,#3691,#3692,#3693,#3694,#3695,
#3696,#3697,#3698,#3699,#3700,#3701,#3702,#3703,#3704));
#7801=EDGE_LOOP('',(#3705));
#7802=EDGE_LOOP('',(#3706));
#7803=EDGE_LOOP('',(#3707,#3708,#3709,#3710));
#7804=EDGE_LOOP('',(#3711,#3712,#3713,#3714));
#7805=EDGE_LOOP('',(#3715,#3716,#3717,#3718));
#7806=EDGE_LOOP('',(#3719,#3720,#3721,#3722));
#7807=EDGE_LOOP('',(#3723,#3724,#3725,#3726));
#7808=EDGE_LOOP('',(#3727,#3728,#3729,#3730));
#7809=EDGE_LOOP('',(#3731,#3732,#3733,#3734));
#7810=EDGE_LOOP('',(#3735,#3736,#3737,#3738));
#7811=EDGE_LOOP('',(#3739,#3740,#3741,#3742));
#7812=EDGE_LOOP('',(#3743,#3744,#3745,#3746));
#7813=EDGE_LOOP('',(#3747,#3748,#3749,#3750));
#7814=EDGE_LOOP('',(#3751,#3752,#3753,#3754));
#7815=EDGE_LOOP('',(#3755,#3756,#3757,#3758));
#7816=EDGE_LOOP('',(#3759,#3760,#3761,#3762));
#7817=EDGE_LOOP('',(#3763,#3764,#3765,#3766));
#7818=EDGE_LOOP('',(#3767,#3768,#3769,#3770));
#7819=EDGE_LOOP('',(#3771,#3772,#3773,#3774));
#7820=EDGE_LOOP('',(#3775,#3776,#3777,#3778));
#7821=EDGE_LOOP('',(#3779,#3780,#3781,#3782));
#7822=EDGE_LOOP('',(#3783,#3784,#3785,#3786));
#7823=EDGE_LOOP('',(#3787,#3788,#3789,#3790));
#7824=EDGE_LOOP('',(#3791,#3792,#3793,#3794));
#7825=EDGE_LOOP('',(#3795,#3796,#3797,#3798));
#7826=EDGE_LOOP('',(#3799,#3800,#3801,#3802));
#7827=EDGE_LOOP('',(#3803,#3804,#3805,#3806));
#7828=EDGE_LOOP('',(#3807,#3808,#3809,#3810));
#7829=EDGE_LOOP('',(#3811,#3812,#3813,#3814));
#7830=EDGE_LOOP('',(#3815,#3816,#3817,#3818));
#7831=EDGE_LOOP('',(#3819));
#7832=EDGE_LOOP('',(#3820));
#7833=EDGE_LOOP('',(#3821));
#7834=EDGE_LOOP('',(#3822));
#7835=EDGE_LOOP('',(#3823));
#7836=EDGE_LOOP('',(#3824,#3825,#3826,#3827));
#7837=EDGE_LOOP('',(#3828,#3829,#3830,#3831));
#7838=EDGE_LOOP('',(#3832,#3833,#3834,#3835));
#7839=EDGE_LOOP('',(#3836,#3837,#3838,#3839));
#7840=EDGE_LOOP('',(#3840,#3841,#3842,#3843));
#7841=EDGE_LOOP('',(#3844,#3845,#3846,#3847));
#7842=EDGE_LOOP('',(#3848,#3849,#3850,#3851));
#7843=EDGE_LOOP('',(#3852));
#7844=EDGE_LOOP('',(#3853,#3854,#3855,#3856,#3857,#3858,#3859,#3860));
#7845=EDGE_LOOP('',(#3861,#3862,#3863,#3864,#3865,#3866,#3867,#3868,#3869,
#3870));
#7846=EDGE_LOOP('',(#3871,#3872,#3873,#3874));
#7847=EDGE_LOOP('',(#3875,#3876,#3877,#3878));
#7848=EDGE_LOOP('',(#3879,#3880,#3881,#3882));
#7849=EDGE_LOOP('',(#3883,#3884,#3885,#3886));
#7850=EDGE_LOOP('',(#3887,#3888,#3889,#3890));
#7851=EDGE_LOOP('',(#3891,#3892,#3893,#3894));
#7852=EDGE_LOOP('',(#3895,#3896,#3897,#3898));
#7853=EDGE_LOOP('',(#3899,#3900,#3901,#3902));
#7854=EDGE_LOOP('',(#3903,#3904,#3905,#3906));
#7855=EDGE_LOOP('',(#3907,#3908,#3909,#3910));
#7856=EDGE_LOOP('',(#3911,#3912,#3913,#3914));
#7857=EDGE_LOOP('',(#3915,#3916,#3917,#3918));
#7858=EDGE_LOOP('',(#3919,#3920,#3921,#3922));
#7859=EDGE_LOOP('',(#3923,#3924,#3925,#3926));
#7860=EDGE_LOOP('',(#3927,#3928,#3929,#3930));
#7861=EDGE_LOOP('',(#3931,#3932,#3933,#3934));
#7862=EDGE_LOOP('',(#3935,#3936,#3937,#3938));
#7863=EDGE_LOOP('',(#3939,#3940,#3941,#3942));
#7864=EDGE_LOOP('',(#3943,#3944,#3945,#3946));
#7865=EDGE_LOOP('',(#3947,#3948,#3949,#3950));
#7866=EDGE_LOOP('',(#3951,#3952,#3953,#3954));
#7867=EDGE_LOOP('',(#3955,#3956,#3957,#3958));
#7868=EDGE_LOOP('',(#3959,#3960,#3961,#3962));
#7869=EDGE_LOOP('',(#3963,#3964,#3965,#3966));
#7870=EDGE_LOOP('',(#3967,#3968,#3969,#3970));
#7871=EDGE_LOOP('',(#3971,#3972,#3973,#3974));
#7872=EDGE_LOOP('',(#3975,#3976,#3977,#3978));
#7873=EDGE_LOOP('',(#3979,#3980,#3981,#3982));
#7874=EDGE_LOOP('',(#3983,#3984,#3985,#3986));
#7875=EDGE_LOOP('',(#3987,#3988,#3989,#3990));
#7876=EDGE_LOOP('',(#3991,#3992,#3993,#3994));
#7877=EDGE_LOOP('',(#3995,#3996,#3997,#3998));
#7878=EDGE_LOOP('',(#3999,#4000,#4001,#4002));
#7879=EDGE_LOOP('',(#4003,#4004,#4005,#4006));
#7880=EDGE_LOOP('',(#4007,#4008,#4009,#4010));
#7881=EDGE_LOOP('',(#4011,#4012,#4013,#4014));
#7882=EDGE_LOOP('',(#4015,#4016,#4017,#4018));
#7883=EDGE_LOOP('',(#4019,#4020,#4021,#4022));
#7884=EDGE_LOOP('',(#4023,#4024,#4025,#4026));
#7885=EDGE_LOOP('',(#4027,#4028,#4029,#4030));
#7886=EDGE_LOOP('',(#4031,#4032,#4033,#4034));
#7887=EDGE_LOOP('',(#4035,#4036,#4037,#4038));
#7888=EDGE_LOOP('',(#4039,#4040,#4041,#4042));
#7889=EDGE_LOOP('',(#4043,#4044,#4045,#4046));
#7890=EDGE_LOOP('',(#4047,#4048,#4049,#4050));
#7891=EDGE_LOOP('',(#4051,#4052,#4053,#4054));
#7892=EDGE_LOOP('',(#4055,#4056,#4057,#4058));
#7893=EDGE_LOOP('',(#4059,#4060,#4061,#4062));
#7894=EDGE_LOOP('',(#4063,#4064,#4065,#4066));
#7895=EDGE_LOOP('',(#4067,#4068,#4069,#4070));
#7896=EDGE_LOOP('',(#4071,#4072,#4073,#4074));
#7897=EDGE_LOOP('',(#4075,#4076,#4077,#4078));
#7898=EDGE_LOOP('',(#4079,#4080,#4081,#4082));
#7899=EDGE_LOOP('',(#4083,#4084,#4085,#4086));
#7900=EDGE_LOOP('',(#4087,#4088,#4089,#4090));
#7901=EDGE_LOOP('',(#4091,#4092,#4093,#4094));
#7902=EDGE_LOOP('',(#4095,#4096,#4097,#4098));
#7903=EDGE_LOOP('',(#4099,#4100,#4101,#4102));
#7904=EDGE_LOOP('',(#4103,#4104,#4105,#4106));
#7905=EDGE_LOOP('',(#4107,#4108,#4109,#4110));
#7906=EDGE_LOOP('',(#4111,#4112,#4113,#4114,#4115,#4116,#4117,#4118,#4119,
#4120));
#7907=EDGE_LOOP('',(#4121));
#7908=EDGE_LOOP('',(#4122));
#7909=EDGE_LOOP('',(#4123));
#7910=EDGE_LOOP('',(#4124));
#7911=EDGE_LOOP('',(#4125));
#7912=EDGE_LOOP('',(#4126,#4127,#4128,#4129,#4130,#4131,#4132,#4133,#4134,
#4135,#4136,#4137,#4138,#4139,#4140,#4141,#4142,#4143,#4144,#4145,#4146,
#4147,#4148,#4149,#4150,#4151,#4152,#4153,#4154,#4155,#4156,#4157,#4158,
#4159,#4160,#4161,#4162,#4163,#4164,#4165,#4166,#4167,#4168,#4169,#4170,
#4171,#4172,#4173,#4174,#4175,#4176,#4177,#4178,#4179,#4180,#4181,#4182,
#4183,#4184,#4185,#4186,#4187,#4188,#4189));
#7913=EDGE_LOOP('',(#4190,#4191,#4192,#4193));
#7914=EDGE_LOOP('',(#4194,#4195,#4196,#4197));
#7915=EDGE_LOOP('',(#4198,#4199,#4200,#4201));
#7916=EDGE_LOOP('',(#4202,#4203,#4204,#4205));
#7917=EDGE_LOOP('',(#4206,#4207,#4208,#4209));
#7918=EDGE_LOOP('',(#4210,#4211,#4212,#4213));
#7919=EDGE_LOOP('',(#4214,#4215,#4216,#4217));
#7920=EDGE_LOOP('',(#4218,#4219,#4220,#4221));
#7921=EDGE_LOOP('',(#4222,#4223,#4224,#4225));
#7922=EDGE_LOOP('',(#4226,#4227,#4228,#4229));
#7923=EDGE_LOOP('',(#4230,#4231,#4232,#4233));
#7924=EDGE_LOOP('',(#4234,#4235,#4236,#4237));
#7925=EDGE_LOOP('',(#4238,#4239,#4240,#4241));
#7926=EDGE_LOOP('',(#4242,#4243,#4244,#4245));
#7927=EDGE_LOOP('',(#4246,#4247,#4248,#4249));
#7928=EDGE_LOOP('',(#4250,#4251,#4252,#4253));
#7929=EDGE_LOOP('',(#4254,#4255,#4256,#4257));
#7930=EDGE_LOOP('',(#4258,#4259,#4260,#4261));
#7931=EDGE_LOOP('',(#4262,#4263,#4264,#4265));
#7932=EDGE_LOOP('',(#4266,#4267,#4268,#4269));
#7933=EDGE_LOOP('',(#4270,#4271,#4272,#4273));
#7934=EDGE_LOOP('',(#4274,#4275,#4276,#4277));
#7935=EDGE_LOOP('',(#4278,#4279,#4280,#4281));
#7936=EDGE_LOOP('',(#4282,#4283,#4284,#4285));
#7937=EDGE_LOOP('',(#4286,#4287,#4288,#4289));
#7938=EDGE_LOOP('',(#4290,#4291,#4292,#4293));
#7939=EDGE_LOOP('',(#4294,#4295,#4296,#4297));
#7940=EDGE_LOOP('',(#4298,#4299,#4300,#4301));
#7941=EDGE_LOOP('',(#4302,#4303,#4304,#4305));
#7942=EDGE_LOOP('',(#4306,#4307,#4308,#4309));
#7943=EDGE_LOOP('',(#4310,#4311,#4312,#4313));
#7944=EDGE_LOOP('',(#4314,#4315,#4316,#4317));
#7945=EDGE_LOOP('',(#4318,#4319,#4320,#4321));
#7946=EDGE_LOOP('',(#4322,#4323,#4324,#4325));
#7947=EDGE_LOOP('',(#4326,#4327,#4328,#4329));
#7948=EDGE_LOOP('',(#4330,#4331,#4332,#4333));
#7949=EDGE_LOOP('',(#4334,#4335,#4336,#4337));
#7950=EDGE_LOOP('',(#4338,#4339,#4340,#4341));
#7951=EDGE_LOOP('',(#4342,#4343,#4344,#4345));
#7952=EDGE_LOOP('',(#4346,#4347,#4348,#4349));
#7953=EDGE_LOOP('',(#4350,#4351,#4352,#4353));
#7954=EDGE_LOOP('',(#4354,#4355,#4356,#4357));
#7955=EDGE_LOOP('',(#4358,#4359,#4360,#4361));
#7956=EDGE_LOOP('',(#4362,#4363,#4364,#4365));
#7957=EDGE_LOOP('',(#4366,#4367,#4368,#4369));
#7958=EDGE_LOOP('',(#4370,#4371,#4372,#4373));
#7959=EDGE_LOOP('',(#4374,#4375,#4376,#4377,#4378,#4379,#4380));
#7960=EDGE_LOOP('',(#4381,#4382,#4383,#4384));
#7961=EDGE_LOOP('',(#4385,#4386,#4387,#4388,#4389,#4390,#4391));
#7962=EDGE_LOOP('',(#4392,#4393,#4394,#4395));
#7963=EDGE_LOOP('',(#4396,#4397,#4398,#4399));
#7964=EDGE_LOOP('',(#4400,#4401,#4402,#4403,#4404,#4405,#4406,#4407,#4408,
#4409,#4410,#4411,#4412,#4413,#4414,#4415));
#7965=EDGE_LOOP('',(#4416,#4417,#4418,#4419,#4420,#4421,#4422,#4423,#4424,
#4425,#4426,#4427,#4428,#4429,#4430,#4431,#4432,#4433,#4434,#4435,#4436,
#4437,#4438,#4439,#4440,#4441,#4442,#4443,#4444,#4445,#4446,#4447));
#7966=EDGE_LOOP('',(#4448,#4449,#4450,#4451,#4452,#4453,#4454,#4455,#4456,
#4457,#4458,#4459,#4460,#4461,#4462,#4463,#4464,#4465,#4466,#4467,#4468,
#4469,#4470,#4471,#4472,#4473,#4474,#4475,#4476,#4477,#4478,#4479,#4480,
#4481,#4482,#4483));
#7967=EDGE_LOOP('',(#4484));
#7968=EDGE_LOOP('',(#4485));
#7969=EDGE_LOOP('',(#4486));
#7970=EDGE_LOOP('',(#4487));
#7971=EDGE_LOOP('',(#4488));
#7972=EDGE_LOOP('',(#4489));
#7973=EDGE_LOOP('',(#4490));
#7974=EDGE_LOOP('',(#4491,#4492,#4493,#4494,#4495,#4496,#4497,#4498,#4499,
#4500,#4501,#4502,#4503,#4504,#4505,#4506,#4507,#4508,#4509,#4510,#4511,
#4512,#4513,#4514,#4515,#4516,#4517,#4518,#4519,#4520,#4521,#4522,#4523,
#4524,#4525,#4526));
#7975=EDGE_LOOP('',(#4527,#4528,#4529,#4530,#4531,#4532,#4533,#4534,#4535,
#4536,#4537,#4538,#4539,#4540,#4541,#4542));
#7976=EDGE_LOOP('',(#4543,#4544,#4545,#4546,#4547,#4548,#4549,#4550,#4551,
#4552,#4553,#4554,#4555,#4556,#4557,#4558,#4559,#4560,#4561,#4562,#4563,
#4564,#4565,#4566,#4567,#4568,#4569,#4570,#4571,#4572,#4573,#4574));
#7977=EDGE_LOOP('',(#4575,#4576,#4577,#4578));
#7978=EDGE_LOOP('',(#4579,#4580,#4581,#4582));
#7979=EDGE_LOOP('',(#4583,#4584,#4585,#4586));
#7980=EDGE_LOOP('',(#4587,#4588,#4589,#4590));
#7981=EDGE_LOOP('',(#4591,#4592,#4593,#4594));
#7982=EDGE_LOOP('',(#4595,#4596,#4597,#4598));
#7983=EDGE_LOOP('',(#4599,#4600,#4601,#4602));
#7984=EDGE_LOOP('',(#4603,#4604,#4605,#4606));
#7985=EDGE_LOOP('',(#4607,#4608,#4609,#4610));
#7986=EDGE_LOOP('',(#4611,#4612,#4613,#4614));
#7987=EDGE_LOOP('',(#4615,#4616,#4617,#4618));
#7988=EDGE_LOOP('',(#4619,#4620,#4621,#4622));
#7989=EDGE_LOOP('',(#4623,#4624,#4625,#4626));
#7990=EDGE_LOOP('',(#4627,#4628,#4629,#4630));
#7991=EDGE_LOOP('',(#4631,#4632,#4633,#4634));
#7992=EDGE_LOOP('',(#4635,#4636,#4637,#4638));
#7993=EDGE_LOOP('',(#4639,#4640,#4641,#4642));
#7994=EDGE_LOOP('',(#4643,#4644,#4645,#4646));
#7995=EDGE_LOOP('',(#4647,#4648,#4649,#4650));
#7996=EDGE_LOOP('',(#4651,#4652,#4653,#4654));
#7997=EDGE_LOOP('',(#4655,#4656,#4657,#4658));
#7998=EDGE_LOOP('',(#4659,#4660,#4661,#4662));
#7999=EDGE_LOOP('',(#4663,#4664,#4665,#4666));
#8000=EDGE_LOOP('',(#4667,#4668,#4669,#4670));
#8001=EDGE_LOOP('',(#4671,#4672,#4673,#4674));
#8002=EDGE_LOOP('',(#4675,#4676,#4677,#4678));
#8003=EDGE_LOOP('',(#4679,#4680,#4681,#4682));
#8004=EDGE_LOOP('',(#4683,#4684,#4685,#4686));
#8005=EDGE_LOOP('',(#4687,#4688,#4689,#4690));
#8006=EDGE_LOOP('',(#4691,#4692,#4693,#4694));
#8007=EDGE_LOOP('',(#4695,#4696,#4697,#4698));
#8008=EDGE_LOOP('',(#4699,#4700,#4701,#4702));
#8009=EDGE_LOOP('',(#4703,#4704,#4705,#4706));
#8010=EDGE_LOOP('',(#4707,#4708,#4709,#4710));
#8011=EDGE_LOOP('',(#4711,#4712,#4713,#4714));
#8012=EDGE_LOOP('',(#4715,#4716,#4717,#4718));
#8013=EDGE_LOOP('',(#4719,#4720,#4721,#4722));
#8014=EDGE_LOOP('',(#4723,#4724,#4725,#4726));
#8015=EDGE_LOOP('',(#4727,#4728,#4729,#4730));
#8016=EDGE_LOOP('',(#4731,#4732,#4733,#4734));
#8017=EDGE_LOOP('',(#4735,#4736,#4737,#4738));
#8018=EDGE_LOOP('',(#4739,#4740,#4741,#4742));
#8019=EDGE_LOOP('',(#4743,#4744,#4745,#4746));
#8020=EDGE_LOOP('',(#4747,#4748,#4749,#4750));
#8021=EDGE_LOOP('',(#4751,#4752,#4753,#4754));
#8022=EDGE_LOOP('',(#4755,#4756,#4757,#4758));
#8023=EDGE_LOOP('',(#4759,#4760,#4761,#4762));
#8024=EDGE_LOOP('',(#4763,#4764,#4765,#4766));
#8025=EDGE_LOOP('',(#4767,#4768,#4769,#4770));
#8026=EDGE_LOOP('',(#4771,#4772,#4773,#4774));
#8027=EDGE_LOOP('',(#4775,#4776,#4777,#4778));
#8028=EDGE_LOOP('',(#4779,#4780,#4781,#4782));
#8029=EDGE_LOOP('',(#4783,#4784,#4785,#4786));
#8030=EDGE_LOOP('',(#4787,#4788,#4789,#4790));
#8031=EDGE_LOOP('',(#4791,#4792,#4793,#4794));
#8032=EDGE_LOOP('',(#4795,#4796,#4797,#4798));
#8033=EDGE_LOOP('',(#4799,#4800,#4801,#4802));
#8034=EDGE_LOOP('',(#4803,#4804,#4805,#4806));
#8035=EDGE_LOOP('',(#4807,#4808,#4809,#4810));
#8036=EDGE_LOOP('',(#4811,#4812,#4813,#4814));
#8037=EDGE_LOOP('',(#4815,#4816,#4817,#4818));
#8038=EDGE_LOOP('',(#4819,#4820,#4821,#4822));
#8039=EDGE_LOOP('',(#4823,#4824,#4825,#4826));
#8040=EDGE_LOOP('',(#4827,#4828,#4829,#4830));
#8041=EDGE_LOOP('',(#4831,#4832,#4833,#4834));
#8042=EDGE_LOOP('',(#4835,#4836,#4837,#4838));
#8043=EDGE_LOOP('',(#4839,#4840,#4841,#4842));
#8044=EDGE_LOOP('',(#4843,#4844,#4845,#4846));
#8045=EDGE_LOOP('',(#4847,#4848,#4849,#4850));
#8046=EDGE_LOOP('',(#4851,#4852,#4853,#4854));
#8047=EDGE_LOOP('',(#4855,#4856,#4857,#4858));
#8048=EDGE_LOOP('',(#4859,#4860,#4861,#4862));
#8049=EDGE_LOOP('',(#4863,#4864,#4865,#4866));
#8050=EDGE_LOOP('',(#4867,#4868,#4869,#4870));
#8051=EDGE_LOOP('',(#4871,#4872,#4873,#4874));
#8052=EDGE_LOOP('',(#4875,#4876,#4877,#4878));
#8053=EDGE_LOOP('',(#4879,#4880,#4881,#4882));
#8054=EDGE_LOOP('',(#4883,#4884,#4885,#4886));
#8055=EDGE_LOOP('',(#4887,#4888,#4889,#4890));
#8056=EDGE_LOOP('',(#4891,#4892,#4893,#4894));
#8057=EDGE_LOOP('',(#4895,#4896,#4897,#4898));
#8058=EDGE_LOOP('',(#4899,#4900,#4901,#4902));
#8059=EDGE_LOOP('',(#4903,#4904,#4905,#4906));
#8060=EDGE_LOOP('',(#4907,#4908,#4909,#4910));
#8061=EDGE_LOOP('',(#4911,#4912,#4913,#4914));
#8062=EDGE_LOOP('',(#4915,#4916,#4917,#4918));
#8063=EDGE_LOOP('',(#4919));
#8064=EDGE_LOOP('',(#4920));
#8065=EDGE_LOOP('',(#4921));
#8066=EDGE_LOOP('',(#4922));
#8067=EDGE_LOOP('',(#4923));
#8068=EDGE_LOOP('',(#4924));
#8069=EDGE_LOOP('',(#4925));
#8070=EDGE_LOOP('',(#4926));
#8071=EDGE_LOOP('',(#4927));
#8072=EDGE_LOOP('',(#4928));
#8073=EDGE_LOOP('',(#4929));
#8074=EDGE_LOOP('',(#4930));
#8075=EDGE_LOOP('',(#4931));
#8076=EDGE_LOOP('',(#4932));
#8077=EDGE_LOOP('',(#4933));
#8078=EDGE_LOOP('',(#4934));
#8079=EDGE_LOOP('',(#4935));
#8080=EDGE_LOOP('',(#4936));
#8081=EDGE_LOOP('',(#4937));
#8082=EDGE_LOOP('',(#4938));
#8083=EDGE_LOOP('',(#4939));
#8084=EDGE_LOOP('',(#4940));
#8085=EDGE_LOOP('',(#4941));
#8086=EDGE_LOOP('',(#4942));
#8087=EDGE_LOOP('',(#4943));
#8088=EDGE_LOOP('',(#4944));
#8089=EDGE_LOOP('',(#4945));
#8090=EDGE_LOOP('',(#4946));
#8091=EDGE_LOOP('',(#4947));
#8092=EDGE_LOOP('',(#4948));
#8093=EDGE_LOOP('',(#4949));
#8094=EDGE_LOOP('',(#4950));
#8095=EDGE_LOOP('',(#4951));
#8096=EDGE_LOOP('',(#4952));
#8097=EDGE_LOOP('',(#4953));
#8098=EDGE_LOOP('',(#4954));
#8099=EDGE_LOOP('',(#4955));
#8100=EDGE_LOOP('',(#4956));
#8101=EDGE_LOOP('',(#4957));
#8102=FACE_BOUND('',#7465,.T.);
#8103=FACE_BOUND('',#7466,.T.);
#8104=FACE_BOUND('',#7467,.T.);
#8105=FACE_BOUND('',#7468,.T.);
#8106=FACE_BOUND('',#7469,.T.);
#8107=FACE_BOUND('',#7470,.T.);
#8108=FACE_BOUND('',#7471,.T.);
#8109=FACE_BOUND('',#7472,.T.);
#8110=FACE_BOUND('',#7473,.T.);
#8111=FACE_BOUND('',#7474,.T.);
#8112=FACE_BOUND('',#7475,.T.);
#8113=FACE_BOUND('',#7476,.T.);
#8114=FACE_BOUND('',#7477,.T.);
#8115=FACE_BOUND('',#7478,.T.);
#8116=FACE_BOUND('',#7479,.T.);
#8117=FACE_BOUND('',#7480,.T.);
#8118=FACE_BOUND('',#7481,.T.);
#8119=FACE_BOUND('',#7482,.T.);
#8120=FACE_BOUND('',#7483,.T.);
#8121=FACE_BOUND('',#7484,.T.);
#8122=FACE_BOUND('',#7485,.T.);
#8123=FACE_BOUND('',#7486,.T.);
#8124=FACE_BOUND('',#7487,.T.);
#8125=FACE_BOUND('',#7488,.T.);
#8126=FACE_BOUND('',#7489,.T.);
#8127=FACE_BOUND('',#7490,.T.);
#8128=FACE_BOUND('',#7491,.T.);
#8129=FACE_BOUND('',#7492,.T.);
#8130=FACE_BOUND('',#7493,.T.);
#8131=FACE_BOUND('',#7494,.T.);
#8132=FACE_BOUND('',#7495,.T.);
#8133=FACE_BOUND('',#7496,.T.);
#8134=FACE_BOUND('',#7497,.T.);
#8135=FACE_BOUND('',#7498,.T.);
#8136=FACE_BOUND('',#7499,.T.);
#8137=FACE_BOUND('',#7500,.T.);
#8138=FACE_BOUND('',#7501,.T.);
#8139=FACE_BOUND('',#7502,.T.);
#8140=FACE_BOUND('',#7503,.T.);
#8141=FACE_BOUND('',#7504,.T.);
#8142=FACE_BOUND('',#7505,.T.);
#8143=FACE_BOUND('',#7506,.T.);
#8144=FACE_BOUND('',#7507,.T.);
#8145=FACE_BOUND('',#7508,.T.);
#8146=FACE_BOUND('',#7509,.T.);
#8147=FACE_BOUND('',#7510,.T.);
#8148=FACE_BOUND('',#7511,.T.);
#8149=FACE_BOUND('',#7512,.T.);
#8150=FACE_BOUND('',#7513,.T.);
#8151=FACE_BOUND('',#7514,.T.);
#8152=FACE_BOUND('',#7515,.T.);
#8153=FACE_BOUND('',#7516,.T.);
#8154=FACE_BOUND('',#7517,.T.);
#8155=FACE_BOUND('',#7518,.T.);
#8156=FACE_BOUND('',#7519,.T.);
#8157=FACE_BOUND('',#7520,.T.);
#8158=FACE_BOUND('',#7521,.T.);
#8159=FACE_BOUND('',#7522,.T.);
#8160=FACE_BOUND('',#7523,.T.);
#8161=FACE_BOUND('',#7524,.T.);
#8162=FACE_BOUND('',#7525,.T.);
#8163=FACE_BOUND('',#7526,.T.);
#8164=FACE_BOUND('',#7527,.T.);
#8165=FACE_BOUND('',#7528,.T.);
#8166=FACE_BOUND('',#7529,.T.);
#8167=FACE_BOUND('',#7530,.T.);
#8168=FACE_BOUND('',#7531,.T.);
#8169=FACE_BOUND('',#7532,.T.);
#8170=FACE_BOUND('',#7533,.T.);
#8171=FACE_BOUND('',#7534,.T.);
#8172=FACE_BOUND('',#7535,.T.);
#8173=FACE_BOUND('',#7536,.T.);
#8174=FACE_BOUND('',#7537,.T.);
#8175=FACE_BOUND('',#7538,.T.);
#8176=FACE_BOUND('',#7539,.T.);
#8177=FACE_BOUND('',#7540,.T.);
#8178=FACE_BOUND('',#7541,.T.);
#8179=FACE_BOUND('',#7542,.T.);
#8180=FACE_BOUND('',#7543,.T.);
#8181=FACE_BOUND('',#7544,.T.);
#8182=FACE_BOUND('',#7545,.T.);
#8183=FACE_BOUND('',#7546,.T.);
#8184=FACE_BOUND('',#7547,.T.);
#8185=FACE_BOUND('',#7548,.T.);
#8186=FACE_BOUND('',#7549,.T.);
#8187=FACE_BOUND('',#7550,.T.);
#8188=FACE_BOUND('',#7551,.T.);
#8189=FACE_BOUND('',#7552,.T.);
#8190=FACE_BOUND('',#7553,.T.);
#8191=FACE_BOUND('',#7554,.T.);
#8192=FACE_BOUND('',#7555,.T.);
#8193=FACE_BOUND('',#7556,.T.);
#8194=FACE_BOUND('',#7557,.T.);
#8195=FACE_BOUND('',#7558,.T.);
#8196=FACE_BOUND('',#7559,.T.);
#8197=FACE_BOUND('',#7560,.T.);
#8198=FACE_BOUND('',#7561,.T.);
#8199=FACE_BOUND('',#7562,.T.);
#8200=FACE_BOUND('',#7563,.T.);
#8201=FACE_BOUND('',#7564,.T.);
#8202=FACE_BOUND('',#7565,.T.);
#8203=FACE_BOUND('',#7566,.T.);
#8204=FACE_BOUND('',#7567,.T.);
#8205=FACE_BOUND('',#7568,.T.);
#8206=FACE_BOUND('',#7569,.T.);
#8207=FACE_BOUND('',#7570,.T.);
#8208=FACE_BOUND('',#7571,.T.);
#8209=FACE_BOUND('',#7572,.T.);
#8210=FACE_BOUND('',#7573,.T.);
#8211=FACE_BOUND('',#7574,.T.);
#8212=FACE_BOUND('',#7575,.T.);
#8213=FACE_BOUND('',#7576,.T.);
#8214=FACE_BOUND('',#7577,.T.);
#8215=FACE_BOUND('',#7578,.T.);
#8216=FACE_BOUND('',#7579,.T.);
#8217=FACE_BOUND('',#7580,.T.);
#8218=FACE_BOUND('',#7581,.T.);
#8219=FACE_BOUND('',#7582,.T.);
#8220=FACE_BOUND('',#7583,.T.);
#8221=FACE_BOUND('',#7584,.T.);
#8222=FACE_BOUND('',#7585,.T.);
#8223=FACE_BOUND('',#7586,.T.);
#8224=FACE_BOUND('',#7587,.T.);
#8225=FACE_BOUND('',#7588,.T.);
#8226=FACE_BOUND('',#7589,.T.);
#8227=FACE_BOUND('',#7590,.T.);
#8228=FACE_BOUND('',#7591,.T.);
#8229=FACE_BOUND('',#7592,.T.);
#8230=FACE_BOUND('',#7593,.T.);
#8231=FACE_BOUND('',#7594,.T.);
#8232=FACE_BOUND('',#7595,.T.);
#8233=FACE_BOUND('',#7596,.T.);
#8234=FACE_BOUND('',#7597,.T.);
#8235=FACE_BOUND('',#7598,.T.);
#8236=FACE_BOUND('',#7599,.T.);
#8237=FACE_BOUND('',#7600,.T.);
#8238=FACE_BOUND('',#7601,.T.);
#8239=FACE_BOUND('',#7602,.T.);
#8240=FACE_BOUND('',#7603,.T.);
#8241=FACE_BOUND('',#7604,.T.);
#8242=FACE_BOUND('',#7605,.T.);
#8243=FACE_BOUND('',#7606,.T.);
#8244=FACE_BOUND('',#7607,.T.);
#8245=FACE_BOUND('',#7608,.T.);
#8246=FACE_BOUND('',#7609,.T.);
#8247=FACE_BOUND('',#7610,.T.);
#8248=FACE_BOUND('',#7611,.T.);
#8249=FACE_BOUND('',#7612,.T.);
#8250=FACE_BOUND('',#7613,.T.);
#8251=FACE_BOUND('',#7614,.T.);
#8252=FACE_BOUND('',#7615,.T.);
#8253=FACE_BOUND('',#7616,.T.);
#8254=FACE_BOUND('',#7617,.T.);
#8255=FACE_BOUND('',#7618,.T.);
#8256=FACE_BOUND('',#7619,.T.);
#8257=FACE_BOUND('',#7620,.T.);
#8258=FACE_BOUND('',#7621,.T.);
#8259=FACE_BOUND('',#7622,.T.);
#8260=FACE_BOUND('',#7623,.T.);
#8261=FACE_BOUND('',#7624,.T.);
#8262=FACE_BOUND('',#7625,.T.);
#8263=FACE_BOUND('',#7626,.T.);
#8264=FACE_BOUND('',#7627,.T.);
#8265=FACE_BOUND('',#7628,.T.);
#8266=FACE_BOUND('',#7629,.T.);
#8267=FACE_BOUND('',#7630,.T.);
#8268=FACE_BOUND('',#7631,.T.);
#8269=FACE_BOUND('',#7632,.T.);
#8270=FACE_BOUND('',#7633,.T.);
#8271=FACE_BOUND('',#7634,.T.);
#8272=FACE_BOUND('',#7635,.T.);
#8273=FACE_BOUND('',#7636,.T.);
#8274=FACE_BOUND('',#7637,.T.);
#8275=FACE_BOUND('',#7638,.T.);
#8276=FACE_BOUND('',#7639,.T.);
#8277=FACE_BOUND('',#7640,.T.);
#8278=FACE_BOUND('',#7641,.T.);
#8279=FACE_BOUND('',#7642,.T.);
#8280=FACE_BOUND('',#7643,.T.);
#8281=FACE_BOUND('',#7644,.T.);
#8282=FACE_BOUND('',#7645,.T.);
#8283=FACE_BOUND('',#7646,.T.);
#8284=FACE_BOUND('',#7647,.T.);
#8285=FACE_BOUND('',#7648,.T.);
#8286=FACE_BOUND('',#7649,.T.);
#8287=FACE_BOUND('',#7650,.T.);
#8288=FACE_BOUND('',#7651,.T.);
#8289=FACE_BOUND('',#7652,.T.);
#8290=FACE_BOUND('',#7653,.T.);
#8291=FACE_BOUND('',#7654,.T.);
#8292=FACE_BOUND('',#7655,.T.);
#8293=FACE_BOUND('',#7656,.T.);
#8294=FACE_BOUND('',#7657,.T.);
#8295=FACE_BOUND('',#7658,.T.);
#8296=FACE_BOUND('',#7659,.T.);
#8297=FACE_BOUND('',#7660,.T.);
#8298=FACE_BOUND('',#7661,.T.);
#8299=FACE_BOUND('',#7662,.T.);
#8300=FACE_BOUND('',#7663,.T.);
#8301=FACE_BOUND('',#7664,.T.);
#8302=FACE_BOUND('',#7665,.T.);
#8303=FACE_BOUND('',#7666,.T.);
#8304=FACE_BOUND('',#7667,.T.);
#8305=FACE_BOUND('',#7668,.T.);
#8306=FACE_BOUND('',#7669,.T.);
#8307=FACE_BOUND('',#7670,.T.);
#8308=FACE_BOUND('',#7671,.T.);
#8309=FACE_BOUND('',#7672,.T.);
#8310=FACE_BOUND('',#7673,.T.);
#8311=FACE_BOUND('',#7674,.T.);
#8312=FACE_BOUND('',#7675,.T.);
#8313=FACE_BOUND('',#7676,.T.);
#8314=FACE_BOUND('',#7677,.T.);
#8315=FACE_BOUND('',#7678,.T.);
#8316=FACE_BOUND('',#7679,.T.);
#8317=FACE_BOUND('',#7680,.T.);
#8318=FACE_BOUND('',#7681,.T.);
#8319=FACE_BOUND('',#7682,.T.);
#8320=FACE_BOUND('',#7683,.T.);
#8321=FACE_BOUND('',#7684,.T.);
#8322=FACE_BOUND('',#7685,.T.);
#8323=FACE_BOUND('',#7686,.T.);
#8324=FACE_BOUND('',#7687,.T.);
#8325=FACE_BOUND('',#7688,.T.);
#8326=FACE_BOUND('',#7689,.T.);
#8327=FACE_BOUND('',#7690,.T.);
#8328=FACE_BOUND('',#7691,.T.);
#8329=FACE_BOUND('',#7692,.T.);
#8330=FACE_BOUND('',#7693,.T.);
#8331=FACE_BOUND('',#7694,.T.);
#8332=FACE_BOUND('',#7695,.T.);
#8333=FACE_BOUND('',#7696,.T.);
#8334=FACE_BOUND('',#7697,.T.);
#8335=FACE_BOUND('',#7698,.T.);
#8336=FACE_BOUND('',#7699,.T.);
#8337=FACE_BOUND('',#7700,.T.);
#8338=FACE_BOUND('',#7701,.T.);
#8339=FACE_BOUND('',#7702,.T.);
#8340=FACE_BOUND('',#7703,.T.);
#8341=FACE_BOUND('',#7704,.T.);
#8342=FACE_BOUND('',#7705,.T.);
#8343=FACE_BOUND('',#7706,.T.);
#8344=FACE_BOUND('',#7707,.T.);
#8345=FACE_BOUND('',#7708,.T.);
#8346=FACE_BOUND('',#7709,.T.);
#8347=FACE_BOUND('',#7710,.T.);
#8348=FACE_BOUND('',#7711,.T.);
#8349=FACE_BOUND('',#7712,.T.);
#8350=FACE_BOUND('',#7713,.T.);
#8351=FACE_BOUND('',#7714,.T.);
#8352=FACE_BOUND('',#7715,.T.);
#8353=FACE_BOUND('',#7716,.T.);
#8354=FACE_BOUND('',#7717,.T.);
#8355=FACE_BOUND('',#7718,.T.);
#8356=FACE_BOUND('',#7719,.T.);
#8357=FACE_BOUND('',#7720,.T.);
#8358=FACE_BOUND('',#7721,.T.);
#8359=FACE_BOUND('',#7722,.T.);
#8360=FACE_BOUND('',#7723,.T.);
#8361=FACE_BOUND('',#7724,.T.);
#8362=FACE_BOUND('',#7725,.T.);
#8363=FACE_BOUND('',#7726,.T.);
#8364=FACE_BOUND('',#7727,.T.);
#8365=FACE_BOUND('',#7728,.T.);
#8366=FACE_BOUND('',#7729,.T.);
#8367=FACE_BOUND('',#7730,.T.);
#8368=FACE_BOUND('',#7731,.T.);
#8369=FACE_BOUND('',#7732,.T.);
#8370=FACE_BOUND('',#7733,.T.);
#8371=FACE_BOUND('',#7734,.T.);
#8372=FACE_BOUND('',#7735,.T.);
#8373=FACE_BOUND('',#7736,.T.);
#8374=FACE_BOUND('',#7737,.T.);
#8375=FACE_BOUND('',#7738,.T.);
#8376=FACE_BOUND('',#7739,.T.);
#8377=FACE_BOUND('',#7740,.T.);
#8378=FACE_BOUND('',#7741,.T.);
#8379=FACE_BOUND('',#7742,.T.);
#8380=FACE_BOUND('',#7743,.T.);
#8381=FACE_BOUND('',#7744,.T.);
#8382=FACE_BOUND('',#7745,.T.);
#8383=FACE_BOUND('',#7746,.T.);
#8384=FACE_BOUND('',#7747,.T.);
#8385=FACE_BOUND('',#7748,.T.);
#8386=FACE_BOUND('',#7749,.T.);
#8387=FACE_BOUND('',#7750,.T.);
#8388=FACE_BOUND('',#7751,.T.);
#8389=FACE_BOUND('',#7752,.T.);
#8390=FACE_BOUND('',#7753,.T.);
#8391=FACE_BOUND('',#7754,.T.);
#8392=FACE_BOUND('',#7755,.T.);
#8393=FACE_BOUND('',#7756,.T.);
#8394=FACE_BOUND('',#7757,.T.);
#8395=FACE_BOUND('',#7758,.T.);
#8396=FACE_BOUND('',#7759,.T.);
#8397=FACE_BOUND('',#7760,.T.);
#8398=FACE_BOUND('',#7761,.T.);
#8399=FACE_BOUND('',#7762,.T.);
#8400=FACE_BOUND('',#7763,.T.);
#8401=FACE_BOUND('',#7764,.T.);
#8402=FACE_BOUND('',#7765,.T.);
#8403=FACE_BOUND('',#7766,.T.);
#8404=FACE_BOUND('',#7767,.T.);
#8405=FACE_BOUND('',#7768,.T.);
#8406=FACE_BOUND('',#7769,.T.);
#8407=FACE_BOUND('',#7770,.T.);
#8408=FACE_BOUND('',#7771,.T.);
#8409=FACE_BOUND('',#7772,.T.);
#8410=FACE_BOUND('',#7773,.T.);
#8411=FACE_BOUND('',#7774,.T.);
#8412=FACE_BOUND('',#7775,.T.);
#8413=FACE_BOUND('',#7776,.T.);
#8414=FACE_BOUND('',#7777,.T.);
#8415=FACE_BOUND('',#7778,.T.);
#8416=FACE_BOUND('',#7779,.T.);
#8417=FACE_BOUND('',#7780,.T.);
#8418=FACE_BOUND('',#7781,.T.);
#8419=FACE_BOUND('',#7782,.T.);
#8420=FACE_BOUND('',#7783,.T.);
#8421=FACE_BOUND('',#7784,.T.);
#8422=FACE_BOUND('',#7785,.T.);
#8423=FACE_BOUND('',#7786,.T.);
#8424=FACE_BOUND('',#7787,.T.);
#8425=FACE_BOUND('',#7788,.T.);
#8426=FACE_BOUND('',#7789,.T.);
#8427=FACE_BOUND('',#7790,.T.);
#8428=FACE_BOUND('',#7791,.T.);
#8429=FACE_BOUND('',#7792,.T.);
#8430=FACE_BOUND('',#7793,.T.);
#8431=FACE_BOUND('',#7794,.T.);
#8432=FACE_BOUND('',#7795,.T.);
#8433=FACE_BOUND('',#7796,.T.);
#8434=FACE_BOUND('',#7797,.T.);
#8435=FACE_BOUND('',#7798,.T.);
#8436=FACE_BOUND('',#7799,.T.);
#8437=FACE_BOUND('',#7800,.T.);
#8438=FACE_BOUND('',#7801,.T.);
#8439=FACE_BOUND('',#7802,.T.);
#8440=FACE_BOUND('',#7803,.T.);
#8441=FACE_BOUND('',#7804,.T.);
#8442=FACE_BOUND('',#7805,.T.);
#8443=FACE_BOUND('',#7806,.T.);
#8444=FACE_BOUND('',#7807,.T.);
#8445=FACE_BOUND('',#7808,.T.);
#8446=FACE_BOUND('',#7809,.T.);
#8447=FACE_BOUND('',#7810,.T.);
#8448=FACE_BOUND('',#7811,.T.);
#8449=FACE_BOUND('',#7812,.T.);
#8450=FACE_BOUND('',#7813,.T.);
#8451=FACE_BOUND('',#7814,.T.);
#8452=FACE_BOUND('',#7815,.T.);
#8453=FACE_BOUND('',#7816,.T.);
#8454=FACE_BOUND('',#7817,.T.);
#8455=FACE_BOUND('',#7818,.T.);
#8456=FACE_BOUND('',#7819,.T.);
#8457=FACE_BOUND('',#7820,.T.);
#8458=FACE_BOUND('',#7821,.T.);
#8459=FACE_BOUND('',#7822,.T.);
#8460=FACE_BOUND('',#7823,.T.);
#8461=FACE_BOUND('',#7824,.T.);
#8462=FACE_BOUND('',#7825,.T.);
#8463=FACE_BOUND('',#7826,.T.);
#8464=FACE_BOUND('',#7827,.T.);
#8465=FACE_BOUND('',#7828,.T.);
#8466=FACE_BOUND('',#7829,.T.);
#8467=FACE_BOUND('',#7830,.T.);
#8468=FACE_BOUND('',#7831,.T.);
#8469=FACE_BOUND('',#7832,.T.);
#8470=FACE_BOUND('',#7833,.T.);
#8471=FACE_BOUND('',#7834,.T.);
#8472=FACE_BOUND('',#7835,.T.);
#8473=FACE_BOUND('',#7836,.T.);
#8474=FACE_BOUND('',#7837,.T.);
#8475=FACE_BOUND('',#7838,.T.);
#8476=FACE_BOUND('',#7839,.T.);
#8477=FACE_BOUND('',#7840,.T.);
#8478=FACE_BOUND('',#7841,.T.);
#8479=FACE_BOUND('',#7842,.T.);
#8480=FACE_BOUND('',#7843,.T.);
#8481=FACE_BOUND('',#7844,.T.);
#8482=FACE_BOUND('',#7845,.T.);
#8483=FACE_BOUND('',#7846,.T.);
#8484=FACE_BOUND('',#7847,.T.);
#8485=FACE_BOUND('',#7848,.T.);
#8486=FACE_BOUND('',#7849,.T.);
#8487=FACE_BOUND('',#7850,.T.);
#8488=FACE_BOUND('',#7851,.T.);
#8489=FACE_BOUND('',#7852,.T.);
#8490=FACE_BOUND('',#7853,.T.);
#8491=FACE_BOUND('',#7854,.T.);
#8492=FACE_BOUND('',#7855,.T.);
#8493=FACE_BOUND('',#7856,.T.);
#8494=FACE_BOUND('',#7857,.T.);
#8495=FACE_BOUND('',#7858,.T.);
#8496=FACE_BOUND('',#7859,.T.);
#8497=FACE_BOUND('',#7860,.T.);
#8498=FACE_BOUND('',#7861,.T.);
#8499=FACE_BOUND('',#7862,.T.);
#8500=FACE_BOUND('',#7863,.T.);
#8501=FACE_BOUND('',#7864,.T.);
#8502=FACE_BOUND('',#7865,.T.);
#8503=FACE_BOUND('',#7866,.T.);
#8504=FACE_BOUND('',#7867,.T.);
#8505=FACE_BOUND('',#7868,.T.);
#8506=FACE_BOUND('',#7869,.T.);
#8507=FACE_BOUND('',#7870,.T.);
#8508=FACE_BOUND('',#7871,.T.);
#8509=FACE_BOUND('',#7872,.T.);
#8510=FACE_BOUND('',#7873,.T.);
#8511=FACE_BOUND('',#7874,.T.);
#8512=FACE_BOUND('',#7875,.T.);
#8513=FACE_BOUND('',#7876,.T.);
#8514=FACE_BOUND('',#7877,.T.);
#8515=FACE_BOUND('',#7878,.T.);
#8516=FACE_BOUND('',#7879,.T.);
#8517=FACE_BOUND('',#7880,.T.);
#8518=FACE_BOUND('',#7881,.T.);
#8519=FACE_BOUND('',#7882,.T.);
#8520=FACE_BOUND('',#7883,.T.);
#8521=FACE_BOUND('',#7884,.T.);
#8522=FACE_BOUND('',#7885,.T.);
#8523=FACE_BOUND('',#7886,.T.);
#8524=FACE_BOUND('',#7887,.T.);
#8525=FACE_BOUND('',#7888,.T.);
#8526=FACE_BOUND('',#7889,.T.);
#8527=FACE_BOUND('',#7890,.T.);
#8528=FACE_BOUND('',#7891,.T.);
#8529=FACE_BOUND('',#7892,.T.);
#8530=FACE_BOUND('',#7893,.T.);
#8531=FACE_BOUND('',#7894,.T.);
#8532=FACE_BOUND('',#7895,.T.);
#8533=FACE_BOUND('',#7896,.T.);
#8534=FACE_BOUND('',#7897,.T.);
#8535=FACE_BOUND('',#7898,.T.);
#8536=FACE_BOUND('',#7899,.T.);
#8537=FACE_BOUND('',#7900,.T.);
#8538=FACE_BOUND('',#7901,.T.);
#8539=FACE_BOUND('',#7902,.T.);
#8540=FACE_BOUND('',#7903,.T.);
#8541=FACE_BOUND('',#7904,.T.);
#8542=FACE_BOUND('',#7905,.T.);
#8543=FACE_BOUND('',#7906,.T.);
#8544=FACE_BOUND('',#7907,.T.);
#8545=FACE_BOUND('',#7908,.T.);
#8546=FACE_BOUND('',#7909,.T.);
#8547=FACE_BOUND('',#7910,.T.);
#8548=FACE_BOUND('',#7911,.T.);
#8549=FACE_BOUND('',#7912,.T.);
#8550=FACE_BOUND('',#7913,.T.);
#8551=FACE_BOUND('',#7914,.T.);
#8552=FACE_BOUND('',#7915,.T.);
#8553=FACE_BOUND('',#7916,.T.);
#8554=FACE_BOUND('',#7917,.T.);
#8555=FACE_BOUND('',#7918,.T.);
#8556=FACE_BOUND('',#7919,.T.);
#8557=FACE_BOUND('',#7920,.T.);
#8558=FACE_BOUND('',#7921,.T.);
#8559=FACE_BOUND('',#7922,.T.);
#8560=FACE_BOUND('',#7923,.T.);
#8561=FACE_BOUND('',#7924,.T.);
#8562=FACE_BOUND('',#7925,.T.);
#8563=FACE_BOUND('',#7926,.T.);
#8564=FACE_BOUND('',#7927,.T.);
#8565=FACE_BOUND('',#7928,.T.);
#8566=FACE_BOUND('',#7929,.T.);
#8567=FACE_BOUND('',#7930,.T.);
#8568=FACE_BOUND('',#7931,.T.);
#8569=FACE_BOUND('',#7932,.T.);
#8570=FACE_BOUND('',#7933,.T.);
#8571=FACE_BOUND('',#7934,.T.);
#8572=FACE_BOUND('',#7935,.T.);
#8573=FACE_BOUND('',#7936,.T.);
#8574=FACE_BOUND('',#7937,.T.);
#8575=FACE_BOUND('',#7938,.T.);
#8576=FACE_BOUND('',#7939,.T.);
#8577=FACE_BOUND('',#7940,.T.);
#8578=FACE_BOUND('',#7941,.T.);
#8579=FACE_BOUND('',#7942,.T.);
#8580=FACE_BOUND('',#7943,.T.);
#8581=FACE_BOUND('',#7944,.T.);
#8582=FACE_BOUND('',#7945,.T.);
#8583=FACE_BOUND('',#7946,.T.);
#8584=FACE_BOUND('',#7947,.T.);
#8585=FACE_BOUND('',#7948,.T.);
#8586=FACE_BOUND('',#7949,.T.);
#8587=FACE_BOUND('',#7950,.T.);
#8588=FACE_BOUND('',#7951,.T.);
#8589=FACE_BOUND('',#7952,.T.);
#8590=FACE_BOUND('',#7953,.T.);
#8591=FACE_BOUND('',#7954,.T.);
#8592=FACE_BOUND('',#7955,.T.);
#8593=FACE_BOUND('',#7956,.T.);
#8594=FACE_BOUND('',#7957,.T.);
#8595=FACE_BOUND('',#7958,.T.);
#8596=FACE_BOUND('',#7959,.T.);
#8597=FACE_BOUND('',#7960,.T.);
#8598=FACE_BOUND('',#7961,.T.);
#8599=FACE_BOUND('',#7962,.T.);
#8600=FACE_BOUND('',#7963,.T.);
#8601=FACE_BOUND('',#7964,.T.);
#8602=FACE_BOUND('',#7965,.T.);
#8603=FACE_BOUND('',#7966,.T.);
#8604=FACE_BOUND('',#7967,.T.);
#8605=FACE_BOUND('',#7968,.T.);
#8606=FACE_BOUND('',#7969,.T.);
#8607=FACE_BOUND('',#7970,.T.);
#8608=FACE_BOUND('',#7971,.T.);
#8609=FACE_BOUND('',#7972,.T.);
#8610=FACE_BOUND('',#7973,.T.);
#8611=FACE_BOUND('',#7974,.T.);
#8612=FACE_BOUND('',#7975,.T.);
#8613=FACE_BOUND('',#7976,.T.);
#8614=FACE_BOUND('',#7977,.T.);
#8615=FACE_BOUND('',#7978,.T.);
#8616=FACE_BOUND('',#7979,.T.);
#8617=FACE_BOUND('',#7980,.T.);
#8618=FACE_BOUND('',#7981,.T.);
#8619=FACE_BOUND('',#7982,.T.);
#8620=FACE_BOUND('',#7983,.T.);
#8621=FACE_BOUND('',#7984,.T.);
#8622=FACE_BOUND('',#7985,.T.);
#8623=FACE_BOUND('',#7986,.T.);
#8624=FACE_BOUND('',#7987,.T.);
#8625=FACE_BOUND('',#7988,.T.);
#8626=FACE_BOUND('',#7989,.T.);
#8627=FACE_BOUND('',#7990,.T.);
#8628=FACE_BOUND('',#7991,.T.);
#8629=FACE_BOUND('',#7992,.T.);
#8630=FACE_BOUND('',#7993,.T.);
#8631=FACE_BOUND('',#7994,.T.);
#8632=FACE_BOUND('',#7995,.T.);
#8633=FACE_BOUND('',#7996,.T.);
#8634=FACE_BOUND('',#7997,.T.);
#8635=FACE_BOUND('',#7998,.T.);
#8636=FACE_BOUND('',#7999,.T.);
#8637=FACE_BOUND('',#8000,.T.);
#8638=FACE_BOUND('',#8001,.T.);
#8639=FACE_BOUND('',#8002,.T.);
#8640=FACE_BOUND('',#8003,.T.);
#8641=FACE_BOUND('',#8004,.T.);
#8642=FACE_BOUND('',#8005,.T.);
#8643=FACE_BOUND('',#8006,.T.);
#8644=FACE_BOUND('',#8007,.T.);
#8645=FACE_BOUND('',#8008,.T.);
#8646=FACE_BOUND('',#8009,.T.);
#8647=FACE_BOUND('',#8010,.T.);
#8648=FACE_BOUND('',#8011,.T.);
#8649=FACE_BOUND('',#8012,.T.);
#8650=FACE_BOUND('',#8013,.T.);
#8651=FACE_BOUND('',#8014,.T.);
#8652=FACE_BOUND('',#8015,.T.);
#8653=FACE_BOUND('',#8016,.T.);
#8654=FACE_BOUND('',#8017,.T.);
#8655=FACE_BOUND('',#8018,.T.);
#8656=FACE_BOUND('',#8019,.T.);
#8657=FACE_BOUND('',#8020,.T.);
#8658=FACE_BOUND('',#8021,.T.);
#8659=FACE_BOUND('',#8022,.T.);
#8660=FACE_BOUND('',#8023,.T.);
#8661=FACE_BOUND('',#8024,.T.);
#8662=FACE_BOUND('',#8025,.T.);
#8663=FACE_BOUND('',#8026,.T.);
#8664=FACE_BOUND('',#8027,.T.);
#8665=FACE_BOUND('',#8028,.T.);
#8666=FACE_BOUND('',#8029,.T.);
#8667=FACE_BOUND('',#8030,.T.);
#8668=FACE_BOUND('',#8031,.T.);
#8669=FACE_BOUND('',#8032,.T.);
#8670=FACE_BOUND('',#8033,.T.);
#8671=FACE_BOUND('',#8034,.T.);
#8672=FACE_BOUND('',#8035,.T.);
#8673=FACE_BOUND('',#8036,.T.);
#8674=FACE_BOUND('',#8037,.T.);
#8675=FACE_BOUND('',#8038,.T.);
#8676=FACE_BOUND('',#8039,.T.);
#8677=FACE_BOUND('',#8040,.T.);
#8678=FACE_BOUND('',#8041,.T.);
#8679=FACE_BOUND('',#8042,.T.);
#8680=FACE_BOUND('',#8043,.T.);
#8681=FACE_BOUND('',#8044,.T.);
#8682=FACE_BOUND('',#8045,.T.);
#8683=FACE_BOUND('',#8046,.T.);
#8684=FACE_BOUND('',#8047,.T.);
#8685=FACE_BOUND('',#8048,.T.);
#8686=FACE_BOUND('',#8049,.T.);
#8687=FACE_BOUND('',#8050,.T.);
#8688=FACE_BOUND('',#8051,.T.);
#8689=FACE_BOUND('',#8052,.T.);
#8690=FACE_BOUND('',#8053,.T.);
#8691=FACE_BOUND('',#8054,.T.);
#8692=FACE_BOUND('',#8055,.T.);
#8693=FACE_BOUND('',#8056,.T.);
#8694=FACE_BOUND('',#8057,.T.);
#8695=FACE_BOUND('',#8058,.T.);
#8696=FACE_BOUND('',#8059,.T.);
#8697=FACE_BOUND('',#8060,.T.);
#8698=FACE_BOUND('',#8061,.T.);
#8699=FACE_BOUND('',#8062,.T.);
#8700=FACE_BOUND('',#8063,.T.);
#8701=FACE_BOUND('',#8064,.T.);
#8702=FACE_BOUND('',#8065,.T.);
#8703=FACE_BOUND('',#8066,.T.);
#8704=FACE_BOUND('',#8067,.T.);
#8705=FACE_BOUND('',#8068,.T.);
#8706=FACE_BOUND('',#8069,.T.);
#8707=FACE_BOUND('',#8070,.T.);
#8708=FACE_BOUND('',#8071,.T.);
#8709=FACE_BOUND('',#8072,.T.);
#8710=FACE_BOUND('',#8073,.T.);
#8711=FACE_BOUND('',#8074,.T.);
#8712=FACE_BOUND('',#8075,.T.);
#8713=FACE_BOUND('',#8076,.T.);
#8714=FACE_BOUND('',#8077,.T.);
#8715=FACE_BOUND('',#8078,.T.);
#8716=FACE_BOUND('',#8079,.T.);
#8717=FACE_BOUND('',#8080,.T.);
#8718=FACE_BOUND('',#8081,.T.);
#8719=FACE_BOUND('',#8082,.T.);
#8720=FACE_BOUND('',#8083,.T.);
#8721=FACE_BOUND('',#8084,.T.);
#8722=FACE_BOUND('',#8085,.T.);
#8723=FACE_BOUND('',#8086,.T.);
#8724=FACE_BOUND('',#8087,.T.);
#8725=FACE_BOUND('',#8088,.T.);
#8726=FACE_BOUND('',#8089,.T.);
#8727=FACE_BOUND('',#8090,.T.);
#8728=FACE_BOUND('',#8091,.T.);
#8729=FACE_BOUND('',#8092,.T.);
#8730=FACE_BOUND('',#8093,.T.);
#8731=FACE_BOUND('',#8094,.T.);
#8732=FACE_BOUND('',#8095,.T.);
#8733=FACE_BOUND('',#8096,.T.);
#8734=FACE_BOUND('',#8097,.T.);
#8735=FACE_BOUND('',#8098,.T.);
#8736=FACE_BOUND('',#8099,.T.);
#8737=FACE_BOUND('',#8100,.T.);
#8738=FACE_BOUND('',#8101,.T.);
#8739=PLANE('',#9590);
#8740=PLANE('',#9594);
#8741=PLANE('',#9597);
#8742=PLANE('',#9600);
#8743=PLANE('',#9603);
#8744=PLANE('',#9639);
#8745=PLANE('',#9642);
#8746=PLANE('',#9645);
#8747=PLANE('',#9648);
#8748=PLANE('',#9651);
#8749=PLANE('',#9654);
#8750=PLANE('',#9657);
#8751=PLANE('',#9660);
#8752=PLANE('',#9663);
#8753=PLANE('',#9666);
#8754=PLANE('',#9669);
#8755=PLANE('',#9672);
#8756=PLANE('',#9675);
#8757=PLANE('',#9678);
#8758=PLANE('',#9681);
#8759=PLANE('',#9688);
#8760=PLANE('',#9711);
#8761=PLANE('',#9714);
#8762=PLANE('',#9717);
#8763=PLANE('',#9720);
#8764=PLANE('',#9723);
#8765=PLANE('',#9726);
#8766=PLANE('',#9729);
#8767=PLANE('',#9732);
#8768=PLANE('',#9735);
#8769=PLANE('',#9738);
#8770=PLANE('',#9741);
#8771=PLANE('',#9748);
#8772=PLANE('',#9751);
#8773=PLANE('',#9754);
#8774=PLANE('',#9757);
#8775=PLANE('',#9822);
#8776=PLANE('',#9824);
#8777=PLANE('',#9826);
#8778=PLANE('',#9827);
#8779=PLANE('',#9829);
#8780=PLANE('',#9831);
#8781=PLANE('',#9839);
#8782=PLANE('',#9840);
#8783=PLANE('',#9866);
#8784=PLANE('',#9867);
#8785=PLANE('',#9868);
#8786=PLANE('',#9869);
#8787=PLANE('',#9870);
#8788=PLANE('',#9871);
#8789=PLANE('',#9872);
#8790=PLANE('',#9873);
#8791=PLANE('',#9874);
#8792=PLANE('',#9875);
#8793=PLANE('',#9876);
#8794=PLANE('',#9877);
#8795=PLANE('',#9878);
#8796=PLANE('',#9879);
#8797=PLANE('',#9880);
#8798=PLANE('',#9881);
#8799=PLANE('',#9882);
#8800=PLANE('',#9883);
#8801=PLANE('',#9884);
#8802=PLANE('',#9885);
#8803=PLANE('',#9886);
#8804=PLANE('',#9887);
#8805=PLANE('',#9888);
#8806=PLANE('',#9889);
#8807=PLANE('',#9890);
#8808=PLANE('',#9891);
#8809=PLANE('',#9892);
#8810=PLANE('',#9893);
#8811=PLANE('',#9894);
#8812=PLANE('',#9895);
#8813=PLANE('',#9896);
#8814=PLANE('',#9897);
#8815=PLANE('',#9898);
#8816=PLANE('',#9899);
#8817=PLANE('',#9900);
#8818=PLANE('',#9901);
#8819=PLANE('',#9902);
#8820=PLANE('',#9903);
#8821=PLANE('',#9904);
#8822=PLANE('',#9905);
#8823=PLANE('',#9906);
#8824=PLANE('',#9907);
#8825=PLANE('',#9908);
#8826=PLANE('',#9909);
#8827=PLANE('',#9910);
#8828=PLANE('',#9911);
#8829=PLANE('',#9912);
#8830=PLANE('',#9913);
#8831=PLANE('',#9914);
#8832=PLANE('',#9915);
#8833=PLANE('',#9916);
#8834=PLANE('',#9917);
#8835=PLANE('',#9918);
#8836=PLANE('',#9919);
#8837=PLANE('',#9920);
#8838=PLANE('',#9921);
#8839=PLANE('',#9922);
#8840=PLANE('',#9923);
#8841=PLANE('',#9924);
#8842=PLANE('',#9925);
#8843=PLANE('',#9926);
#8844=PLANE('',#9927);
#8845=PLANE('',#9928);
#8846=PLANE('',#9929);
#8847=PLANE('',#9930);
#8848=PLANE('',#9931);
#8849=PLANE('',#9932);
#8850=PLANE('',#9933);
#8851=PLANE('',#9934);
#8852=PLANE('',#9935);
#8853=PLANE('',#9936);
#8854=PLANE('',#9937);
#8855=PLANE('',#9938);
#8856=PLANE('',#9939);
#8857=PLANE('',#9940);
#8858=PLANE('',#9941);
#8859=PLANE('',#9942);
#8860=PLANE('',#9943);
#8861=PLANE('',#9944);
#8862=PLANE('',#9945);
#8863=PLANE('',#9946);
#8864=PLANE('',#9947);
#8865=PLANE('',#9948);
#8866=PLANE('',#9949);
#8867=PLANE('',#9950);
#8868=PLANE('',#9951);
#8869=PLANE('',#9952);
#8870=PLANE('',#9955);
#8871=PLANE('',#9958);
#8872=PLANE('',#9961);
#8873=PLANE('',#9964);
#8874=PLANE('',#9967);
#8875=PLANE('',#9970);
#8876=PLANE('',#9973);
#8877=PLANE('',#9976);
#8878=PLANE('',#9979);
#8879=PLANE('',#9982);
#8880=PLANE('',#9985);
#8881=PLANE('',#9988);
#8882=PLANE('',#9991);
#8883=PLANE('',#9994);
#8884=PLANE('',#9997);
#8885=PLANE('',#10000);
#8886=PLANE('',#10003);
#8887=PLANE('',#10012);
#8888=PLANE('',#10013);
#8889=PLANE('',#10014);
#8890=PLANE('',#10015);
#8891=PLANE('',#10016);
#8892=PLANE('',#10017);
#8893=PLANE('',#10018);
#8894=PLANE('',#10019);
#8895=PLANE('',#10020);
#8896=PLANE('',#10021);
#8897=PLANE('',#10022);
#8898=PLANE('',#10023);
#8899=PLANE('',#10024);
#8900=PLANE('',#10025);
#8901=PLANE('',#10026);
#8902=PLANE('',#10027);
#8903=PLANE('',#10028);
#8904=PLANE('',#10029);
#8905=PLANE('',#10030);
#8906=PLANE('',#10031);
#8907=PLANE('',#10032);
#8908=PLANE('',#10033);
#8909=PLANE('',#10034);
#8910=PLANE('',#10035);
#8911=PLANE('',#10036);
#8912=PLANE('',#10037);
#8913=PLANE('',#10038);
#8914=PLANE('',#10039);
#8915=PLANE('',#10048);
#8916=PLANE('',#10049);
#8917=PLANE('',#10050);
#8918=PLANE('',#10051);
#8919=PLANE('',#10053);
#8920=PLANE('',#10054);
#8921=PLANE('',#10055);
#8922=PLANE('',#10056);
#8923=PLANE('',#10057);
#8924=PLANE('',#10061);
#8925=PLANE('',#10067);
#8926=PLANE('',#10071);
#8927=PLANE('',#10075);
#8928=PLANE('',#10079);
#8929=PLANE('',#10083);
#8930=PLANE('',#10087);
#8931=PLANE('',#10091);
#8932=PLANE('',#10095);
#8933=PLANE('',#10099);
#8934=PLANE('',#10103);
#8935=PLANE('',#10107);
#8936=PLANE('',#10111);
#8937=PLANE('',#10115);
#8938=PLANE('',#10119);
#8939=PLANE('',#10128);
#8940=PLANE('',#10132);
#8941=PLANE('',#10136);
#8942=PLANE('',#10140);
#8943=PLANE('',#10144);
#8944=PLANE('',#10148);
#8945=PLANE('',#10152);
#8946=PLANE('',#10156);
#8947=PLANE('',#10165);
#8948=PLANE('',#10169);
#8949=PLANE('',#10173);
#8950=PLANE('',#10177);
#8951=PLANE('',#10181);
#8952=PLANE('',#10185);
#8953=PLANE('',#10186);
#8954=PLANE('',#10189);
#8955=PLANE('',#10195);
#8956=PLANE('',#10196);
#8957=PLANE('',#10197);
#8958=PLANE('',#10198);
#8959=PLANE('',#10199);
#8960=PLANE('',#10200);
#8961=PLANE('',#10201);
#8962=PLANE('',#10202);
#8963=PLANE('',#10203);
#8964=PLANE('',#10204);
#8965=PLANE('',#10205);
#8966=PLANE('',#10206);
#8967=PLANE('',#10207);
#8968=PLANE('',#10208);
#8969=PLANE('',#10209);
#8970=PLANE('',#10210);
#8971=PLANE('',#10211);
#8972=PLANE('',#10212);
#8973=PLANE('',#10213);
#8974=PLANE('',#10214);
#8975=PLANE('',#10215);
#8976=PLANE('',#10216);
#8977=PLANE('',#10217);
#8978=PLANE('',#10218);
#8979=PLANE('',#10219);
#8980=PLANE('',#10220);
#8981=PLANE('',#10221);
#8982=PLANE('',#10222);
#8983=PLANE('',#10223);
#8984=PLANE('',#10224);
#8985=PLANE('',#10225);
#8986=PLANE('',#10226);
#8987=PLANE('',#10227);
#8988=PLANE('',#10228);
#8989=PLANE('',#10229);
#8990=PLANE('',#10230);
#8991=PLANE('',#10231);
#8992=PLANE('',#10232);
#8993=PLANE('',#10233);
#8994=PLANE('',#10234);
#8995=PLANE('',#10235);
#8996=PLANE('',#10236);
#8997=PLANE('',#10237);
#8998=PLANE('',#10238);
#8999=PLANE('',#10239);
#9000=PLANE('',#10240);
#9001=PLANE('',#10241);
#9002=PLANE('',#10242);
#9003=PLANE('',#10243);
#9004=PLANE('',#10244);
#9005=PLANE('',#10245);
#9006=PLANE('',#10246);
#9007=PLANE('',#10263);
#9008=PLANE('',#10367);
#9009=PLANE('',#10369);
#9010=PLANE('',#10371);
#9011=PLANE('',#10373);
#9012=PLANE('',#10375);
#9013=PLANE('',#10377);
#9014=PLANE('',#10379);
#9015=PLANE('',#10381);
#9016=PLANE('',#10383);
#9017=PLANE('',#10385);
#9018=PLANE('',#10387);
#9019=PLANE('',#10389);
#9020=PLANE('',#10391);
#9021=PLANE('',#10393);
#9022=PLANE('',#10395);
#9023=PLANE('',#10397);
#9024=PLANE('',#10399);
#9025=PLANE('',#10400);
#9026=PLANE('',#10402);
#9027=PLANE('',#10404);
#9028=PLANE('',#10407);
#9029=PLANE('',#10410);
#9030=PLANE('',#10413);
#9031=PLANE('',#10416);
#9032=PLANE('',#10419);
#9033=PLANE('',#10422);
#9034=PLANE('',#10425);
#9035=PLANE('',#10428);
#9036=PLANE('',#10431);
#9037=PLANE('',#10434);
#9038=PLANE('',#10437);
#9039=PLANE('',#10440);
#9040=PLANE('',#10443);
#9041=ADVANCED_FACE('',(#8102,#8103),#8739,.T.);
#9042=ADVANCED_FACE('',(#8104),#8740,.T.);
#9043=ADVANCED_FACE('',(#8105),#8741,.T.);
#9044=ADVANCED_FACE('',(#8106),#8742,.T.);
#9045=ADVANCED_FACE('',(#8107,#8108,#8109,#8110,#8111,#8112),#8743,.T.);
#9046=ADVANCED_FACE('',(#8113),#8744,.T.);
#9047=ADVANCED_FACE('',(#8114),#96,.T.);
#9048=ADVANCED_FACE('',(#8115),#8745,.T.);
#9049=ADVANCED_FACE('',(#8116),#97,.T.);
#9050=ADVANCED_FACE('',(#8117),#8746,.T.);
#9051=ADVANCED_FACE('',(#8118),#98,.F.);
#9052=ADVANCED_FACE('',(#8119),#8747,.T.);
#9053=ADVANCED_FACE('',(#8120),#99,.T.);
#9054=ADVANCED_FACE('',(#8121),#8748,.T.);
#9055=ADVANCED_FACE('',(#8122),#100,.F.);
#9056=ADVANCED_FACE('',(#8123),#8749,.T.);
#9057=ADVANCED_FACE('',(#8124),#101,.T.);
#9058=ADVANCED_FACE('',(#8125),#8750,.T.);
#9059=ADVANCED_FACE('',(#8126),#102,.F.);
#9060=ADVANCED_FACE('',(#8127),#8751,.T.);
#9061=ADVANCED_FACE('',(#8128),#103,.T.);
#9062=ADVANCED_FACE('',(#8129),#8752,.T.);
#9063=ADVANCED_FACE('',(#8130),#104,.T.);
#9064=ADVANCED_FACE('',(#8131),#8753,.F.);
#9065=ADVANCED_FACE('',(#8132),#105,.F.);
#9066=ADVANCED_FACE('',(#8133),#8754,.T.);
#9067=ADVANCED_FACE('',(#8134),#106,.T.);
#9068=ADVANCED_FACE('',(#8135),#8755,.F.);
#9069=ADVANCED_FACE('',(#8136),#107,.T.);
#9070=ADVANCED_FACE('',(#8137),#8756,.F.);
#9071=ADVANCED_FACE('',(#8138),#108,.T.);
#9072=ADVANCED_FACE('',(#8139),#8757,.F.);
#9073=ADVANCED_FACE('',(#8140),#109,.T.);
#9074=ADVANCED_FACE('',(#8141),#8758,.F.);
#9075=ADVANCED_FACE('',(#8142),#110,.T.);
#9076=ADVANCED_FACE('',(#8143),#111,.F.);
#9077=ADVANCED_FACE('',(#8144,#8145,#8146,#8147,#8148,#8149,#8150),#8759,
 .F.);
#9078=ADVANCED_FACE('',(#8151),#8760,.T.);
#9079=ADVANCED_FACE('',(#8152),#112,.T.);
#9080=ADVANCED_FACE('',(#8153),#8761,.T.);
#9081=ADVANCED_FACE('',(#8154),#113,.F.);
#9082=ADVANCED_FACE('',(#8155),#8762,.T.);
#9083=ADVANCED_FACE('',(#8156),#114,.F.);
#9084=ADVANCED_FACE('',(#8157),#8763,.F.);
#9085=ADVANCED_FACE('',(#8158),#115,.T.);
#9086=ADVANCED_FACE('',(#8159),#8764,.T.);
#9087=ADVANCED_FACE('',(#8160),#116,.F.);
#9088=ADVANCED_FACE('',(#8161),#8765,.F.);
#9089=ADVANCED_FACE('',(#8162),#117,.T.);
#9090=ADVANCED_FACE('',(#8163),#8766,.F.);
#9091=ADVANCED_FACE('',(#8164),#118,.F.);
#9092=ADVANCED_FACE('',(#8165),#8767,.T.);
#9093=ADVANCED_FACE('',(#8166),#119,.T.);
#9094=ADVANCED_FACE('',(#8167),#8768,.T.);
#9095=ADVANCED_FACE('',(#8168),#120,.F.);
#9096=ADVANCED_FACE('',(#8169),#8769,.T.);
#9097=ADVANCED_FACE('',(#8170),#121,.F.);
#9098=ADVANCED_FACE('',(#8171),#8770,.T.);
#9099=ADVANCED_FACE('',(#8172),#122,.T.);
#9100=ADVANCED_FACE('',(#8173),#123,.F.);
#9101=ADVANCED_FACE('',(#8174),#124,.F.);
#9102=ADVANCED_FACE('',(#8175),#8771,.F.);
#9103=ADVANCED_FACE('',(#8176),#125,.F.);
#9104=ADVANCED_FACE('',(#8177),#8772,.F.);
#9105=ADVANCED_FACE('',(#8178),#126,.F.);
#9106=ADVANCED_FACE('',(#8179),#8773,.T.);
#9107=ADVANCED_FACE('',(#8180),#127,.F.);
#9108=ADVANCED_FACE('',(#8181),#8774,.T.);
#9109=ADVANCED_FACE('',(#8182),#80,.T.);
#9110=ADVANCED_FACE('',(#8183),#128,.T.);
#9111=ADVANCED_FACE('',(#8184),#129,.T.);
#9112=ADVANCED_FACE('',(#8185),#81,.T.);
#9113=ADVANCED_FACE('',(#8186),#82,.T.);
#9114=ADVANCED_FACE('',(#8187),#130,.T.);
#9115=ADVANCED_FACE('',(#8188),#131,.T.);
#9116=ADVANCED_FACE('',(#8189),#83,.T.);
#9117=ADVANCED_FACE('',(#8190),#84,.T.);
#9118=ADVANCED_FACE('',(#8191),#132,.T.);
#9119=ADVANCED_FACE('',(#8192),#133,.T.);
#9120=ADVANCED_FACE('',(#8193),#85,.T.);
#9121=ADVANCED_FACE('',(#8194),#86,.T.);
#9122=ADVANCED_FACE('',(#8195),#134,.T.);
#9123=ADVANCED_FACE('',(#8196),#135,.T.);
#9124=ADVANCED_FACE('',(#8197),#87,.T.);
#9125=ADVANCED_FACE('',(#8198),#88,.T.);
#9126=ADVANCED_FACE('',(#8199),#136,.T.);
#9127=ADVANCED_FACE('',(#8200),#137,.T.);
#9128=ADVANCED_FACE('',(#8201),#89,.T.);
#9129=ADVANCED_FACE('',(#8202),#90,.T.);
#9130=ADVANCED_FACE('',(#8203),#138,.T.);
#9131=ADVANCED_FACE('',(#8204),#139,.T.);
#9132=ADVANCED_FACE('',(#8205),#91,.T.);
#9133=ADVANCED_FACE('',(#8206),#92,.T.);
#9134=ADVANCED_FACE('',(#8207),#140,.T.);
#9135=ADVANCED_FACE('',(#8208),#141,.T.);
#9136=ADVANCED_FACE('',(#8209),#93,.T.);
#9137=ADVANCED_FACE('',(#8210),#94,.T.);
#9138=ADVANCED_FACE('',(#8211),#142,.T.);
#9139=ADVANCED_FACE('',(#8212),#143,.T.);
#9140=ADVANCED_FACE('',(#8213),#95,.T.);
#9141=ADVANCED_FACE('',(#8214),#8775,.T.);
#9142=ADVANCED_FACE('',(#8215),#144,.F.);
#9143=ADVANCED_FACE('',(#8216),#8776,.F.);
#9144=ADVANCED_FACE('',(#8217),#145,.F.);
#9145=ADVANCED_FACE('',(#8218),#8777,.F.);
#9146=ADVANCED_FACE('',(#8219),#8778,.T.);
#9147=ADVANCED_FACE('',(#8220),#146,.F.);
#9148=ADVANCED_FACE('',(#8221),#8779,.T.);
#9149=ADVANCED_FACE('',(#8222),#147,.F.);
#9150=ADVANCED_FACE('',(#8223),#8780,.T.);
#9151=ADVANCED_FACE('',(#8224,#8225),#148,.F.);
#9152=ADVANCED_FACE('',(#8226,#8227),#149,.F.);
#9153=ADVANCED_FACE('',(#8228,#8229),#150,.F.);
#9154=ADVANCED_FACE('',(#8230,#8231),#151,.F.);
#9155=ADVANCED_FACE('',(#8232,#8233),#152,.F.);
#9156=ADVANCED_FACE('',(#8234,#8235),#153,.F.);
#9157=ADVANCED_FACE('',(#8236),#8781,.F.);
#9158=ADVANCED_FACE('',(#8237,#8238,#8239,#8240,#8241,#8242,#8243,#8244,
#8245,#8246,#8247,#8248,#8249,#8250,#8251,#8252,#8253,#8254,#8255,#8256,
#8257,#8258,#8259,#8260,#8261,#8262,#8263,#8264,#8265,#8266,#8267,#8268,
#8269,#8270,#8271,#8272),#8782,.T.);
#9159=ADVANCED_FACE('',(#8273),#8783,.T.);
#9160=ADVANCED_FACE('',(#8274),#8784,.F.);
#9161=ADVANCED_FACE('',(#8275),#8785,.F.);
#9162=ADVANCED_FACE('',(#8276),#8786,.T.);
#9163=ADVANCED_FACE('',(#8277),#8787,.F.);
#9164=ADVANCED_FACE('',(#8278),#8788,.F.);
#9165=ADVANCED_FACE('',(#8279),#8789,.T.);
#9166=ADVANCED_FACE('',(#8280),#8790,.F.);
#9167=ADVANCED_FACE('',(#8281),#8791,.F.);
#9168=ADVANCED_FACE('',(#8282),#8792,.T.);
#9169=ADVANCED_FACE('',(#8283),#8793,.F.);
#9170=ADVANCED_FACE('',(#8284),#8794,.F.);
#9171=ADVANCED_FACE('',(#8285),#8795,.T.);
#9172=ADVANCED_FACE('',(#8286),#8796,.F.);
#9173=ADVANCED_FACE('',(#8287),#8797,.F.);
#9174=ADVANCED_FACE('',(#8288),#8798,.T.);
#9175=ADVANCED_FACE('',(#8289),#8799,.F.);
#9176=ADVANCED_FACE('',(#8290),#8800,.F.);
#9177=ADVANCED_FACE('',(#8291),#8801,.T.);
#9178=ADVANCED_FACE('',(#8292),#8802,.F.);
#9179=ADVANCED_FACE('',(#8293),#8803,.F.);
#9180=ADVANCED_FACE('',(#8294),#8804,.T.);
#9181=ADVANCED_FACE('',(#8295),#8805,.F.);
#9182=ADVANCED_FACE('',(#8296),#8806,.F.);
#9183=ADVANCED_FACE('',(#8297),#8807,.T.);
#9184=ADVANCED_FACE('',(#8298),#8808,.F.);
#9185=ADVANCED_FACE('',(#8299),#8809,.F.);
#9186=ADVANCED_FACE('',(#8300),#8810,.T.);
#9187=ADVANCED_FACE('',(#8301),#8811,.F.);
#9188=ADVANCED_FACE('',(#8302),#8812,.F.);
#9189=ADVANCED_FACE('',(#8303),#8813,.T.);
#9190=ADVANCED_FACE('',(#8304),#8814,.F.);
#9191=ADVANCED_FACE('',(#8305),#8815,.F.);
#9192=ADVANCED_FACE('',(#8306),#8816,.T.);
#9193=ADVANCED_FACE('',(#8307),#8817,.F.);
#9194=ADVANCED_FACE('',(#8308),#8818,.F.);
#9195=ADVANCED_FACE('',(#8309),#8819,.T.);
#9196=ADVANCED_FACE('',(#8310),#8820,.F.);
#9197=ADVANCED_FACE('',(#8311),#8821,.F.);
#9198=ADVANCED_FACE('',(#8312),#8822,.T.);
#9199=ADVANCED_FACE('',(#8313),#8823,.F.);
#9200=ADVANCED_FACE('',(#8314),#8824,.F.);
#9201=ADVANCED_FACE('',(#8315),#8825,.T.);
#9202=ADVANCED_FACE('',(#8316),#8826,.F.);
#9203=ADVANCED_FACE('',(#8317),#8827,.F.);
#9204=ADVANCED_FACE('',(#8318),#8828,.T.);
#9205=ADVANCED_FACE('',(#8319),#8829,.F.);
#9206=ADVANCED_FACE('',(#8320),#8830,.F.);
#9207=ADVANCED_FACE('',(#8321),#8831,.T.);
#9208=ADVANCED_FACE('',(#8322),#8832,.F.);
#9209=ADVANCED_FACE('',(#8323),#8833,.F.);
#9210=ADVANCED_FACE('',(#8324),#8834,.T.);
#9211=ADVANCED_FACE('',(#8325),#8835,.F.);
#9212=ADVANCED_FACE('',(#8326),#8836,.F.);
#9213=ADVANCED_FACE('',(#8327),#8837,.T.);
#9214=ADVANCED_FACE('',(#8328),#8838,.F.);
#9215=ADVANCED_FACE('',(#8329),#8839,.F.);
#9216=ADVANCED_FACE('',(#8330),#8840,.T.);
#9217=ADVANCED_FACE('',(#8331),#8841,.F.);
#9218=ADVANCED_FACE('',(#8332),#8842,.F.);
#9219=ADVANCED_FACE('',(#8333),#8843,.T.);
#9220=ADVANCED_FACE('',(#8334),#8844,.F.);
#9221=ADVANCED_FACE('',(#8335),#8845,.F.);
#9222=ADVANCED_FACE('',(#8336),#8846,.T.);
#9223=ADVANCED_FACE('',(#8337),#8847,.F.);
#9224=ADVANCED_FACE('',(#8338),#8848,.F.);
#9225=ADVANCED_FACE('',(#8339),#8849,.T.);
#9226=ADVANCED_FACE('',(#8340),#8850,.F.);
#9227=ADVANCED_FACE('',(#8341),#8851,.F.);
#9228=ADVANCED_FACE('',(#8342),#8852,.T.);
#9229=ADVANCED_FACE('',(#8343),#8853,.F.);
#9230=ADVANCED_FACE('',(#8344),#8854,.F.);
#9231=ADVANCED_FACE('',(#8345),#8855,.T.);
#9232=ADVANCED_FACE('',(#8346),#8856,.F.);
#9233=ADVANCED_FACE('',(#8347),#8857,.F.);
#9234=ADVANCED_FACE('',(#8348),#8858,.T.);
#9235=ADVANCED_FACE('',(#8349),#8859,.F.);
#9236=ADVANCED_FACE('',(#8350),#8860,.F.);
#9237=ADVANCED_FACE('',(#8351),#8861,.T.);
#9238=ADVANCED_FACE('',(#8352),#8862,.F.);
#9239=ADVANCED_FACE('',(#8353),#8863,.F.);
#9240=ADVANCED_FACE('',(#8354),#8864,.T.);
#9241=ADVANCED_FACE('',(#8355),#8865,.F.);
#9242=ADVANCED_FACE('',(#8356),#8866,.F.);
#9243=ADVANCED_FACE('',(#8357),#8867,.T.);
#9244=ADVANCED_FACE('',(#8358),#8868,.T.);
#9245=ADVANCED_FACE('',(#8359),#8869,.F.);
#9246=ADVANCED_FACE('',(#8360),#154,.T.);
#9247=ADVANCED_FACE('',(#8361),#8870,.F.);
#9248=ADVANCED_FACE('',(#8362),#155,.T.);
#9249=ADVANCED_FACE('',(#8363),#8871,.F.);
#9250=ADVANCED_FACE('',(#8364),#156,.F.);
#9251=ADVANCED_FACE('',(#8365),#8872,.F.);
#9252=ADVANCED_FACE('',(#8366),#157,.T.);
#9253=ADVANCED_FACE('',(#8367),#8873,.F.);
#9254=ADVANCED_FACE('',(#8368),#158,.T.);
#9255=ADVANCED_FACE('',(#8369),#8874,.F.);
#9256=ADVANCED_FACE('',(#8370),#159,.F.);
#9257=ADVANCED_FACE('',(#8371),#8875,.F.);
#9258=ADVANCED_FACE('',(#8372),#160,.T.);
#9259=ADVANCED_FACE('',(#8373),#8876,.F.);
#9260=ADVANCED_FACE('',(#8374),#161,.F.);
#9261=ADVANCED_FACE('',(#8375),#8877,.F.);
#9262=ADVANCED_FACE('',(#8376),#162,.T.);
#9263=ADVANCED_FACE('',(#8377),#8878,.F.);
#9264=ADVANCED_FACE('',(#8378),#163,.F.);
#9265=ADVANCED_FACE('',(#8379),#8879,.F.);
#9266=ADVANCED_FACE('',(#8380),#164,.T.);
#9267=ADVANCED_FACE('',(#8381),#8880,.F.);
#9268=ADVANCED_FACE('',(#8382),#165,.T.);
#9269=ADVANCED_FACE('',(#8383),#8881,.F.);
#9270=ADVANCED_FACE('',(#8384),#166,.F.);
#9271=ADVANCED_FACE('',(#8385),#8882,.F.);
#9272=ADVANCED_FACE('',(#8386),#167,.T.);
#9273=ADVANCED_FACE('',(#8387),#8883,.F.);
#9274=ADVANCED_FACE('',(#8388),#168,.T.);
#9275=ADVANCED_FACE('',(#8389),#8884,.F.);
#9276=ADVANCED_FACE('',(#8390),#169,.T.);
#9277=ADVANCED_FACE('',(#8391),#8885,.F.);
#9278=ADVANCED_FACE('',(#8392),#170,.T.);
#9279=ADVANCED_FACE('',(#8393),#8886,.T.);
#9280=ADVANCED_FACE('',(#8394,#8395),#171,.F.);
#9281=ADVANCED_FACE('',(#8396,#8397),#172,.F.);
#9282=ADVANCED_FACE('',(#8398,#8399),#173,.F.);
#9283=ADVANCED_FACE('',(#8400,#8401),#174,.F.);
#9284=ADVANCED_FACE('',(#8402),#8887,.T.);
#9285=ADVANCED_FACE('',(#8403),#8888,.T.);
#9286=ADVANCED_FACE('',(#8404),#8889,.T.);
#9287=ADVANCED_FACE('',(#8405),#8890,.T.);
#9288=ADVANCED_FACE('',(#8406),#8891,.T.);
#9289=ADVANCED_FACE('',(#8407),#8892,.T.);
#9290=ADVANCED_FACE('',(#8408),#8893,.T.);
#9291=ADVANCED_FACE('',(#8409),#8894,.T.);
#9292=ADVANCED_FACE('',(#8410),#8895,.T.);
#9293=ADVANCED_FACE('',(#8411),#8896,.T.);
#9294=ADVANCED_FACE('',(#8412),#8897,.T.);
#9295=ADVANCED_FACE('',(#8413),#8898,.T.);
#9296=ADVANCED_FACE('',(#8414),#8899,.T.);
#9297=ADVANCED_FACE('',(#8415),#8900,.T.);
#9298=ADVANCED_FACE('',(#8416),#8901,.T.);
#9299=ADVANCED_FACE('',(#8417),#8902,.T.);
#9300=ADVANCED_FACE('',(#8418),#8903,.T.);
#9301=ADVANCED_FACE('',(#8419),#8904,.T.);
#9302=ADVANCED_FACE('',(#8420),#8905,.T.);
#9303=ADVANCED_FACE('',(#8421),#8906,.T.);
#9304=ADVANCED_FACE('',(#8422),#8907,.T.);
#9305=ADVANCED_FACE('',(#8423),#8908,.T.);
#9306=ADVANCED_FACE('',(#8424),#8909,.T.);
#9307=ADVANCED_FACE('',(#8425),#8910,.T.);
#9308=ADVANCED_FACE('',(#8426),#8911,.T.);
#9309=ADVANCED_FACE('',(#8427),#8912,.T.);
#9310=ADVANCED_FACE('',(#8428),#8913,.T.);
#9311=ADVANCED_FACE('',(#8429),#8914,.T.);
#9312=ADVANCED_FACE('',(#8430,#8431),#175,.F.);
#9313=ADVANCED_FACE('',(#8432),#176,.T.);
#9314=ADVANCED_FACE('',(#8433,#8434),#177,.F.);
#9315=ADVANCED_FACE('',(#8435,#8436),#178,.F.);
#9316=ADVANCED_FACE('',(#8437,#8438,#8439,#8440,#8441,#8442,#8443,#8444,
#8445,#8446,#8447,#8448,#8449,#8450,#8451,#8452,#8453,#8454,#8455,#8456,
#8457,#8458,#8459,#8460,#8461,#8462,#8463,#8464,#8465,#8466,#8467,#8468,
#8469,#8470,#8471,#8472),#8915,.F.);
#9317=ADVANCED_FACE('',(#8473),#8916,.T.);
#9318=ADVANCED_FACE('',(#8474),#8917,.T.);
#9319=ADVANCED_FACE('',(#8475),#8918,.T.);
#9320=ADVANCED_FACE('',(#8476),#8919,.T.);
#9321=ADVANCED_FACE('',(#8477),#8920,.T.);
#9322=ADVANCED_FACE('',(#8478),#8921,.T.);
#9323=ADVANCED_FACE('',(#8479),#8922,.T.);
#9324=ADVANCED_FACE('',(#8480,#8481),#8923,.F.);
#9325=ADVANCED_FACE('',(#8482),#8924,.T.);
#9326=ADVANCED_FACE('',(#8483),#179,.F.);
#9327=ADVANCED_FACE('',(#8484),#8925,.F.);
#9328=ADVANCED_FACE('',(#8485),#180,.T.);
#9329=ADVANCED_FACE('',(#8486),#8926,.F.);
#9330=ADVANCED_FACE('',(#8487),#181,.T.);
#9331=ADVANCED_FACE('',(#8488),#8927,.F.);
#9332=ADVANCED_FACE('',(#8489),#182,.F.);
#9333=ADVANCED_FACE('',(#8490),#8928,.F.);
#9334=ADVANCED_FACE('',(#8491),#183,.T.);
#9335=ADVANCED_FACE('',(#8492),#8929,.F.);
#9336=ADVANCED_FACE('',(#8493),#184,.F.);
#9337=ADVANCED_FACE('',(#8494),#8930,.F.);
#9338=ADVANCED_FACE('',(#8495),#185,.T.);
#9339=ADVANCED_FACE('',(#8496),#8931,.F.);
#9340=ADVANCED_FACE('',(#8497),#186,.F.);
#9341=ADVANCED_FACE('',(#8498),#8932,.F.);
#9342=ADVANCED_FACE('',(#8499),#187,.T.);
#9343=ADVANCED_FACE('',(#8500),#8933,.F.);
#9344=ADVANCED_FACE('',(#8501),#188,.T.);
#9345=ADVANCED_FACE('',(#8502),#8934,.T.);
#9346=ADVANCED_FACE('',(#8503),#189,.F.);
#9347=ADVANCED_FACE('',(#8504),#8935,.F.);
#9348=ADVANCED_FACE('',(#8505),#190,.T.);
#9349=ADVANCED_FACE('',(#8506),#8936,.T.);
#9350=ADVANCED_FACE('',(#8507),#191,.T.);
#9351=ADVANCED_FACE('',(#8508),#8937,.T.);
#9352=ADVANCED_FACE('',(#8509),#192,.T.);
#9353=ADVANCED_FACE('',(#8510),#8938,.T.);
#9354=ADVANCED_FACE('',(#8511),#193,.T.);
#9355=ADVANCED_FACE('',(#8512),#194,.T.);
#9356=ADVANCED_FACE('',(#8513),#195,.F.);
#9357=ADVANCED_FACE('',(#8514),#8939,.T.);
#9358=ADVANCED_FACE('',(#8515),#196,.T.);
#9359=ADVANCED_FACE('',(#8516),#8940,.T.);
#9360=ADVANCED_FACE('',(#8517),#197,.F.);
#9361=ADVANCED_FACE('',(#8518),#8941,.T.);
#9362=ADVANCED_FACE('',(#8519),#198,.T.);
#9363=ADVANCED_FACE('',(#8520),#8942,.T.);
#9364=ADVANCED_FACE('',(#8521),#199,.F.);
#9365=ADVANCED_FACE('',(#8522),#8943,.T.);
#9366=ADVANCED_FACE('',(#8523),#200,.T.);
#9367=ADVANCED_FACE('',(#8524),#8944,.T.);
#9368=ADVANCED_FACE('',(#8525),#201,.F.);
#9369=ADVANCED_FACE('',(#8526),#8945,.T.);
#9370=ADVANCED_FACE('',(#8527),#202,.F.);
#9371=ADVANCED_FACE('',(#8528),#8946,.T.);
#9372=ADVANCED_FACE('',(#8529),#203,.T.);
#9373=ADVANCED_FACE('',(#8530),#204,.F.);
#9374=ADVANCED_FACE('',(#8531),#205,.F.);
#9375=ADVANCED_FACE('',(#8532),#8947,.T.);
#9376=ADVANCED_FACE('',(#8533),#206,.F.);
#9377=ADVANCED_FACE('',(#8534),#8948,.T.);
#9378=ADVANCED_FACE('',(#8535),#207,.F.);
#9379=ADVANCED_FACE('',(#8536),#8949,.T.);
#9380=ADVANCED_FACE('',(#8537),#208,.F.);
#9381=ADVANCED_FACE('',(#8538),#8950,.T.);
#9382=ADVANCED_FACE('',(#8539),#209,.T.);
#9383=ADVANCED_FACE('',(#8540),#8951,.T.);
#9384=ADVANCED_FACE('',(#8541),#210,.F.);
#9385=ADVANCED_FACE('',(#8542),#8952,.T.);
#9386=ADVANCED_FACE('',(#8543),#8953,.F.);
#9387=ADVANCED_FACE('',(#8544,#8545,#8546,#8547,#8548,#8549),#8954,.F.);
#9388=ADVANCED_FACE('',(#8550),#8955,.F.);
#9389=ADVANCED_FACE('',(#8551),#8956,.F.);
#9390=ADVANCED_FACE('',(#8552),#8957,.F.);
#9391=ADVANCED_FACE('',(#8553),#8958,.F.);
#9392=ADVANCED_FACE('',(#8554),#8959,.F.);
#9393=ADVANCED_FACE('',(#8555),#8960,.F.);
#9394=ADVANCED_FACE('',(#8556),#8961,.F.);
#9395=ADVANCED_FACE('',(#8557),#8962,.F.);
#9396=ADVANCED_FACE('',(#8558),#8963,.F.);
#9397=ADVANCED_FACE('',(#8559),#8964,.F.);
#9398=ADVANCED_FACE('',(#8560),#8965,.F.);
#9399=ADVANCED_FACE('',(#8561),#8966,.F.);
#9400=ADVANCED_FACE('',(#8562),#8967,.F.);
#9401=ADVANCED_FACE('',(#8563),#8968,.F.);
#9402=ADVANCED_FACE('',(#8564),#8969,.F.);
#9403=ADVANCED_FACE('',(#8565),#8970,.F.);
#9404=ADVANCED_FACE('',(#8566),#8971,.F.);
#9405=ADVANCED_FACE('',(#8567),#8972,.F.);
#9406=ADVANCED_FACE('',(#8568),#8973,.F.);
#9407=ADVANCED_FACE('',(#8569),#8974,.F.);
#9408=ADVANCED_FACE('',(#8570),#8975,.F.);
#9409=ADVANCED_FACE('',(#8571),#8976,.F.);
#9410=ADVANCED_FACE('',(#8572),#8977,.F.);
#9411=ADVANCED_FACE('',(#8573),#8978,.F.);
#9412=ADVANCED_FACE('',(#8574),#8979,.F.);
#9413=ADVANCED_FACE('',(#8575),#8980,.F.);
#9414=ADVANCED_FACE('',(#8576),#8981,.F.);
#9415=ADVANCED_FACE('',(#8577),#8982,.F.);
#9416=ADVANCED_FACE('',(#8578),#8983,.F.);
#9417=ADVANCED_FACE('',(#8579),#8984,.F.);
#9418=ADVANCED_FACE('',(#8580),#8985,.F.);
#9419=ADVANCED_FACE('',(#8581),#8986,.T.);
#9420=ADVANCED_FACE('',(#8582),#8987,.T.);
#9421=ADVANCED_FACE('',(#8583),#8988,.T.);
#9422=ADVANCED_FACE('',(#8584),#8989,.T.);
#9423=ADVANCED_FACE('',(#8585),#8990,.T.);
#9424=ADVANCED_FACE('',(#8586),#8991,.T.);
#9425=ADVANCED_FACE('',(#8587),#8992,.T.);
#9426=ADVANCED_FACE('',(#8588),#8993,.T.);
#9427=ADVANCED_FACE('',(#8589),#8994,.T.);
#9428=ADVANCED_FACE('',(#8590),#8995,.T.);
#9429=ADVANCED_FACE('',(#8591),#8996,.T.);
#9430=ADVANCED_FACE('',(#8592),#8997,.T.);
#9431=ADVANCED_FACE('',(#8593),#8998,.T.);
#9432=ADVANCED_FACE('',(#8594),#8999,.T.);
#9433=ADVANCED_FACE('',(#8595),#9000,.T.);
#9434=ADVANCED_FACE('',(#8596),#9001,.T.);
#9435=ADVANCED_FACE('',(#8597),#9002,.T.);
#9436=ADVANCED_FACE('',(#8598),#9003,.T.);
#9437=ADVANCED_FACE('',(#8599),#9004,.T.);
#9438=ADVANCED_FACE('',(#8600),#9005,.F.);
#9439=ADVANCED_FACE('',(#8601,#8602,#8603),#9006,.T.);
#9440=ADVANCED_FACE('',(#8604,#8605,#8606,#8607,#8608,#8609,#8610,#8611,
#8612,#8613),#9007,.F.);
#9441=ADVANCED_FACE('',(#8614),#211,.T.);
#9442=ADVANCED_FACE('',(#8615),#212,.T.);
#9443=ADVANCED_FACE('',(#8616),#213,.T.);
#9444=ADVANCED_FACE('',(#8617),#214,.T.);
#9445=ADVANCED_FACE('',(#8618),#215,.T.);
#9446=ADVANCED_FACE('',(#8619),#216,.T.);
#9447=ADVANCED_FACE('',(#8620),#217,.T.);
#9448=ADVANCED_FACE('',(#8621),#218,.T.);
#9449=ADVANCED_FACE('',(#8622),#219,.T.);
#9450=ADVANCED_FACE('',(#8623),#220,.T.);
#9451=ADVANCED_FACE('',(#8624),#221,.T.);
#9452=ADVANCED_FACE('',(#8625),#222,.T.);
#9453=ADVANCED_FACE('',(#8626),#223,.T.);
#9454=ADVANCED_FACE('',(#8627),#224,.T.);
#9455=ADVANCED_FACE('',(#8628),#225,.T.);
#9456=ADVANCED_FACE('',(#8629),#226,.T.);
#9457=ADVANCED_FACE('',(#8630),#227,.T.);
#9458=ADVANCED_FACE('',(#8631),#228,.T.);
#9459=ADVANCED_FACE('',(#8632),#229,.T.);
#9460=ADVANCED_FACE('',(#8633),#230,.T.);
#9461=ADVANCED_FACE('',(#8634),#231,.T.);
#9462=ADVANCED_FACE('',(#8635),#232,.T.);
#9463=ADVANCED_FACE('',(#8636),#233,.T.);
#9464=ADVANCED_FACE('',(#8637),#234,.T.);
#9465=ADVANCED_FACE('',(#8638),#235,.T.);
#9466=ADVANCED_FACE('',(#8639),#236,.T.);
#9467=ADVANCED_FACE('',(#8640),#237,.T.);
#9468=ADVANCED_FACE('',(#8641),#238,.T.);
#9469=ADVANCED_FACE('',(#8642),#239,.T.);
#9470=ADVANCED_FACE('',(#8643),#240,.T.);
#9471=ADVANCED_FACE('',(#8644),#241,.T.);
#9472=ADVANCED_FACE('',(#8645),#242,.T.);
#9473=ADVANCED_FACE('',(#8646),#243,.T.);
#9474=ADVANCED_FACE('',(#8647),#244,.T.);
#9475=ADVANCED_FACE('',(#8648),#245,.T.);
#9476=ADVANCED_FACE('',(#8649),#246,.T.);
#9477=ADVANCED_FACE('',(#8650),#247,.T.);
#9478=ADVANCED_FACE('',(#8651),#248,.T.);
#9479=ADVANCED_FACE('',(#8652),#249,.T.);
#9480=ADVANCED_FACE('',(#8653),#250,.T.);
#9481=ADVANCED_FACE('',(#8654),#251,.T.);
#9482=ADVANCED_FACE('',(#8655),#252,.T.);
#9483=ADVANCED_FACE('',(#8656),#253,.T.);
#9484=ADVANCED_FACE('',(#8657),#254,.T.);
#9485=ADVANCED_FACE('',(#8658),#255,.T.);
#9486=ADVANCED_FACE('',(#8659),#256,.T.);
#9487=ADVANCED_FACE('',(#8660),#257,.T.);
#9488=ADVANCED_FACE('',(#8661),#258,.T.);
#9489=ADVANCED_FACE('',(#8662),#9008,.F.);
#9490=ADVANCED_FACE('',(#8663),#10,.T.);
#9491=ADVANCED_FACE('',(#8664),#9009,.T.);
#9492=ADVANCED_FACE('',(#8665),#11,.F.);
#9493=ADVANCED_FACE('',(#8666),#9010,.T.);
#9494=ADVANCED_FACE('',(#8667),#12,.T.);
#9495=ADVANCED_FACE('',(#8668),#9011,.T.);
#9496=ADVANCED_FACE('',(#8669),#13,.T.);
#9497=ADVANCED_FACE('',(#8670),#9012,.T.);
#9498=ADVANCED_FACE('',(#8671),#14,.F.);
#9499=ADVANCED_FACE('',(#8672),#9013,.T.);
#9500=ADVANCED_FACE('',(#8673),#15,.T.);
#9501=ADVANCED_FACE('',(#8674),#9014,.T.);
#9502=ADVANCED_FACE('',(#8675),#16,.F.);
#9503=ADVANCED_FACE('',(#8676),#9015,.T.);
#9504=ADVANCED_FACE('',(#8677),#17,.T.);
#9505=ADVANCED_FACE('',(#8678),#9016,.T.);
#9506=ADVANCED_FACE('',(#8679),#18,.F.);
#9507=ADVANCED_FACE('',(#8680),#9017,.T.);
#9508=ADVANCED_FACE('',(#8681),#19,.T.);
#9509=ADVANCED_FACE('',(#8682),#9018,.T.);
#9510=ADVANCED_FACE('',(#8683),#20,.T.);
#9511=ADVANCED_FACE('',(#8684),#9019,.F.);
#9512=ADVANCED_FACE('',(#8685),#21,.F.);
#9513=ADVANCED_FACE('',(#8686),#9020,.T.);
#9514=ADVANCED_FACE('',(#8687),#22,.T.);
#9515=ADVANCED_FACE('',(#8688),#9021,.F.);
#9516=ADVANCED_FACE('',(#8689),#23,.T.);
#9517=ADVANCED_FACE('',(#8690),#9022,.F.);
#9518=ADVANCED_FACE('',(#8691),#24,.T.);
#9519=ADVANCED_FACE('',(#8692),#9023,.F.);
#9520=ADVANCED_FACE('',(#8693),#25,.T.);
#9521=ADVANCED_FACE('',(#8694),#9024,.F.);
#9522=ADVANCED_FACE('',(#8695),#9025,.T.);
#9523=ADVANCED_FACE('',(#8696),#259,.F.);
#9524=ADVANCED_FACE('',(#8697),#9026,.T.);
#9525=ADVANCED_FACE('',(#8698),#260,.F.);
#9526=ADVANCED_FACE('',(#8699),#9027,.F.);
#9527=ADVANCED_FACE('',(#8700,#8701),#261,.F.);
#9528=ADVANCED_FACE('',(#8702),#9028,.F.);
#9529=ADVANCED_FACE('',(#8703,#8704),#262,.F.);
#9530=ADVANCED_FACE('',(#8705),#9029,.F.);
#9531=ADVANCED_FACE('',(#8706,#8707),#263,.F.);
#9532=ADVANCED_FACE('',(#8708),#9030,.F.);
#9533=ADVANCED_FACE('',(#8709,#8710),#264,.F.);
#9534=ADVANCED_FACE('',(#8711),#9031,.F.);
#9535=ADVANCED_FACE('',(#8712,#8713),#265,.F.);
#9536=ADVANCED_FACE('',(#8714),#9032,.F.);
#9537=ADVANCED_FACE('',(#8715,#8716),#266,.F.);
#9538=ADVANCED_FACE('',(#8717),#9033,.F.);
#9539=ADVANCED_FACE('',(#8718,#8719),#267,.F.);
#9540=ADVANCED_FACE('',(#8720),#9034,.T.);
#9541=ADVANCED_FACE('',(#8721,#8722),#268,.F.);
#9542=ADVANCED_FACE('',(#8723),#9035,.T.);
#9543=ADVANCED_FACE('',(#8724,#8725),#269,.F.);
#9544=ADVANCED_FACE('',(#8726),#9036,.T.);
#9545=ADVANCED_FACE('',(#8727,#8728),#270,.F.);
#9546=ADVANCED_FACE('',(#8729),#9037,.T.);
#9547=ADVANCED_FACE('',(#8730,#8731),#271,.F.);
#9548=ADVANCED_FACE('',(#8732),#9038,.T.);
#9549=ADVANCED_FACE('',(#8733,#8734),#272,.F.);
#9550=ADVANCED_FACE('',(#8735),#9039,.T.);
#9551=ADVANCED_FACE('',(#8736,#8737),#273,.F.);
#9552=ADVANCED_FACE('',(#8738),#9040,.T.);
#9553=CLOSED_SHELL('',(#9041,#9042,#9043,#9044,#9045,#9046,#9047,#9048,
#9049,#9050,#9051,#9052,#9053,#9054,#9055,#9056,#9057,#9058,#9059,#9060,
#9061,#9062,#9063,#9064,#9065,#9066,#9067,#9068,#9069,#9070,#9071,#9072,
#9073,#9074,#9075,#9076,#9077,#9078,#9079,#9080,#9081,#9082,#9083,#9084,
#9085,#9086,#9087,#9088,#9089,#9090,#9091,#9092,#9093,#9094,#9095,#9096,
#9097,#9098,#9099,#9100,#9101,#9102,#9103,#9104,#9105,#9106,#9107,#9108,
#9109,#9110,#9111,#9112,#9113,#9114,#9115,#9116,#9117,#9118,#9119,#9120,
#9121,#9122,#9123,#9124,#9125,#9126,#9127,#9128,#9129,#9130,#9131,#9132,
#9133,#9134,#9135,#9136,#9137,#9138,#9139,#9140,#9141,#9142,#9143,#9144,
#9145,#9146,#9147,#9148,#9149,#9150,#9151,#9152,#9153,#9154,#9155,#9156));
#9554=CLOSED_SHELL('',(#9157,#9158,#9159,#9160,#9161,#9162,#9163,#9164,
#9165,#9166,#9167,#9168,#9169,#9170,#9171,#9172,#9173,#9174,#9175,#9176,
#9177,#9178,#9179,#9180,#9181,#9182,#9183,#9184,#9185,#9186,#9187,#9188,
#9189,#9190,#9191,#9192,#9193,#9194,#9195,#9196,#9197,#9198,#9199,#9200,
#9201,#9202,#9203,#9204,#9205,#9206,#9207,#9208,#9209,#9210,#9211,#9212,
#9213,#9214,#9215,#9216,#9217,#9218,#9219,#9220,#9221,#9222,#9223,#9224,
#9225,#9226,#9227,#9228,#9229,#9230,#9231,#9232,#9233,#9234,#9235,#9236,
#9237,#9238,#9239,#9240,#9241,#9242,#9243,#9244,#9245,#9246,#9247,#9248,
#9249,#9250,#9251,#9252,#9253,#9254,#9255,#9256,#9257,#9258,#9259,#9260,
#9261,#9262,#9263,#9264,#9265,#9266,#9267,#9268,#9269,#9270,#9271,#9272,
#9273,#9274,#9275,#9276,#9277,#9278,#9279,#9280,#9281,#9282,#9283,#9284,
#9285,#9286,#9287,#9288,#9289,#9290,#9291,#9292,#9293,#9294,#9295,#9296,
#9297,#9298,#9299,#9300,#9301,#9302,#9303,#9304,#9305,#9306,#9307,#9308,
#9309,#9310,#9311,#9312,#9313,#9314,#9315,#9316,#9317,#9318,#9319));
#9555=CLOSED_SHELL('',(#9320,#9321,#9322,#9323,#9324,#9325,#9326,#9327,
#9328,#9329,#9330,#9331,#9332,#9333,#9334,#9335,#9336,#9337,#9338,#9339,
#9340,#9341,#9342,#9343,#9344,#9345,#9346,#9347,#9348,#9349,#9350,#9351,
#9352,#9353,#9354,#9355,#9356,#9357,#9358,#9359,#9360,#9361,#9362,#9363,
#9364,#9365,#9366,#9367,#9368,#9369,#9370,#9371,#9372,#9373,#9374,#9375,
#9376,#9377,#9378,#9379,#9380,#9381,#9382,#9383,#9384,#9385,#9386,#9387,
#9388,#9389,#9390,#9391,#9392,#9393,#9394,#9395,#9396,#9397,#9398,#9399,
#9400,#9401,#9402,#9403,#9404,#9405,#9406,#9407,#9408,#9409,#9410,#9411,
#9412,#9413,#9414,#9415,#9416,#9417,#9418,#9419,#9420,#9421,#9422,#9423,
#9424,#9425,#9426,#9427,#9428,#9429,#9430,#9431,#9432,#9433,#9434,#9435,
#9436,#9437,#9438,#9439,#9440,#9441,#9442,#9443,#9444,#9445,#9446,#9447,
#9448,#9449,#9450,#9451,#9452,#9453,#9454,#9455,#9456,#9457,#9458,#9459,
#9460,#9461,#9462,#9463,#9464,#9465,#9466,#9467,#9468,#9469,#9470,#9471,
#9472,#9473,#9474,#9475,#9476,#9477,#9478,#9479,#9480,#9481,#9482,#9483,
#9484,#9485,#9486,#9487,#9488,#9489,#9490,#9491,#9492,#9493,#9494,#9495,
#9496,#9497,#9498,#9499,#9500,#9501,#9502,#9503,#9504,#9505,#9506,#9507,
#9508,#9509,#9510,#9511,#9512,#9513,#9514,#9515,#9516,#9517,#9518,#9519,
#9520,#9521,#9522,#9523,#9524,#9525,#9526,#9527,#9528,#9529,#9530,#9531,
#9532,#9533,#9534,#9535,#9536,#9537,#9538,#9539,#9540,#9541,#9542,#9543,
#9544,#9545,#9546,#9547,#9548,#9549,#9550,#9551,#9552));
#9556=STYLED_ITEM('',(#9559),#9580);
#9557=STYLED_ITEM('',(#9560),#9581);
#9558=STYLED_ITEM('',(#9561),#9582);
#9559=PRESENTATION_STYLE_ASSIGNMENT((#9562));
#9560=PRESENTATION_STYLE_ASSIGNMENT((#9563));
#9561=PRESENTATION_STYLE_ASSIGNMENT((#9564));
#9562=SURFACE_STYLE_USAGE(.BOTH.,#9565);
#9563=SURFACE_STYLE_USAGE(.BOTH.,#9566);
#9564=SURFACE_STYLE_USAGE(.BOTH.,#9567);
#9565=SURFACE_SIDE_STYLE('',(#9568));
#9566=SURFACE_SIDE_STYLE('',(#9569));
#9567=SURFACE_SIDE_STYLE('',(#9570));
#9568=SURFACE_STYLE_FILL_AREA(#9571);
#9569=SURFACE_STYLE_FILL_AREA(#9572);
#9570=SURFACE_STYLE_FILL_AREA(#9573);
#9571=FILL_AREA_STYLE('',(#9574));
#9572=FILL_AREA_STYLE('',(#9575));
#9573=FILL_AREA_STYLE('',(#9576));
#9574=FILL_AREA_STYLE_COLOUR('',#9577);
#9575=FILL_AREA_STYLE_COLOUR('',#9578);
#9576=FILL_AREA_STYLE_COLOUR('',#9579);
#9577=COLOUR_RGB('',0.498039215686275,0.498039215686275,0.498039215686275);
#9578=COLOUR_RGB('',0.980392156862745,0.713725490196078,0.00392156862745098);
#9579=COLOUR_RGB('',0.615686274509804,0.811764705882353,0.929411764705882);
#9580=MANIFOLD_SOLID_BREP('Part 55',#9553);
#9581=MANIFOLD_SOLID_BREP('Part 56',#9554);
#9582=MANIFOLD_SOLID_BREP('Part 57',#9555);
#9583=SHAPE_DEFINITION_REPRESENTATION(#15903,#9586);
#9584=SHAPE_DEFINITION_REPRESENTATION(#15904,#9587);
#9585=SHAPE_DEFINITION_REPRESENTATION(#15905,#9588);
#9586=SHAPE_REPRESENTATION('Part 55',(#9589),#15888);
#9587=SHAPE_REPRESENTATION('Part 56',(#9838),#15889);
#9588=SHAPE_REPRESENTATION('Part 57',(#10052),#15890);
#9589=AXIS2_PLACEMENT_3D('',#13155,#10444,#10445);
#9590=AXIS2_PLACEMENT_3D('',#13156,#10446,#10447);
#9591=AXIS2_PLACEMENT_3D('',#13157,#10448,#10449);
#9592=AXIS2_PLACEMENT_3D('',#13166,#10453,#10454);
#9593=AXIS2_PLACEMENT_3D('',#13174,#10458,#10459);
#9594=AXIS2_PLACEMENT_3D('',#13175,#10460,#10461);
#9595=AXIS2_PLACEMENT_3D('',#13181,#10464,#10465);
#9596=AXIS2_PLACEMENT_3D('',#13185,#10467,#10468);
#9597=AXIS2_PLACEMENT_3D('',#13193,#10473,#10474);
#9598=AXIS2_PLACEMENT_3D('',#13194,#10475,#10476);
#9599=AXIS2_PLACEMENT_3D('',#13208,#10483,#10484);
#9600=AXIS2_PLACEMENT_3D('',#13211,#10486,#10487);
#9601=AXIS2_PLACEMENT_3D('',#13214,#10489,#10490);
#9602=AXIS2_PLACEMENT_3D('',#13218,#10492,#10493);
#9603=AXIS2_PLACEMENT_3D('',#13229,#10499,#10500);
#9604=AXIS2_PLACEMENT_3D('',#13230,#10501,#10502);
#9605=AXIS2_PLACEMENT_3D('',#13232,#10503,#10504);
#9606=AXIS2_PLACEMENT_3D('',#13234,#10505,#10506);
#9607=AXIS2_PLACEMENT_3D('',#13236,#10507,#10508);
#9608=AXIS2_PLACEMENT_3D('',#13238,#10509,#10510);
#9609=AXIS2_PLACEMENT_3D('',#13242,#10512,#10513);
#9610=AXIS2_PLACEMENT_3D('',#13246,#10515,#10516);
#9611=AXIS2_PLACEMENT_3D('',#13250,#10518,#10519);
#9612=AXIS2_PLACEMENT_3D('',#13254,#10521,#10522);
#9613=AXIS2_PLACEMENT_3D('',#13258,#10524,#10525);
#9614=AXIS2_PLACEMENT_3D('',#13262,#10527,#10528);
#9615=AXIS2_PLACEMENT_3D('',#13266,#10530,#10531);
#9616=AXIS2_PLACEMENT_3D('',#13270,#10533,#10534);
#9617=AXIS2_PLACEMENT_3D('',#13274,#10536,#10537);
#9618=AXIS2_PLACEMENT_3D('',#13278,#10539,#10540);
#9619=AXIS2_PLACEMENT_3D('',#13282,#10542,#10543);
#9620=AXIS2_PLACEMENT_3D('',#13286,#10545,#10546);
#9621=AXIS2_PLACEMENT_3D('',#13290,#10548,#10549);
#9622=AXIS2_PLACEMENT_3D('',#13294,#10551,#10552);
#9623=AXIS2_PLACEMENT_3D('',#13298,#10554,#10555);
#9624=AXIS2_PLACEMENT_3D('',#13300,#10557,#10558);
#9625=AXIS2_PLACEMENT_3D('',#13304,#10560,#10561);
#9626=AXIS2_PLACEMENT_3D('',#13308,#10563,#10564);
#9627=AXIS2_PLACEMENT_3D('',#13312,#10566,#10567);
#9628=AXIS2_PLACEMENT_3D('',#13316,#10569,#10570);
#9629=AXIS2_PLACEMENT_3D('',#13320,#10572,#10573);
#9630=AXIS2_PLACEMENT_3D('',#13324,#10575,#10576);
#9631=AXIS2_PLACEMENT_3D('',#13328,#10578,#10579);
#9632=AXIS2_PLACEMENT_3D('',#13332,#10581,#10582);
#9633=AXIS2_PLACEMENT_3D('',#13336,#10584,#10585);
#9634=AXIS2_PLACEMENT_3D('',#13340,#10587,#10588);
#9635=AXIS2_PLACEMENT_3D('',#13344,#10590,#10591);
#9636=AXIS2_PLACEMENT_3D('',#13348,#10593,#10594);
#9637=AXIS2_PLACEMENT_3D('',#13352,#10596,#10597);
#9638=AXIS2_PLACEMENT_3D('',#13356,#10599,#10600);
#9639=AXIS2_PLACEMENT_3D('',#13359,#10602,#10603);
#9640=AXIS2_PLACEMENT_3D('',#13365,#10607,#10608);
#9641=AXIS2_PLACEMENT_3D('',#13366,#10609,#10610);
#9642=AXIS2_PLACEMENT_3D('',#13369,#10612,#10613);
#9643=AXIS2_PLACEMENT_3D('',#13373,#10616,#10617);
#9644=AXIS2_PLACEMENT_3D('',#13374,#10618,#10619);
#9645=AXIS2_PLACEMENT_3D('',#13377,#10621,#10622);
#9646=AXIS2_PLACEMENT_3D('',#13381,#10625,#10626);
#9647=AXIS2_PLACEMENT_3D('',#13382,#10627,#10628);
#9648=AXIS2_PLACEMENT_3D('',#13385,#10630,#10631);
#9649=AXIS2_PLACEMENT_3D('',#13389,#10634,#10635);
#9650=AXIS2_PLACEMENT_3D('',#13390,#10636,#10637);
#9651=AXIS2_PLACEMENT_3D('',#13393,#10639,#10640);
#9652=AXIS2_PLACEMENT_3D('',#13397,#10643,#10644);
#9653=AXIS2_PLACEMENT_3D('',#13398,#10645,#10646);
#9654=AXIS2_PLACEMENT_3D('',#13401,#10648,#10649);
#9655=AXIS2_PLACEMENT_3D('',#13405,#10652,#10653);
#9656=AXIS2_PLACEMENT_3D('',#13406,#10654,#10655);
#9657=AXIS2_PLACEMENT_3D('',#13409,#10657,#10658);
#9658=AXIS2_PLACEMENT_3D('',#13413,#10661,#10662);
#9659=AXIS2_PLACEMENT_3D('',#13414,#10663,#10664);
#9660=AXIS2_PLACEMENT_3D('',#13417,#10666,#10667);
#9661=AXIS2_PLACEMENT_3D('',#13421,#10670,#10671);
#9662=AXIS2_PLACEMENT_3D('',#13422,#10672,#10673);
#9663=AXIS2_PLACEMENT_3D('',#13425,#10675,#10676);
#9664=AXIS2_PLACEMENT_3D('',#13429,#10679,#10680);
#9665=AXIS2_PLACEMENT_3D('',#13430,#10681,#10682);
#9666=AXIS2_PLACEMENT_3D('',#13433,#10684,#10685);
#9667=AXIS2_PLACEMENT_3D('',#13437,#10688,#10689);
#9668=AXIS2_PLACEMENT_3D('',#13438,#10690,#10691);
#9669=AXIS2_PLACEMENT_3D('',#13441,#10693,#10694);
#9670=AXIS2_PLACEMENT_3D('',#13445,#10697,#10698);
#9671=AXIS2_PLACEMENT_3D('',#13446,#10699,#10700);
#9672=AXIS2_PLACEMENT_3D('',#13449,#10702,#10703);
#9673=AXIS2_PLACEMENT_3D('',#13453,#10706,#10707);
#9674=AXIS2_PLACEMENT_3D('',#13454,#10708,#10709);
#9675=AXIS2_PLACEMENT_3D('',#13457,#10711,#10712);
#9676=AXIS2_PLACEMENT_3D('',#13461,#10715,#10716);
#9677=AXIS2_PLACEMENT_3D('',#13462,#10717,#10718);
#9678=AXIS2_PLACEMENT_3D('',#13465,#10720,#10721);
#9679=AXIS2_PLACEMENT_3D('',#13469,#10724,#10725);
#9680=AXIS2_PLACEMENT_3D('',#13470,#10726,#10727);
#9681=AXIS2_PLACEMENT_3D('',#13473,#10729,#10730);
#9682=AXIS2_PLACEMENT_3D('',#13474,#10731,#10732);
#9683=AXIS2_PLACEMENT_3D('',#13483,#10737,#10738);
#9684=AXIS2_PLACEMENT_3D('',#13486,#10740,#10741);
#9685=AXIS2_PLACEMENT_3D('',#13487,#10742,#10743);
#9686=AXIS2_PLACEMENT_3D('',#13488,#10744,#10745);
#9687=AXIS2_PLACEMENT_3D('',#13489,#10746,#10747);
#9688=AXIS2_PLACEMENT_3D('',#13490,#10748,#10749);
#9689=AXIS2_PLACEMENT_3D('',#13491,#10750,#10751);
#9690=AXIS2_PLACEMENT_3D('',#13493,#10752,#10753);
#9691=AXIS2_PLACEMENT_3D('',#13495,#10754,#10755);
#9692=AXIS2_PLACEMENT_3D('',#13497,#10756,#10757);
#9693=AXIS2_PLACEMENT_3D('',#13499,#10758,#10759);
#9694=AXIS2_PLACEMENT_3D('',#13501,#10760,#10761);
#9695=AXIS2_PLACEMENT_3D('',#13506,#10763,#10764);
#9696=AXIS2_PLACEMENT_3D('',#13510,#10766,#10767);
#9697=AXIS2_PLACEMENT_3D('',#13514,#10769,#10770);
#9698=AXIS2_PLACEMENT_3D('',#13518,#10772,#10773);
#9699=AXIS2_PLACEMENT_3D('',#13522,#10775,#10776);
#9700=AXIS2_PLACEMENT_3D('',#13526,#10778,#10779);
#9701=AXIS2_PLACEMENT_3D('',#13530,#10781,#10782);
#9702=AXIS2_PLACEMENT_3D('',#13534,#10784,#10785);
#9703=AXIS2_PLACEMENT_3D('',#13538,#10787,#10788);
#9704=AXIS2_PLACEMENT_3D('',#13542,#10790,#10791);
#9705=AXIS2_PLACEMENT_3D('',#13546,#10793,#10794);
#9706=AXIS2_PLACEMENT_3D('',#13550,#10796,#10797);
#9707=AXIS2_PLACEMENT_3D('',#13554,#10799,#10800);
#9708=AXIS2_PLACEMENT_3D('',#13558,#10802,#10803);
#9709=AXIS2_PLACEMENT_3D('',#13562,#10805,#10806);
#9710=AXIS2_PLACEMENT_3D('',#13566,#10808,#10809);
#9711=AXIS2_PLACEMENT_3D('',#13567,#10810,#10811);
#9712=AXIS2_PLACEMENT_3D('',#13573,#10815,#10816);
#9713=AXIS2_PLACEMENT_3D('',#13574,#10817,#10818);
#9714=AXIS2_PLACEMENT_3D('',#13577,#10820,#10821);
#9715=AXIS2_PLACEMENT_3D('',#13581,#10824,#10825);
#9716=AXIS2_PLACEMENT_3D('',#13582,#10826,#10827);
#9717=AXIS2_PLACEMENT_3D('',#13585,#10829,#10830);
#9718=AXIS2_PLACEMENT_3D('',#13589,#10833,#10834);
#9719=AXIS2_PLACEMENT_3D('',#13590,#10835,#10836);
#9720=AXIS2_PLACEMENT_3D('',#13593,#10838,#10839);
#9721=AXIS2_PLACEMENT_3D('',#13597,#10842,#10843);
#9722=AXIS2_PLACEMENT_3D('',#13598,#10844,#10845);
#9723=AXIS2_PLACEMENT_3D('',#13601,#10847,#10848);
#9724=AXIS2_PLACEMENT_3D('',#13605,#10851,#10852);
#9725=AXIS2_PLACEMENT_3D('',#13606,#10853,#10854);
#9726=AXIS2_PLACEMENT_3D('',#13609,#10856,#10857);
#9727=AXIS2_PLACEMENT_3D('',#13613,#10860,#10861);
#9728=AXIS2_PLACEMENT_3D('',#13614,#10862,#10863);
#9729=AXIS2_PLACEMENT_3D('',#13617,#10865,#10866);
#9730=AXIS2_PLACEMENT_3D('',#13621,#10869,#10870);
#9731=AXIS2_PLACEMENT_3D('',#13622,#10871,#10872);
#9732=AXIS2_PLACEMENT_3D('',#13625,#10874,#10875);
#9733=AXIS2_PLACEMENT_3D('',#13629,#10878,#10879);
#9734=AXIS2_PLACEMENT_3D('',#13630,#10880,#10881);
#9735=AXIS2_PLACEMENT_3D('',#13633,#10883,#10884);
#9736=AXIS2_PLACEMENT_3D('',#13637,#10887,#10888);
#9737=AXIS2_PLACEMENT_3D('',#13638,#10889,#10890);
#9738=AXIS2_PLACEMENT_3D('',#13641,#10892,#10893);
#9739=AXIS2_PLACEMENT_3D('',#13645,#10896,#10897);
#9740=AXIS2_PLACEMENT_3D('',#13646,#10898,#10899);
#9741=AXIS2_PLACEMENT_3D('',#13649,#10901,#10902);
#9742=AXIS2_PLACEMENT_3D('',#13653,#10905,#10906);
#9743=AXIS2_PLACEMENT_3D('',#13654,#10907,#10908);
#9744=AXIS2_PLACEMENT_3D('',#13655,#10909,#10910);
#9745=AXIS2_PLACEMENT_3D('',#13656,#10911,#10912);
#9746=AXIS2_PLACEMENT_3D('',#13657,#10913,#10914);
#9747=AXIS2_PLACEMENT_3D('',#13658,#10915,#10916);
#9748=AXIS2_PLACEMENT_3D('',#13661,#10918,#10919);
#9749=AXIS2_PLACEMENT_3D('',#13665,#10922,#10923);
#9750=AXIS2_PLACEMENT_3D('',#13666,#10924,#10925);
#9751=AXIS2_PLACEMENT_3D('',#13669,#10927,#10928);
#9752=AXIS2_PLACEMENT_3D('',#13673,#10931,#10932);
#9753=AXIS2_PLACEMENT_3D('',#13674,#10933,#10934);
#9754=AXIS2_PLACEMENT_3D('',#13677,#10936,#10937);
#9755=AXIS2_PLACEMENT_3D('',#13681,#10940,#10941);
#9756=AXIS2_PLACEMENT_3D('',#13682,#10942,#10943);
#9757=AXIS2_PLACEMENT_3D('',#13683,#10944,#10945);
#9758=AXIS2_PLACEMENT_3D('',#13684,#10946,#10947);
#9759=AXIS2_PLACEMENT_3D('',#13685,#10948,#10949);
#9760=AXIS2_PLACEMENT_3D('',#13686,#10950,#10951);
#9761=AXIS2_PLACEMENT_3D('',#13687,#10952,#10953);
#9762=AXIS2_PLACEMENT_3D('',#13688,#10954,#10955);
#9763=AXIS2_PLACEMENT_3D('',#13689,#10956,#10957);
#9764=AXIS2_PLACEMENT_3D('',#13690,#10958,#10959);
#9765=AXIS2_PLACEMENT_3D('',#13691,#10960,#10961);
#9766=AXIS2_PLACEMENT_3D('',#13692,#10962,#10963);
#9767=AXIS2_PLACEMENT_3D('',#13693,#10964,#10965);
#9768=AXIS2_PLACEMENT_3D('',#13694,#10966,#10967);
#9769=AXIS2_PLACEMENT_3D('',#13695,#10968,#10969);
#9770=AXIS2_PLACEMENT_3D('',#13696,#10970,#10971);
#9771=AXIS2_PLACEMENT_3D('',#13697,#10972,#10973);
#9772=AXIS2_PLACEMENT_3D('',#13698,#10974,#10975);
#9773=AXIS2_PLACEMENT_3D('',#13699,#10976,#10977);
#9774=AXIS2_PLACEMENT_3D('',#13700,#10978,#10979);
#9775=AXIS2_PLACEMENT_3D('',#13701,#10980,#10981);
#9776=AXIS2_PLACEMENT_3D('',#13702,#10982,#10983);
#9777=AXIS2_PLACEMENT_3D('',#13703,#10984,#10985);
#9778=AXIS2_PLACEMENT_3D('',#13704,#10986,#10987);
#9779=AXIS2_PLACEMENT_3D('',#13705,#10988,#10989);
#9780=AXIS2_PLACEMENT_3D('',#13706,#10990,#10991);
#9781=AXIS2_PLACEMENT_3D('',#13707,#10992,#10993);
#9782=AXIS2_PLACEMENT_3D('',#13708,#10994,#10995);
#9783=AXIS2_PLACEMENT_3D('',#13709,#10996,#10997);
#9784=AXIS2_PLACEMENT_3D('',#13710,#10998,#10999);
#9785=AXIS2_PLACEMENT_3D('',#13711,#11000,#11001);
#9786=AXIS2_PLACEMENT_3D('',#13712,#11002,#11003);
#9787=AXIS2_PLACEMENT_3D('',#13713,#11004,#11005);
#9788=AXIS2_PLACEMENT_3D('',#13714,#11006,#11007);
#9789=AXIS2_PLACEMENT_3D('',#13715,#11008,#11009);
#9790=AXIS2_PLACEMENT_3D('',#13716,#11010,#11011);
#9791=AXIS2_PLACEMENT_3D('',#13717,#11012,#11013);
#9792=AXIS2_PLACEMENT_3D('',#13718,#11014,#11015);
#9793=AXIS2_PLACEMENT_3D('',#13719,#11016,#11017);
#9794=AXIS2_PLACEMENT_3D('',#13720,#11018,#11019);
#9795=AXIS2_PLACEMENT_3D('',#13721,#11020,#11021);
#9796=AXIS2_PLACEMENT_3D('',#13722,#11022,#11023);
#9797=AXIS2_PLACEMENT_3D('',#13723,#11024,#11025);
#9798=AXIS2_PLACEMENT_3D('',#13724,#11026,#11027);
#9799=AXIS2_PLACEMENT_3D('',#13725,#11028,#11029);
#9800=AXIS2_PLACEMENT_3D('',#13726,#11030,#11031);
#9801=AXIS2_PLACEMENT_3D('',#13727,#11032,#11033);
#9802=AXIS2_PLACEMENT_3D('',#13728,#11034,#11035);
#9803=AXIS2_PLACEMENT_3D('',#13729,#11036,#11037);
#9804=AXIS2_PLACEMENT_3D('',#13730,#11038,#11039);
#9805=AXIS2_PLACEMENT_3D('',#13731,#11040,#11041);
#9806=AXIS2_PLACEMENT_3D('',#13732,#11042,#11043);
#9807=AXIS2_PLACEMENT_3D('',#13733,#11044,#11045);
#9808=AXIS2_PLACEMENT_3D('',#13734,#11046,#11047);
#9809=AXIS2_PLACEMENT_3D('',#13735,#11048,#11049);
#9810=AXIS2_PLACEMENT_3D('',#13736,#11050,#11051);
#9811=AXIS2_PLACEMENT_3D('',#13737,#11052,#11053);
#9812=AXIS2_PLACEMENT_3D('',#13738,#11054,#11055);
#9813=AXIS2_PLACEMENT_3D('',#13739,#11056,#11057);
#9814=AXIS2_PLACEMENT_3D('',#13740,#11058,#11059);
#9815=AXIS2_PLACEMENT_3D('',#13741,#11060,#11061);
#9816=AXIS2_PLACEMENT_3D('',#13742,#11062,#11063);
#9817=AXIS2_PLACEMENT_3D('',#13743,#11064,#11065);
#9818=AXIS2_PLACEMENT_3D('',#13744,#11066,#11067);
#9819=AXIS2_PLACEMENT_3D('',#13745,#11068,#11069);
#9820=AXIS2_PLACEMENT_3D('',#13746,#11070,#11071);
#9821=AXIS2_PLACEMENT_3D('',#13747,#11072,#11073);
#9822=AXIS2_PLACEMENT_3D('',#13748,#11074,#11075);
#9823=AXIS2_PLACEMENT_3D('',#13750,#11077,#11078);
#9824=AXIS2_PLACEMENT_3D('',#13752,#11080,#11081);
#9825=AXIS2_PLACEMENT_3D('',#13754,#11083,#11084);
#9826=AXIS2_PLACEMENT_3D('',#13756,#11086,#11087);
#9827=AXIS2_PLACEMENT_3D('',#13757,#11088,#11089);
#9828=AXIS2_PLACEMENT_3D('',#13759,#11091,#11092);
#9829=AXIS2_PLACEMENT_3D('',#13761,#11094,#11095);
#9830=AXIS2_PLACEMENT_3D('',#13763,#11097,#11098);
#9831=AXIS2_PLACEMENT_3D('',#13765,#11100,#11101);
#9832=AXIS2_PLACEMENT_3D('',#13766,#11102,#11103);
#9833=AXIS2_PLACEMENT_3D('',#13767,#11104,#11105);
#9834=AXIS2_PLACEMENT_3D('',#13768,#11106,#11107);
#9835=AXIS2_PLACEMENT_3D('',#13769,#11108,#11109);
#9836=AXIS2_PLACEMENT_3D('',#13770,#11110,#11111);
#9837=AXIS2_PLACEMENT_3D('',#13771,#11112,#11113);
#9838=AXIS2_PLACEMENT_3D('',#13772,#11114,#11115);
#9839=AXIS2_PLACEMENT_3D('',#13773,#11116,#11117);
#9840=AXIS2_PLACEMENT_3D('',#13782,#11122,#11123);
#9841=AXIS2_PLACEMENT_3D('',#13783,#11124,#11125);
#9842=AXIS2_PLACEMENT_3D('',#13785,#11126,#11127);
#9843=AXIS2_PLACEMENT_3D('',#14011,#11240,#11241);
#9844=AXIS2_PLACEMENT_3D('',#14013,#11242,#11243);
#9845=AXIS2_PLACEMENT_3D('',#14015,#11244,#11245);
#9846=AXIS2_PLACEMENT_3D('',#14017,#11246,#11247);
#9847=AXIS2_PLACEMENT_3D('',#14019,#11248,#11249);
#9848=AXIS2_PLACEMENT_3D('',#14025,#11252,#11253);
#9849=AXIS2_PLACEMENT_3D('',#14029,#11255,#11256);
#9850=AXIS2_PLACEMENT_3D('',#14033,#11258,#11259);
#9851=AXIS2_PLACEMENT_3D('',#14037,#11261,#11262);
#9852=AXIS2_PLACEMENT_3D('',#14041,#11264,#11265);
#9853=AXIS2_PLACEMENT_3D('',#14045,#11267,#11268);
#9854=AXIS2_PLACEMENT_3D('',#14049,#11270,#11271);
#9855=AXIS2_PLACEMENT_3D('',#14053,#11273,#11274);
#9856=AXIS2_PLACEMENT_3D('',#14057,#11276,#11277);
#9857=AXIS2_PLACEMENT_3D('',#14061,#11279,#11280);
#9858=AXIS2_PLACEMENT_3D('',#14065,#11282,#11283);
#9859=AXIS2_PLACEMENT_3D('',#14069,#11285,#11286);
#9860=AXIS2_PLACEMENT_3D('',#14073,#11288,#11289);
#9861=AXIS2_PLACEMENT_3D('',#14077,#11291,#11292);
#9862=AXIS2_PLACEMENT_3D('',#14081,#11294,#11295);
#9863=AXIS2_PLACEMENT_3D('',#14085,#11297,#11298);
#9864=AXIS2_PLACEMENT_3D('',#14093,#11302,#11303);
#9865=AXIS2_PLACEMENT_3D('',#14097,#11305,#11306);
#9866=AXIS2_PLACEMENT_3D('',#14102,#11309,#11310);
#9867=AXIS2_PLACEMENT_3D('',#14108,#11314,#11315);
#9868=AXIS2_PLACEMENT_3D('',#14112,#11318,#11319);
#9869=AXIS2_PLACEMENT_3D('',#14116,#11322,#11323);
#9870=AXIS2_PLACEMENT_3D('',#14122,#11327,#11328);
#9871=AXIS2_PLACEMENT_3D('',#14126,#11331,#11332);
#9872=AXIS2_PLACEMENT_3D('',#14130,#11335,#11336);
#9873=AXIS2_PLACEMENT_3D('',#14136,#11340,#11341);
#9874=AXIS2_PLACEMENT_3D('',#14140,#11344,#11345);
#9875=AXIS2_PLACEMENT_3D('',#14144,#11348,#11349);
#9876=AXIS2_PLACEMENT_3D('',#14150,#11353,#11354);
#9877=AXIS2_PLACEMENT_3D('',#14154,#11357,#11358);
#9878=AXIS2_PLACEMENT_3D('',#14158,#11361,#11362);
#9879=AXIS2_PLACEMENT_3D('',#14164,#11366,#11367);
#9880=AXIS2_PLACEMENT_3D('',#14168,#11370,#11371);
#9881=AXIS2_PLACEMENT_3D('',#14172,#11374,#11375);
#9882=AXIS2_PLACEMENT_3D('',#14178,#11379,#11380);
#9883=AXIS2_PLACEMENT_3D('',#14182,#11383,#11384);
#9884=AXIS2_PLACEMENT_3D('',#14186,#11387,#11388);
#9885=AXIS2_PLACEMENT_3D('',#14192,#11392,#11393);
#9886=AXIS2_PLACEMENT_3D('',#14196,#11396,#11397);
#9887=AXIS2_PLACEMENT_3D('',#14200,#11400,#11401);
#9888=AXIS2_PLACEMENT_3D('',#14206,#11405,#11406);
#9889=AXIS2_PLACEMENT_3D('',#14210,#11409,#11410);
#9890=AXIS2_PLACEMENT_3D('',#14214,#11413,#11414);
#9891=AXIS2_PLACEMENT_3D('',#14220,#11418,#11419);
#9892=AXIS2_PLACEMENT_3D('',#14224,#11422,#11423);
#9893=AXIS2_PLACEMENT_3D('',#14228,#11426,#11427);
#9894=AXIS2_PLACEMENT_3D('',#14234,#11431,#11432);
#9895=AXIS2_PLACEMENT_3D('',#14238,#11435,#11436);
#9896=AXIS2_PLACEMENT_3D('',#14242,#11439,#11440);
#9897=AXIS2_PLACEMENT_3D('',#14248,#11444,#11445);
#9898=AXIS2_PLACEMENT_3D('',#14252,#11448,#11449);
#9899=AXIS2_PLACEMENT_3D('',#14256,#11452,#11453);
#9900=AXIS2_PLACEMENT_3D('',#14262,#11457,#11458);
#9901=AXIS2_PLACEMENT_3D('',#14266,#11461,#11462);
#9902=AXIS2_PLACEMENT_3D('',#14270,#11465,#11466);
#9903=AXIS2_PLACEMENT_3D('',#14276,#11470,#11471);
#9904=AXIS2_PLACEMENT_3D('',#14280,#11474,#11475);
#9905=AXIS2_PLACEMENT_3D('',#14284,#11478,#11479);
#9906=AXIS2_PLACEMENT_3D('',#14290,#11483,#11484);
#9907=AXIS2_PLACEMENT_3D('',#14294,#11487,#11488);
#9908=AXIS2_PLACEMENT_3D('',#14298,#11491,#11492);
#9909=AXIS2_PLACEMENT_3D('',#14304,#11496,#11497);
#9910=AXIS2_PLACEMENT_3D('',#14308,#11500,#11501);
#9911=AXIS2_PLACEMENT_3D('',#14312,#11504,#11505);
#9912=AXIS2_PLACEMENT_3D('',#14318,#11509,#11510);
#9913=AXIS2_PLACEMENT_3D('',#14322,#11513,#11514);
#9914=AXIS2_PLACEMENT_3D('',#14326,#11517,#11518);
#9915=AXIS2_PLACEMENT_3D('',#14332,#11522,#11523);
#9916=AXIS2_PLACEMENT_3D('',#14336,#11526,#11527);
#9917=AXIS2_PLACEMENT_3D('',#14340,#11530,#11531);
#9918=AXIS2_PLACEMENT_3D('',#14346,#11535,#11536);
#9919=AXIS2_PLACEMENT_3D('',#14350,#11539,#11540);
#9920=AXIS2_PLACEMENT_3D('',#14354,#11543,#11544);
#9921=AXIS2_PLACEMENT_3D('',#14360,#11548,#11549);
#9922=AXIS2_PLACEMENT_3D('',#14364,#11552,#11553);
#9923=AXIS2_PLACEMENT_3D('',#14368,#11556,#11557);
#9924=AXIS2_PLACEMENT_3D('',#14374,#11561,#11562);
#9925=AXIS2_PLACEMENT_3D('',#14378,#11565,#11566);
#9926=AXIS2_PLACEMENT_3D('',#14382,#11569,#11570);
#9927=AXIS2_PLACEMENT_3D('',#14388,#11574,#11575);
#9928=AXIS2_PLACEMENT_3D('',#14392,#11578,#11579);
#9929=AXIS2_PLACEMENT_3D('',#14396,#11582,#11583);
#9930=AXIS2_PLACEMENT_3D('',#14402,#11587,#11588);
#9931=AXIS2_PLACEMENT_3D('',#14406,#11591,#11592);
#9932=AXIS2_PLACEMENT_3D('',#14410,#11595,#11596);
#9933=AXIS2_PLACEMENT_3D('',#14416,#11600,#11601);
#9934=AXIS2_PLACEMENT_3D('',#14420,#11604,#11605);
#9935=AXIS2_PLACEMENT_3D('',#14424,#11608,#11609);
#9936=AXIS2_PLACEMENT_3D('',#14430,#11613,#11614);
#9937=AXIS2_PLACEMENT_3D('',#14434,#11617,#11618);
#9938=AXIS2_PLACEMENT_3D('',#14438,#11621,#11622);
#9939=AXIS2_PLACEMENT_3D('',#14444,#11626,#11627);
#9940=AXIS2_PLACEMENT_3D('',#14448,#11630,#11631);
#9941=AXIS2_PLACEMENT_3D('',#14452,#11634,#11635);
#9942=AXIS2_PLACEMENT_3D('',#14458,#11639,#11640);
#9943=AXIS2_PLACEMENT_3D('',#14462,#11643,#11644);
#9944=AXIS2_PLACEMENT_3D('',#14466,#11647,#11648);
#9945=AXIS2_PLACEMENT_3D('',#14472,#11652,#11653);
#9946=AXIS2_PLACEMENT_3D('',#14476,#11656,#11657);
#9947=AXIS2_PLACEMENT_3D('',#14480,#11660,#11661);
#9948=AXIS2_PLACEMENT_3D('',#14486,#11665,#11666);
#9949=AXIS2_PLACEMENT_3D('',#14490,#11669,#11670);
#9950=AXIS2_PLACEMENT_3D('',#14494,#11673,#11674);
#9951=AXIS2_PLACEMENT_3D('',#14500,#11678,#11679);
#9952=AXIS2_PLACEMENT_3D('',#14504,#11682,#11683);
#9953=AXIS2_PLACEMENT_3D('',#14508,#11686,#11687);
#9954=AXIS2_PLACEMENT_3D('',#14509,#11688,#11689);
#9955=AXIS2_PLACEMENT_3D('',#14512,#11691,#11692);
#9956=AXIS2_PLACEMENT_3D('',#14516,#11695,#11696);
#9957=AXIS2_PLACEMENT_3D('',#14517,#11697,#11698);
#9958=AXIS2_PLACEMENT_3D('',#14520,#11700,#11701);
#9959=AXIS2_PLACEMENT_3D('',#14524,#11704,#11705);
#9960=AXIS2_PLACEMENT_3D('',#14525,#11706,#11707);
#9961=AXIS2_PLACEMENT_3D('',#14528,#11709,#11710);
#9962=AXIS2_PLACEMENT_3D('',#14532,#11713,#11714);
#9963=AXIS2_PLACEMENT_3D('',#14533,#11715,#11716);
#9964=AXIS2_PLACEMENT_3D('',#14536,#11718,#11719);
#9965=AXIS2_PLACEMENT_3D('',#14540,#11722,#11723);
#9966=AXIS2_PLACEMENT_3D('',#14541,#11724,#11725);
#9967=AXIS2_PLACEMENT_3D('',#14544,#11727,#11728);
#9968=AXIS2_PLACEMENT_3D('',#14548,#11731,#11732);
#9969=AXIS2_PLACEMENT_3D('',#14549,#11733,#11734);
#9970=AXIS2_PLACEMENT_3D('',#14552,#11736,#11737);
#9971=AXIS2_PLACEMENT_3D('',#14556,#11740,#11741);
#9972=AXIS2_PLACEMENT_3D('',#14557,#11742,#11743);
#9973=AXIS2_PLACEMENT_3D('',#14560,#11745,#11746);
#9974=AXIS2_PLACEMENT_3D('',#14564,#11749,#11750);
#9975=AXIS2_PLACEMENT_3D('',#14565,#11751,#11752);
#9976=AXIS2_PLACEMENT_3D('',#14568,#11754,#11755);
#9977=AXIS2_PLACEMENT_3D('',#14572,#11758,#11759);
#9978=AXIS2_PLACEMENT_3D('',#14573,#11760,#11761);
#9979=AXIS2_PLACEMENT_3D('',#14576,#11763,#11764);
#9980=AXIS2_PLACEMENT_3D('',#14580,#11767,#11768);
#9981=AXIS2_PLACEMENT_3D('',#14581,#11769,#11770);
#9982=AXIS2_PLACEMENT_3D('',#14584,#11772,#11773);
#9983=AXIS2_PLACEMENT_3D('',#14588,#11776,#11777);
#9984=AXIS2_PLACEMENT_3D('',#14589,#11778,#11779);
#9985=AXIS2_PLACEMENT_3D('',#14592,#11781,#11782);
#9986=AXIS2_PLACEMENT_3D('',#14596,#11785,#11786);
#9987=AXIS2_PLACEMENT_3D('',#14597,#11787,#11788);
#9988=AXIS2_PLACEMENT_3D('',#14600,#11790,#11791);
#9989=AXIS2_PLACEMENT_3D('',#14604,#11794,#11795);
#9990=AXIS2_PLACEMENT_3D('',#14605,#11796,#11797);
#9991=AXIS2_PLACEMENT_3D('',#14608,#11799,#11800);
#9992=AXIS2_PLACEMENT_3D('',#14612,#11803,#11804);
#9993=AXIS2_PLACEMENT_3D('',#14613,#11805,#11806);
#9994=AXIS2_PLACEMENT_3D('',#14616,#11808,#11809);
#9995=AXIS2_PLACEMENT_3D('',#14620,#11812,#11813);
#9996=AXIS2_PLACEMENT_3D('',#14621,#11814,#11815);
#9997=AXIS2_PLACEMENT_3D('',#14624,#11817,#11818);
#9998=AXIS2_PLACEMENT_3D('',#14628,#11821,#11822);
#9999=AXIS2_PLACEMENT_3D('',#14629,#11823,#11824);
#10000=AXIS2_PLACEMENT_3D('',#14632,#11826,#11827);
#10001=AXIS2_PLACEMENT_3D('',#14636,#11830,#11831);
#10002=AXIS2_PLACEMENT_3D('',#14637,#11832,#11833);
#10003=AXIS2_PLACEMENT_3D('',#14640,#11835,#11836);
#10004=AXIS2_PLACEMENT_3D('',#14644,#11839,#11840);
#10005=AXIS2_PLACEMENT_3D('',#14645,#11841,#11842);
#10006=AXIS2_PLACEMENT_3D('',#14647,#11843,#11844);
#10007=AXIS2_PLACEMENT_3D('',#14648,#11845,#11846);
#10008=AXIS2_PLACEMENT_3D('',#14650,#11847,#11848);
#10009=AXIS2_PLACEMENT_3D('',#14651,#11849,#11850);
#10010=AXIS2_PLACEMENT_3D('',#14653,#11851,#11852);
#10011=AXIS2_PLACEMENT_3D('',#14654,#11853,#11854);
#10012=AXIS2_PLACEMENT_3D('',#14656,#11855,#11856);
#10013=AXIS2_PLACEMENT_3D('',#14658,#11858,#11859);
#10014=AXIS2_PLACEMENT_3D('',#14660,#11861,#11862);
#10015=AXIS2_PLACEMENT_3D('',#14662,#11864,#11865);
#10016=AXIS2_PLACEMENT_3D('',#14664,#11867,#11868);
#10017=AXIS2_PLACEMENT_3D('',#14666,#11870,#11871);
#10018=AXIS2_PLACEMENT_3D('',#14668,#11873,#11874);
#10019=AXIS2_PLACEMENT_3D('',#14670,#11876,#11877);
#10020=AXIS2_PLACEMENT_3D('',#14672,#11879,#11880);
#10021=AXIS2_PLACEMENT_3D('',#14674,#11882,#11883);
#10022=AXIS2_PLACEMENT_3D('',#14676,#11885,#11886);
#10023=AXIS2_PLACEMENT_3D('',#14678,#11888,#11889);
#10024=AXIS2_PLACEMENT_3D('',#14680,#11891,#11892);
#10025=AXIS2_PLACEMENT_3D('',#14682,#11894,#11895);
#10026=AXIS2_PLACEMENT_3D('',#14684,#11897,#11898);
#10027=AXIS2_PLACEMENT_3D('',#14686,#11900,#11901);
#10028=AXIS2_PLACEMENT_3D('',#14688,#11903,#11904);
#10029=AXIS2_PLACEMENT_3D('',#14690,#11906,#11907);
#10030=AXIS2_PLACEMENT_3D('',#14692,#11909,#11910);
#10031=AXIS2_PLACEMENT_3D('',#14694,#11912,#11913);
#10032=AXIS2_PLACEMENT_3D('',#14696,#11915,#11916);
#10033=AXIS2_PLACEMENT_3D('',#14698,#11918,#11919);
#10034=AXIS2_PLACEMENT_3D('',#14700,#11921,#11922);
#10035=AXIS2_PLACEMENT_3D('',#14702,#11924,#11925);
#10036=AXIS2_PLACEMENT_3D('',#14704,#11927,#11928);
#10037=AXIS2_PLACEMENT_3D('',#14706,#11930,#11931);
#10038=AXIS2_PLACEMENT_3D('',#14708,#11933,#11934);
#10039=AXIS2_PLACEMENT_3D('',#14710,#11936,#11937);
#10040=AXIS2_PLACEMENT_3D('',#14712,#11939,#11940);
#10041=AXIS2_PLACEMENT_3D('',#14713,#11941,#11942);
#10042=AXIS2_PLACEMENT_3D('',#14715,#11943,#11944);
#10043=AXIS2_PLACEMENT_3D('',#14716,#11945,#11946);
#10044=AXIS2_PLACEMENT_3D('',#14717,#11947,#11948);
#10045=AXIS2_PLACEMENT_3D('',#14718,#11949,#11950);
#10046=AXIS2_PLACEMENT_3D('',#14720,#11951,#11952);
#10047=AXIS2_PLACEMENT_3D('',#14721,#11953,#11954);
#10048=AXIS2_PLACEMENT_3D('',#14723,#11955,#11956);
#10049=AXIS2_PLACEMENT_3D('',#14729,#11960,#11961);
#10050=AXIS2_PLACEMENT_3D('',#14731,#11963,#11964);
#10051=AXIS2_PLACEMENT_3D('',#14733,#11966,#11967);
#10052=AXIS2_PLACEMENT_3D('',#14734,#11968,#11969);
#10053=AXIS2_PLACEMENT_3D('',#14735,#11970,#11971);
#10054=AXIS2_PLACEMENT_3D('',#14744,#11976,#11977);
#10055=AXIS2_PLACEMENT_3D('',#14753,#11982,#11983);
#10056=AXIS2_PLACEMENT_3D('',#14762,#11988,#11989);
#10057=AXIS2_PLACEMENT_3D('',#14771,#11994,#11995);
#10058=AXIS2_PLACEMENT_3D('',#14772,#11996,#11997);
#10059=AXIS2_PLACEMENT_3D('',#14775,#11999,#12000);
#10060=AXIS2_PLACEMENT_3D('',#14783,#12004,#12005);
#10061=AXIS2_PLACEMENT_3D('',#14784,#12006,#12007);
#10062=AXIS2_PLACEMENT_3D('',#14790,#12010,#12011);
#10063=AXIS2_PLACEMENT_3D('',#14794,#12013,#12014);
#10064=AXIS2_PLACEMENT_3D('',#14802,#12019,#12020);
#10065=AXIS2_PLACEMENT_3D('',#14806,#12022,#12023);
#10066=AXIS2_PLACEMENT_3D('',#14810,#12025,#12026);
#10067=AXIS2_PLACEMENT_3D('',#14811,#12027,#12028);
#10068=AXIS2_PLACEMENT_3D('',#14817,#12032,#12033);
#10069=AXIS2_PLACEMENT_3D('',#14821,#12035,#12036);
#10070=AXIS2_PLACEMENT_3D('',#14822,#12037,#12038);
#10071=AXIS2_PLACEMENT_3D('',#14823,#12039,#12040);
#10072=AXIS2_PLACEMENT_3D('',#14829,#12044,#12045);
#10073=AXIS2_PLACEMENT_3D('',#14833,#12047,#12048);
#10074=AXIS2_PLACEMENT_3D('',#14834,#12049,#12050);
#10075=AXIS2_PLACEMENT_3D('',#14835,#12051,#12052);
#10076=AXIS2_PLACEMENT_3D('',#14841,#12056,#12057);
#10077=AXIS2_PLACEMENT_3D('',#14845,#12059,#12060);
#10078=AXIS2_PLACEMENT_3D('',#14846,#12061,#12062);
#10079=AXIS2_PLACEMENT_3D('',#14847,#12063,#12064);
#10080=AXIS2_PLACEMENT_3D('',#14853,#12068,#12069);
#10081=AXIS2_PLACEMENT_3D('',#14857,#12071,#12072);
#10082=AXIS2_PLACEMENT_3D('',#14858,#12073,#12074);
#10083=AXIS2_PLACEMENT_3D('',#14859,#12075,#12076);
#10084=AXIS2_PLACEMENT_3D('',#14865,#12080,#12081);
#10085=AXIS2_PLACEMENT_3D('',#14869,#12083,#12084);
#10086=AXIS2_PLACEMENT_3D('',#14870,#12085,#12086);
#10087=AXIS2_PLACEMENT_3D('',#14871,#12087,#12088);
#10088=AXIS2_PLACEMENT_3D('',#14877,#12092,#12093);
#10089=AXIS2_PLACEMENT_3D('',#14881,#12095,#12096);
#10090=AXIS2_PLACEMENT_3D('',#14882,#12097,#12098);
#10091=AXIS2_PLACEMENT_3D('',#14883,#12099,#12100);
#10092=AXIS2_PLACEMENT_3D('',#14889,#12104,#12105);
#10093=AXIS2_PLACEMENT_3D('',#14893,#12107,#12108);
#10094=AXIS2_PLACEMENT_3D('',#14894,#12109,#12110);
#10095=AXIS2_PLACEMENT_3D('',#14895,#12111,#12112);
#10096=AXIS2_PLACEMENT_3D('',#14901,#12116,#12117);
#10097=AXIS2_PLACEMENT_3D('',#14905,#12119,#12120);
#10098=AXIS2_PLACEMENT_3D('',#14906,#12121,#12122);
#10099=AXIS2_PLACEMENT_3D('',#14907,#12123,#12124);
#10100=AXIS2_PLACEMENT_3D('',#14913,#12128,#12129);
#10101=AXIS2_PLACEMENT_3D('',#14917,#12131,#12132);
#10102=AXIS2_PLACEMENT_3D('',#14918,#12133,#12134);
#10103=AXIS2_PLACEMENT_3D('',#14919,#12135,#12136);
#10104=AXIS2_PLACEMENT_3D('',#14925,#12140,#12141);
#10105=AXIS2_PLACEMENT_3D('',#14929,#12143,#12144);
#10106=AXIS2_PLACEMENT_3D('',#14930,#12145,#12146);
#10107=AXIS2_PLACEMENT_3D('',#14931,#12147,#12148);
#10108=AXIS2_PLACEMENT_3D('',#14937,#12152,#12153);
#10109=AXIS2_PLACEMENT_3D('',#14941,#12155,#12156);
#10110=AXIS2_PLACEMENT_3D('',#14942,#12157,#12158);
#10111=AXIS2_PLACEMENT_3D('',#14943,#12159,#12160);
#10112=AXIS2_PLACEMENT_3D('',#14949,#12164,#12165);
#10113=AXIS2_PLACEMENT_3D('',#14953,#12167,#12168);
#10114=AXIS2_PLACEMENT_3D('',#14954,#12169,#12170);
#10115=AXIS2_PLACEMENT_3D('',#14955,#12171,#12172);
#10116=AXIS2_PLACEMENT_3D('',#14961,#12176,#12177);
#10117=AXIS2_PLACEMENT_3D('',#14965,#12179,#12180);
#10118=AXIS2_PLACEMENT_3D('',#14966,#12181,#12182);
#10119=AXIS2_PLACEMENT_3D('',#14967,#12183,#12184);
#10120=AXIS2_PLACEMENT_3D('',#14973,#12188,#12189);
#10121=AXIS2_PLACEMENT_3D('',#14974,#12190,#12191);
#10122=AXIS2_PLACEMENT_3D('',#14975,#12192,#12193);
#10123=AXIS2_PLACEMENT_3D('',#14976,#12194,#12195);
#10124=AXIS2_PLACEMENT_3D('',#14979,#12197,#12198);
#10125=AXIS2_PLACEMENT_3D('',#14980,#12199,#12200);
#10126=AXIS2_PLACEMENT_3D('',#14981,#12201,#12202);
#10127=AXIS2_PLACEMENT_3D('',#14986,#12204,#12205);
#10128=AXIS2_PLACEMENT_3D('',#14989,#12207,#12208);
#10129=AXIS2_PLACEMENT_3D('',#14995,#12212,#12213);
#10130=AXIS2_PLACEMENT_3D('',#14996,#12214,#12215);
#10131=AXIS2_PLACEMENT_3D('',#15000,#12217,#12218);
#10132=AXIS2_PLACEMENT_3D('',#15001,#12219,#12220);
#10133=AXIS2_PLACEMENT_3D('',#15007,#12224,#12225);
#10134=AXIS2_PLACEMENT_3D('',#15008,#12226,#12227);
#10135=AXIS2_PLACEMENT_3D('',#15012,#12229,#12230);
#10136=AXIS2_PLACEMENT_3D('',#15013,#12231,#12232);
#10137=AXIS2_PLACEMENT_3D('',#15019,#12236,#12237);
#10138=AXIS2_PLACEMENT_3D('',#15020,#12238,#12239);
#10139=AXIS2_PLACEMENT_3D('',#15024,#12241,#12242);
#10140=AXIS2_PLACEMENT_3D('',#15025,#12243,#12244);
#10141=AXIS2_PLACEMENT_3D('',#15031,#12248,#12249);
#10142=AXIS2_PLACEMENT_3D('',#15032,#12250,#12251);
#10143=AXIS2_PLACEMENT_3D('',#15036,#12253,#12254);
#10144=AXIS2_PLACEMENT_3D('',#15037,#12255,#12256);
#10145=AXIS2_PLACEMENT_3D('',#15043,#12260,#12261);
#10146=AXIS2_PLACEMENT_3D('',#15044,#12262,#12263);
#10147=AXIS2_PLACEMENT_3D('',#15048,#12265,#12266);
#10148=AXIS2_PLACEMENT_3D('',#15049,#12267,#12268);
#10149=AXIS2_PLACEMENT_3D('',#15055,#12272,#12273);
#10150=AXIS2_PLACEMENT_3D('',#15056,#12274,#12275);
#10151=AXIS2_PLACEMENT_3D('',#15060,#12277,#12278);
#10152=AXIS2_PLACEMENT_3D('',#15061,#12279,#12280);
#10153=AXIS2_PLACEMENT_3D('',#15067,#12284,#12285);
#10154=AXIS2_PLACEMENT_3D('',#15068,#12286,#12287);
#10155=AXIS2_PLACEMENT_3D('',#15072,#12289,#12290);
#10156=AXIS2_PLACEMENT_3D('',#15073,#12291,#12292);
#10157=AXIS2_PLACEMENT_3D('',#15079,#12296,#12297);
#10158=AXIS2_PLACEMENT_3D('',#15080,#12298,#12299);
#10159=AXIS2_PLACEMENT_3D('',#15081,#12300,#12301);
#10160=AXIS2_PLACEMENT_3D('',#15082,#12302,#12303);
#10161=AXIS2_PLACEMENT_3D('',#15083,#12304,#12305);
#10162=AXIS2_PLACEMENT_3D('',#15084,#12306,#12307);
#10163=AXIS2_PLACEMENT_3D('',#15085,#12308,#12309);
#10164=AXIS2_PLACEMENT_3D('',#15089,#12311,#12312);
#10165=AXIS2_PLACEMENT_3D('',#15090,#12313,#12314);
#10166=AXIS2_PLACEMENT_3D('',#15096,#12318,#12319);
#10167=AXIS2_PLACEMENT_3D('',#15097,#12320,#12321);
#10168=AXIS2_PLACEMENT_3D('',#15101,#12323,#12324);
#10169=AXIS2_PLACEMENT_3D('',#15102,#12325,#12326);
#10170=AXIS2_PLACEMENT_3D('',#15108,#12330,#12331);
#10171=AXIS2_PLACEMENT_3D('',#15109,#12332,#12333);
#10172=AXIS2_PLACEMENT_3D('',#15113,#12335,#12336);
#10173=AXIS2_PLACEMENT_3D('',#15114,#12337,#12338);
#10174=AXIS2_PLACEMENT_3D('',#15120,#12342,#12343);
#10175=AXIS2_PLACEMENT_3D('',#15121,#12344,#12345);
#10176=AXIS2_PLACEMENT_3D('',#15125,#12347,#12348);
#10177=AXIS2_PLACEMENT_3D('',#15126,#12349,#12350);
#10178=AXIS2_PLACEMENT_3D('',#15132,#12354,#12355);
#10179=AXIS2_PLACEMENT_3D('',#15133,#12356,#12357);
#10180=AXIS2_PLACEMENT_3D('',#15137,#12359,#12360);
#10181=AXIS2_PLACEMENT_3D('',#15138,#12361,#12362);
#10182=AXIS2_PLACEMENT_3D('',#15144,#12366,#12367);
#10183=AXIS2_PLACEMENT_3D('',#15145,#12368,#12369);
#10184=AXIS2_PLACEMENT_3D('',#15149,#12371,#12372);
#10185=AXIS2_PLACEMENT_3D('',#15150,#12373,#12374);
#10186=AXIS2_PLACEMENT_3D('',#15153,#12377,#12378);
#10187=AXIS2_PLACEMENT_3D('',#15154,#12379,#12380);
#10188=AXIS2_PLACEMENT_3D('',#15163,#12385,#12386);
#10189=AXIS2_PLACEMENT_3D('',#15166,#12388,#12389);
#10190=AXIS2_PLACEMENT_3D('',#15167,#12390,#12391);
#10191=AXIS2_PLACEMENT_3D('',#15169,#12392,#12393);
#10192=AXIS2_PLACEMENT_3D('',#15171,#12394,#12395);
#10193=AXIS2_PLACEMENT_3D('',#15173,#12396,#12397);
#10194=AXIS2_PLACEMENT_3D('',#15175,#12398,#12399);
#10195=AXIS2_PLACEMENT_3D('',#15179,#12402,#12403);
#10196=AXIS2_PLACEMENT_3D('',#15188,#12408,#12409);
#10197=AXIS2_PLACEMENT_3D('',#15194,#12413,#12414);
#10198=AXIS2_PLACEMENT_3D('',#15200,#12418,#12419);
#10199=AXIS2_PLACEMENT_3D('',#15206,#12423,#12424);
#10200=AXIS2_PLACEMENT_3D('',#15212,#12428,#12429);
#10201=AXIS2_PLACEMENT_3D('',#15218,#12433,#12434);
#10202=AXIS2_PLACEMENT_3D('',#15224,#12438,#12439);
#10203=AXIS2_PLACEMENT_3D('',#15230,#12443,#12444);
#10204=AXIS2_PLACEMENT_3D('',#15236,#12448,#12449);
#10205=AXIS2_PLACEMENT_3D('',#15242,#12453,#12454);
#10206=AXIS2_PLACEMENT_3D('',#15248,#12458,#12459);
#10207=AXIS2_PLACEMENT_3D('',#15254,#12463,#12464);
#10208=AXIS2_PLACEMENT_3D('',#15260,#12468,#12469);
#10209=AXIS2_PLACEMENT_3D('',#15266,#12473,#12474);
#10210=AXIS2_PLACEMENT_3D('',#15272,#12478,#12479);
#10211=AXIS2_PLACEMENT_3D('',#15278,#12483,#12484);
#10212=AXIS2_PLACEMENT_3D('',#15284,#12488,#12489);
#10213=AXIS2_PLACEMENT_3D('',#15290,#12493,#12494);
#10214=AXIS2_PLACEMENT_3D('',#15296,#12498,#12499);
#10215=AXIS2_PLACEMENT_3D('',#15302,#12503,#12504);
#10216=AXIS2_PLACEMENT_3D('',#15308,#12508,#12509);
#10217=AXIS2_PLACEMENT_3D('',#15314,#12513,#12514);
#10218=AXIS2_PLACEMENT_3D('',#15320,#12518,#12519);
#10219=AXIS2_PLACEMENT_3D('',#15326,#12523,#12524);
#10220=AXIS2_PLACEMENT_3D('',#15332,#12528,#12529);
#10221=AXIS2_PLACEMENT_3D('',#15338,#12533,#12534);
#10222=AXIS2_PLACEMENT_3D('',#15344,#12538,#12539);
#10223=AXIS2_PLACEMENT_3D('',#15350,#12543,#12544);
#10224=AXIS2_PLACEMENT_3D('',#15356,#12548,#12549);
#10225=AXIS2_PLACEMENT_3D('',#15362,#12553,#12554);
#10226=AXIS2_PLACEMENT_3D('',#15368,#12558,#12559);
#10227=AXIS2_PLACEMENT_3D('',#15377,#12564,#12565);
#10228=AXIS2_PLACEMENT_3D('',#15383,#12569,#12570);
#10229=AXIS2_PLACEMENT_3D('',#15389,#12574,#12575);
#10230=AXIS2_PLACEMENT_3D('',#15395,#12579,#12580);
#10231=AXIS2_PLACEMENT_3D('',#15401,#12584,#12585);
#10232=AXIS2_PLACEMENT_3D('',#15407,#12589,#12590);
#10233=AXIS2_PLACEMENT_3D('',#15413,#12594,#12595);
#10234=AXIS2_PLACEMENT_3D('',#15419,#12599,#12600);
#10235=AXIS2_PLACEMENT_3D('',#15425,#12604,#12605);
#10236=AXIS2_PLACEMENT_3D('',#15431,#12609,#12610);
#10237=AXIS2_PLACEMENT_3D('',#15437,#12614,#12615);
#10238=AXIS2_PLACEMENT_3D('',#15443,#12619,#12620);
#10239=AXIS2_PLACEMENT_3D('',#15449,#12624,#12625);
#10240=AXIS2_PLACEMENT_3D('',#15455,#12629,#12630);
#10241=AXIS2_PLACEMENT_3D('',#15461,#12634,#12635);
#10242=AXIS2_PLACEMENT_3D('',#15469,#12640,#12641);
#10243=AXIS2_PLACEMENT_3D('',#15475,#12645,#12646);
#10244=AXIS2_PLACEMENT_3D('',#15480,#12650,#12651);
#10245=AXIS2_PLACEMENT_3D('',#15483,#12654,#12655);
#10246=AXIS2_PLACEMENT_3D('',#15486,#12658,#12659);
#10247=AXIS2_PLACEMENT_3D('',#15583,#12708,#12709);
#10248=AXIS2_PLACEMENT_3D('',#15589,#12712,#12713);
#10249=AXIS2_PLACEMENT_3D('',#15593,#12715,#12716);
#10250=AXIS2_PLACEMENT_3D('',#15597,#12718,#12719);
#10251=AXIS2_PLACEMENT_3D('',#15601,#12721,#12722);
#10252=AXIS2_PLACEMENT_3D('',#15605,#12724,#12725);
#10253=AXIS2_PLACEMENT_3D('',#15609,#12727,#12728);
#10254=AXIS2_PLACEMENT_3D('',#15613,#12730,#12731);
#10255=AXIS2_PLACEMENT_3D('',#15617,#12733,#12734);
#10256=AXIS2_PLACEMENT_3D('',#15621,#12736,#12737);
#10257=AXIS2_PLACEMENT_3D('',#15625,#12739,#12740);
#10258=AXIS2_PLACEMENT_3D('',#15629,#12742,#12743);
#10259=AXIS2_PLACEMENT_3D('',#15633,#12745,#12746);
#10260=AXIS2_PLACEMENT_3D('',#15637,#12748,#12749);
#10261=AXIS2_PLACEMENT_3D('',#15641,#12751,#12752);
#10262=AXIS2_PLACEMENT_3D('',#15645,#12754,#12755);
#10263=AXIS2_PLACEMENT_3D('',#15648,#12757,#12758);
#10264=AXIS2_PLACEMENT_3D('',#15649,#12759,#12760);
#10265=AXIS2_PLACEMENT_3D('',#15651,#12761,#12762);
#10266=AXIS2_PLACEMENT_3D('',#15653,#12763,#12764);
#10267=AXIS2_PLACEMENT_3D('',#15655,#12765,#12766);
#10268=AXIS2_PLACEMENT_3D('',#15657,#12767,#12768);
#10269=AXIS2_PLACEMENT_3D('',#15659,#12769,#12770);
#10270=AXIS2_PLACEMENT_3D('',#15661,#12771,#12772);
#10271=AXIS2_PLACEMENT_3D('',#15663,#12773,#12774);
#10272=AXIS2_PLACEMENT_3D('',#15664,#12775,#12776);
#10273=AXIS2_PLACEMENT_3D('',#15665,#12777,#12778);
#10274=AXIS2_PLACEMENT_3D('',#15666,#12779,#12780);
#10275=AXIS2_PLACEMENT_3D('',#15667,#12781,#12782);
#10276=AXIS2_PLACEMENT_3D('',#15668,#12783,#12784);
#10277=AXIS2_PLACEMENT_3D('',#15669,#12785,#12786);
#10278=AXIS2_PLACEMENT_3D('',#15670,#12787,#12788);
#10279=AXIS2_PLACEMENT_3D('',#15671,#12789,#12790);
#10280=AXIS2_PLACEMENT_3D('',#15672,#12791,#12792);
#10281=AXIS2_PLACEMENT_3D('',#15673,#12793,#12794);
#10282=AXIS2_PLACEMENT_3D('',#15674,#12795,#12796);
#10283=AXIS2_PLACEMENT_3D('',#15675,#12797,#12798);
#10284=AXIS2_PLACEMENT_3D('',#15676,#12799,#12800);
#10285=AXIS2_PLACEMENT_3D('',#15677,#12801,#12802);
#10286=AXIS2_PLACEMENT_3D('',#15678,#12803,#12804);
#10287=AXIS2_PLACEMENT_3D('',#15679,#12805,#12806);
#10288=AXIS2_PLACEMENT_3D('',#15680,#12807,#12808);
#10289=AXIS2_PLACEMENT_3D('',#15681,#12809,#12810);
#10290=AXIS2_PLACEMENT_3D('',#15682,#12811,#12812);
#10291=AXIS2_PLACEMENT_3D('',#15683,#12813,#12814);
#10292=AXIS2_PLACEMENT_3D('',#15684,#12815,#12816);
#10293=AXIS2_PLACEMENT_3D('',#15685,#12817,#12818);
#10294=AXIS2_PLACEMENT_3D('',#15686,#12819,#12820);
#10295=AXIS2_PLACEMENT_3D('',#15687,#12821,#12822);
#10296=AXIS2_PLACEMENT_3D('',#15688,#12823,#12824);
#10297=AXIS2_PLACEMENT_3D('',#15689,#12825,#12826);
#10298=AXIS2_PLACEMENT_3D('',#15690,#12827,#12828);
#10299=AXIS2_PLACEMENT_3D('',#15691,#12829,#12830);
#10300=AXIS2_PLACEMENT_3D('',#15692,#12831,#12832);
#10301=AXIS2_PLACEMENT_3D('',#15693,#12833,#12834);
#10302=AXIS2_PLACEMENT_3D('',#15694,#12835,#12836);
#10303=AXIS2_PLACEMENT_3D('',#15695,#12837,#12838);
#10304=AXIS2_PLACEMENT_3D('',#15696,#12839,#12840);
#10305=AXIS2_PLACEMENT_3D('',#15697,#12841,#12842);
#10306=AXIS2_PLACEMENT_3D('',#15698,#12843,#12844);
#10307=AXIS2_PLACEMENT_3D('',#15699,#12845,#12846);
#10308=AXIS2_PLACEMENT_3D('',#15700,#12847,#12848);
#10309=AXIS2_PLACEMENT_3D('',#15701,#12849,#12850);
#10310=AXIS2_PLACEMENT_3D('',#15702,#12851,#12852);
#10311=AXIS2_PLACEMENT_3D('',#15703,#12853,#12854);
#10312=AXIS2_PLACEMENT_3D('',#15704,#12855,#12856);
#10313=AXIS2_PLACEMENT_3D('',#15705,#12857,#12858);
#10314=AXIS2_PLACEMENT_3D('',#15706,#12859,#12860);
#10315=AXIS2_PLACEMENT_3D('',#15707,#12861,#12862);
#10316=AXIS2_PLACEMENT_3D('',#15708,#12863,#12864);
#10317=AXIS2_PLACEMENT_3D('',#15709,#12865,#12866);
#10318=AXIS2_PLACEMENT_3D('',#15710,#12867,#12868);
#10319=AXIS2_PLACEMENT_3D('',#15711,#12869,#12870);
#10320=AXIS2_PLACEMENT_3D('',#15712,#12871,#12872);
#10321=AXIS2_PLACEMENT_3D('',#15713,#12873,#12874);
#10322=AXIS2_PLACEMENT_3D('',#15714,#12875,#12876);
#10323=AXIS2_PLACEMENT_3D('',#15715,#12877,#12878);
#10324=AXIS2_PLACEMENT_3D('',#15716,#12879,#12880);
#10325=AXIS2_PLACEMENT_3D('',#15717,#12881,#12882);
#10326=AXIS2_PLACEMENT_3D('',#15718,#12883,#12884);
#10327=AXIS2_PLACEMENT_3D('',#15719,#12885,#12886);
#10328=AXIS2_PLACEMENT_3D('',#15720,#12887,#12888);
#10329=AXIS2_PLACEMENT_3D('',#15721,#12889,#12890);
#10330=AXIS2_PLACEMENT_3D('',#15722,#12891,#12892);
#10331=AXIS2_PLACEMENT_3D('',#15723,#12893,#12894);
#10332=AXIS2_PLACEMENT_3D('',#15724,#12895,#12896);
#10333=AXIS2_PLACEMENT_3D('',#15725,#12897,#12898);
#10334=AXIS2_PLACEMENT_3D('',#15726,#12899,#12900);
#10335=AXIS2_PLACEMENT_3D('',#15727,#12901,#12902);
#10336=AXIS2_PLACEMENT_3D('',#15728,#12903,#12904);
#10337=AXIS2_PLACEMENT_3D('',#15729,#12905,#12906);
#10338=AXIS2_PLACEMENT_3D('',#15730,#12907,#12908);
#10339=AXIS2_PLACEMENT_3D('',#15731,#12909,#12910);
#10340=AXIS2_PLACEMENT_3D('',#15732,#12911,#12912);
#10341=AXIS2_PLACEMENT_3D('',#15733,#12913,#12914);
#10342=AXIS2_PLACEMENT_3D('',#15734,#12915,#12916);
#10343=AXIS2_PLACEMENT_3D('',#15735,#12917,#12918);
#10344=AXIS2_PLACEMENT_3D('',#15736,#12919,#12920);
#10345=AXIS2_PLACEMENT_3D('',#15737,#12921,#12922);
#10346=AXIS2_PLACEMENT_3D('',#15738,#12923,#12924);
#10347=AXIS2_PLACEMENT_3D('',#15739,#12925,#12926);
#10348=AXIS2_PLACEMENT_3D('',#15740,#12927,#12928);
#10349=AXIS2_PLACEMENT_3D('',#15741,#12929,#12930);
#10350=AXIS2_PLACEMENT_3D('',#15742,#12931,#12932);
#10351=AXIS2_PLACEMENT_3D('',#15743,#12933,#12934);
#10352=AXIS2_PLACEMENT_3D('',#15744,#12935,#12936);
#10353=AXIS2_PLACEMENT_3D('',#15745,#12937,#12938);
#10354=AXIS2_PLACEMENT_3D('',#15746,#12939,#12940);
#10355=AXIS2_PLACEMENT_3D('',#15747,#12941,#12942);
#10356=AXIS2_PLACEMENT_3D('',#15748,#12943,#12944);
#10357=AXIS2_PLACEMENT_3D('',#15749,#12945,#12946);
#10358=AXIS2_PLACEMENT_3D('',#15750,#12947,#12948);
#10359=AXIS2_PLACEMENT_3D('',#15751,#12949,#12950);
#10360=AXIS2_PLACEMENT_3D('',#15752,#12951,#12952);
#10361=AXIS2_PLACEMENT_3D('',#15753,#12953,#12954);
#10362=AXIS2_PLACEMENT_3D('',#15754,#12955,#12956);
#10363=AXIS2_PLACEMENT_3D('',#15755,#12957,#12958);
#10364=AXIS2_PLACEMENT_3D('',#15756,#12959,#12960);
#10365=AXIS2_PLACEMENT_3D('',#15757,#12961,#12962);
#10366=AXIS2_PLACEMENT_3D('',#15758,#12963,#12964);
#10367=AXIS2_PLACEMENT_3D('',#15759,#12965,#12966);
#10368=AXIS2_PLACEMENT_3D('',#15761,#12968,#12969);
#10369=AXIS2_PLACEMENT_3D('',#15763,#12971,#12972);
#10370=AXIS2_PLACEMENT_3D('',#15765,#12974,#12975);
#10371=AXIS2_PLACEMENT_3D('',#15767,#12977,#12978);
#10372=AXIS2_PLACEMENT_3D('',#15769,#12980,#12981);
#10373=AXIS2_PLACEMENT_3D('',#15771,#12983,#12984);
#10374=AXIS2_PLACEMENT_3D('',#15773,#12986,#12987);
#10375=AXIS2_PLACEMENT_3D('',#15775,#12989,#12990);
#10376=AXIS2_PLACEMENT_3D('',#15777,#12992,#12993);
#10377=AXIS2_PLACEMENT_3D('',#15779,#12995,#12996);
#10378=AXIS2_PLACEMENT_3D('',#15781,#12998,#12999);
#10379=AXIS2_PLACEMENT_3D('',#15783,#13001,#13002);
#10380=AXIS2_PLACEMENT_3D('',#15785,#13004,#13005);
#10381=AXIS2_PLACEMENT_3D('',#15787,#13007,#13008);
#10382=AXIS2_PLACEMENT_3D('',#15789,#13010,#13011);
#10383=AXIS2_PLACEMENT_3D('',#15791,#13013,#13014);
#10384=AXIS2_PLACEMENT_3D('',#15793,#13016,#13017);
#10385=AXIS2_PLACEMENT_3D('',#15795,#13019,#13020);
#10386=AXIS2_PLACEMENT_3D('',#15797,#13022,#13023);
#10387=AXIS2_PLACEMENT_3D('',#15799,#13025,#13026);
#10388=AXIS2_PLACEMENT_3D('',#15801,#13028,#13029);
#10389=AXIS2_PLACEMENT_3D('',#15803,#13031,#13032);
#10390=AXIS2_PLACEMENT_3D('',#15805,#13034,#13035);
#10391=AXIS2_PLACEMENT_3D('',#15807,#13037,#13038);
#10392=AXIS2_PLACEMENT_3D('',#15809,#13040,#13041);
#10393=AXIS2_PLACEMENT_3D('',#15811,#13043,#13044);
#10394=AXIS2_PLACEMENT_3D('',#15813,#13046,#13047);
#10395=AXIS2_PLACEMENT_3D('',#15815,#13049,#13050);
#10396=AXIS2_PLACEMENT_3D('',#15817,#13052,#13053);
#10397=AXIS2_PLACEMENT_3D('',#15819,#13055,#13056);
#10398=AXIS2_PLACEMENT_3D('',#15821,#13058,#13059);
#10399=AXIS2_PLACEMENT_3D('',#15823,#13061,#13062);
#10400=AXIS2_PLACEMENT_3D('',#15824,#13063,#13064);
#10401=AXIS2_PLACEMENT_3D('',#15826,#13066,#13067);
#10402=AXIS2_PLACEMENT_3D('',#15828,#13069,#13070);
#10403=AXIS2_PLACEMENT_3D('',#15830,#13072,#13073);
#10404=AXIS2_PLACEMENT_3D('',#15832,#13075,#13076);
#10405=AXIS2_PLACEMENT_3D('',#15833,#13077,#13078);
#10406=AXIS2_PLACEMENT_3D('',#15834,#13079,#13080);
#10407=AXIS2_PLACEMENT_3D('',#15836,#13081,#13082);
#10408=AXIS2_PLACEMENT_3D('',#15837,#13083,#13084);
#10409=AXIS2_PLACEMENT_3D('',#15838,#13085,#13086);
#10410=AXIS2_PLACEMENT_3D('',#15840,#13087,#13088);
#10411=AXIS2_PLACEMENT_3D('',#15841,#13089,#13090);
#10412=AXIS2_PLACEMENT_3D('',#15842,#13091,#13092);
#10413=AXIS2_PLACEMENT_3D('',#15844,#13093,#13094);
#10414=AXIS2_PLACEMENT_3D('',#15845,#13095,#13096);
#10415=AXIS2_PLACEMENT_3D('',#15846,#13097,#13098);
#10416=AXIS2_PLACEMENT_3D('',#15848,#13099,#13100);
#10417=AXIS2_PLACEMENT_3D('',#15849,#13101,#13102);
#10418=AXIS2_PLACEMENT_3D('',#15850,#13103,#13104);
#10419=AXIS2_PLACEMENT_3D('',#15852,#13105,#13106);
#10420=AXIS2_PLACEMENT_3D('',#15853,#13107,#13108);
#10421=AXIS2_PLACEMENT_3D('',#15854,#13109,#13110);
#10422=AXIS2_PLACEMENT_3D('',#15856,#13111,#13112);
#10423=AXIS2_PLACEMENT_3D('',#15857,#13113,#13114);
#10424=AXIS2_PLACEMENT_3D('',#15858,#13115,#13116);
#10425=AXIS2_PLACEMENT_3D('',#15860,#13117,#13118);
#10426=AXIS2_PLACEMENT_3D('',#15861,#13119,#13120);
#10427=AXIS2_PLACEMENT_3D('',#15862,#13121,#13122);
#10428=AXIS2_PLACEMENT_3D('',#15864,#13123,#13124);
#10429=AXIS2_PLACEMENT_3D('',#15865,#13125,#13126);
#10430=AXIS2_PLACEMENT_3D('',#15866,#13127,#13128);
#10431=AXIS2_PLACEMENT_3D('',#15868,#13129,#13130);
#10432=AXIS2_PLACEMENT_3D('',#15869,#13131,#13132);
#10433=AXIS2_PLACEMENT_3D('',#15870,#13133,#13134);
#10434=AXIS2_PLACEMENT_3D('',#15872,#13135,#13136);
#10435=AXIS2_PLACEMENT_3D('',#15873,#13137,#13138);
#10436=AXIS2_PLACEMENT_3D('',#15874,#13139,#13140);
#10437=AXIS2_PLACEMENT_3D('',#15876,#13141,#13142);
#10438=AXIS2_PLACEMENT_3D('',#15877,#13143,#13144);
#10439=AXIS2_PLACEMENT_3D('',#15878,#13145,#13146);
#10440=AXIS2_PLACEMENT_3D('',#15880,#13147,#13148);
#10441=AXIS2_PLACEMENT_3D('',#15881,#13149,#13150);
#10442=AXIS2_PLACEMENT_3D('',#15882,#13151,#13152);
#10443=AXIS2_PLACEMENT_3D('',#15884,#13153,#13154);
#10444=DIRECTION('',(0.,0.,1.));
#10445=DIRECTION('',(1.,0.,0.));
#10446=DIRECTION('',(0.,0.,1.));
#10447=DIRECTION('',(1.,0.,0.));
#10448=DIRECTION('',(0.,0.,1.));
#10449=DIRECTION('',(1.,0.,0.));
#10450=DIRECTION('',(0.,1.,0.));
#10451=DIRECTION('',(1.,0.,0.));
#10452=DIRECTION('',(0.,-1.,0.));
#10453=DIRECTION('',(0.,0.,1.));
#10454=DIRECTION('',(1.,0.,0.));
#10455=DIRECTION('',(-0.999671430822134,0.0256326041990901,0.));
#10456=DIRECTION('',(0.0256326041990901,0.999671430822134,0.));
#10457=DIRECTION('',(-0.999671430822134,0.0256326041990903,0.));
#10458=DIRECTION('',(0.,0.,1.));
#10459=DIRECTION('',(1.,0.,0.));
#10460=DIRECTION('',(-1.,0.,0.));
#10461=DIRECTION('',(0.,0.,1.));
#10462=DIRECTION('',(0.,1.,0.));
#10463=DIRECTION('',(0.,0.,-1.));
#10464=DIRECTION('',(-1.,0.,0.));
#10465=DIRECTION('',(0.,0.,1.));
#10466=DIRECTION('',(0.,1.,1.789639853186E-16));
#10467=DIRECTION('',(-1.,0.,0.));
#10468=DIRECTION('',(0.,0.,1.));
#10469=DIRECTION('',(0.,0.,1.));
#10470=DIRECTION('',(0.,0.,-1.));
#10471=DIRECTION('',(0.,1.,0.));
#10472=DIRECTION('',(0.,0.,-1.));
#10473=DIRECTION('',(0.0256326041990901,0.999671430822134,0.));
#10474=DIRECTION('',(-0.999671430822134,0.0256326041990901,0.));
#10475=DIRECTION('',(0.0256326041990901,0.999671430822134,0.));
#10476=DIRECTION('',(-0.999671430822134,0.0256326041990901,0.));
#10477=DIRECTION('',(0.,0.,1.));
#10478=DIRECTION('',(0.,0.,1.));
#10479=DIRECTION('',(-0.999671430822134,0.0256326041990901,0.));
#10480=DIRECTION('',(0.,0.,1.));
#10481=DIRECTION('',(-0.999671430822134,0.0256326041990901,0.));
#10482=DIRECTION('',(0.,0.,1.));
#10483=DIRECTION('',(0.0256326041990901,0.999671430822134,0.));
#10484=DIRECTION('',(-0.999671430822134,0.0256326041990901,0.));
#10485=DIRECTION('',(-0.999671430822134,0.0256326041990901,-4.33680868994202E-16));
#10486=DIRECTION('',(-0.0256326041990903,-0.999671430822134,0.));
#10487=DIRECTION('',(0.999671430822134,-0.0256326041990903,0.));
#10488=DIRECTION('',(0.,0.,-1.));
#10489=DIRECTION('',(-0.0256326041990903,-0.999671430822134,0.));
#10490=DIRECTION('',(0.999671430822134,-0.0256326041990903,0.));
#10491=DIRECTION('',(0.999671430822134,-0.0256326041990903,4.33680868994202E-16));
#10492=DIRECTION('',(-0.0256326041990903,-0.999671430822134,0.));
#10493=DIRECTION('',(0.999671430822134,-0.0256326041990903,0.));
#10494=DIRECTION('',(0.,0.,-1.));
#10495=DIRECTION('',(-0.999671430822134,0.0256326041990903,0.));
#10496=DIRECTION('',(0.,0.,-1.));
#10497=DIRECTION('',(-0.999671430822134,0.0256326041990903,0.));
#10498=DIRECTION('',(0.,0.,-1.));
#10499=DIRECTION('',(0.,0.,1.));
#10500=DIRECTION('',(1.,0.,0.));
#10501=DIRECTION('',(0.,0.,1.));
#10502=DIRECTION('',(1.,0.,0.));
#10503=DIRECTION('',(0.,0.,1.));
#10504=DIRECTION('',(1.,0.,0.));
#10505=DIRECTION('',(0.,0.,1.));
#10506=DIRECTION('',(1.,0.,0.));
#10507=DIRECTION('',(0.,0.,1.));
#10508=DIRECTION('',(1.,0.,0.));
#10509=DIRECTION('',(0.,0.,1.));
#10510=DIRECTION('',(1.,0.,0.));
#10511=DIRECTION('',(1.,0.,0.));
#10512=DIRECTION('',(0.,0.,1.));
#10513=DIRECTION('',(1.,0.,0.));
#10514=DIRECTION('',(-0.283244008109968,-0.959047877777643,0.));
#10515=DIRECTION('',(0.,0.,1.));
#10516=DIRECTION('',(1.,0.,0.));
#10517=DIRECTION('',(-0.377566219169039,-0.925982586306242,0.));
#10518=DIRECTION('',(0.,0.,1.));
#10519=DIRECTION('',(1.,0.,0.));
#10520=DIRECTION('',(0.990830423682513,-0.135111330039833,0.));
#10521=DIRECTION('',(0.,0.,1.));
#10522=DIRECTION('',(1.,0.,0.));
#10523=DIRECTION('',(0.812936452904367,-0.582352404939883,0.));
#10524=DIRECTION('',(0.,0.,1.));
#10525=DIRECTION('',(1.,0.,0.));
#10526=DIRECTION('',(0.999978796274762,0.00651206579189473,0.));
#10527=DIRECTION('',(0.,0.,1.));
#10528=DIRECTION('',(1.,0.,0.));
#10529=DIRECTION('',(0.,-1.,0.));
#10530=DIRECTION('',(0.,0.,1.));
#10531=DIRECTION('',(1.,0.,0.));
#10532=DIRECTION('',(0.580431300700616,0.814309219625439,0.));
#10533=DIRECTION('',(0.,0.,1.));
#10534=DIRECTION('',(1.,0.,0.));
#10535=DIRECTION('',(0.,-1.,0.));
#10536=DIRECTION('',(0.,0.,1.));
#10537=DIRECTION('',(1.,0.,0.));
#10538=DIRECTION('',(0.571357346844507,0.820701396493759,0.));
#10539=DIRECTION('',(0.,0.,1.));
#10540=DIRECTION('',(1.,0.,0.));
#10541=DIRECTION('',(0.0132377433680171,0.999912377236387,0.));
#10542=DIRECTION('',(0.,0.,1.));
#10543=DIRECTION('',(1.,0.,0.));
#10544=DIRECTION('',(-1.,-1.95952928972933E-16,0.));
#10545=DIRECTION('',(0.,0.,1.));
#10546=DIRECTION('',(1.,0.,0.));
#10547=DIRECTION('',(-0.931754317761866,-0.363089370998546,0.));
#10548=DIRECTION('',(0.,0.,1.));
#10549=DIRECTION('',(1.,0.,0.));
#10550=DIRECTION('',(-0.999763788949759,0.0217339896204683,0.));
#10551=DIRECTION('',(0.,0.,1.));
#10552=DIRECTION('',(1.,0.,0.));
#10553=DIRECTION('',(-0.770246757286024,0.637745978341192,0.));
#10554=DIRECTION('',(0.,0.,1.));
#10555=DIRECTION('',(1.,0.,0.));
#10556=DIRECTION('',(0.0256326041990901,0.999671430822134,0.));
#10557=DIRECTION('',(0.,0.,1.));
#10558=DIRECTION('',(1.,0.,0.));
#10559=DIRECTION('',(-0.770246757286025,0.637745978341192,0.));
#10560=DIRECTION('',(0.,0.,1.));
#10561=DIRECTION('',(1.,0.,0.));
#10562=DIRECTION('',(-0.999763788949759,0.0217339896204682,0.));
#10563=DIRECTION('',(0.,0.,1.));
#10564=DIRECTION('',(1.,0.,0.));
#10565=DIRECTION('',(-0.931754317761866,-0.363089370998546,0.));
#10566=DIRECTION('',(0.,0.,1.));
#10567=DIRECTION('',(1.,0.,0.));
#10568=DIRECTION('',(-1.,-1.89052785075522E-16,0.));
#10569=DIRECTION('',(0.,0.,1.));
#10570=DIRECTION('',(1.,0.,0.));
#10571=DIRECTION('',(-0.013237743368017,-0.999912377236387,0.));
#10572=DIRECTION('',(0.,0.,1.));
#10573=DIRECTION('',(1.,0.,0.));
#10574=DIRECTION('',(-0.571357346844507,-0.820701396493759,0.));
#10575=DIRECTION('',(0.,0.,1.));
#10576=DIRECTION('',(1.,0.,0.));
#10577=DIRECTION('',(0.,-1.,0.));
#10578=DIRECTION('',(0.,0.,1.));
#10579=DIRECTION('',(1.,0.,0.));
#10580=DIRECTION('',(-0.580431300700617,-0.814309219625438,0.));
#10581=DIRECTION('',(0.,0.,1.));
#10582=DIRECTION('',(1.,0.,0.));
#10583=DIRECTION('',(0.,-1.,0.));
#10584=DIRECTION('',(0.,0.,1.));
#10585=DIRECTION('',(1.,0.,0.));
#10586=DIRECTION('',(-0.999978796274762,-0.00651206579189461,0.));
#10587=DIRECTION('',(0.,0.,1.));
#10588=DIRECTION('',(1.,0.,0.));
#10589=DIRECTION('',(0.812936452904367,-0.582352404939883,0.));
#10590=DIRECTION('',(0.,0.,1.));
#10591=DIRECTION('',(1.,0.,0.));
#10592=DIRECTION('',(-0.990830423682513,0.135111330039833,0.));
#10593=DIRECTION('',(0.,0.,1.));
#10594=DIRECTION('',(1.,0.,0.));
#10595=DIRECTION('',(-0.377566219169039,-0.925982586306242,0.));
#10596=DIRECTION('',(0.,0.,1.));
#10597=DIRECTION('',(1.,0.,0.));
#10598=DIRECTION('',(-0.283244008109967,-0.959047877777643,0.));
#10599=DIRECTION('',(0.,0.,1.));
#10600=DIRECTION('',(1.,0.,0.));
#10601=DIRECTION('',(0.,-1.,0.));
#10602=DIRECTION('',(0.637745978341192,0.770246757286025,0.));
#10603=DIRECTION('',(-0.770246757286025,0.637745978341192,0.));
#10604=DIRECTION('',(0.,0.,1.));
#10605=DIRECTION('',(-0.770246757286025,0.637745978341192,0.));
#10606=DIRECTION('',(0.,0.,1.));
#10607=DIRECTION('',(0.,0.,1.));
#10608=DIRECTION('',(1.,0.,0.));
#10609=DIRECTION('',(0.,0.,1.));
#10610=DIRECTION('',(1.,0.,0.));
#10611=DIRECTION('',(0.,0.,1.));
#10612=DIRECTION('',(0.0217339896204682,0.999763788949759,0.));
#10613=DIRECTION('',(-0.999763788949759,0.0217339896204682,0.));
#10614=DIRECTION('',(-0.999763788949759,0.0217339896204682,0.));
#10615=DIRECTION('',(0.,0.,1.));
#10616=DIRECTION('',(0.,0.,1.));
#10617=DIRECTION('',(1.,0.,0.));
#10618=DIRECTION('',(0.,0.,1.));
#10619=DIRECTION('',(1.,0.,0.));
#10620=DIRECTION('',(0.,0.,1.));
#10621=DIRECTION('',(-0.363089370998546,0.931754317761866,0.));
#10622=DIRECTION('',(-0.931754317761866,-0.363089370998546,0.));
#10623=DIRECTION('',(-0.931754317761866,-0.363089370998546,0.));
#10624=DIRECTION('',(0.,0.,1.));
#10625=DIRECTION('',(0.,0.,1.));
#10626=DIRECTION('',(1.,0.,0.));
#10627=DIRECTION('',(0.,0.,1.));
#10628=DIRECTION('',(1.,0.,0.));
#10629=DIRECTION('',(0.,0.,1.));
#10630=DIRECTION('',(-1.89052785075522E-16,1.,0.));
#10631=DIRECTION('',(-1.,-1.89052785075522E-16,0.));
#10632=DIRECTION('',(-1.,-1.89052785075522E-16,0.));
#10633=DIRECTION('',(0.,0.,1.));
#10634=DIRECTION('',(0.,0.,1.));
#10635=DIRECTION('',(1.,0.,0.));
#10636=DIRECTION('',(0.,0.,1.));
#10637=DIRECTION('',(1.,0.,0.));
#10638=DIRECTION('',(0.,0.,1.));
#10639=DIRECTION('',(-0.999912377236387,0.013237743368017,0.));
#10640=DIRECTION('',(-0.013237743368017,-0.999912377236387,0.));
#10641=DIRECTION('',(-0.013237743368017,-0.999912377236387,0.));
#10642=DIRECTION('',(0.,0.,1.));
#10643=DIRECTION('',(0.,0.,1.));
#10644=DIRECTION('',(1.,0.,0.));
#10645=DIRECTION('',(0.,0.,1.));
#10646=DIRECTION('',(1.,0.,0.));
#10647=DIRECTION('',(0.,0.,1.));
#10648=DIRECTION('',(-0.820701396493759,0.571357346844507,0.));
#10649=DIRECTION('',(-0.571357346844507,-0.820701396493759,0.));
#10650=DIRECTION('',(-0.571357346844507,-0.820701396493759,0.));
#10651=DIRECTION('',(0.,0.,1.));
#10652=DIRECTION('',(0.,0.,1.));
#10653=DIRECTION('',(1.,0.,0.));
#10654=DIRECTION('',(0.,0.,1.));
#10655=DIRECTION('',(1.,0.,0.));
#10656=DIRECTION('',(0.,0.,1.));
#10657=DIRECTION('',(-1.,0.,0.));
#10658=DIRECTION('',(0.,0.,1.));
#10659=DIRECTION('',(0.,-1.,0.));
#10660=DIRECTION('',(0.,0.,1.));
#10661=DIRECTION('',(0.,0.,1.));
#10662=DIRECTION('',(1.,0.,0.));
#10663=DIRECTION('',(0.,0.,1.));
#10664=DIRECTION('',(1.,0.,0.));
#10665=DIRECTION('',(0.,0.,1.));
#10666=DIRECTION('',(-0.814309219625438,0.580431300700617,0.));
#10667=DIRECTION('',(-0.580431300700617,-0.814309219625438,0.));
#10668=DIRECTION('',(-0.580431300700617,-0.814309219625438,0.));
#10669=DIRECTION('',(0.,0.,1.));
#10670=DIRECTION('',(0.,0.,1.));
#10671=DIRECTION('',(1.,0.,0.));
#10672=DIRECTION('',(0.,0.,1.));
#10673=DIRECTION('',(1.,0.,0.));
#10674=DIRECTION('',(0.,0.,1.));
#10675=DIRECTION('',(-1.,0.,0.));
#10676=DIRECTION('',(0.,0.,1.));
#10677=DIRECTION('',(0.,-1.,0.));
#10678=DIRECTION('',(0.,0.,1.));
#10679=DIRECTION('',(0.,0.,1.));
#10680=DIRECTION('',(1.,0.,0.));
#10681=DIRECTION('',(0.,0.,1.));
#10682=DIRECTION('',(1.,0.,0.));
#10683=DIRECTION('',(0.,0.,1.));
#10684=DIRECTION('',(-0.00651206579189461,0.999978796274762,0.));
#10685=DIRECTION('',(-0.999978796274762,-0.00651206579189461,0.));
#10686=DIRECTION('',(-0.999978796274762,-0.00651206579189461,0.));
#10687=DIRECTION('',(0.,0.,1.));
#10688=DIRECTION('',(0.,0.,1.));
#10689=DIRECTION('',(1.,0.,0.));
#10690=DIRECTION('',(0.,0.,1.));
#10691=DIRECTION('',(1.,0.,0.));
#10692=DIRECTION('',(0.,0.,1.));
#10693=DIRECTION('',(-0.582352404939883,-0.812936452904367,0.));
#10694=DIRECTION('',(0.812936452904367,-0.582352404939883,0.));
#10695=DIRECTION('',(0.812936452904367,-0.582352404939883,0.));
#10696=DIRECTION('',(0.,0.,1.));
#10697=DIRECTION('',(0.,0.,1.));
#10698=DIRECTION('',(1.,0.,0.));
#10699=DIRECTION('',(0.,0.,1.));
#10700=DIRECTION('',(1.,0.,0.));
#10701=DIRECTION('',(0.,0.,1.));
#10702=DIRECTION('',(0.135111330039833,0.990830423682513,0.));
#10703=DIRECTION('',(-0.990830423682513,0.135111330039833,0.));
#10704=DIRECTION('',(-0.990830423682513,0.135111330039833,0.));
#10705=DIRECTION('',(0.,0.,1.));
#10706=DIRECTION('',(0.,0.,1.));
#10707=DIRECTION('',(1.,0.,0.));
#10708=DIRECTION('',(0.,0.,1.));
#10709=DIRECTION('',(1.,0.,0.));
#10710=DIRECTION('',(0.,0.,1.));
#10711=DIRECTION('',(-0.925982586306242,0.377566219169039,0.));
#10712=DIRECTION('',(-0.377566219169039,-0.925982586306242,0.));
#10713=DIRECTION('',(-0.377566219169039,-0.925982586306242,0.));
#10714=DIRECTION('',(0.,0.,1.));
#10715=DIRECTION('',(0.,0.,1.));
#10716=DIRECTION('',(1.,0.,0.));
#10717=DIRECTION('',(0.,0.,1.));
#10718=DIRECTION('',(1.,0.,0.));
#10719=DIRECTION('',(0.,0.,1.));
#10720=DIRECTION('',(-0.959047877777643,0.283244008109967,0.));
#10721=DIRECTION('',(-0.283244008109967,-0.959047877777643,0.));
#10722=DIRECTION('',(-0.283244008109967,-0.959047877777643,0.));
#10723=DIRECTION('',(0.,0.,1.));
#10724=DIRECTION('',(0.,0.,1.));
#10725=DIRECTION('',(1.,0.,0.));
#10726=DIRECTION('',(0.,0.,1.));
#10727=DIRECTION('',(1.,0.,0.));
#10728=DIRECTION('',(0.,0.,1.));
#10729=DIRECTION('',(-1.,0.,0.));
#10730=DIRECTION('',(0.,0.,1.));
#10731=DIRECTION('',(1.,0.,0.));
#10732=DIRECTION('',(0.,0.,-1.));
#10733=DIRECTION('',(0.,0.,1.));
#10734=DIRECTION('',(0.,-1.,0.));
#10735=DIRECTION('',(0.,0.,1.));
#10736=DIRECTION('',(0.,0.,-1.));
#10737=DIRECTION('',(1.,0.,0.));
#10738=DIRECTION('',(0.,0.,-1.));
#10739=DIRECTION('',(0.,-1.,-1.789639853186E-16));
#10740=DIRECTION('',(0.,0.,1.));
#10741=DIRECTION('',(1.,0.,0.));
#10742=DIRECTION('',(0.,0.,1.));
#10743=DIRECTION('',(1.,0.,0.));
#10744=DIRECTION('',(0.,0.,1.));
#10745=DIRECTION('',(1.,0.,0.));
#10746=DIRECTION('',(0.,0.,1.));
#10747=DIRECTION('',(1.,0.,0.));
#10748=DIRECTION('',(0.,0.,1.));
#10749=DIRECTION('',(1.,0.,0.));
#10750=DIRECTION('',(0.,0.,-1.));
#10751=DIRECTION('',(-1.,0.,0.));
#10752=DIRECTION('',(0.,0.,-1.));
#10753=DIRECTION('',(-1.,0.,0.));
#10754=DIRECTION('',(0.,0.,-1.));
#10755=DIRECTION('',(-1.,0.,0.));
#10756=DIRECTION('',(0.,0.,-1.));
#10757=DIRECTION('',(-1.,0.,0.));
#10758=DIRECTION('',(0.,0.,-1.));
#10759=DIRECTION('',(-1.,0.,0.));
#10760=DIRECTION('',(0.,0.,-1.));
#10761=DIRECTION('',(-1.,0.,0.));
#10762=DIRECTION('',(-0.571357346844507,-0.820701396493759,0.));
#10763=DIRECTION('',(0.,0.,1.));
#10764=DIRECTION('',(1.,0.,0.));
#10765=DIRECTION('',(-0.013237743368017,-0.999912377236387,0.));
#10766=DIRECTION('',(0.,0.,1.));
#10767=DIRECTION('',(1.,0.,0.));
#10768=DIRECTION('',(-1.,-1.89052785075522E-16,0.));
#10769=DIRECTION('',(0.,0.,1.));
#10770=DIRECTION('',(1.,0.,0.));
#10771=DIRECTION('',(-0.931754317761866,-0.363089370998546,0.));
#10772=DIRECTION('',(0.,0.,1.));
#10773=DIRECTION('',(1.,0.,0.));
#10774=DIRECTION('',(-0.999763788949759,0.0217339896204682,0.));
#10775=DIRECTION('',(0.,0.,1.));
#10776=DIRECTION('',(1.,0.,0.));
#10777=DIRECTION('',(-0.770246757286025,0.637745978341192,0.));
#10778=DIRECTION('',(0.,0.,1.));
#10779=DIRECTION('',(1.,0.,0.));
#10780=DIRECTION('',(-0.999671430822134,0.0256326041990901,0.));
#10781=DIRECTION('',(0.,0.,1.));
#10782=DIRECTION('',(1.,0.,0.));
#10783=DIRECTION('',(0.,-1.,0.));
#10784=DIRECTION('',(0.,0.,1.));
#10785=DIRECTION('',(1.,0.,0.));
#10786=DIRECTION('',(-0.283244008109967,-0.959047877777643,0.));
#10787=DIRECTION('',(0.,0.,1.));
#10788=DIRECTION('',(1.,0.,0.));
#10789=DIRECTION('',(-0.377566219169039,-0.925982586306242,0.));
#10790=DIRECTION('',(0.,0.,1.));
#10791=DIRECTION('',(1.,0.,0.));
#10792=DIRECTION('',(-0.990830423682513,0.135111330039833,0.));
#10793=DIRECTION('',(0.,0.,1.));
#10794=DIRECTION('',(1.,0.,0.));
#10795=DIRECTION('',(0.812936452904367,-0.582352404939883,0.));
#10796=DIRECTION('',(0.,0.,1.));
#10797=DIRECTION('',(1.,0.,0.));
#10798=DIRECTION('',(-0.999978796274762,-0.00651206579189461,0.));
#10799=DIRECTION('',(0.,0.,1.));
#10800=DIRECTION('',(1.,0.,0.));
#10801=DIRECTION('',(0.,-1.,0.));
#10802=DIRECTION('',(0.,0.,1.));
#10803=DIRECTION('',(1.,0.,0.));
#10804=DIRECTION('',(-0.580431300700617,-0.814309219625438,0.));
#10805=DIRECTION('',(0.,0.,1.));
#10806=DIRECTION('',(1.,0.,0.));
#10807=DIRECTION('',(0.,-1.,0.));
#10808=DIRECTION('',(0.,0.,1.));
#10809=DIRECTION('',(1.,0.,0.));
#10810=DIRECTION('',(0.582352404939883,0.812936452904367,0.));
#10811=DIRECTION('',(-0.812936452904367,0.582352404939883,0.));
#10812=DIRECTION('',(0.812936452904367,-0.582352404939883,0.));
#10813=DIRECTION('',(0.,0.,-1.));
#10814=DIRECTION('',(0.,0.,-1.));
#10815=DIRECTION('',(0.,0.,-1.));
#10816=DIRECTION('',(-1.,0.,0.));
#10817=DIRECTION('',(0.,0.,1.));
#10818=DIRECTION('',(1.,0.,0.));
#10819=DIRECTION('',(0.,0.,-1.));
#10820=DIRECTION('',(-0.00651206579189473,0.999978796274762,0.));
#10821=DIRECTION('',(-0.999978796274762,-0.00651206579189473,0.));
#10822=DIRECTION('',(0.999978796274762,0.00651206579189473,0.));
#10823=DIRECTION('',(0.,0.,-1.));
#10824=DIRECTION('',(0.,0.,-1.));
#10825=DIRECTION('',(-1.,0.,0.));
#10826=DIRECTION('',(0.,0.,1.));
#10827=DIRECTION('',(1.,0.,0.));
#10828=DIRECTION('',(0.,0.,-1.));
#10829=DIRECTION('',(1.,0.,0.));
#10830=DIRECTION('',(0.,0.,-1.));
#10831=DIRECTION('',(0.,-1.,0.));
#10832=DIRECTION('',(0.,0.,-1.));
#10833=DIRECTION('',(0.,0.,-1.));
#10834=DIRECTION('',(-1.,0.,0.));
#10835=DIRECTION('',(0.,0.,1.));
#10836=DIRECTION('',(1.,0.,0.));
#10837=DIRECTION('',(0.,0.,-1.));
#10838=DIRECTION('',(-0.814309219625439,0.580431300700616,0.));
#10839=DIRECTION('',(-0.580431300700616,-0.814309219625439,0.));
#10840=DIRECTION('',(0.580431300700616,0.814309219625439,0.));
#10841=DIRECTION('',(0.,0.,-1.));
#10842=DIRECTION('',(0.,0.,-1.));
#10843=DIRECTION('',(-1.,0.,0.));
#10844=DIRECTION('',(0.,0.,1.));
#10845=DIRECTION('',(1.,0.,0.));
#10846=DIRECTION('',(0.,0.,-1.));
#10847=DIRECTION('',(1.,0.,0.));
#10848=DIRECTION('',(0.,0.,-1.));
#10849=DIRECTION('',(0.,-1.,0.));
#10850=DIRECTION('',(0.,0.,-1.));
#10851=DIRECTION('',(0.,0.,-1.));
#10852=DIRECTION('',(-1.,0.,0.));
#10853=DIRECTION('',(0.,0.,1.));
#10854=DIRECTION('',(1.,0.,0.));
#10855=DIRECTION('',(0.,0.,-1.));
#10856=DIRECTION('',(-0.820701396493759,0.571357346844507,0.));
#10857=DIRECTION('',(-0.571357346844507,-0.820701396493759,0.));
#10858=DIRECTION('',(0.571357346844507,0.820701396493759,0.));
#10859=DIRECTION('',(0.,0.,-1.));
#10860=DIRECTION('',(0.,0.,-1.));
#10861=DIRECTION('',(-1.,0.,0.));
#10862=DIRECTION('',(0.,0.,1.));
#10863=DIRECTION('',(1.,0.,0.));
#10864=DIRECTION('',(0.,0.,-1.));
#10865=DIRECTION('',(-0.999912377236387,0.0132377433680171,0.));
#10866=DIRECTION('',(-0.0132377433680171,-0.999912377236387,0.));
#10867=DIRECTION('',(0.0132377433680171,0.999912377236387,0.));
#10868=DIRECTION('',(0.,0.,-1.));
#10869=DIRECTION('',(0.,0.,-1.));
#10870=DIRECTION('',(-1.,0.,0.));
#10871=DIRECTION('',(0.,0.,1.));
#10872=DIRECTION('',(1.,0.,0.));
#10873=DIRECTION('',(0.,0.,-1.));
#10874=DIRECTION('',(1.95952928972933E-16,-1.,0.));
#10875=DIRECTION('',(1.,1.95952928972933E-16,0.));
#10876=DIRECTION('',(-1.,-1.95952928972933E-16,0.));
#10877=DIRECTION('',(0.,0.,-1.));
#10878=DIRECTION('',(0.,0.,-1.));
#10879=DIRECTION('',(-1.,0.,0.));
#10880=DIRECTION('',(0.,0.,1.));
#10881=DIRECTION('',(1.,0.,0.));
#10882=DIRECTION('',(0.,0.,-1.));
#10883=DIRECTION('',(0.363089370998546,-0.931754317761866,0.));
#10884=DIRECTION('',(0.931754317761866,0.363089370998546,0.));
#10885=DIRECTION('',(-0.931754317761866,-0.363089370998546,0.));
#10886=DIRECTION('',(0.,0.,-1.));
#10887=DIRECTION('',(0.,0.,-1.));
#10888=DIRECTION('',(-1.,0.,0.));
#10889=DIRECTION('',(0.,0.,1.));
#10890=DIRECTION('',(1.,0.,0.));
#10891=DIRECTION('',(0.,0.,-1.));
#10892=DIRECTION('',(-0.0217339896204683,-0.999763788949759,0.));
#10893=DIRECTION('',(0.999763788949759,-0.0217339896204683,0.));
#10894=DIRECTION('',(-0.999763788949759,0.0217339896204683,0.));
#10895=DIRECTION('',(0.,0.,-1.));
#10896=DIRECTION('',(0.,0.,-1.));
#10897=DIRECTION('',(-1.,0.,0.));
#10898=DIRECTION('',(0.,0.,1.));
#10899=DIRECTION('',(1.,0.,0.));
#10900=DIRECTION('',(0.,0.,-1.));
#10901=DIRECTION('',(-0.637745978341192,-0.770246757286024,0.));
#10902=DIRECTION('',(0.770246757286025,-0.637745978341192,0.));
#10903=DIRECTION('',(-0.770246757286024,0.637745978341192,0.));
#10904=DIRECTION('',(0.,0.,-1.));
#10905=DIRECTION('',(0.,0.,-1.));
#10906=DIRECTION('',(-1.,0.,0.));
#10907=DIRECTION('',(0.,0.,1.));
#10908=DIRECTION('',(1.,0.,0.));
#10909=DIRECTION('',(0.,0.,-1.));
#10910=DIRECTION('',(-1.,0.,0.));
#10911=DIRECTION('',(0.,0.,1.));
#10912=DIRECTION('',(1.,0.,0.));
#10913=DIRECTION('',(0.,0.,-1.));
#10914=DIRECTION('',(-1.,0.,0.));
#10915=DIRECTION('',(0.,0.,1.));
#10916=DIRECTION('',(1.,0.,0.));
#10917=DIRECTION('',(0.,0.,-1.));
#10918=DIRECTION('',(0.959047877777643,-0.283244008109968,0.));
#10919=DIRECTION('',(0.283244008109968,0.959047877777643,0.));
#10920=DIRECTION('',(-0.283244008109968,-0.959047877777643,0.));
#10921=DIRECTION('',(0.,0.,-1.));
#10922=DIRECTION('',(0.,0.,-1.));
#10923=DIRECTION('',(-1.,0.,0.));
#10924=DIRECTION('',(0.,0.,1.));
#10925=DIRECTION('',(1.,0.,0.));
#10926=DIRECTION('',(0.,0.,-1.));
#10927=DIRECTION('',(0.925982586306242,-0.377566219169038,0.));
#10928=DIRECTION('',(0.377566219169039,0.925982586306242,0.));
#10929=DIRECTION('',(-0.377566219169039,-0.925982586306242,0.));
#10930=DIRECTION('',(0.,0.,-1.));
#10931=DIRECTION('',(0.,0.,-1.));
#10932=DIRECTION('',(-1.,0.,0.));
#10933=DIRECTION('',(0.,0.,1.));
#10934=DIRECTION('',(1.,0.,0.));
#10935=DIRECTION('',(0.,0.,-1.));
#10936=DIRECTION('',(0.135111330039833,0.990830423682513,0.));
#10937=DIRECTION('',(-0.990830423682513,0.135111330039833,0.));
#10938=DIRECTION('',(0.990830423682513,-0.135111330039833,0.));
#10939=DIRECTION('',(0.,0.,-1.));
#10940=DIRECTION('',(0.,0.,-1.));
#10941=DIRECTION('',(-1.,0.,0.));
#10942=DIRECTION('',(0.,0.,1.));
#10943=DIRECTION('',(1.,0.,0.));
#10944=DIRECTION('',(0.,0.,1.));
#10945=DIRECTION('',(1.,0.,0.));
#10946=DIRECTION('',(0.,0.,1.));
#10947=DIRECTION('',(1.,0.,0.));
#10948=DIRECTION('',(0.283244008110069,0.959047877777613,-1.14337304047433E-13));
#10949=DIRECTION('',(-0.959047877777613,0.283244008110069,0.));
#10950=DIRECTION('',(-0.377566219168924,-0.925982586306289,0.));
#10951=DIRECTION('',(0.925982586306289,-0.377566219168924,0.));
#10952=DIRECTION('',(-0.377566219169039,-0.925982586306242,0.));
#10953=DIRECTION('',(0.925982586306242,-0.377566219169039,0.));
#10954=DIRECTION('',(-0.377566219169034,-0.925982586306244,0.));
#10955=DIRECTION('',(0.925982586306244,-0.377566219169034,0.));
#10956=DIRECTION('',(-0.283244008109967,-0.959047877777643,0.));
#10957=DIRECTION('',(0.959047877777643,-0.283244008109967,0.));
#10958=DIRECTION('',(0.283244008109965,0.959047877777644,-1.45163319574364E-14));
#10959=DIRECTION('',(-0.959047877777644,0.283244008109965,0.));
#10960=DIRECTION('',(0.,0.,1.));
#10961=DIRECTION('',(1.,0.,0.));
#10962=DIRECTION('',(-0.99083042368251,0.135111330039851,0.));
#10963=DIRECTION('',(-0.135111330039851,-0.99083042368251,0.));
#10964=DIRECTION('',(0.,0.,1.));
#10965=DIRECTION('',(1.,0.,0.));
#10966=DIRECTION('',(0.,1.,0.));
#10967=DIRECTION('',(0.,0.,1.));
#10968=DIRECTION('',(-0.990830423682513,0.135111330039833,0.));
#10969=DIRECTION('',(-0.135111330039833,-0.990830423682513,0.));
#10970=DIRECTION('',(-0.990830423682512,0.135111330039835,0.));
#10971=DIRECTION('',(-0.135111330039835,-0.990830423682512,0.));
#10972=DIRECTION('',(0.,-1.,0.));
#10973=DIRECTION('',(0.,0.,-1.));
#10974=DIRECTION('',(0.,1.,0.));
#10975=DIRECTION('',(0.,0.,1.));
#10976=DIRECTION('',(0.,0.,1.));
#10977=DIRECTION('',(1.,0.,0.));
#10978=DIRECTION('',(-0.812936452904365,0.582352404939887,0.));
#10979=DIRECTION('',(-0.582352404939887,-0.812936452904365,0.));
#10980=DIRECTION('',(0.,0.,1.));
#10981=DIRECTION('',(1.,0.,0.));
#10982=DIRECTION('',(-0.999671430822134,0.025632604199105,-2.77464559889677E-14));
#10983=DIRECTION('',(-0.0256326041991051,-0.999671430822134,0.));
#10984=DIRECTION('',(-0.812936452904367,0.582352404939883,0.));
#10985=DIRECTION('',(-0.582352404939883,-0.812936452904367,0.));
#10986=DIRECTION('',(-0.812936452904368,0.582352404939882,0.));
#10987=DIRECTION('',(-0.582352404939882,-0.812936452904368,0.));
#10988=DIRECTION('',(0.999671430822134,-0.0256326041990901,0.));
#10989=DIRECTION('',(0.0256326041990901,0.999671430822134,0.));
#10990=DIRECTION('',(-0.999671430822134,0.0256326041990773,2.77464559889677E-14));
#10991=DIRECTION('',(-0.0256326041990773,-0.999671430822134,0.));
#10992=DIRECTION('',(0.,0.,1.));
#10993=DIRECTION('',(1.,0.,0.));
#10994=DIRECTION('',(-0.999978796274762,-0.00651206579189986,0.));
#10995=DIRECTION('',(0.00651206579189986,-0.999978796274762,0.));
#10996=DIRECTION('',(0.,0.,1.));
#10997=DIRECTION('',(1.,0.,0.));
#10998=DIRECTION('',(-0.770246757286024,0.637745978341192,1.95398244199788E-14));
#10999=DIRECTION('',(-0.637745978341192,-0.770246757286024,0.));
#11000=DIRECTION('',(-0.999978796274762,-0.00651206579189461,0.));
#11001=DIRECTION('',(0.00651206579189461,-0.999978796274762,0.));
#11002=DIRECTION('',(-0.999978796274762,-0.00651206579188607,0.));
#11003=DIRECTION('',(0.00651206579188607,-0.999978796274762,0.));
#11004=DIRECTION('',(0.770246757286025,-0.637745978341192,0.));
#11005=DIRECTION('',(0.637745978341192,0.770246757286025,0.));
#11006=DIRECTION('',(-0.770246757286019,0.637745978341199,0.));
#11007=DIRECTION('',(-0.637745978341199,-0.770246757286019,0.));
#11008=DIRECTION('',(0.,0.,1.));
#11009=DIRECTION('',(1.,0.,0.));
#11010=DIRECTION('',(0.,1.,0.));
#11011=DIRECTION('',(0.,0.,1.));
#11012=DIRECTION('',(0.,0.,1.));
#11013=DIRECTION('',(1.,0.,0.));
#11014=DIRECTION('',(-0.999763788949759,0.0217339896204512,1.32712703286416E-14));
#11015=DIRECTION('',(-0.0217339896204512,-0.999763788949759,0.));
#11016=DIRECTION('',(0.,1.,0.));
#11017=DIRECTION('',(0.,0.,1.));
#11018=DIRECTION('',(0.,1.,0.));
#11019=DIRECTION('',(0.,0.,1.));
#11020=DIRECTION('',(0.999763788949759,-0.0217339896204682,0.));
#11021=DIRECTION('',(0.0217339896204682,0.999763788949759,0.));
#11022=DIRECTION('',(-0.999763788949759,0.021733989620465,6.03239392340111E-16));
#11023=DIRECTION('',(-0.021733989620465,-0.999763788949759,0.));
#11024=DIRECTION('',(0.,0.,1.));
#11025=DIRECTION('',(1.,0.,0.));
#11026=DIRECTION('',(0.580431300700612,0.814309219625441,0.));
#11027=DIRECTION('',(-0.814309219625441,0.580431300700613,0.));
#11028=DIRECTION('',(0.,0.,1.));
#11029=DIRECTION('',(1.,0.,0.));
#11030=DIRECTION('',(-0.931754317761859,-0.363089370998565,2.94737875583529E-14));
#11031=DIRECTION('',(0.363089370998565,-0.931754317761859,0.));
#11032=DIRECTION('',(0.580431300700617,0.814309219625438,0.));
#11033=DIRECTION('',(-0.814309219625438,0.580431300700617,0.));
#11034=DIRECTION('',(0.580431300700615,0.814309219625439,0.));
#11035=DIRECTION('',(-0.814309219625439,0.580431300700615,0.));
#11036=DIRECTION('',(0.931754317761866,0.363089370998546,0.));
#11037=DIRECTION('',(-0.363089370998546,0.931754317761866,0.));
#11038=DIRECTION('',(-0.931754317761865,-0.363089370998549,0.));
#11039=DIRECTION('',(0.363089370998548,-0.931754317761865,0.));
#11040=DIRECTION('',(0.,0.,1.));
#11041=DIRECTION('',(1.,0.,0.));
#11042=DIRECTION('',(1.38777878078144E-14,1.,0.));
#11043=DIRECTION('',(-1.,1.38777878078144E-14,0.));
#11044=DIRECTION('',(0.,0.,1.));
#11045=DIRECTION('',(1.,0.,0.));
#11046=DIRECTION('',(-1.,0.,0.));
#11047=DIRECTION('',(0.,0.,1.));
#11048=DIRECTION('',(0.,1.,0.));
#11049=DIRECTION('',(0.,0.,1.));
#11050=DIRECTION('',(0.,1.,0.));
#11051=DIRECTION('',(0.,0.,1.));
#11052=DIRECTION('',(1.,1.89052785075522E-16,0.));
#11053=DIRECTION('',(-1.89052785075522E-16,1.,0.));
#11054=DIRECTION('',(-1.,0.,0.));
#11055=DIRECTION('',(0.,0.,1.));
#11056=DIRECTION('',(0.,0.,1.));
#11057=DIRECTION('',(1.,0.,0.));
#11058=DIRECTION('',(0.57135734684451,0.820701396493757,0.));
#11059=DIRECTION('',(-0.820701396493757,0.57135734684451,0.));
#11060=DIRECTION('',(0.,0.,1.));
#11061=DIRECTION('',(1.,0.,0.));
#11062=DIRECTION('',(-0.013237743368019,-0.999912377236387,3.67421187031342E-16));
#11063=DIRECTION('',(0.999912377236387,-0.013237743368019,0.));
#11064=DIRECTION('',(0.571357346844507,0.820701396493759,0.));
#11065=DIRECTION('',(-0.820701396493759,0.571357346844507,0.));
#11066=DIRECTION('',(0.571357346844541,0.820701396493735,0.));
#11067=DIRECTION('',(-0.820701396493735,0.571357346844541,0.));
#11068=DIRECTION('',(0.013237743368017,0.999912377236387,0.));
#11069=DIRECTION('',(-0.999912377236387,0.013237743368017,0.));
#11070=DIRECTION('',(-0.013237743368019,-0.999912377236387,-2.08148576965409E-14));
#11071=DIRECTION('',(0.999912377236387,-0.013237743368019,0.));
#11072=DIRECTION('',(0.,0.,1.));
#11073=DIRECTION('',(1.,0.,0.));
#11074=DIRECTION('',(-0.999671430822134,0.0256326041990901,0.));
#11075=DIRECTION('',(-0.0256326041990901,-0.999671430822134,0.));
#11076=DIRECTION('',(0.0256326041990901,0.999671430822134,0.));
#11077=DIRECTION('',(0.0256326041990901,0.999671430822134,0.));
#11078=DIRECTION('',(-0.999671430822134,0.0256326041990901,0.));
#11079=DIRECTION('',(0.0256326041990901,0.999671430822134,0.));
#11080=DIRECTION('',(4.33538374827621E-16,-1.11163700636458E-17,-1.));
#11081=DIRECTION('',(-1.,0.,-4.33538374827621E-16));
#11082=DIRECTION('',(0.0256326041990901,0.999671430822134,0.));
#11083=DIRECTION('',(0.0256326041990901,0.999671430822134,0.));
#11084=DIRECTION('',(-0.999671430822134,0.0256326041990901,0.));
#11085=DIRECTION('',(0.0256326041990901,0.999671430822134,0.));
#11086=DIRECTION('',(-0.999671430822134,0.0256326041990901,0.));
#11087=DIRECTION('',(-0.0256326041990901,-0.999671430822134,0.));
#11088=DIRECTION('',(0.,1.,0.));
#11089=DIRECTION('',(0.,0.,1.));
#11090=DIRECTION('',(1.,0.,0.));
#11091=DIRECTION('',(1.,0.,0.));
#11092=DIRECTION('',(0.,0.,-1.));
#11093=DIRECTION('',(1.,0.,0.));
#11094=DIRECTION('',(0.,-1.789639853186E-16,1.));
#11095=DIRECTION('',(0.,-1.,-1.789639853186E-16));
#11096=DIRECTION('',(1.,0.,0.));
#11097=DIRECTION('',(1.,0.,0.));
#11098=DIRECTION('',(0.,0.,-1.));
#11099=DIRECTION('',(1.,0.,0.));
#11100=DIRECTION('',(0.,-1.,0.));
#11101=DIRECTION('',(0.,0.,-1.));
#11102=DIRECTION('',(0.,0.,-1.));
#11103=DIRECTION('',(-1.,0.,0.));
#11104=DIRECTION('',(0.,0.,-1.));
#11105=DIRECTION('',(-1.,0.,0.));
#11106=DIRECTION('',(0.,0.,-1.));
#11107=DIRECTION('',(-1.,0.,0.));
#11108=DIRECTION('',(0.,0.,-1.));
#11109=DIRECTION('',(-1.,0.,0.));
#11110=DIRECTION('',(0.,0.,-1.));
#11111=DIRECTION('',(-1.,0.,0.));
#11112=DIRECTION('',(0.,0.,-1.));
#11113=DIRECTION('',(-1.,0.,0.));
#11114=DIRECTION('',(0.,0.,1.));
#11115=DIRECTION('',(1.,0.,0.));
#11116=DIRECTION('',(-0.0256326041990903,-0.999671430822134,0.));
#11117=DIRECTION('',(0.999671430822134,-0.0256326041990903,0.));
#11118=DIRECTION('',(-0.999671430822134,0.0256326041990903,0.));
#11119=DIRECTION('',(0.,0.,-1.));
#11120=DIRECTION('',(-0.999671430822134,0.0256326041990903,0.));
#11121=DIRECTION('',(0.,0.,-1.));
#11122=DIRECTION('',(0.,0.,1.));
#11123=DIRECTION('',(1.,0.,0.));
#11124=DIRECTION('',(0.,0.,1.));
#11125=DIRECTION('',(1.,0.,0.));
#11126=DIRECTION('',(0.,0.,1.));
#11127=DIRECTION('',(1.,0.,0.));
#11128=DIRECTION('',(0.,1.,0.));
#11129=DIRECTION('',(-1.,0.,0.));
#11130=DIRECTION('',(0.,1.,0.));
#11131=DIRECTION('',(-1.,4.95635278850517E-16,0.));
#11132=DIRECTION('',(0.,1.,0.));
#11133=DIRECTION('',(-1.,1.23908819712629E-16,0.));
#11134=DIRECTION('',(0.,1.,0.));
#11135=DIRECTION('',(-1.,0.,0.));
#11136=DIRECTION('',(0.,1.,0.));
#11137=DIRECTION('',(-1.,1.23908819712629E-16,0.));
#11138=DIRECTION('',(0.,1.,0.));
#11139=DIRECTION('',(-1.,1.23908819712629E-16,0.));
#11140=DIRECTION('',(0.,1.,0.));
#11141=DIRECTION('',(-1.,0.,0.));
#11142=DIRECTION('',(0.,1.,0.));
#11143=DIRECTION('',(-1.,1.23908819712629E-16,0.));
#11144=DIRECTION('',(4.95635278850517E-16,1.,0.));
#11145=DIRECTION('',(-1.,0.,0.));
#11146=DIRECTION('',(0.,1.,0.));
#11147=DIRECTION('',(-1.,4.95635278850516E-16,0.));
#11148=DIRECTION('',(4.95635278850516E-16,1.,0.));
#11149=DIRECTION('',(-1.,1.23908819712629E-16,0.));
#11150=DIRECTION('',(0.,1.,0.));
#11151=DIRECTION('',(-1.,0.,0.));
#11152=DIRECTION('',(4.95635278850516E-16,1.,0.));
#11153=DIRECTION('',(-1.,1.23908819712629E-16,0.));
#11154=DIRECTION('',(0.,1.,0.));
#11155=DIRECTION('',(-1.,1.23908819712629E-16,0.));
#11156=DIRECTION('',(4.95635278850516E-16,1.,0.));
#11157=DIRECTION('',(-1.,0.,0.));
#11158=DIRECTION('',(0.,1.,0.));
#11159=DIRECTION('',(-1.,1.23908819712629E-16,0.));
#11160=DIRECTION('',(0.0174524064372842,0.999847695156391,0.));
#11161=DIRECTION('',(-0.999847695156391,0.0174524064372838,0.));
#11162=DIRECTION('',(0.017452406437284,0.999847695156391,0.));
#11163=DIRECTION('',(-0.999847695156391,0.0174524064372843,0.));
#11164=DIRECTION('',(0.0174524064372842,0.999847695156391,0.));
#11165=DIRECTION('',(-0.999847695156391,0.017452406437284,0.));
#11166=DIRECTION('',(0.017452406437284,0.999847695156391,0.));
#11167=DIRECTION('',(-0.999847695156391,0.0174524064372843,0.));
#11168=DIRECTION('',(0.0174524064372842,0.999847695156391,0.));
#11169=DIRECTION('',(-0.999847695156391,0.0174524064372839,0.));
#11170=DIRECTION('',(0.017452406437284,0.999847695156391,0.));
#11171=DIRECTION('',(-0.999847695156391,0.0174524064372839,0.));
#11172=DIRECTION('',(0.0174524064372842,0.999847695156391,0.));
#11173=DIRECTION('',(-0.999847695156391,0.017452406437284,0.));
#11174=DIRECTION('',(0.017452406437284,0.999847695156391,0.));
#11175=DIRECTION('',(-0.999847695156391,0.0174524064372839,0.));
#11176=DIRECTION('',(0.0348994967025027,0.999390827019096,0.));
#11177=DIRECTION('',(-0.999390827019096,0.0348994967025025,0.));
#11178=DIRECTION('',(0.0348994967025027,0.999390827019096,0.));
#11179=DIRECTION('',(-0.999390827019096,0.0348994967025025,0.));
#11180=DIRECTION('',(0.0348994967025027,0.999390827019096,0.));
#11181=DIRECTION('',(-0.999390827019096,0.0348994967025025,0.));
#11182=DIRECTION('',(0.0348994967025026,0.999390827019096,0.));
#11183=DIRECTION('',(-0.999390827019096,0.0348994967025025,0.));
#11184=DIRECTION('',(0.0348994967025027,0.999390827019096,0.));
#11185=DIRECTION('',(-0.999390827019096,0.0348994967025025,0.));
#11186=DIRECTION('',(0.0348994967025026,0.999390827019096,0.));
#11187=DIRECTION('',(-0.999390827019096,0.0348994967025025,0.));
#11188=DIRECTION('',(0.0348994967025027,0.999390827019096,0.));
#11189=DIRECTION('',(-0.999390827019096,0.0348994967025025,0.));
#11190=DIRECTION('',(0.0348994967025026,0.999390827019096,0.));
#11191=DIRECTION('',(-0.999390827019096,0.0348994967025025,0.));
#11192=DIRECTION('',(0.0523359562429455,0.998629534754574,0.));
#11193=DIRECTION('',(-0.998629534754574,0.0523359562429455,0.));
#11194=DIRECTION('',(0.0523359562429455,0.998629534754574,0.));
#11195=DIRECTION('',(-0.998629534754574,0.0523359562429455,0.));
#11196=DIRECTION('',(0.0697564737441269,0.997564050259824,0.));
#11197=DIRECTION('',(-0.997564050259824,0.0697564737441269,0.));
#11198=DIRECTION('',(0.069756473744127,0.997564050259824,0.));
#11199=DIRECTION('',(-0.997564050259824,0.0697564737441268,0.));
#11200=DIRECTION('',(0.0523359562429455,0.998629534754574,0.));
#11201=DIRECTION('',(-0.998629534754574,0.0523359562429453,0.));
#11202=DIRECTION('',(0.0523359562429455,0.998629534754574,0.));
#11203=DIRECTION('',(-0.998629534754574,0.0523359562429455,0.));
#11204=DIRECTION('',(0.0523359562429455,0.998629534754574,0.));
#11205=DIRECTION('',(-0.998629534754574,0.0523359562429454,0.));
#11206=DIRECTION('',(0.0523359562429456,0.998629534754574,0.));
#11207=DIRECTION('',(-0.998629534754574,0.0523359562429453,0.));
#11208=DIRECTION('',(0.0523359562429455,0.998629534754574,0.));
#11209=DIRECTION('',(-0.998629534754574,0.0523359562429453,0.));
#11210=DIRECTION('',(0.0523359562429455,0.998629534754574,0.));
#11211=DIRECTION('',(-0.998629534754574,0.0523359562429453,0.));
#11212=DIRECTION('',(0.069756473744127,0.997564050259824,0.));
#11213=DIRECTION('',(-0.997564050259824,0.0697564737441268,0.));
#11214=DIRECTION('',(0.069756473744127,0.997564050259824,0.));
#11215=DIRECTION('',(-0.997564050259824,0.0697564737441268,0.));
#11216=DIRECTION('',(0.0697564737441269,0.997564050259824,0.));
#11217=DIRECTION('',(-0.997564050259824,0.0697564737441268,0.));
#11218=DIRECTION('',(0.069756473744127,0.997564050259824,0.));
#11219=DIRECTION('',(-0.997564050259824,0.0697564737441269,0.));
#11220=DIRECTION('',(0.069756473744127,0.997564050259824,0.));
#11221=DIRECTION('',(-0.997564050259824,0.0697564737441269,0.));
#11222=DIRECTION('',(0.069756473744127,0.997564050259824,0.));
#11223=DIRECTION('',(-0.997564050259824,0.0697564737441267,0.));
#11224=DIRECTION('',(0.0523359562429442,0.998629534754574,0.));
#11225=DIRECTION('',(-0.998629534754574,0.052335956242944,0.));
#11226=DIRECTION('',(0.0523359562429442,0.998629534754574,0.));
#11227=DIRECTION('',(-0.998629534754574,0.0523359562429438,0.));
#11228=DIRECTION('',(0.0697564737441255,0.997564050259824,0.));
#11229=DIRECTION('',(-0.997564050259824,0.0697564737441255,0.));
#11230=DIRECTION('',(0.0697564737441255,0.997564050259824,0.));
#11231=DIRECTION('',(-0.997564050259824,0.0697564737441255,0.));
#11232=DIRECTION('',(0.121869343405148,0.992546151641322,0.));
#11233=DIRECTION('',(-0.992546151641322,0.121869343405148,0.));
#11234=DIRECTION('',(0.121869343405148,0.992546151641322,0.));
#11235=DIRECTION('',(-0.992546151641322,0.121869343405148,0.));
#11236=DIRECTION('',(0.173648177666931,0.984807753012208,0.));
#11237=DIRECTION('',(-0.984807753012208,0.17364817766693,0.));
#11238=DIRECTION('',(0.173648177666931,0.984807753012208,0.));
#11239=DIRECTION('',(-0.984807753012208,0.173648177666931,0.));
#11240=DIRECTION('',(0.,0.,1.));
#11241=DIRECTION('',(1.,0.,0.));
#11242=DIRECTION('',(0.,0.,1.));
#11243=DIRECTION('',(1.,0.,0.));
#11244=DIRECTION('',(0.,0.,1.));
#11245=DIRECTION('',(1.,0.,0.));
#11246=DIRECTION('',(0.,0.,1.));
#11247=DIRECTION('',(1.,0.,0.));
#11248=DIRECTION('',(0.,0.,1.));
#11249=DIRECTION('',(1.,0.,0.));
#11250=DIRECTION('',(-0.999671430822134,0.0256326041990903,0.));
#11251=DIRECTION('',(0.0256326041990903,0.999671430822134,0.));
#11252=DIRECTION('',(0.,0.,1.));
#11253=DIRECTION('',(1.,0.,0.));
#11254=DIRECTION('',(-0.770246757286025,0.637745978341192,0.));
#11255=DIRECTION('',(0.,0.,1.));
#11256=DIRECTION('',(1.,0.,0.));
#11257=DIRECTION('',(-0.999763788949759,0.0217339896204682,0.));
#11258=DIRECTION('',(0.,0.,1.));
#11259=DIRECTION('',(1.,0.,0.));
#11260=DIRECTION('',(-0.931754317761866,-0.363089370998546,0.));
#11261=DIRECTION('',(0.,0.,1.));
#11262=DIRECTION('',(1.,0.,0.));
#11263=DIRECTION('',(-1.,-1.95822816649505E-16,0.));
#11264=DIRECTION('',(0.,0.,1.));
#11265=DIRECTION('',(1.,0.,0.));
#11266=DIRECTION('',(-0.0132377433680172,-0.999912377236387,0.));
#11267=DIRECTION('',(0.,0.,1.));
#11268=DIRECTION('',(1.,0.,0.));
#11269=DIRECTION('',(-0.571357346844507,-0.820701396493759,0.));
#11270=DIRECTION('',(0.,0.,1.));
#11271=DIRECTION('',(1.,0.,0.));
#11272=DIRECTION('',(0.,-1.,0.));
#11273=DIRECTION('',(0.,0.,1.));
#11274=DIRECTION('',(1.,0.,0.));
#11275=DIRECTION('',(-0.580431300700617,-0.814309219625439,0.));
#11276=DIRECTION('',(0.,0.,1.));
#11277=DIRECTION('',(1.,0.,0.));
#11278=DIRECTION('',(0.,-1.,0.));
#11279=DIRECTION('',(0.,0.,1.));
#11280=DIRECTION('',(1.,0.,0.));
#11281=DIRECTION('',(0.999978796274762,0.00651206579189465,0.));
#11282=DIRECTION('',(0.,0.,1.));
#11283=DIRECTION('',(1.,0.,0.));
#11284=DIRECTION('',(0.812936452904367,-0.582352404939883,0.));
#11285=DIRECTION('',(0.,0.,1.));
#11286=DIRECTION('',(1.,0.,0.));
#11287=DIRECTION('',(0.990830423682513,-0.135111330039833,0.));
#11288=DIRECTION('',(0.,0.,1.));
#11289=DIRECTION('',(1.,0.,0.));
#11290=DIRECTION('',(0.377566219169039,0.925982586306242,0.));
#11291=DIRECTION('',(0.,0.,1.));
#11292=DIRECTION('',(1.,0.,0.));
#11293=DIRECTION('',(0.283244008109968,0.959047877777643,0.));
#11294=DIRECTION('',(0.,0.,1.));
#11295=DIRECTION('',(1.,0.,0.));
#11296=DIRECTION('',(0.,-1.,0.));
#11297=DIRECTION('',(0.,0.,1.));
#11298=DIRECTION('',(1.,0.,0.));
#11299=DIRECTION('',(1.,0.,0.));
#11300=DIRECTION('',(0.,-1.,0.));
#11301=DIRECTION('',(1.,0.,0.));
#11302=DIRECTION('',(0.,0.,1.));
#11303=DIRECTION('',(1.,0.,0.));
#11304=DIRECTION('',(0.,1.,0.));
#11305=DIRECTION('',(0.,0.,1.));
#11306=DIRECTION('',(1.,0.,0.));
#11307=DIRECTION('',(-0.999671430822134,0.0256326041990903,0.));
#11308=DIRECTION('',(0.0256326041990903,0.999671430822134,0.));
#11309=DIRECTION('',(-0.984807753012208,0.173648177666931,0.));
#11310=DIRECTION('',(-0.173648177666931,-0.984807753012208,0.));
#11311=DIRECTION('',(0.173648177666931,0.984807753012208,0.));
#11312=DIRECTION('',(0.,0.,-1.));
#11313=DIRECTION('',(0.,0.,-1.));
#11314=DIRECTION('',(-0.17364817766693,-0.984807753012208,0.));
#11315=DIRECTION('',(0.984807753012208,-0.17364817766693,0.));
#11316=DIRECTION('',(-0.984807753012208,0.17364817766693,0.));
#11317=DIRECTION('',(0.,0.,-1.));
#11318=DIRECTION('',(-0.984807753012208,0.17364817766693,0.));
#11319=DIRECTION('',(-0.17364817766693,-0.984807753012208,0.));
#11320=DIRECTION('',(0.173648177666931,0.984807753012208,0.));
#11321=DIRECTION('',(0.,0.,-1.));
#11322=DIRECTION('',(-0.992546151641322,0.121869343405148,0.));
#11323=DIRECTION('',(-0.121869343405148,-0.992546151641322,0.));
#11324=DIRECTION('',(0.121869343405148,0.992546151641322,0.));
#11325=DIRECTION('',(0.,0.,-1.));
#11326=DIRECTION('',(0.,0.,-1.));
#11327=DIRECTION('',(-0.121869343405148,-0.992546151641322,0.));
#11328=DIRECTION('',(0.992546151641322,-0.121869343405148,0.));
#11329=DIRECTION('',(-0.992546151641322,0.121869343405148,0.));
#11330=DIRECTION('',(0.,0.,-1.));
#11331=DIRECTION('',(-0.992546151641322,0.121869343405148,0.));
#11332=DIRECTION('',(-0.121869343405148,-0.992546151641322,0.));
#11333=DIRECTION('',(0.121869343405148,0.992546151641322,0.));
#11334=DIRECTION('',(0.,0.,-1.));
#11335=DIRECTION('',(-0.997564050259824,0.0697564737441255,0.));
#11336=DIRECTION('',(-0.0697564737441255,-0.997564050259824,0.));
#11337=DIRECTION('',(0.0697564737441255,0.997564050259824,0.));
#11338=DIRECTION('',(0.,0.,-1.));
#11339=DIRECTION('',(0.,0.,-1.));
#11340=DIRECTION('',(-0.0697564737441255,-0.997564050259824,0.));
#11341=DIRECTION('',(0.997564050259824,-0.0697564737441255,0.));
#11342=DIRECTION('',(-0.997564050259824,0.0697564737441255,0.));
#11343=DIRECTION('',(0.,0.,-1.));
#11344=DIRECTION('',(-0.997564050259824,0.0697564737441255,0.));
#11345=DIRECTION('',(-0.0697564737441255,-0.997564050259824,0.));
#11346=DIRECTION('',(0.0697564737441255,0.997564050259824,0.));
#11347=DIRECTION('',(0.,0.,-1.));
#11348=DIRECTION('',(-0.998629534754574,0.0523359562429442,0.));
#11349=DIRECTION('',(-0.0523359562429442,-0.998629534754574,0.));
#11350=DIRECTION('',(0.0523359562429442,0.998629534754574,0.));
#11351=DIRECTION('',(0.,0.,-1.));
#11352=DIRECTION('',(0.,0.,-1.));
#11353=DIRECTION('',(-0.052335956242944,-0.998629534754574,0.));
#11354=DIRECTION('',(0.998629534754574,-0.052335956242944,0.));
#11355=DIRECTION('',(-0.998629534754574,0.052335956242944,0.));
#11356=DIRECTION('',(0.,0.,-1.));
#11357=DIRECTION('',(-0.998629534754574,0.0523359562429441,0.));
#11358=DIRECTION('',(-0.0523359562429442,-0.998629534754574,0.));
#11359=DIRECTION('',(0.0523359562429442,0.998629534754574,0.));
#11360=DIRECTION('',(0.,0.,-1.));
#11361=DIRECTION('',(-0.997564050259824,0.069756473744127,0.));
#11362=DIRECTION('',(-0.069756473744127,-0.997564050259824,0.));
#11363=DIRECTION('',(0.069756473744127,0.997564050259824,0.));
#11364=DIRECTION('',(0.,0.,-1.));
#11365=DIRECTION('',(0.,0.,-1.));
#11366=DIRECTION('',(-0.0697564737441269,-0.997564050259824,0.));
#11367=DIRECTION('',(0.997564050259824,-0.0697564737441269,0.));
#11368=DIRECTION('',(-0.997564050259824,0.0697564737441269,0.));
#11369=DIRECTION('',(0.,0.,-1.));
#11370=DIRECTION('',(-0.997564050259824,0.069756473744127,0.));
#11371=DIRECTION('',(-0.069756473744127,-0.997564050259824,0.));
#11372=DIRECTION('',(0.069756473744127,0.997564050259824,0.));
#11373=DIRECTION('',(0.,0.,-1.));
#11374=DIRECTION('',(-0.997564050259824,0.0697564737441269,0.));
#11375=DIRECTION('',(-0.069756473744127,-0.997564050259824,0.));
#11376=DIRECTION('',(0.0697564737441269,0.997564050259824,0.));
#11377=DIRECTION('',(0.,0.,-1.));
#11378=DIRECTION('',(0.,0.,-1.));
#11379=DIRECTION('',(-0.0697564737441268,-0.997564050259824,0.));
#11380=DIRECTION('',(0.997564050259824,-0.0697564737441268,0.));
#11381=DIRECTION('',(-0.997564050259824,0.0697564737441268,0.));
#11382=DIRECTION('',(0.,0.,-1.));
#11383=DIRECTION('',(-0.997564050259824,0.069756473744127,0.));
#11384=DIRECTION('',(-0.069756473744127,-0.997564050259824,0.));
#11385=DIRECTION('',(0.069756473744127,0.997564050259824,0.));
#11386=DIRECTION('',(0.,0.,-1.));
#11387=DIRECTION('',(-0.997564050259824,0.069756473744127,0.));
#11388=DIRECTION('',(-0.069756473744127,-0.997564050259824,0.));
#11389=DIRECTION('',(0.069756473744127,0.997564050259824,0.));
#11390=DIRECTION('',(0.,0.,-1.));
#11391=DIRECTION('',(0.,0.,-1.));
#11392=DIRECTION('',(-0.0697564737441268,-0.997564050259824,0.));
#11393=DIRECTION('',(0.997564050259824,-0.0697564737441268,0.));
#11394=DIRECTION('',(-0.997564050259824,0.0697564737441268,0.));
#11395=DIRECTION('',(0.,0.,-1.));
#11396=DIRECTION('',(-0.997564050259824,0.069756473744127,0.));
#11397=DIRECTION('',(-0.069756473744127,-0.997564050259824,0.));
#11398=DIRECTION('',(0.069756473744127,0.997564050259824,0.));
#11399=DIRECTION('',(0.,0.,-1.));
#11400=DIRECTION('',(-0.998629534754574,0.0523359562429455,0.));
#11401=DIRECTION('',(-0.0523359562429455,-0.998629534754574,0.));
#11402=DIRECTION('',(0.0523359562429455,0.998629534754574,0.));
#11403=DIRECTION('',(0.,0.,-1.));
#11404=DIRECTION('',(0.,0.,-1.));
#11405=DIRECTION('',(-0.0523359562429453,-0.998629534754574,0.));
#11406=DIRECTION('',(0.998629534754574,-0.0523359562429453,0.));
#11407=DIRECTION('',(-0.998629534754574,0.0523359562429453,0.));
#11408=DIRECTION('',(0.,0.,-1.));
#11409=DIRECTION('',(-0.998629534754574,0.0523359562429455,0.));
#11410=DIRECTION('',(-0.0523359562429456,-0.998629534754574,0.));
#11411=DIRECTION('',(0.0523359562429455,0.998629534754574,0.));
#11412=DIRECTION('',(0.,0.,-1.));
#11413=DIRECTION('',(-0.998629534754574,0.0523359562429455,0.));
#11414=DIRECTION('',(-0.0523359562429456,-0.998629534754574,0.));
#11415=DIRECTION('',(0.0523359562429455,0.998629534754574,0.));
#11416=DIRECTION('',(0.,0.,-1.));
#11417=DIRECTION('',(0.,0.,-1.));
#11418=DIRECTION('',(-0.0523359562429454,-0.998629534754574,0.));
#11419=DIRECTION('',(0.998629534754574,-0.0523359562429454,0.));
#11420=DIRECTION('',(-0.998629534754574,0.0523359562429454,0.));
#11421=DIRECTION('',(0.,0.,-1.));
#11422=DIRECTION('',(-0.998629534754574,0.0523359562429456,0.));
#11423=DIRECTION('',(-0.0523359562429456,-0.998629534754574,0.));
#11424=DIRECTION('',(0.0523359562429456,0.998629534754574,0.));
#11425=DIRECTION('',(0.,0.,-1.));
#11426=DIRECTION('',(-0.998629534754574,0.0523359562429455,0.));
#11427=DIRECTION('',(-0.0523359562429456,-0.998629534754574,0.));
#11428=DIRECTION('',(0.0523359562429455,0.998629534754574,0.));
#11429=DIRECTION('',(0.,0.,-1.));
#11430=DIRECTION('',(0.,0.,-1.));
#11431=DIRECTION('',(-0.0523359562429453,-0.998629534754574,0.));
#11432=DIRECTION('',(0.998629534754574,-0.0523359562429453,0.));
#11433=DIRECTION('',(-0.998629534754574,0.0523359562429453,0.));
#11434=DIRECTION('',(0.,0.,-1.));
#11435=DIRECTION('',(-0.998629534754574,0.0523359562429455,0.));
#11436=DIRECTION('',(-0.0523359562429455,-0.998629534754574,0.));
#11437=DIRECTION('',(0.0523359562429455,0.998629534754574,0.));
#11438=DIRECTION('',(0.,0.,-1.));
#11439=DIRECTION('',(-0.997564050259824,0.0697564737441269,0.));
#11440=DIRECTION('',(-0.0697564737441269,-0.997564050259824,0.));
#11441=DIRECTION('',(0.0697564737441269,0.997564050259824,0.));
#11442=DIRECTION('',(0.,0.,-1.));
#11443=DIRECTION('',(0.,0.,-1.));
#11444=DIRECTION('',(-0.0697564737441269,-0.997564050259824,0.));
#11445=DIRECTION('',(0.997564050259824,-0.0697564737441269,0.));
#11446=DIRECTION('',(-0.997564050259824,0.0697564737441269,0.));
#11447=DIRECTION('',(0.,0.,-1.));
#11448=DIRECTION('',(-0.997564050259824,0.069756473744127,0.));
#11449=DIRECTION('',(-0.069756473744127,-0.997564050259824,0.));
#11450=DIRECTION('',(0.069756473744127,0.997564050259824,0.));
#11451=DIRECTION('',(0.,0.,-1.));
#11452=DIRECTION('',(-0.998629534754574,0.0523359562429455,0.));
#11453=DIRECTION('',(-0.0523359562429455,-0.998629534754574,0.));
#11454=DIRECTION('',(0.0523359562429455,0.998629534754574,0.));
#11455=DIRECTION('',(0.,0.,-1.));
#11456=DIRECTION('',(0.,0.,-1.));
#11457=DIRECTION('',(-0.0523359562429455,-0.998629534754574,0.));
#11458=DIRECTION('',(0.998629534754574,-0.0523359562429456,0.));
#11459=DIRECTION('',(-0.998629534754574,0.0523359562429455,0.));
#11460=DIRECTION('',(0.,0.,-1.));
#11461=DIRECTION('',(-0.998629534754574,0.0523359562429455,0.));
#11462=DIRECTION('',(-0.0523359562429455,-0.998629534754574,0.));
#11463=DIRECTION('',(0.0523359562429455,0.998629534754574,0.));
#11464=DIRECTION('',(0.,0.,-1.));
#11465=DIRECTION('',(-0.999390827019096,0.0348994967025027,0.));
#11466=DIRECTION('',(-0.0348994967025027,-0.999390827019096,0.));
#11467=DIRECTION('',(0.0348994967025027,0.999390827019096,0.));
#11468=DIRECTION('',(0.,0.,-1.));
#11469=DIRECTION('',(0.,0.,-1.));
#11470=DIRECTION('',(-0.0348994967025025,-0.999390827019096,0.));
#11471=DIRECTION('',(0.999390827019096,-0.0348994967025025,0.));
#11472=DIRECTION('',(-0.999390827019096,0.0348994967025025,0.));
#11473=DIRECTION('',(0.,0.,-1.));
#11474=DIRECTION('',(-0.999390827019096,0.0348994967025026,0.));
#11475=DIRECTION('',(-0.0348994967025026,-0.999390827019096,0.));
#11476=DIRECTION('',(0.0348994967025026,0.999390827019096,0.));
#11477=DIRECTION('',(0.,0.,-1.));
#11478=DIRECTION('',(-0.999390827019096,0.0348994967025027,0.));
#11479=DIRECTION('',(-0.0348994967025027,-0.999390827019096,0.));
#11480=DIRECTION('',(0.0348994967025027,0.999390827019096,0.));
#11481=DIRECTION('',(0.,0.,-1.));
#11482=DIRECTION('',(0.,0.,-1.));
#11483=DIRECTION('',(-0.0348994967025025,-0.999390827019096,0.));
#11484=DIRECTION('',(0.999390827019096,-0.0348994967025025,0.));
#11485=DIRECTION('',(-0.999390827019096,0.0348994967025025,0.));
#11486=DIRECTION('',(0.,0.,-1.));
#11487=DIRECTION('',(-0.999390827019096,0.0348994967025026,0.));
#11488=DIRECTION('',(-0.0348994967025026,-0.999390827019096,0.));
#11489=DIRECTION('',(0.0348994967025026,0.999390827019096,0.));
#11490=DIRECTION('',(0.,0.,-1.));
#11491=DIRECTION('',(-0.999390827019096,0.0348994967025027,0.));
#11492=DIRECTION('',(-0.0348994967025027,-0.999390827019096,0.));
#11493=DIRECTION('',(0.0348994967025027,0.999390827019096,0.));
#11494=DIRECTION('',(0.,0.,-1.));
#11495=DIRECTION('',(0.,0.,-1.));
#11496=DIRECTION('',(-0.0348994967025025,-0.999390827019096,0.));
#11497=DIRECTION('',(0.999390827019096,-0.0348994967025025,0.));
#11498=DIRECTION('',(-0.999390827019096,0.0348994967025025,0.));
#11499=DIRECTION('',(0.,0.,-1.));
#11500=DIRECTION('',(-0.999390827019096,0.0348994967025026,0.));
#11501=DIRECTION('',(-0.0348994967025026,-0.999390827019096,0.));
#11502=DIRECTION('',(0.0348994967025026,0.999390827019096,0.));
#11503=DIRECTION('',(0.,0.,-1.));
#11504=DIRECTION('',(-0.999390827019096,0.0348994967025027,0.));
#11505=DIRECTION('',(-0.0348994967025027,-0.999390827019096,0.));
#11506=DIRECTION('',(0.0348994967025027,0.999390827019096,0.));
#11507=DIRECTION('',(0.,0.,-1.));
#11508=DIRECTION('',(0.,0.,-1.));
#11509=DIRECTION('',(-0.0348994967025025,-0.999390827019096,0.));
#11510=DIRECTION('',(0.999390827019096,-0.0348994967025025,0.));
#11511=DIRECTION('',(-0.999390827019096,0.0348994967025025,0.));
#11512=DIRECTION('',(0.,0.,-1.));
#11513=DIRECTION('',(-0.999390827019096,0.0348994967025027,0.));
#11514=DIRECTION('',(-0.0348994967025027,-0.999390827019096,0.));
#11515=DIRECTION('',(0.0348994967025027,0.999390827019096,0.));
#11516=DIRECTION('',(0.,0.,-1.));
#11517=DIRECTION('',(-0.999847695156391,0.0174524064372842,0.));
#11518=DIRECTION('',(-0.0174524064372842,-0.999847695156391,0.));
#11519=DIRECTION('',(0.0174524064372842,0.999847695156391,0.));
#11520=DIRECTION('',(0.,0.,-1.));
#11521=DIRECTION('',(0.,0.,-1.));
#11522=DIRECTION('',(-0.017452406437284,-0.999847695156391,0.));
#11523=DIRECTION('',(0.999847695156391,-0.017452406437284,0.));
#11524=DIRECTION('',(-0.999847695156391,0.017452406437284,0.));
#11525=DIRECTION('',(0.,0.,-1.));
#11526=DIRECTION('',(-0.999847695156391,0.017452406437284,0.));
#11527=DIRECTION('',(-0.017452406437284,-0.999847695156391,0.));
#11528=DIRECTION('',(0.017452406437284,0.999847695156391,0.));
#11529=DIRECTION('',(0.,0.,-1.));
#11530=DIRECTION('',(-0.999847695156391,0.0174524064372842,0.));
#11531=DIRECTION('',(-0.0174524064372842,-0.999847695156391,0.));
#11532=DIRECTION('',(0.0174524064372842,0.999847695156391,0.));
#11533=DIRECTION('',(0.,0.,-1.));
#11534=DIRECTION('',(0.,0.,-1.));
#11535=DIRECTION('',(-0.0174524064372839,-0.999847695156391,0.));
#11536=DIRECTION('',(0.999847695156391,-0.0174524064372839,0.));
#11537=DIRECTION('',(-0.999847695156391,0.0174524064372839,0.));
#11538=DIRECTION('',(0.,0.,-1.));
#11539=DIRECTION('',(-0.999847695156391,0.017452406437284,0.));
#11540=DIRECTION('',(-0.017452406437284,-0.999847695156391,0.));
#11541=DIRECTION('',(0.017452406437284,0.999847695156391,0.));
#11542=DIRECTION('',(0.,0.,-1.));
#11543=DIRECTION('',(-0.999847695156391,0.0174524064372842,0.));
#11544=DIRECTION('',(-0.0174524064372842,-0.999847695156391,0.));
#11545=DIRECTION('',(0.0174524064372842,0.999847695156391,0.));
#11546=DIRECTION('',(0.,0.,-1.));
#11547=DIRECTION('',(0.,0.,-1.));
#11548=DIRECTION('',(-0.017452406437284,-0.999847695156391,0.));
#11549=DIRECTION('',(0.999847695156391,-0.017452406437284,0.));
#11550=DIRECTION('',(-0.999847695156391,0.017452406437284,0.));
#11551=DIRECTION('',(0.,0.,-1.));
#11552=DIRECTION('',(-0.999847695156391,0.017452406437284,0.));
#11553=DIRECTION('',(-0.017452406437284,-0.999847695156391,0.));
#11554=DIRECTION('',(0.017452406437284,0.999847695156391,0.));
#11555=DIRECTION('',(0.,0.,-1.));
#11556=DIRECTION('',(-0.999847695156391,0.0174524064372842,0.));
#11557=DIRECTION('',(-0.0174524064372842,-0.999847695156391,0.));
#11558=DIRECTION('',(0.0174524064372842,0.999847695156391,0.));
#11559=DIRECTION('',(0.,0.,-1.));
#11560=DIRECTION('',(0.,0.,-1.));
#11561=DIRECTION('',(-0.0174524064372838,-0.999847695156391,0.));
#11562=DIRECTION('',(0.999847695156391,-0.0174524064372838,0.));
#11563=DIRECTION('',(-0.999847695156391,0.0174524064372838,0.));
#11564=DIRECTION('',(0.,0.,-1.));
#11565=DIRECTION('',(-0.999847695156391,0.017452406437284,0.));
#11566=DIRECTION('',(-0.017452406437284,-0.999847695156391,0.));
#11567=DIRECTION('',(0.017452406437284,0.999847695156391,0.));
#11568=DIRECTION('',(0.,0.,-1.));
#11569=DIRECTION('',(-1.,4.95635278850516E-16,0.));
#11570=DIRECTION('',(-4.95635278850516E-16,-1.,0.));
#11571=DIRECTION('',(4.95635278850516E-16,1.,0.));
#11572=DIRECTION('',(0.,0.,-1.));
#11573=DIRECTION('',(0.,0.,-1.));
#11574=DIRECTION('',(0.,-1.,0.));
#11575=DIRECTION('',(0.,0.,-1.));
#11576=DIRECTION('',(-1.,0.,0.));
#11577=DIRECTION('',(0.,0.,-1.));
#11578=DIRECTION('',(-1.,0.,0.));
#11579=DIRECTION('',(0.,0.,1.));
#11580=DIRECTION('',(0.,1.,0.));
#11581=DIRECTION('',(0.,0.,-1.));
#11582=DIRECTION('',(-1.,4.95635278850516E-16,0.));
#11583=DIRECTION('',(-4.95635278850516E-16,-1.,0.));
#11584=DIRECTION('',(4.95635278850516E-16,1.,0.));
#11585=DIRECTION('',(0.,0.,-1.));
#11586=DIRECTION('',(0.,0.,-1.));
#11587=DIRECTION('',(-1.23908819712629E-16,-1.,0.));
#11588=DIRECTION('',(1.,-1.23908819712629E-16,0.));
#11589=DIRECTION('',(-1.,1.23908819712629E-16,0.));
#11590=DIRECTION('',(0.,0.,-1.));
#11591=DIRECTION('',(-1.,0.,0.));
#11592=DIRECTION('',(0.,0.,1.));
#11593=DIRECTION('',(0.,1.,0.));
#11594=DIRECTION('',(0.,0.,-1.));
#11595=DIRECTION('',(-1.,4.95635278850516E-16,0.));
#11596=DIRECTION('',(-4.95635278850516E-16,-1.,0.));
#11597=DIRECTION('',(4.95635278850516E-16,1.,0.));
#11598=DIRECTION('',(0.,0.,-1.));
#11599=DIRECTION('',(0.,0.,-1.));
#11600=DIRECTION('',(-1.23908819712629E-16,-1.,0.));
#11601=DIRECTION('',(1.,-1.23908819712629E-16,0.));
#11602=DIRECTION('',(-1.,1.23908819712629E-16,0.));
#11603=DIRECTION('',(0.,0.,-1.));
#11604=DIRECTION('',(-1.,0.,0.));
#11605=DIRECTION('',(0.,0.,1.));
#11606=DIRECTION('',(0.,1.,0.));
#11607=DIRECTION('',(0.,0.,-1.));
#11608=DIRECTION('',(-1.,4.95635278850517E-16,0.));
#11609=DIRECTION('',(-4.95635278850517E-16,-1.,0.));
#11610=DIRECTION('',(4.95635278850517E-16,1.,0.));
#11611=DIRECTION('',(0.,0.,-1.));
#11612=DIRECTION('',(0.,0.,-1.));
#11613=DIRECTION('',(0.,-1.,0.));
#11614=DIRECTION('',(0.,0.,-1.));
#11615=DIRECTION('',(-1.,0.,0.));
#11616=DIRECTION('',(0.,0.,-1.));
#11617=DIRECTION('',(-1.,0.,0.));
#11618=DIRECTION('',(0.,0.,1.));
#11619=DIRECTION('',(0.,1.,0.));
#11620=DIRECTION('',(0.,0.,-1.));
#11621=DIRECTION('',(-1.,0.,0.));
#11622=DIRECTION('',(0.,0.,1.));
#11623=DIRECTION('',(0.,1.,0.));
#11624=DIRECTION('',(0.,0.,-1.));
#11625=DIRECTION('',(0.,0.,-1.));
#11626=DIRECTION('',(0.,-1.,0.));
#11627=DIRECTION('',(0.,0.,-1.));
#11628=DIRECTION('',(-1.,0.,0.));
#11629=DIRECTION('',(0.,0.,-1.));
#11630=DIRECTION('',(-1.,0.,0.));
#11631=DIRECTION('',(0.,0.,1.));
#11632=DIRECTION('',(0.,1.,0.));
#11633=DIRECTION('',(0.,0.,-1.));
#11634=DIRECTION('',(-1.,0.,0.));
#11635=DIRECTION('',(0.,0.,1.));
#11636=DIRECTION('',(0.,1.,0.));
#11637=DIRECTION('',(0.,0.,-1.));
#11638=DIRECTION('',(0.,0.,-1.));
#11639=DIRECTION('',(-1.23908819712629E-16,-1.,0.));
#11640=DIRECTION('',(1.,-1.23908819712629E-16,0.));
#11641=DIRECTION('',(-1.,1.23908819712629E-16,0.));
#11642=DIRECTION('',(0.,0.,-1.));
#11643=DIRECTION('',(-1.,0.,0.));
#11644=DIRECTION('',(0.,0.,1.));
#11645=DIRECTION('',(0.,1.,0.));
#11646=DIRECTION('',(0.,0.,-1.));
#11647=DIRECTION('',(-1.,0.,0.));
#11648=DIRECTION('',(0.,0.,1.));
#11649=DIRECTION('',(0.,1.,0.));
#11650=DIRECTION('',(0.,0.,-1.));
#11651=DIRECTION('',(0.,0.,-1.));
#11652=DIRECTION('',(-1.23908819712629E-16,-1.,0.));
#11653=DIRECTION('',(1.,-1.23908819712629E-16,0.));
#11654=DIRECTION('',(-1.,1.23908819712629E-16,0.));
#11655=DIRECTION('',(0.,0.,-1.));
#11656=DIRECTION('',(-1.,0.,0.));
#11657=DIRECTION('',(0.,0.,1.));
#11658=DIRECTION('',(0.,1.,0.));
#11659=DIRECTION('',(0.,0.,-1.));
#11660=DIRECTION('',(-1.,0.,0.));
#11661=DIRECTION('',(0.,0.,1.));
#11662=DIRECTION('',(0.,1.,0.));
#11663=DIRECTION('',(0.,0.,-1.));
#11664=DIRECTION('',(0.,0.,-1.));
#11665=DIRECTION('',(0.,-1.,0.));
#11666=DIRECTION('',(0.,0.,-1.));
#11667=DIRECTION('',(-1.,0.,0.));
#11668=DIRECTION('',(0.,0.,-1.));
#11669=DIRECTION('',(-1.,0.,0.));
#11670=DIRECTION('',(0.,0.,1.));
#11671=DIRECTION('',(0.,1.,0.));
#11672=DIRECTION('',(0.,0.,-1.));
#11673=DIRECTION('',(0.,1.,0.));
#11674=DIRECTION('',(0.,0.,1.));
#11675=DIRECTION('',(1.,0.,0.));
#11676=DIRECTION('',(0.,0.,-1.));
#11677=DIRECTION('',(0.,0.,-1.));
#11678=DIRECTION('',(1.,0.,0.));
#11679=DIRECTION('',(0.,0.,-1.));
#11680=DIRECTION('',(0.,-1.,0.));
#11681=DIRECTION('',(0.,0.,-1.));
#11682=DIRECTION('',(0.,1.,0.));
#11683=DIRECTION('',(0.,0.,1.));
#11684=DIRECTION('',(1.,0.,0.));
#11685=DIRECTION('',(0.,0.,-1.));
#11686=DIRECTION('',(0.,0.,-1.));
#11687=DIRECTION('',(-1.,0.,0.));
#11688=DIRECTION('',(0.,0.,1.));
#11689=DIRECTION('',(1.,0.,0.));
#11690=DIRECTION('',(0.,0.,-1.));
#11691=DIRECTION('',(-1.,0.,0.));
#11692=DIRECTION('',(0.,0.,1.));
#11693=DIRECTION('',(0.,1.,0.));
#11694=DIRECTION('',(0.,0.,-1.));
#11695=DIRECTION('',(0.,0.,-1.));
#11696=DIRECTION('',(-1.,0.,0.));
#11697=DIRECTION('',(0.,0.,1.));
#11698=DIRECTION('',(1.,0.,0.));
#11699=DIRECTION('',(0.,0.,-1.));
#11700=DIRECTION('',(-0.0256326041990903,-0.999671430822134,0.));
#11701=DIRECTION('',(0.999671430822134,-0.0256326041990903,0.));
#11702=DIRECTION('',(-0.999671430822134,0.0256326041990903,0.));
#11703=DIRECTION('',(0.,0.,1.));
#11704=DIRECTION('',(0.,0.,-1.));
#11705=DIRECTION('',(-1.,0.,0.));
#11706=DIRECTION('',(0.,0.,1.));
#11707=DIRECTION('',(1.,0.,0.));
#11708=DIRECTION('',(0.,0.,-1.));
#11709=DIRECTION('',(-0.637745978341192,-0.770246757286025,0.));
#11710=DIRECTION('',(0.770246757286025,-0.637745978341192,0.));
#11711=DIRECTION('',(-0.770246757286025,0.637745978341192,0.));
#11712=DIRECTION('',(0.,0.,-1.));
#11713=DIRECTION('',(0.,0.,-1.));
#11714=DIRECTION('',(-1.,0.,0.));
#11715=DIRECTION('',(0.,0.,1.));
#11716=DIRECTION('',(1.,0.,0.));
#11717=DIRECTION('',(0.,0.,-1.));
#11718=DIRECTION('',(-0.0217339896204682,-0.999763788949758,0.));
#11719=DIRECTION('',(0.999763788949759,-0.0217339896204682,0.));
#11720=DIRECTION('',(-0.999763788949759,0.0217339896204682,0.));
#11721=DIRECTION('',(0.,0.,-1.));
#11722=DIRECTION('',(0.,0.,-1.));
#11723=DIRECTION('',(-1.,0.,0.));
#11724=DIRECTION('',(0.,0.,1.));
#11725=DIRECTION('',(1.,0.,0.));
#11726=DIRECTION('',(0.,0.,-1.));
#11727=DIRECTION('',(0.363089370998546,-0.931754317761866,0.));
#11728=DIRECTION('',(0.931754317761866,0.363089370998546,0.));
#11729=DIRECTION('',(-0.931754317761866,-0.363089370998546,0.));
#11730=DIRECTION('',(0.,0.,-1.));
#11731=DIRECTION('',(0.,0.,-1.));
#11732=DIRECTION('',(-1.,0.,0.));
#11733=DIRECTION('',(0.,0.,1.));
#11734=DIRECTION('',(1.,0.,0.));
#11735=DIRECTION('',(0.,0.,-1.));
#11736=DIRECTION('',(1.95822816649505E-16,-1.,0.));
#11737=DIRECTION('',(1.,1.95822816649505E-16,0.));
#11738=DIRECTION('',(-1.,-1.95822816649505E-16,0.));
#11739=DIRECTION('',(0.,0.,-1.));
#11740=DIRECTION('',(0.,0.,-1.));
#11741=DIRECTION('',(-1.,0.,0.));
#11742=DIRECTION('',(0.,0.,1.));
#11743=DIRECTION('',(1.,0.,0.));
#11744=DIRECTION('',(0.,0.,-1.));
#11745=DIRECTION('',(0.999912377236387,-0.0132377433680172,0.));
#11746=DIRECTION('',(0.0132377433680172,0.999912377236387,0.));
#11747=DIRECTION('',(-0.0132377433680172,-0.999912377236387,0.));
#11748=DIRECTION('',(0.,0.,-1.));
#11749=DIRECTION('',(0.,0.,-1.));
#11750=DIRECTION('',(-1.,0.,0.));
#11751=DIRECTION('',(0.,0.,1.));
#11752=DIRECTION('',(1.,0.,0.));
#11753=DIRECTION('',(0.,0.,-1.));
#11754=DIRECTION('',(0.820701396493759,-0.571357346844507,0.));
#11755=DIRECTION('',(0.571357346844507,0.820701396493759,0.));
#11756=DIRECTION('',(-0.571357346844507,-0.820701396493759,0.));
#11757=DIRECTION('',(0.,0.,-1.));
#11758=DIRECTION('',(0.,0.,-1.));
#11759=DIRECTION('',(-1.,0.,0.));
#11760=DIRECTION('',(0.,0.,1.));
#11761=DIRECTION('',(1.,0.,0.));
#11762=DIRECTION('',(0.,0.,-1.));
#11763=DIRECTION('',(1.,0.,0.));
#11764=DIRECTION('',(0.,0.,-1.));
#11765=DIRECTION('',(0.,-1.,0.));
#11766=DIRECTION('',(0.,0.,-1.));
#11767=DIRECTION('',(0.,0.,-1.));
#11768=DIRECTION('',(-1.,0.,0.));
#11769=DIRECTION('',(0.,0.,1.));
#11770=DIRECTION('',(1.,0.,0.));
#11771=DIRECTION('',(0.,0.,-1.));
#11772=DIRECTION('',(0.814309219625438,-0.580431300700616,0.));
#11773=DIRECTION('',(0.580431300700617,0.814309219625439,0.));
#11774=DIRECTION('',(-0.580431300700617,-0.814309219625439,0.));
#11775=DIRECTION('',(0.,0.,-1.));
#11776=DIRECTION('',(0.,0.,-1.));
#11777=DIRECTION('',(-1.,0.,0.));
#11778=DIRECTION('',(0.,0.,1.));
#11779=DIRECTION('',(1.,0.,0.));
#11780=DIRECTION('',(0.,0.,-1.));
#11781=DIRECTION('',(1.,0.,0.));
#11782=DIRECTION('',(0.,0.,-1.));
#11783=DIRECTION('',(0.,-1.,0.));
#11784=DIRECTION('',(0.,0.,-1.));
#11785=DIRECTION('',(0.,0.,-1.));
#11786=DIRECTION('',(-1.,0.,0.));
#11787=DIRECTION('',(0.,0.,1.));
#11788=DIRECTION('',(1.,0.,0.));
#11789=DIRECTION('',(0.,0.,-1.));
#11790=DIRECTION('',(-0.00651206579189465,0.999978796274762,0.));
#11791=DIRECTION('',(-0.999978796274762,-0.00651206579189465,0.));
#11792=DIRECTION('',(0.999978796274762,0.00651206579189465,0.));
#11793=DIRECTION('',(0.,0.,-1.));
#11794=DIRECTION('',(0.,0.,-1.));
#11795=DIRECTION('',(-1.,0.,0.));
#11796=DIRECTION('',(0.,0.,1.));
#11797=DIRECTION('',(1.,0.,0.));
#11798=DIRECTION('',(0.,0.,-1.));
#11799=DIRECTION('',(0.582352404939883,0.812936452904367,0.));
#11800=DIRECTION('',(-0.812936452904367,0.582352404939883,0.));
#11801=DIRECTION('',(0.812936452904367,-0.582352404939883,0.));
#11802=DIRECTION('',(0.,0.,-1.));
#11803=DIRECTION('',(0.,0.,-1.));
#11804=DIRECTION('',(-1.,0.,0.));
#11805=DIRECTION('',(0.,0.,1.));
#11806=DIRECTION('',(1.,0.,0.));
#11807=DIRECTION('',(0.,0.,-1.));
#11808=DIRECTION('',(0.135111330039833,0.990830423682513,0.));
#11809=DIRECTION('',(-0.990830423682513,0.135111330039833,0.));
#11810=DIRECTION('',(0.990830423682513,-0.135111330039833,0.));
#11811=DIRECTION('',(0.,0.,-1.));
#11812=DIRECTION('',(0.,0.,-1.));
#11813=DIRECTION('',(-1.,0.,0.));
#11814=DIRECTION('',(0.,0.,1.));
#11815=DIRECTION('',(1.,0.,0.));
#11816=DIRECTION('',(0.,0.,-1.));
#11817=DIRECTION('',(-0.925982586306242,0.377566219169039,0.));
#11818=DIRECTION('',(-0.377566219169039,-0.925982586306242,0.));
#11819=DIRECTION('',(0.377566219169039,0.925982586306242,0.));
#11820=DIRECTION('',(0.,0.,-1.));
#11821=DIRECTION('',(0.,0.,-1.));
#11822=DIRECTION('',(-1.,0.,0.));
#11823=DIRECTION('',(0.,0.,1.));
#11824=DIRECTION('',(1.,0.,0.));
#11825=DIRECTION('',(0.,0.,-1.));
#11826=DIRECTION('',(-0.959047877777643,0.283244008109968,0.));
#11827=DIRECTION('',(-0.283244008109968,-0.959047877777643,0.));
#11828=DIRECTION('',(0.283244008109968,0.959047877777643,0.));
#11829=DIRECTION('',(0.,0.,-1.));
#11830=DIRECTION('',(0.,0.,-1.));
#11831=DIRECTION('',(-1.,0.,0.));
#11832=DIRECTION('',(0.,0.,1.));
#11833=DIRECTION('',(1.,0.,0.));
#11834=DIRECTION('',(0.,0.,-1.));
#11835=DIRECTION('',(1.,0.,0.));
#11836=DIRECTION('',(0.,0.,-1.));
#11837=DIRECTION('',(0.,-1.,0.));
#11838=DIRECTION('',(0.,0.,-1.));
#11839=DIRECTION('',(0.,0.,-1.));
#11840=DIRECTION('',(-1.,0.,0.));
#11841=DIRECTION('',(0.,0.,1.));
#11842=DIRECTION('',(1.,0.,0.));
#11843=DIRECTION('',(0.,0.,-1.));
#11844=DIRECTION('',(-1.,0.,0.));
#11845=DIRECTION('',(0.,0.,1.));
#11846=DIRECTION('',(1.,0.,0.));
#11847=DIRECTION('',(0.,0.,-1.));
#11848=DIRECTION('',(-1.,0.,0.));
#11849=DIRECTION('',(0.,0.,1.));
#11850=DIRECTION('',(1.,0.,0.));
#11851=DIRECTION('',(0.,0.,-1.));
#11852=DIRECTION('',(-1.,0.,0.));
#11853=DIRECTION('',(0.,0.,1.));
#11854=DIRECTION('',(1.,0.,0.));
#11855=DIRECTION('',(-0.173648177666931,-0.984807753012208,0.));
#11856=DIRECTION('',(0.984807753012208,-0.173648177666931,0.));
#11857=DIRECTION('',(-0.984807753012208,0.173648177666931,0.));
#11858=DIRECTION('',(-0.121869343405148,-0.992546151641322,0.));
#11859=DIRECTION('',(0.992546151641322,-0.121869343405148,0.));
#11860=DIRECTION('',(-0.992546151641322,0.121869343405148,0.));
#11861=DIRECTION('',(-0.0697564737441254,-0.997564050259824,0.));
#11862=DIRECTION('',(0.997564050259824,-0.0697564737441255,0.));
#11863=DIRECTION('',(-0.997564050259824,0.0697564737441255,0.));
#11864=DIRECTION('',(-0.0523359562429438,-0.998629534754574,0.));
#11865=DIRECTION('',(0.998629534754574,-0.0523359562429438,0.));
#11866=DIRECTION('',(-0.998629534754574,0.0523359562429438,0.));
#11867=DIRECTION('',(-0.0697564737441267,-0.997564050259824,0.));
#11868=DIRECTION('',(0.997564050259824,-0.0697564737441267,0.));
#11869=DIRECTION('',(-0.997564050259824,0.0697564737441267,0.));
#11870=DIRECTION('',(-0.0697564737441269,-0.997564050259824,0.));
#11871=DIRECTION('',(0.997564050259824,-0.0697564737441269,0.));
#11872=DIRECTION('',(-0.997564050259824,0.0697564737441269,0.));
#11873=DIRECTION('',(-0.0697564737441268,-0.997564050259824,0.));
#11874=DIRECTION('',(0.997564050259824,-0.0697564737441268,0.));
#11875=DIRECTION('',(-0.997564050259824,0.0697564737441268,0.));
#11876=DIRECTION('',(-0.0523359562429453,-0.998629534754574,0.));
#11877=DIRECTION('',(0.998629534754574,-0.0523359562429453,0.));
#11878=DIRECTION('',(-0.998629534754574,0.0523359562429453,0.));
#11879=DIRECTION('',(-0.0523359562429453,-0.998629534754574,0.));
#11880=DIRECTION('',(0.998629534754574,-0.0523359562429453,0.));
#11881=DIRECTION('',(-0.998629534754574,0.0523359562429453,0.));
#11882=DIRECTION('',(-0.0523359562429455,-0.998629534754574,0.));
#11883=DIRECTION('',(0.998629534754574,-0.0523359562429455,0.));
#11884=DIRECTION('',(-0.998629534754574,0.0523359562429455,0.));
#11885=DIRECTION('',(-0.0697564737441268,-0.997564050259824,0.));
#11886=DIRECTION('',(0.997564050259824,-0.0697564737441268,0.));
#11887=DIRECTION('',(-0.997564050259824,0.0697564737441268,0.));
#11888=DIRECTION('',(-0.0523359562429455,-0.998629534754574,0.));
#11889=DIRECTION('',(0.998629534754574,-0.0523359562429456,0.));
#11890=DIRECTION('',(-0.998629534754574,0.0523359562429455,0.));
#11891=DIRECTION('',(-0.0348994967025025,-0.999390827019096,0.));
#11892=DIRECTION('',(0.999390827019096,-0.0348994967025025,0.));
#11893=DIRECTION('',(-0.999390827019096,0.0348994967025025,0.));
#11894=DIRECTION('',(-0.0348994967025025,-0.999390827019096,0.));
#11895=DIRECTION('',(0.999390827019096,-0.0348994967025025,0.));
#11896=DIRECTION('',(-0.999390827019096,0.0348994967025025,0.));
#11897=DIRECTION('',(-0.0348994967025025,-0.999390827019096,0.));
#11898=DIRECTION('',(0.999390827019096,-0.0348994967025025,0.));
#11899=DIRECTION('',(-0.999390827019096,0.0348994967025025,0.));
#11900=DIRECTION('',(-0.0348994967025025,-0.999390827019096,0.));
#11901=DIRECTION('',(0.999390827019096,-0.0348994967025025,0.));
#11902=DIRECTION('',(-0.999390827019096,0.0348994967025025,0.));
#11903=DIRECTION('',(-0.0174524064372839,-0.999847695156391,0.));
#11904=DIRECTION('',(0.999847695156391,-0.0174524064372839,0.));
#11905=DIRECTION('',(-0.999847695156391,0.0174524064372839,0.));
#11906=DIRECTION('',(-0.0174524064372839,-0.999847695156391,0.));
#11907=DIRECTION('',(0.999847695156391,-0.0174524064372839,0.));
#11908=DIRECTION('',(-0.999847695156391,0.0174524064372839,0.));
#11909=DIRECTION('',(-0.0174524064372843,-0.999847695156391,0.));
#11910=DIRECTION('',(0.999847695156391,-0.0174524064372843,0.));
#11911=DIRECTION('',(-0.999847695156391,0.0174524064372843,0.));
#11912=DIRECTION('',(-0.0174524064372843,-0.999847695156391,0.));
#11913=DIRECTION('',(0.999847695156391,-0.0174524064372843,0.));
#11914=DIRECTION('',(-0.999847695156391,0.0174524064372843,0.));
#11915=DIRECTION('',(-1.23908819712629E-16,-1.,0.));
#11916=DIRECTION('',(1.,-1.23908819712629E-16,0.));
#11917=DIRECTION('',(-1.,1.23908819712629E-16,0.));
#11918=DIRECTION('',(-1.23908819712629E-16,-1.,0.));
#11919=DIRECTION('',(1.,-1.23908819712629E-16,0.));
#11920=DIRECTION('',(-1.,1.23908819712629E-16,0.));
#11921=DIRECTION('',(0.,-1.,0.));
#11922=DIRECTION('',(0.,0.,-1.));
#11923=DIRECTION('',(-1.,0.,0.));
#11924=DIRECTION('',(-4.95635278850516E-16,-1.,0.));
#11925=DIRECTION('',(1.,-4.95635278850516E-16,0.));
#11926=DIRECTION('',(-1.,4.95635278850516E-16,0.));
#11927=DIRECTION('',(-1.23908819712629E-16,-1.,0.));
#11928=DIRECTION('',(1.,-1.23908819712629E-16,0.));
#11929=DIRECTION('',(-1.,1.23908819712629E-16,0.));
#11930=DIRECTION('',(-1.23908819712629E-16,-1.,0.));
#11931=DIRECTION('',(1.,-1.23908819712629E-16,0.));
#11932=DIRECTION('',(-1.,1.23908819712629E-16,0.));
#11933=DIRECTION('',(0.,-1.,0.));
#11934=DIRECTION('',(0.,0.,-1.));
#11935=DIRECTION('',(-1.,0.,0.));
#11936=DIRECTION('',(-4.95635278850517E-16,-1.,0.));
#11937=DIRECTION('',(1.,-4.95635278850517E-16,0.));
#11938=DIRECTION('',(-1.,4.95635278850517E-16,0.));
#11939=DIRECTION('',(0.,0.,-1.));
#11940=DIRECTION('',(-1.,0.,0.));
#11941=DIRECTION('',(0.,0.,1.));
#11942=DIRECTION('',(1.,0.,0.));
#11943=DIRECTION('',(0.,0.,-1.));
#11944=DIRECTION('',(-1.,0.,0.));
#11945=DIRECTION('',(0.,0.,1.));
#11946=DIRECTION('',(1.,0.,0.));
#11947=DIRECTION('',(0.,0.,-1.));
#11948=DIRECTION('',(-1.,0.,0.));
#11949=DIRECTION('',(0.,0.,1.));
#11950=DIRECTION('',(1.,0.,0.));
#11951=DIRECTION('',(0.,0.,-1.));
#11952=DIRECTION('',(-1.,0.,0.));
#11953=DIRECTION('',(0.,0.,1.));
#11954=DIRECTION('',(1.,0.,0.));
#11955=DIRECTION('',(0.,0.,1.));
#11956=DIRECTION('',(1.,0.,0.));
#11957=DIRECTION('',(-0.999671430822134,0.0256326041990903,0.));
#11958=DIRECTION('',(0.0256326041990903,0.999671430822134,0.));
#11959=DIRECTION('',(0.0256326041990903,0.999671430822134,0.));
#11960=DIRECTION('',(0.999671430822134,-0.0256326041990903,0.));
#11961=DIRECTION('',(0.0256326041990903,0.999671430822134,0.));
#11962=DIRECTION('',(0.,0.,-1.));
#11963=DIRECTION('',(-0.999671430822134,0.0256326041990903,0.));
#11964=DIRECTION('',(-0.0256326041990903,-0.999671430822134,0.));
#11965=DIRECTION('',(0.,0.,1.));
#11966=DIRECTION('',(0.0256326041990903,0.999671430822134,0.));
#11967=DIRECTION('',(-0.999671430822134,0.0256326041990903,0.));
#11968=DIRECTION('',(0.,0.,1.));
#11969=DIRECTION('',(1.,0.,0.));
#11970=DIRECTION('',(1.,0.,0.));
#11971=DIRECTION('',(0.,0.,-1.));
#11972=DIRECTION('',(0.,0.,-1.));
#11973=DIRECTION('',(0.,-1.,0.));
#11974=DIRECTION('',(0.,0.,-1.));
#11975=DIRECTION('',(0.,-1.,0.));
#11976=DIRECTION('',(1.,0.,0.));
#11977=DIRECTION('',(0.,0.,-1.));
#11978=DIRECTION('',(0.,-1.,0.));
#11979=DIRECTION('',(0.,0.,-1.));
#11980=DIRECTION('',(0.,-1.,0.));
#11981=DIRECTION('',(0.,0.,-1.));
#11982=DIRECTION('',(-1.,0.,0.));
#11983=DIRECTION('',(0.,0.,1.));
#11984=DIRECTION('',(0.,1.,0.));
#11985=DIRECTION('',(0.,0.,1.));
#11986=DIRECTION('',(0.,1.,0.));
#11987=DIRECTION('',(0.,0.,-1.));
#11988=DIRECTION('',(-1.,0.,0.));
#11989=DIRECTION('',(0.,0.,1.));
#11990=DIRECTION('',(0.,1.,0.));
#11991=DIRECTION('',(0.,0.,-1.));
#11992=DIRECTION('',(0.,1.,0.));
#11993=DIRECTION('',(0.,0.,-1.));
#11994=DIRECTION('',(0.,0.,1.));
#11995=DIRECTION('',(1.,0.,0.));
#11996=DIRECTION('',(0.,0.,1.));
#11997=DIRECTION('',(1.,0.,0.));
#11998=DIRECTION('',(1.,0.,0.));
#11999=DIRECTION('',(0.,0.,1.));
#12000=DIRECTION('',(1.,0.,0.));
#12001=DIRECTION('',(-0.999671430822134,0.0256326041990902,0.));
#12002=DIRECTION('',(0.0256326041990901,0.999671430822134,0.));
#12003=DIRECTION('',(-0.999671430822134,0.0256326041990901,0.));
#12004=DIRECTION('',(0.,0.,1.));
#12005=DIRECTION('',(1.,0.,0.));
#12006=DIRECTION('',(-0.0256326041990902,-0.999671430822134,0.));
#12007=DIRECTION('',(0.999671430822134,-0.0256326041990902,0.));
#12008=DIRECTION('',(-0.999671430822134,0.0256326041990902,0.));
#12009=DIRECTION('',(0.,0.,1.));
#12010=DIRECTION('',(-0.0256326041990902,-0.999671430822134,0.));
#12011=DIRECTION('',(0.999671430822134,-0.0256326041990902,0.));
#12012=DIRECTION('',(0.999671430822134,-0.0256326041990902,0.));
#12013=DIRECTION('',(-0.0256326041990902,-0.999671430822134,0.));
#12014=DIRECTION('',(0.999671430822134,-0.0256326041990902,0.));
#12015=DIRECTION('',(0.,0.,1.));
#12016=DIRECTION('',(0.,0.,-1.));
#12017=DIRECTION('',(-0.999671430822134,0.0256326041990902,0.));
#12018=DIRECTION('',(0.,0.,-1.));
#12019=DIRECTION('',(0.,0.,-1.));
#12020=DIRECTION('',(-1.,0.,0.));
#12021=DIRECTION('',(0.,0.,-1.));
#12022=DIRECTION('',(0.,0.,1.));
#12023=DIRECTION('',(1.,0.,0.));
#12024=DIRECTION('',(0.,0.,-1.));
#12025=DIRECTION('',(0.,0.,1.));
#12026=DIRECTION('',(1.,0.,0.));
#12027=DIRECTION('',(-0.637745978341192,-0.770246757286025,0.));
#12028=DIRECTION('',(0.770246757286025,-0.637745978341192,0.));
#12029=DIRECTION('',(0.,0.,-1.));
#12030=DIRECTION('',(0.770246757286025,-0.637745978341192,0.));
#12031=DIRECTION('',(-0.770246757286025,0.637745978341192,0.));
#12032=DIRECTION('',(0.,0.,-1.));
#12033=DIRECTION('',(-1.,0.,0.));
#12034=DIRECTION('',(0.,0.,-1.));
#12035=DIRECTION('',(0.,0.,1.));
#12036=DIRECTION('',(1.,0.,0.));
#12037=DIRECTION('',(0.,0.,1.));
#12038=DIRECTION('',(1.,0.,0.));
#12039=DIRECTION('',(-0.0217339896204682,-0.999763788949759,0.));
#12040=DIRECTION('',(0.999763788949759,-0.0217339896204682,0.));
#12041=DIRECTION('',(0.,0.,-1.));
#12042=DIRECTION('',(0.999763788949759,-0.0217339896204682,0.));
#12043=DIRECTION('',(-0.999763788949759,0.0217339896204682,0.));
#12044=DIRECTION('',(0.,0.,-1.));
#12045=DIRECTION('',(-1.,0.,0.));
#12046=DIRECTION('',(0.,0.,-1.));
#12047=DIRECTION('',(0.,0.,1.));
#12048=DIRECTION('',(1.,0.,0.));
#12049=DIRECTION('',(0.,0.,1.));
#12050=DIRECTION('',(1.,0.,0.));
#12051=DIRECTION('',(0.363089370998546,-0.931754317761866,0.));
#12052=DIRECTION('',(0.931754317761866,0.363089370998546,0.));
#12053=DIRECTION('',(0.,0.,-1.));
#12054=DIRECTION('',(0.931754317761866,0.363089370998546,0.));
#12055=DIRECTION('',(-0.931754317761866,-0.363089370998546,0.));
#12056=DIRECTION('',(0.,0.,-1.));
#12057=DIRECTION('',(-1.,0.,0.));
#12058=DIRECTION('',(0.,0.,-1.));
#12059=DIRECTION('',(0.,0.,1.));
#12060=DIRECTION('',(1.,0.,0.));
#12061=DIRECTION('',(0.,0.,1.));
#12062=DIRECTION('',(1.,0.,0.));
#12063=DIRECTION('',(1.89052785075522E-16,-1.,0.));
#12064=DIRECTION('',(1.,1.89052785075522E-16,0.));
#12065=DIRECTION('',(0.,0.,-1.));
#12066=DIRECTION('',(1.,1.89052785075522E-16,0.));
#12067=DIRECTION('',(-1.,-1.89052785075522E-16,0.));
#12068=DIRECTION('',(0.,0.,-1.));
#12069=DIRECTION('',(-1.,0.,0.));
#12070=DIRECTION('',(0.,0.,-1.));
#12071=DIRECTION('',(0.,0.,1.));
#12072=DIRECTION('',(1.,0.,0.));
#12073=DIRECTION('',(0.,0.,1.));
#12074=DIRECTION('',(1.,0.,0.));
#12075=DIRECTION('',(0.999912377236387,-0.013237743368017,0.));
#12076=DIRECTION('',(0.013237743368017,0.999912377236387,0.));
#12077=DIRECTION('',(0.,0.,-1.));
#12078=DIRECTION('',(0.013237743368017,0.999912377236387,0.));
#12079=DIRECTION('',(-0.013237743368017,-0.999912377236387,0.));
#12080=DIRECTION('',(0.,0.,-1.));
#12081=DIRECTION('',(-1.,0.,0.));
#12082=DIRECTION('',(0.,0.,-1.));
#12083=DIRECTION('',(0.,0.,1.));
#12084=DIRECTION('',(1.,0.,0.));
#12085=DIRECTION('',(0.,0.,1.));
#12086=DIRECTION('',(1.,0.,0.));
#12087=DIRECTION('',(0.820701396493759,-0.571357346844507,0.));
#12088=DIRECTION('',(0.571357346844507,0.820701396493759,0.));
#12089=DIRECTION('',(0.,0.,-1.));
#12090=DIRECTION('',(0.571357346844507,0.820701396493759,0.));
#12091=DIRECTION('',(-0.571357346844507,-0.820701396493759,0.));
#12092=DIRECTION('',(0.,0.,-1.));
#12093=DIRECTION('',(-1.,0.,0.));
#12094=DIRECTION('',(0.,0.,-1.));
#12095=DIRECTION('',(0.,0.,1.));
#12096=DIRECTION('',(1.,0.,0.));
#12097=DIRECTION('',(0.,0.,1.));
#12098=DIRECTION('',(1.,0.,0.));
#12099=DIRECTION('',(1.,0.,0.));
#12100=DIRECTION('',(0.,0.,-1.));
#12101=DIRECTION('',(0.,0.,-1.));
#12102=DIRECTION('',(0.,1.,0.));
#12103=DIRECTION('',(0.,-1.,0.));
#12104=DIRECTION('',(0.,0.,-1.));
#12105=DIRECTION('',(-1.,0.,0.));
#12106=DIRECTION('',(0.,0.,-1.));
#12107=DIRECTION('',(0.,0.,1.));
#12108=DIRECTION('',(1.,0.,0.));
#12109=DIRECTION('',(0.,0.,1.));
#12110=DIRECTION('',(1.,0.,0.));
#12111=DIRECTION('',(0.814309219625438,-0.580431300700617,0.));
#12112=DIRECTION('',(0.580431300700617,0.814309219625438,0.));
#12113=DIRECTION('',(0.,0.,-1.));
#12114=DIRECTION('',(0.580431300700617,0.814309219625438,0.));
#12115=DIRECTION('',(-0.580431300700617,-0.814309219625438,0.));
#12116=DIRECTION('',(0.,0.,-1.));
#12117=DIRECTION('',(-1.,0.,0.));
#12118=DIRECTION('',(0.,0.,-1.));
#12119=DIRECTION('',(0.,0.,1.));
#12120=DIRECTION('',(1.,0.,0.));
#12121=DIRECTION('',(0.,0.,1.));
#12122=DIRECTION('',(1.,0.,0.));
#12123=DIRECTION('',(1.,0.,0.));
#12124=DIRECTION('',(0.,0.,-1.));
#12125=DIRECTION('',(0.,0.,-1.));
#12126=DIRECTION('',(0.,1.,0.));
#12127=DIRECTION('',(0.,-1.,0.));
#12128=DIRECTION('',(0.,0.,-1.));
#12129=DIRECTION('',(-1.,0.,0.));
#12130=DIRECTION('',(0.,0.,-1.));
#12131=DIRECTION('',(0.,0.,1.));
#12132=DIRECTION('',(1.,0.,0.));
#12133=DIRECTION('',(0.,0.,1.));
#12134=DIRECTION('',(1.,0.,0.));
#12135=DIRECTION('',(0.00651206579189461,-0.999978796274762,0.));
#12136=DIRECTION('',(0.999978796274762,0.00651206579189461,0.));
#12137=DIRECTION('',(0.,0.,-1.));
#12138=DIRECTION('',(-0.999978796274762,-0.00651206579189461,0.));
#12139=DIRECTION('',(-0.999978796274762,-0.00651206579189461,0.));
#12140=DIRECTION('',(0.,0.,-1.));
#12141=DIRECTION('',(-1.,0.,0.));
#12142=DIRECTION('',(0.,0.,-1.));
#12143=DIRECTION('',(0.,0.,1.));
#12144=DIRECTION('',(1.,0.,0.));
#12145=DIRECTION('',(0.,0.,1.));
#12146=DIRECTION('',(1.,0.,0.));
#12147=DIRECTION('',(0.582352404939883,0.812936452904367,0.));
#12148=DIRECTION('',(-0.812936452904367,0.582352404939883,0.));
#12149=DIRECTION('',(0.,0.,-1.));
#12150=DIRECTION('',(-0.812936452904367,0.582352404939883,0.));
#12151=DIRECTION('',(0.812936452904367,-0.582352404939883,0.));
#12152=DIRECTION('',(0.,0.,-1.));
#12153=DIRECTION('',(-1.,0.,0.));
#12154=DIRECTION('',(0.,0.,-1.));
#12155=DIRECTION('',(0.,0.,1.));
#12156=DIRECTION('',(1.,0.,0.));
#12157=DIRECTION('',(0.,0.,1.));
#12158=DIRECTION('',(1.,0.,0.));
#12159=DIRECTION('',(-0.135111330039833,-0.990830423682513,0.));
#12160=DIRECTION('',(0.990830423682513,-0.135111330039833,0.));
#12161=DIRECTION('',(0.,0.,-1.));
#12162=DIRECTION('',(-0.990830423682513,0.135111330039833,0.));
#12163=DIRECTION('',(-0.990830423682513,0.135111330039833,0.));
#12164=DIRECTION('',(0.,0.,-1.));
#12165=DIRECTION('',(-1.,0.,0.));
#12166=DIRECTION('',(0.,0.,-1.));
#12167=DIRECTION('',(0.,0.,1.));
#12168=DIRECTION('',(1.,0.,0.));
#12169=DIRECTION('',(0.,0.,1.));
#12170=DIRECTION('',(1.,0.,0.));
#12171=DIRECTION('',(0.925982586306242,-0.377566219169039,0.));
#12172=DIRECTION('',(0.377566219169039,0.925982586306242,0.));
#12173=DIRECTION('',(0.,0.,-1.));
#12174=DIRECTION('',(-0.377566219169039,-0.925982586306242,0.));
#12175=DIRECTION('',(-0.377566219169039,-0.925982586306242,0.));
#12176=DIRECTION('',(0.,0.,-1.));
#12177=DIRECTION('',(-1.,0.,0.));
#12178=DIRECTION('',(0.,0.,-1.));
#12179=DIRECTION('',(0.,0.,1.));
#12180=DIRECTION('',(1.,0.,0.));
#12181=DIRECTION('',(0.,0.,1.));
#12182=DIRECTION('',(1.,0.,0.));
#12183=DIRECTION('',(0.959047877777643,-0.283244008109967,0.));
#12184=DIRECTION('',(0.283244008109967,0.959047877777643,0.));
#12185=DIRECTION('',(0.,0.,-1.));
#12186=DIRECTION('',(-0.283244008109967,-0.959047877777643,0.));
#12187=DIRECTION('',(-0.283244008109967,-0.959047877777643,0.));
#12188=DIRECTION('',(0.,0.,-1.));
#12189=DIRECTION('',(-1.,0.,0.));
#12190=DIRECTION('',(0.,0.,1.));
#12191=DIRECTION('',(1.,0.,0.));
#12192=DIRECTION('',(0.,0.,1.));
#12193=DIRECTION('',(1.,0.,0.));
#12194=DIRECTION('',(0.,0.,-1.));
#12195=DIRECTION('',(-1.,0.,0.));
#12196=DIRECTION('',(0.,0.,-1.));
#12197=DIRECTION('',(0.,0.,1.));
#12198=DIRECTION('',(1.,0.,0.));
#12199=DIRECTION('',(0.,0.,-1.));
#12200=DIRECTION('',(-1.,0.,0.));
#12201=DIRECTION('',(0.,0.,1.));
#12202=DIRECTION('',(1.,0.,0.));
#12203=DIRECTION('',(0.,0.,-1.));
#12204=DIRECTION('',(0.,0.,1.));
#12205=DIRECTION('',(1.,0.,0.));
#12206=DIRECTION('',(0.,0.,-1.));
#12207=DIRECTION('',(0.814309219625439,-0.580431300700617,0.));
#12208=DIRECTION('',(0.580431300700616,0.814309219625438,0.));
#12209=DIRECTION('',(-0.580431300700616,-0.814309219625439,0.));
#12210=DIRECTION('',(0.,0.,-1.));
#12211=DIRECTION('',(-0.580431300700616,-0.814309219625439,0.));
#12212=DIRECTION('',(0.,0.,-1.));
#12213=DIRECTION('',(-1.,0.,0.));
#12214=DIRECTION('',(0.,0.,1.));
#12215=DIRECTION('',(1.,0.,0.));
#12216=DIRECTION('',(0.,0.,-1.));
#12217=DIRECTION('',(0.,0.,1.));
#12218=DIRECTION('',(1.,0.,0.));
#12219=DIRECTION('',(1.,0.,0.));
#12220=DIRECTION('',(0.,0.,-1.));
#12221=DIRECTION('',(0.,-1.,0.));
#12222=DIRECTION('',(0.,0.,-1.));
#12223=DIRECTION('',(0.,-1.,0.));
#12224=DIRECTION('',(0.,0.,-1.));
#12225=DIRECTION('',(-1.,0.,0.));
#12226=DIRECTION('',(0.,0.,1.));
#12227=DIRECTION('',(1.,0.,0.));
#12228=DIRECTION('',(0.,0.,-1.));
#12229=DIRECTION('',(0.,0.,1.));
#12230=DIRECTION('',(1.,0.,0.));
#12231=DIRECTION('',(0.820701396493758,-0.571357346844508,0.));
#12232=DIRECTION('',(0.571357346844508,0.820701396493758,0.));
#12233=DIRECTION('',(-0.571357346844508,-0.820701396493758,0.));
#12234=DIRECTION('',(0.,0.,-1.));
#12235=DIRECTION('',(-0.571357346844508,-0.820701396493758,0.));
#12236=DIRECTION('',(0.,0.,-1.));
#12237=DIRECTION('',(-1.,0.,0.));
#12238=DIRECTION('',(0.,0.,1.));
#12239=DIRECTION('',(1.,0.,0.));
#12240=DIRECTION('',(0.,0.,-1.));
#12241=DIRECTION('',(0.,0.,1.));
#12242=DIRECTION('',(1.,0.,0.));
#12243=DIRECTION('',(0.999912377236387,-0.0132377433680172,0.));
#12244=DIRECTION('',(0.0132377433680172,0.999912377236387,0.));
#12245=DIRECTION('',(-0.0132377433680172,-0.999912377236387,0.));
#12246=DIRECTION('',(0.,0.,-1.));
#12247=DIRECTION('',(-0.0132377433680172,-0.999912377236387,0.));
#12248=DIRECTION('',(0.,0.,-1.));
#12249=DIRECTION('',(-1.,0.,0.));
#12250=DIRECTION('',(0.,0.,1.));
#12251=DIRECTION('',(1.,0.,0.));
#12252=DIRECTION('',(0.,0.,-1.));
#12253=DIRECTION('',(0.,0.,1.));
#12254=DIRECTION('',(1.,0.,0.));
#12255=DIRECTION('',(0.,-1.,0.));
#12256=DIRECTION('',(0.,0.,-1.));
#12257=DIRECTION('',(-1.,0.,0.));
#12258=DIRECTION('',(0.,0.,-1.));
#12259=DIRECTION('',(-1.,0.,0.));
#12260=DIRECTION('',(0.,0.,-1.));
#12261=DIRECTION('',(-1.,0.,0.));
#12262=DIRECTION('',(0.,0.,1.));
#12263=DIRECTION('',(1.,0.,0.));
#12264=DIRECTION('',(0.,0.,-1.));
#12265=DIRECTION('',(0.,0.,1.));
#12266=DIRECTION('',(1.,0.,0.));
#12267=DIRECTION('',(0.363089370998546,-0.931754317761866,0.));
#12268=DIRECTION('',(0.931754317761866,0.363089370998546,0.));
#12269=DIRECTION('',(-0.931754317761866,-0.363089370998546,0.));
#12270=DIRECTION('',(0.,0.,-1.));
#12271=DIRECTION('',(-0.931754317761866,-0.363089370998546,0.));
#12272=DIRECTION('',(0.,0.,-1.));
#12273=DIRECTION('',(-1.,0.,0.));
#12274=DIRECTION('',(0.,0.,1.));
#12275=DIRECTION('',(1.,0.,0.));
#12276=DIRECTION('',(0.,0.,-1.));
#12277=DIRECTION('',(0.,0.,1.));
#12278=DIRECTION('',(1.,0.,0.));
#12279=DIRECTION('',(-0.0217339896204683,-0.999763788949759,0.));
#12280=DIRECTION('',(0.999763788949759,-0.0217339896204683,0.));
#12281=DIRECTION('',(-0.999763788949759,0.0217339896204683,0.));
#12282=DIRECTION('',(0.,0.,-1.));
#12283=DIRECTION('',(-0.999763788949759,0.0217339896204683,0.));
#12284=DIRECTION('',(0.,0.,-1.));
#12285=DIRECTION('',(-1.,0.,0.));
#12286=DIRECTION('',(0.,0.,1.));
#12287=DIRECTION('',(1.,0.,0.));
#12288=DIRECTION('',(0.,0.,-1.));
#12289=DIRECTION('',(0.,0.,1.));
#12290=DIRECTION('',(1.,0.,0.));
#12291=DIRECTION('',(-0.637745978341192,-0.770246757286025,0.));
#12292=DIRECTION('',(0.770246757286025,-0.637745978341192,0.));
#12293=DIRECTION('',(-0.770246757286025,0.637745978341192,0.));
#12294=DIRECTION('',(0.,0.,-1.));
#12295=DIRECTION('',(-0.770246757286025,0.637745978341192,0.));
#12296=DIRECTION('',(0.,0.,-1.));
#12297=DIRECTION('',(-1.,0.,0.));
#12298=DIRECTION('',(0.,0.,1.));
#12299=DIRECTION('',(1.,0.,0.));
#12300=DIRECTION('',(0.,0.,1.));
#12301=DIRECTION('',(1.,0.,0.));
#12302=DIRECTION('',(0.,0.,-1.));
#12303=DIRECTION('',(-1.,0.,0.));
#12304=DIRECTION('',(0.,0.,1.));
#12305=DIRECTION('',(1.,0.,0.));
#12306=DIRECTION('',(0.,0.,-1.));
#12307=DIRECTION('',(-1.,0.,0.));
#12308=DIRECTION('',(0.,0.,1.));
#12309=DIRECTION('',(1.,0.,0.));
#12310=DIRECTION('',(0.,0.,-1.));
#12311=DIRECTION('',(0.,0.,1.));
#12312=DIRECTION('',(1.,0.,0.));
#12313=DIRECTION('',(-0.959047877777643,0.283244008109967,0.));
#12314=DIRECTION('',(-0.283244008109967,-0.959047877777643,0.));
#12315=DIRECTION('',(0.283244008109967,0.959047877777643,0.));
#12316=DIRECTION('',(0.,0.,-1.));
#12317=DIRECTION('',(0.283244008109967,0.959047877777643,0.));
#12318=DIRECTION('',(0.,0.,-1.));
#12319=DIRECTION('',(-1.,0.,0.));
#12320=DIRECTION('',(0.,0.,1.));
#12321=DIRECTION('',(1.,0.,0.));
#12322=DIRECTION('',(0.,0.,-1.));
#12323=DIRECTION('',(0.,0.,1.));
#12324=DIRECTION('',(1.,0.,0.));
#12325=DIRECTION('',(-0.925982586306242,0.377566219169039,0.));
#12326=DIRECTION('',(-0.377566219169039,-0.925982586306242,0.));
#12327=DIRECTION('',(0.377566219169039,0.925982586306242,0.));
#12328=DIRECTION('',(0.,0.,-1.));
#12329=DIRECTION('',(0.377566219169039,0.925982586306242,0.));
#12330=DIRECTION('',(0.,0.,-1.));
#12331=DIRECTION('',(-1.,0.,0.));
#12332=DIRECTION('',(0.,0.,1.));
#12333=DIRECTION('',(1.,0.,0.));
#12334=DIRECTION('',(0.,0.,-1.));
#12335=DIRECTION('',(0.,0.,1.));
#12336=DIRECTION('',(1.,0.,0.));
#12337=DIRECTION('',(0.135111330039833,0.990830423682513,0.));
#12338=DIRECTION('',(-0.990830423682513,0.135111330039833,0.));
#12339=DIRECTION('',(0.990830423682513,-0.135111330039833,0.));
#12340=DIRECTION('',(0.,0.,-1.));
#12341=DIRECTION('',(0.990830423682513,-0.135111330039833,0.));
#12342=DIRECTION('',(0.,0.,-1.));
#12343=DIRECTION('',(-1.,0.,0.));
#12344=DIRECTION('',(0.,0.,1.));
#12345=DIRECTION('',(1.,0.,0.));
#12346=DIRECTION('',(0.,0.,-1.));
#12347=DIRECTION('',(0.,0.,1.));
#12348=DIRECTION('',(1.,0.,0.));
#12349=DIRECTION('',(0.582352404939883,0.812936452904367,0.));
#12350=DIRECTION('',(-0.812936452904367,0.582352404939883,0.));
#12351=DIRECTION('',(0.812936452904367,-0.582352404939883,0.));
#12352=DIRECTION('',(0.,0.,-1.));
#12353=DIRECTION('',(0.812936452904367,-0.582352404939883,0.));
#12354=DIRECTION('',(0.,0.,-1.));
#12355=DIRECTION('',(-1.,0.,0.));
#12356=DIRECTION('',(0.,0.,1.));
#12357=DIRECTION('',(1.,0.,0.));
#12358=DIRECTION('',(0.,0.,-1.));
#12359=DIRECTION('',(0.,0.,1.));
#12360=DIRECTION('',(1.,0.,0.));
#12361=DIRECTION('',(-0.0065120657918947,0.999978796274762,0.));
#12362=DIRECTION('',(-0.999978796274762,-0.0065120657918947,0.));
#12363=DIRECTION('',(0.999978796274762,0.0065120657918947,0.));
#12364=DIRECTION('',(0.,0.,-1.));
#12365=DIRECTION('',(0.999978796274762,0.0065120657918947,0.));
#12366=DIRECTION('',(0.,0.,-1.));
#12367=DIRECTION('',(-1.,0.,0.));
#12368=DIRECTION('',(0.,0.,1.));
#12369=DIRECTION('',(1.,0.,0.));
#12370=DIRECTION('',(0.,0.,-1.));
#12371=DIRECTION('',(0.,0.,1.));
#12372=DIRECTION('',(1.,0.,0.));
#12373=DIRECTION('',(1.,0.,0.));
#12374=DIRECTION('',(0.,0.,-1.));
#12375=DIRECTION('',(0.,-1.,0.));
#12376=DIRECTION('',(0.,-1.,0.));
#12377=DIRECTION('',(-0.0256326041990901,-0.999671430822134,0.));
#12378=DIRECTION('',(0.999671430822134,-0.0256326041990901,0.));
#12379=DIRECTION('',(0.0256326041990901,0.999671430822134,0.));
#12380=DIRECTION('',(-0.999671430822134,0.0256326041990901,0.));
#12381=DIRECTION('',(0.,0.,-1.));
#12382=DIRECTION('',(-0.999671430822134,0.0256326041990901,0.));
#12383=DIRECTION('',(0.999671430822134,-0.0256326041990901,0.));
#12384=DIRECTION('',(0.,0.,-1.));
#12385=DIRECTION('',(0.0256326041990901,0.999671430822134,0.));
#12386=DIRECTION('',(-0.999671430822134,0.0256326041990901,0.));
#12387=DIRECTION('',(-0.999671430822134,0.0256326041990901,0.));
#12388=DIRECTION('',(0.,0.,1.));
#12389=DIRECTION('',(1.,0.,0.));
#12390=DIRECTION('',(0.,0.,1.));
#12391=DIRECTION('',(1.,0.,0.));
#12392=DIRECTION('',(0.,0.,1.));
#12393=DIRECTION('',(1.,0.,0.));
#12394=DIRECTION('',(0.,0.,1.));
#12395=DIRECTION('',(1.,0.,0.));
#12396=DIRECTION('',(0.,0.,1.));
#12397=DIRECTION('',(1.,0.,0.));
#12398=DIRECTION('',(0.,0.,1.));
#12399=DIRECTION('',(1.,0.,0.));
#12400=DIRECTION('',(1.,0.,0.));
#12401=DIRECTION('',(0.0256326041990901,0.999671430822134,0.));
#12402=DIRECTION('',(0.0697564737441266,0.997564050259824,0.));
#12403=DIRECTION('',(-0.997564050259824,0.0697564737441266,0.));
#12404=DIRECTION('',(0.,0.,-1.));
#12405=DIRECTION('',(0.997564050259824,-0.0697564737441266,0.));
#12406=DIRECTION('',(0.,0.,-1.));
#12407=DIRECTION('',(0.997564050259824,-0.0697564737441266,0.));
#12408=DIRECTION('',(0.997564050259824,-0.0697564737441268,0.));
#12409=DIRECTION('',(0.0697564737441269,0.997564050259824,0.));
#12410=DIRECTION('',(0.,0.,-1.));
#12411=DIRECTION('',(-0.0697564737441269,-0.997564050259824,0.));
#12412=DIRECTION('',(-0.0697564737441268,-0.997564050259824,0.));
#12413=DIRECTION('',(0.0697564737441253,0.997564050259824,0.));
#12414=DIRECTION('',(-0.997564050259824,0.0697564737441253,0.));
#12415=DIRECTION('',(0.,0.,-1.));
#12416=DIRECTION('',(0.997564050259824,-0.0697564737441253,0.));
#12417=DIRECTION('',(0.997564050259824,-0.0697564737441253,0.));
#12418=DIRECTION('',(0.997564050259824,-0.0697564737441267,0.));
#12419=DIRECTION('',(0.0697564737441268,0.997564050259824,0.));
#12420=DIRECTION('',(0.,0.,-1.));
#12421=DIRECTION('',(-0.0697564737441268,-0.997564050259824,0.));
#12422=DIRECTION('',(-0.0697564737441267,-0.997564050259824,0.));
#12423=DIRECTION('',(0.0697564737441284,0.997564050259824,0.));
#12424=DIRECTION('',(-0.997564050259824,0.0697564737441284,0.));
#12425=DIRECTION('',(0.,0.,-1.));
#12426=DIRECTION('',(0.997564050259824,-0.0697564737441284,0.));
#12427=DIRECTION('',(0.997564050259824,-0.0697564737441284,0.));
#12428=DIRECTION('',(0.997564050259824,-0.0697564737441268,0.));
#12429=DIRECTION('',(0.0697564737441268,0.997564050259824,0.));
#12430=DIRECTION('',(0.,0.,-1.));
#12431=DIRECTION('',(-0.0697564737441268,-0.997564050259824,0.));
#12432=DIRECTION('',(-0.0697564737441268,-0.997564050259824,0.));
#12433=DIRECTION('',(0.0697564737441252,0.997564050259824,0.));
#12434=DIRECTION('',(-0.997564050259824,0.0697564737441253,0.));
#12435=DIRECTION('',(0.,0.,-1.));
#12436=DIRECTION('',(0.997564050259824,-0.0697564737441253,0.));
#12437=DIRECTION('',(0.997564050259824,-0.0697564737441253,0.));
#12438=DIRECTION('',(0.997564050259824,-0.0697564737441268,0.));
#12439=DIRECTION('',(0.0697564737441268,0.997564050259824,0.));
#12440=DIRECTION('',(0.,0.,-1.));
#12441=DIRECTION('',(-0.0697564737441268,-0.997564050259824,0.));
#12442=DIRECTION('',(-0.0697564737441268,-0.997564050259824,0.));
#12443=DIRECTION('',(-0.069756473744127,-0.997564050259824,0.));
#12444=DIRECTION('',(0.997564050259824,-0.069756473744127,0.));
#12445=DIRECTION('',(0.,0.,-1.));
#12446=DIRECTION('',(-0.997564050259824,0.069756473744127,0.));
#12447=DIRECTION('',(-0.997564050259824,0.069756473744127,0.));
#12448=DIRECTION('',(-0.997564050259824,0.0697564737441271,0.));
#12449=DIRECTION('',(-0.0697564737441271,-0.997564050259824,0.));
#12450=DIRECTION('',(0.,0.,-1.));
#12451=DIRECTION('',(0.0697564737441271,0.997564050259824,0.));
#12452=DIRECTION('',(0.0697564737441271,0.997564050259824,0.));
#12453=DIRECTION('',(-0.0523359562429453,-0.998629534754574,0.));
#12454=DIRECTION('',(0.998629534754574,-0.0523359562429454,0.));
#12455=DIRECTION('',(0.,0.,-1.));
#12456=DIRECTION('',(-0.998629534754574,0.0523359562429454,0.));
#12457=DIRECTION('',(-0.998629534754574,0.0523359562429453,0.));
#12458=DIRECTION('',(-0.998629534754574,0.0523359562429457,0.));
#12459=DIRECTION('',(-0.0523359562429457,-0.998629534754574,0.));
#12460=DIRECTION('',(0.,0.,-1.));
#12461=DIRECTION('',(0.0523359562429457,0.998629534754574,0.));
#12462=DIRECTION('',(0.0523359562429457,0.998629534754574,0.));
#12463=DIRECTION('',(-0.0348994967025024,-0.999390827019096,0.));
#12464=DIRECTION('',(0.999390827019096,-0.0348994967025024,0.));
#12465=DIRECTION('',(0.,0.,-1.));
#12466=DIRECTION('',(-0.999390827019096,0.0348994967025024,0.));
#12467=DIRECTION('',(-0.999390827019096,0.0348994967025024,0.));
#12468=DIRECTION('',(0.999847695156391,-0.017452406437284,0.));
#12469=DIRECTION('',(0.017452406437284,0.999847695156391,0.));
#12470=DIRECTION('',(0.,0.,-1.));
#12471=DIRECTION('',(-0.017452406437284,-0.999847695156391,0.));
#12472=DIRECTION('',(-0.017452406437284,-0.999847695156391,0.));
#12473=DIRECTION('',(-0.017452406437284,-0.999847695156391,0.));
#12474=DIRECTION('',(0.999847695156391,-0.017452406437284,0.));
#12475=DIRECTION('',(0.,0.,-1.));
#12476=DIRECTION('',(-0.999847695156391,0.017452406437284,0.));
#12477=DIRECTION('',(-0.999847695156391,0.017452406437284,0.));
#12478=DIRECTION('',(1.,-7.31970304880908E-16,0.));
#12479=DIRECTION('',(7.31970304880908E-16,1.,0.));
#12480=DIRECTION('',(0.,0.,-1.));
#12481=DIRECTION('',(-7.31970304880908E-16,-1.,0.));
#12482=DIRECTION('',(-7.31970304880908E-16,-1.,0.));
#12483=DIRECTION('',(0.,-1.,0.));
#12484=DIRECTION('',(0.,0.,-1.));
#12485=DIRECTION('',(0.,0.,-1.));
#12486=DIRECTION('',(-1.,0.,0.));
#12487=DIRECTION('',(-1.,0.,0.));
#12488=DIRECTION('',(-1.,0.,0.));
#12489=DIRECTION('',(0.,0.,1.));
#12490=DIRECTION('',(0.,0.,-1.));
#12491=DIRECTION('',(0.,1.,0.));
#12492=DIRECTION('',(0.,1.,0.));
#12493=DIRECTION('',(0.,1.,0.));
#12494=DIRECTION('',(0.,0.,1.));
#12495=DIRECTION('',(0.,0.,-1.));
#12496=DIRECTION('',(1.,0.,0.));
#12497=DIRECTION('',(1.,0.,0.));
#12498=DIRECTION('',(-1.,0.,0.));
#12499=DIRECTION('',(0.,0.,1.));
#12500=DIRECTION('',(0.,0.,-1.));
#12501=DIRECTION('',(0.,1.,0.));
#12502=DIRECTION('',(0.,1.,0.));
#12503=DIRECTION('',(0.,1.,0.));
#12504=DIRECTION('',(0.,0.,1.));
#12505=DIRECTION('',(0.,0.,-1.));
#12506=DIRECTION('',(1.,0.,0.));
#12507=DIRECTION('',(1.,0.,0.));
#12508=DIRECTION('',(-1.,0.,0.));
#12509=DIRECTION('',(0.,0.,1.));
#12510=DIRECTION('',(0.,0.,-1.));
#12511=DIRECTION('',(0.,1.,0.));
#12512=DIRECTION('',(0.,1.,0.));
#12513=DIRECTION('',(0.,1.,0.));
#12514=DIRECTION('',(0.,0.,1.));
#12515=DIRECTION('',(0.,0.,-1.));
#12516=DIRECTION('',(1.,0.,0.));
#12517=DIRECTION('',(1.,0.,0.));
#12518=DIRECTION('',(-1.,0.,0.));
#12519=DIRECTION('',(0.,0.,1.));
#12520=DIRECTION('',(0.,0.,-1.));
#12521=DIRECTION('',(0.,1.,0.));
#12522=DIRECTION('',(0.,1.,0.));
#12523=DIRECTION('',(3.47939757058736E-16,1.,0.));
#12524=DIRECTION('',(-1.,3.47939757058736E-16,0.));
#12525=DIRECTION('',(0.,0.,-1.));
#12526=DIRECTION('',(1.,-3.47939757058736E-16,0.));
#12527=DIRECTION('',(1.,-3.47939757058736E-16,0.));
#12528=DIRECTION('',(-0.999847695156391,0.0174524064372846,0.));
#12529=DIRECTION('',(-0.0174524064372846,-0.999847695156391,0.));
#12530=DIRECTION('',(0.,0.,-1.));
#12531=DIRECTION('',(0.0174524064372846,0.999847695156391,0.));
#12532=DIRECTION('',(0.0174524064372846,0.999847695156391,0.));
#12533=DIRECTION('',(0.0174524064372844,0.999847695156391,0.));
#12534=DIRECTION('',(-0.999847695156391,0.0174524064372844,0.));
#12535=DIRECTION('',(0.,0.,-1.));
#12536=DIRECTION('',(0.999847695156391,-0.0174524064372844,0.));
#12537=DIRECTION('',(0.999847695156391,-0.0174524064372844,0.));
#12538=DIRECTION('',(-0.999390827019096,0.0348994967025027,0.));
#12539=DIRECTION('',(-0.0348994967025027,-0.999390827019096,0.));
#12540=DIRECTION('',(0.,0.,-1.));
#12541=DIRECTION('',(0.0348994967025027,0.999390827019096,0.));
#12542=DIRECTION('',(0.0348994967025027,0.999390827019096,0.));
#12543=DIRECTION('',(0.0348994967025026,0.999390827019096,0.));
#12544=DIRECTION('',(-0.999390827019096,0.0348994967025026,0.));
#12545=DIRECTION('',(0.,0.,-1.));
#12546=DIRECTION('',(0.999390827019096,-0.0348994967025026,0.));
#12547=DIRECTION('',(0.999390827019096,-0.0348994967025026,0.));
#12548=DIRECTION('',(0.999390827019096,-0.0348994967025026,0.));
#12549=DIRECTION('',(0.0348994967025026,0.999390827019096,0.));
#12550=DIRECTION('',(0.,0.,-1.));
#12551=DIRECTION('',(-0.0348994967025026,-0.999390827019096,0.));
#12552=DIRECTION('',(-0.0348994967025026,-0.999390827019096,0.));
#12553=DIRECTION('',(0.0523359562429454,0.998629534754574,0.));
#12554=DIRECTION('',(-0.998629534754574,0.0523359562429454,0.));
#12555=DIRECTION('',(0.,0.,-1.));
#12556=DIRECTION('',(0.998629534754574,-0.0523359562429454,0.));
#12557=DIRECTION('',(0.998629534754574,-0.0523359562429454,0.));
#12558=DIRECTION('',(0.998629534754574,-0.052335956242944,0.));
#12559=DIRECTION('',(0.0523359562429441,0.998629534754574,0.));
#12560=DIRECTION('',(0.,0.,-1.));
#12561=DIRECTION('',(-0.0523359562429441,-0.998629534754574,0.));
#12562=DIRECTION('',(0.,0.,-1.));
#12563=DIRECTION('',(-0.052335956242944,-0.998629534754574,0.));
#12564=DIRECTION('',(-0.0523359562429439,-0.998629534754574,0.));
#12565=DIRECTION('',(0.998629534754574,-0.0523359562429439,0.));
#12566=DIRECTION('',(0.,0.,-1.));
#12567=DIRECTION('',(-0.998629534754574,0.0523359562429439,0.));
#12568=DIRECTION('',(-0.998629534754574,0.0523359562429439,0.));
#12569=DIRECTION('',(-0.998629534754574,0.0523359562429439,0.));
#12570=DIRECTION('',(-0.0523359562429439,-0.998629534754574,0.));
#12571=DIRECTION('',(0.,0.,-1.));
#12572=DIRECTION('',(0.0523359562429439,0.998629534754574,0.));
#12573=DIRECTION('',(0.0523359562429439,0.998629534754574,0.));
#12574=DIRECTION('',(-0.0697564737441254,-0.997564050259824,0.));
#12575=DIRECTION('',(0.997564050259824,-0.0697564737441254,0.));
#12576=DIRECTION('',(0.,0.,-1.));
#12577=DIRECTION('',(-0.997564050259824,0.0697564737441254,0.));
#12578=DIRECTION('',(-0.997564050259824,0.0697564737441254,0.));
#12579=DIRECTION('',(-0.997564050259824,0.0697564737441256,0.));
#12580=DIRECTION('',(-0.0697564737441256,-0.997564050259824,0.));
#12581=DIRECTION('',(0.,0.,-1.));
#12582=DIRECTION('',(0.0697564737441256,0.997564050259824,0.));
#12583=DIRECTION('',(0.0697564737441256,0.997564050259824,0.));
#12584=DIRECTION('',(-0.121869343405148,-0.992546151641322,0.));
#12585=DIRECTION('',(0.992546151641322,-0.121869343405148,0.));
#12586=DIRECTION('',(0.,0.,-1.));
#12587=DIRECTION('',(-0.992546151641322,0.121869343405148,0.));
#12588=DIRECTION('',(-0.992546151641322,0.121869343405148,0.));
#12589=DIRECTION('',(-0.992546151641322,0.121869343405148,0.));
#12590=DIRECTION('',(-0.121869343405148,-0.992546151641322,0.));
#12591=DIRECTION('',(0.,0.,-1.));
#12592=DIRECTION('',(0.121869343405148,0.992546151641322,0.));
#12593=DIRECTION('',(0.121869343405148,0.992546151641322,0.));
#12594=DIRECTION('',(-0.173648177666931,-0.984807753012208,0.));
#12595=DIRECTION('',(0.984807753012208,-0.173648177666931,0.));
#12596=DIRECTION('',(0.,0.,-1.));
#12597=DIRECTION('',(-0.984807753012208,0.173648177666931,0.));
#12598=DIRECTION('',(-0.984807753012208,0.173648177666931,0.));
#12599=DIRECTION('',(-0.984807753012208,0.173648177666931,0.));
#12600=DIRECTION('',(-0.173648177666931,-0.984807753012208,0.));
#12601=DIRECTION('',(0.,0.,-1.));
#12602=DIRECTION('',(0.173648177666931,0.984807753012208,0.));
#12603=DIRECTION('',(0.173648177666931,0.984807753012208,0.));
#12604=DIRECTION('',(0.17364817766693,0.984807753012208,0.));
#12605=DIRECTION('',(-0.984807753012208,0.17364817766693,0.));
#12606=DIRECTION('',(0.,0.,-1.));
#12607=DIRECTION('',(0.984807753012208,-0.17364817766693,0.));
#12608=DIRECTION('',(0.984807753012208,-0.17364817766693,0.));
#12609=DIRECTION('',(0.984807753012208,-0.173648177666928,0.));
#12610=DIRECTION('',(0.173648177666928,0.984807753012209,0.));
#12611=DIRECTION('',(0.,0.,-1.));
#12612=DIRECTION('',(-0.173648177666928,-0.984807753012209,0.));
#12613=DIRECTION('',(-0.173648177666928,-0.984807753012209,0.));
#12614=DIRECTION('',(0.121869343405147,0.992546151641322,0.));
#12615=DIRECTION('',(-0.992546151641322,0.121869343405147,0.));
#12616=DIRECTION('',(0.,0.,-1.));
#12617=DIRECTION('',(0.992546151641322,-0.121869343405147,0.));
#12618=DIRECTION('',(0.992546151641322,-0.121869343405147,0.));
#12619=DIRECTION('',(0.992546151641322,-0.121869343405147,0.));
#12620=DIRECTION('',(0.121869343405147,0.992546151641322,0.));
#12621=DIRECTION('',(0.,0.,-1.));
#12622=DIRECTION('',(-0.121869343405147,-0.992546151641322,0.));
#12623=DIRECTION('',(-0.121869343405147,-0.992546151641322,0.));
#12624=DIRECTION('',(0.0697564737441255,0.997564050259824,0.));
#12625=DIRECTION('',(-0.997564050259824,0.0697564737441255,0.));
#12626=DIRECTION('',(0.,0.,-1.));
#12627=DIRECTION('',(0.997564050259824,-0.0697564737441255,0.));
#12628=DIRECTION('',(0.997564050259824,-0.0697564737441255,0.));
#12629=DIRECTION('',(0.997564050259824,-0.069756473744126,0.));
#12630=DIRECTION('',(0.069756473744126,0.997564050259824,0.));
#12631=DIRECTION('',(0.,0.,-1.));
#12632=DIRECTION('',(-0.069756473744126,-0.997564050259824,0.));
#12633=DIRECTION('',(-0.069756473744126,-0.997564050259824,0.));
#12634=DIRECTION('',(0.,1.,0.));
#12635=DIRECTION('',(0.,0.,1.));
#12636=DIRECTION('',(1.,0.,0.));
#12637=DIRECTION('',(-0.707106781186548,0.,0.707106781186547));
#12638=DIRECTION('',(1.,0.,0.));
#12639=DIRECTION('',(0.,0.,-1.));
#12640=DIRECTION('',(1.,0.,0.));
#12641=DIRECTION('',(0.,0.,-1.));
#12642=DIRECTION('',(0.,-1.,0.));
#12643=DIRECTION('',(0.,0.,-1.));
#12644=DIRECTION('',(0.,-1.,0.));
#12645=DIRECTION('',(1.32888768770222E-16,-1.,0.));
#12646=DIRECTION('',(1.,1.32888768770222E-16,0.));
#12647=DIRECTION('',(0.707106781186548,9.3966549540955E-17,-0.707106781186547));
#12648=DIRECTION('',(-1.,-1.32888768770222E-16,0.));
#12649=DIRECTION('',(-1.,-1.32888768770222E-16,0.));
#12650=DIRECTION('',(0.0523359562429437,0.998629534754574,0.));
#12651=DIRECTION('',(-0.998629534754574,0.0523359562429438,0.));
#12652=DIRECTION('',(0.998629534754574,-0.0523359562429438,0.));
#12653=DIRECTION('',(0.998629534754574,-0.0523359562429438,0.));
#12654=DIRECTION('',(0.998629534754574,-0.052335956242948,0.));
#12655=DIRECTION('',(0.052335956242948,0.998629534754574,0.));
#12656=DIRECTION('',(-0.052335956242948,-0.998629534754574,0.));
#12657=DIRECTION('',(-0.052335956242948,-0.998629534754574,0.));
#12658=DIRECTION('',(0.,0.,1.));
#12659=DIRECTION('',(1.,0.,0.));
#12660=DIRECTION('',(-0.984807753012208,0.173648177666931,0.));
#12661=DIRECTION('',(0.173648177666931,0.984807753012208,0.));
#12662=DIRECTION('',(0.984807753012208,-0.17364817766693,0.));
#12663=DIRECTION('',(-0.173648177666928,-0.984807753012209,0.));
#12664=DIRECTION('',(0.992546151641322,-0.121869343405147,0.));
#12665=DIRECTION('',(-0.121869343405147,-0.992546151641322,0.));
#12666=DIRECTION('',(0.997564050259824,-0.0697564737441255,0.));
#12667=DIRECTION('',(-0.069756473744126,-0.997564050259824,0.));
#12668=DIRECTION('',(0.998629534754574,-0.0523359562429438,0.));
#12669=DIRECTION('',(-0.0523359562429441,-0.998629534754574,0.));
#12670=DIRECTION('',(-0.998629534754574,0.0523359562429439,0.));
#12671=DIRECTION('',(0.0523359562429439,0.998629534754574,0.));
#12672=DIRECTION('',(-0.997564050259824,0.0697564737441254,0.));
#12673=DIRECTION('',(0.0697564737441256,0.997564050259824,0.));
#12674=DIRECTION('',(-0.992546151641322,0.121869343405148,0.));
#12675=DIRECTION('',(0.121869343405148,0.992546151641322,0.));
#12676=DIRECTION('',(-0.0697564737441268,-0.997564050259824,0.));
#12677=DIRECTION('',(0.997564050259824,-0.0697564737441253,0.));
#12678=DIRECTION('',(-0.0697564737441268,-0.997564050259824,0.));
#12679=DIRECTION('',(-0.997564050259824,0.069756473744127,0.));
#12680=DIRECTION('',(0.0697564737441271,0.997564050259824,0.));
#12681=DIRECTION('',(-0.998629534754574,0.0523359562429454,0.));
#12682=DIRECTION('',(0.0523359562429457,0.998629534754574,0.));
#12683=DIRECTION('',(-0.999390827019096,0.0348994967025024,0.));
#12684=DIRECTION('',(-0.017452406437284,-0.999847695156391,0.));
#12685=DIRECTION('',(-0.999847695156391,0.017452406437284,0.));
#12686=DIRECTION('',(-7.31970304880908E-16,-1.,0.));
#12687=DIRECTION('',(-1.,0.,0.));
#12688=DIRECTION('',(0.,1.,0.));
#12689=DIRECTION('',(1.,0.,0.));
#12690=DIRECTION('',(0.,1.,0.));
#12691=DIRECTION('',(1.,0.,0.));
#12692=DIRECTION('',(0.,1.,0.));
#12693=DIRECTION('',(1.,0.,0.));
#12694=DIRECTION('',(0.,1.,0.));
#12695=DIRECTION('',(1.,-3.47939757058736E-16,0.));
#12696=DIRECTION('',(0.0174524064372846,0.999847695156391,0.));
#12697=DIRECTION('',(0.999847695156391,-0.0174524064372844,0.));
#12698=DIRECTION('',(0.0348994967025027,0.999390827019096,0.));
#12699=DIRECTION('',(0.999390827019096,-0.0348994967025026,0.));
#12700=DIRECTION('',(-0.0348994967025026,-0.999390827019096,0.));
#12701=DIRECTION('',(0.998629534754574,-0.0523359562429454,0.));
#12702=DIRECTION('',(-0.052335956242948,-0.998629534754574,0.));
#12703=DIRECTION('',(0.997564050259824,-0.0697564737441266,0.));
#12704=DIRECTION('',(-0.0697564737441269,-0.997564050259824,0.));
#12705=DIRECTION('',(0.997564050259824,-0.0697564737441253,0.));
#12706=DIRECTION('',(-0.0697564737441268,-0.997564050259824,0.));
#12707=DIRECTION('',(0.997564050259824,-0.0697564737441284,0.));
#12708=DIRECTION('',(0.,0.,1.));
#12709=DIRECTION('',(1.,0.,0.));
#12710=DIRECTION('',(0.,1.,0.));
#12711=DIRECTION('',(0.,1.,0.));
#12712=DIRECTION('',(0.,0.,1.));
#12713=DIRECTION('',(1.,0.,0.));
#12714=DIRECTION('',(-0.999671430822134,0.0256326041990901,0.));
#12715=DIRECTION('',(0.,0.,1.));
#12716=DIRECTION('',(1.,0.,0.));
#12717=DIRECTION('',(-0.770246757286025,0.637745978341192,0.));
#12718=DIRECTION('',(0.,0.,1.));
#12719=DIRECTION('',(1.,0.,0.));
#12720=DIRECTION('',(-0.999763788949759,0.0217339896204682,0.));
#12721=DIRECTION('',(0.,0.,1.));
#12722=DIRECTION('',(1.,0.,0.));
#12723=DIRECTION('',(-0.931754317761866,-0.363089370998546,0.));
#12724=DIRECTION('',(0.,0.,1.));
#12725=DIRECTION('',(1.,0.,0.));
#12726=DIRECTION('',(-1.,-1.89052785075522E-16,0.));
#12727=DIRECTION('',(0.,0.,1.));
#12728=DIRECTION('',(1.,0.,0.));
#12729=DIRECTION('',(-0.013237743368017,-0.999912377236387,0.));
#12730=DIRECTION('',(0.,0.,1.));
#12731=DIRECTION('',(1.,0.,0.));
#12732=DIRECTION('',(-0.571357346844507,-0.820701396493759,0.));
#12733=DIRECTION('',(0.,0.,1.));
#12734=DIRECTION('',(1.,0.,0.));
#12735=DIRECTION('',(0.,-1.,0.));
#12736=DIRECTION('',(0.,0.,1.));
#12737=DIRECTION('',(1.,0.,0.));
#12738=DIRECTION('',(-0.580431300700617,-0.814309219625438,0.));
#12739=DIRECTION('',(0.,0.,1.));
#12740=DIRECTION('',(1.,0.,0.));
#12741=DIRECTION('',(0.,-1.,0.));
#12742=DIRECTION('',(0.,0.,1.));
#12743=DIRECTION('',(1.,0.,0.));
#12744=DIRECTION('',(0.999978796274762,0.00651206579189461,0.));
#12745=DIRECTION('',(0.,0.,1.));
#12746=DIRECTION('',(1.,0.,0.));
#12747=DIRECTION('',(0.812936452904367,-0.582352404939883,0.));
#12748=DIRECTION('',(0.,0.,1.));
#12749=DIRECTION('',(1.,0.,0.));
#12750=DIRECTION('',(0.990830423682513,-0.135111330039833,0.));
#12751=DIRECTION('',(0.,0.,1.));
#12752=DIRECTION('',(1.,0.,0.));
#12753=DIRECTION('',(0.377566219169039,0.925982586306242,0.));
#12754=DIRECTION('',(0.,0.,1.));
#12755=DIRECTION('',(1.,0.,0.));
#12756=DIRECTION('',(0.283244008109967,0.959047877777643,0.));
#12757=DIRECTION('',(0.,0.,1.));
#12758=DIRECTION('',(1.,0.,0.));
#12759=DIRECTION('',(0.,0.,-1.));
#12760=DIRECTION('',(-1.,0.,0.));
#12761=DIRECTION('',(0.,0.,-1.));
#12762=DIRECTION('',(-1.,0.,0.));
#12763=DIRECTION('',(0.,0.,-1.));
#12764=DIRECTION('',(-1.,0.,0.));
#12765=DIRECTION('',(0.,0.,-1.));
#12766=DIRECTION('',(-1.,0.,0.));
#12767=DIRECTION('',(0.,0.,-1.));
#12768=DIRECTION('',(-1.,0.,0.));
#12769=DIRECTION('',(0.,0.,-1.));
#12770=DIRECTION('',(-1.,0.,0.));
#12771=DIRECTION('',(0.,0.,-1.));
#12772=DIRECTION('',(-1.,0.,0.));
#12773=DIRECTION('',(-0.0523359562429457,-0.998629534754574,0.));
#12774=DIRECTION('',(0.998629534754574,-0.0523359562429457,0.));
#12775=DIRECTION('',(0.669130606358857,-0.743144825477395,0.));
#12776=DIRECTION('',(0.743144825477395,0.669130606358857,0.));
#12777=DIRECTION('',(0.675590207615659,-0.737277336810125,0.));
#12778=DIRECTION('',(0.737277336810125,0.675590207615659,0.));
#12779=DIRECTION('',(0.999390827019096,-0.0348994967025024,0.));
#12780=DIRECTION('',(0.0348994967025024,0.999390827019096,0.));
#12781=DIRECTION('',(0.725374371012288,0.688354575693753,0.));
#12782=DIRECTION('',(0.688354575693753,-0.725374371012288,0.));
#12783=DIRECTION('',(0.998629534754574,-0.0523359562429454,0.));
#12784=DIRECTION('',(0.0523359562429454,0.998629534754574,0.));
#12785=DIRECTION('',(0.662620048215736,-0.748955720789003,0.));
#12786=DIRECTION('',(0.748955720789003,0.662620048215736,0.));
#12787=DIRECTION('',(0.017452406437284,0.999847695156391,0.));
#12788=DIRECTION('',(-0.999847695156391,0.017452406437284,0.));
#12789=DIRECTION('',(0.719339800338652,0.694658370458997,0.));
#12790=DIRECTION('',(-0.694658370458997,0.719339800338652,0.));
#12791=DIRECTION('',(-0.0697564737441271,-0.997564050259824,0.));
#12792=DIRECTION('',(0.997564050259824,-0.0697564737441271,0.));
#12793=DIRECTION('',(0.656059028990506,-0.754709580222773,0.));
#12794=DIRECTION('',(0.754709580222773,0.656059028990506,0.));
#12795=DIRECTION('',(0.999847695156391,-0.017452406437284,0.));
#12796=DIRECTION('',(0.017452406437284,0.999847695156391,0.));
#12797=DIRECTION('',(0.713250449154182,0.700909264299851,0.));
#12798=DIRECTION('',(0.700909264299851,-0.713250449154182,0.));
#12799=DIRECTION('',(0.997564050259824,-0.069756473744127,0.));
#12800=DIRECTION('',(0.069756473744127,0.997564050259824,0.));
#12801=DIRECTION('',(0.754709580222773,0.656059028990506,0.));
#12802=DIRECTION('',(-0.656059028990506,0.754709580222773,0.));
#12803=DIRECTION('',(7.31970304880908E-16,1.,0.));
#12804=DIRECTION('',(-1.,7.31970304880908E-16,0.));
#12805=DIRECTION('',(0.707106781186548,0.707106781186547,0.));
#12806=DIRECTION('',(-0.707106781186547,0.707106781186548,0.));
#12807=DIRECTION('',(0.0697564737441268,0.997564050259824,0.));
#12808=DIRECTION('',(-0.997564050259824,0.0697564737441268,0.));
#12809=DIRECTION('',(-0.656059028990507,0.754709580222773,0.));
#12810=DIRECTION('',(-0.754709580222773,-0.656059028990507,0.));
#12811=DIRECTION('',(1.,0.,0.));
#12812=DIRECTION('',(0.,0.,-1.));
#12813=DIRECTION('',(0.707106781186548,-0.707106781186548,0.));
#12814=DIRECTION('',(0.707106781186548,0.707106781186548,0.));
#12815=DIRECTION('',(-0.997564050259824,0.0697564737441253,0.));
#12816=DIRECTION('',(-0.0697564737441253,-0.997564050259824,0.));
#12817=DIRECTION('',(-0.656059028990507,0.754709580222773,0.));
#12818=DIRECTION('',(0.754709580222773,0.656059028990507,0.));
#12819=DIRECTION('',(0.,-1.,0.));
#12820=DIRECTION('',(0.,0.,-1.));
#12821=DIRECTION('',(-0.707106781186548,-0.707106781186548,0.));
#12822=DIRECTION('',(-0.707106781186548,0.707106781186548,0.));
#12823=DIRECTION('',(0.0697564737441268,0.997564050259824,0.));
#12824=DIRECTION('',(-0.997564050259824,0.0697564737441268,0.));
#12825=DIRECTION('',(-0.656059028990506,0.754709580222774,0.));
#12826=DIRECTION('',(-0.754709580222774,-0.656059028990506,0.));
#12827=DIRECTION('',(-1.,0.,0.));
#12828=DIRECTION('',(0.,0.,1.));
#12829=DIRECTION('',(-0.707106781186548,-0.707106781186548,0.));
#12830=DIRECTION('',(0.707106781186548,-0.707106781186548,0.));
#12831=DIRECTION('',(-0.997564050259824,0.0697564737441284,0.));
#12832=DIRECTION('',(-0.0697564737441284,-0.997564050259824,0.));
#12833=DIRECTION('',(-0.656059028990506,0.754709580222774,0.));
#12834=DIRECTION('',(0.754709580222774,0.656059028990506,0.));
#12835=DIRECTION('',(0.,-1.,0.));
#12836=DIRECTION('',(0.,0.,-1.));
#12837=DIRECTION('',(-0.707106781186548,-0.707106781186548,0.));
#12838=DIRECTION('',(-0.707106781186548,0.707106781186548,0.));
#12839=DIRECTION('',(0.0697564737441268,0.997564050259824,0.));
#12840=DIRECTION('',(-0.997564050259824,0.0697564737441267,0.));
#12841=DIRECTION('',(-0.656059028990507,0.754709580222773,0.));
#12842=DIRECTION('',(0.754709580222772,0.656059028990507,0.));
#12843=DIRECTION('',(-1.,0.,0.));
#12844=DIRECTION('',(0.,0.,1.));
#12845=DIRECTION('',(-0.707106781186548,-0.707106781186548,0.));
#12846=DIRECTION('',(0.707106781186548,-0.707106781186548,0.));
#12847=DIRECTION('',(-0.997564050259824,0.0697564737441253,0.));
#12848=DIRECTION('',(-0.0697564737441253,-0.997564050259824,0.));
#12849=DIRECTION('',(-0.656059028990507,0.754709580222773,0.));
#12850=DIRECTION('',(0.754709580222773,0.656059028990507,0.));
#12851=DIRECTION('',(0.,-1.,0.));
#12852=DIRECTION('',(0.,0.,-1.));
#12853=DIRECTION('',(-0.707106781186548,-0.707106781186548,0.));
#12854=DIRECTION('',(0.707106781186548,-0.707106781186548,0.));
#12855=DIRECTION('',(0.0697564737441269,0.997564050259824,0.));
#12856=DIRECTION('',(-0.997564050259824,0.0697564737441268,0.));
#12857=DIRECTION('',(-0.656059028990506,0.754709580222773,0.));
#12858=DIRECTION('',(0.754709580222773,0.656059028990506,0.));
#12859=DIRECTION('',(-1.,0.,0.));
#12860=DIRECTION('',(0.,0.,1.));
#12861=DIRECTION('',(-0.707106781186548,-0.707106781186548,0.));
#12862=DIRECTION('',(0.707106781186548,-0.707106781186548,0.));
#12863=DIRECTION('',(-0.997564050259824,0.0697564737441266,0.));
#12864=DIRECTION('',(-0.0697564737441266,-0.997564050259824,0.));
#12865=DIRECTION('',(-0.662620048215736,0.748955720789004,0.));
#12866=DIRECTION('',(-0.748955720789004,-0.662620048215736,0.));
#12867=DIRECTION('',(0.,-1.,0.));
#12868=DIRECTION('',(0.,0.,-1.));
#12869=DIRECTION('',(-0.707106781186548,-0.707106781186547,0.));
#12870=DIRECTION('',(-0.707106781186547,0.707106781186548,0.));
#12871=DIRECTION('',(0.052335956242948,0.998629534754574,0.));
#12872=DIRECTION('',(-0.998629534754574,0.052335956242948,0.));
#12873=DIRECTION('',(-0.669130606358856,0.743144825477396,0.));
#12874=DIRECTION('',(0.743144825477396,0.669130606358856,0.));
#12875=DIRECTION('',(-1.,3.47939757058736E-16,0.));
#12876=DIRECTION('',(-3.47939757058736E-16,-1.,0.));
#12877=DIRECTION('',(-0.713250449154182,-0.700909264299851,0.));
#12878=DIRECTION('',(-0.700909264299851,0.713250449154182,0.));
#12879=DIRECTION('',(-0.998629534754574,0.0523359562429454,0.));
#12880=DIRECTION('',(-0.0523359562429454,-0.998629534754574,0.));
#12881=DIRECTION('',(-0.675590207615659,0.737277336810125,0.));
#12882=DIRECTION('',(-0.737277336810125,-0.675590207615659,0.));
#12883=DIRECTION('',(-0.0174524064372846,-0.999847695156391,0.));
#12884=DIRECTION('',(0.999847695156391,-0.0174524064372846,0.));
#12885=DIRECTION('',(-0.719339800338652,-0.694658370458997,0.));
#12886=DIRECTION('',(-0.694658370458997,0.719339800338652,0.));
#12887=DIRECTION('',(0.0348994967025026,0.999390827019096,0.));
#12888=DIRECTION('',(-0.999390827019096,0.0348994967025026,0.));
#12889=DIRECTION('',(-0.681998360062497,0.731353701619172,0.));
#12890=DIRECTION('',(0.731353701619172,0.681998360062497,0.));
#12891=DIRECTION('',(-0.999847695156391,0.0174524064372844,0.));
#12892=DIRECTION('',(-0.0174524064372844,-0.999847695156391,0.));
#12893=DIRECTION('',(-0.725374371012289,-0.688354575693753,0.));
#12894=DIRECTION('',(-0.688354575693753,0.725374371012288,0.));
#12895=DIRECTION('',(-0.999390827019096,0.0348994967025026,0.));
#12896=DIRECTION('',(-0.0348994967025026,-0.999390827019096,0.));
#12897=DIRECTION('',(-0.731353701619172,-0.681998360062497,0.));
#12898=DIRECTION('',(0.681998360062497,-0.731353701619172,0.));
#12899=DIRECTION('',(-0.0348994967025027,-0.999390827019096,0.));
#12900=DIRECTION('',(0.999390827019096,-0.0348994967025027,0.));
#12901=DIRECTION('',(0.0523359562429439,0.998629534754574,0.));
#12902=DIRECTION('',(-0.998629534754574,0.0523359562429439,0.));
#12903=DIRECTION('',(-0.662620048215737,0.748955720789002,0.));
#12904=DIRECTION('',(-0.748955720789002,-0.662620048215738,0.));
#12905=DIRECTION('',(-0.669130606358858,0.743144825477394,0.));
#12906=DIRECTION('',(0.743144825477394,0.669130606358858,0.));
#12907=DIRECTION('',(-0.998629534754574,0.0523359562429439,0.));
#12908=DIRECTION('',(-0.0523359562429439,-0.998629534754574,0.));
#12909=DIRECTION('',(-0.743144825477394,-0.669130606358858,0.));
#12910=DIRECTION('',(-0.669130606358858,0.743144825477394,0.));
#12911=DIRECTION('',(-0.997564050259824,0.0697564737441254,0.));
#12912=DIRECTION('',(-0.0697564737441254,-0.997564050259824,0.));
#12913=DIRECTION('',(-0.656059028990507,0.754709580222772,0.));
#12914=DIRECTION('',(0.754709580222772,0.656059028990507,0.));
#12915=DIRECTION('',(-0.0523359562429441,-0.998629534754574,0.));
#12916=DIRECTION('',(0.998629534754574,-0.0523359562429441,0.));
#12917=DIRECTION('',(0.669130606358858,-0.743144825477394,0.));
#12918=DIRECTION('',(0.743144825477394,0.669130606358858,0.));
#12919=DIRECTION('',(0.0697564737441256,0.997564050259824,0.));
#12920=DIRECTION('',(-0.997564050259824,0.0697564737441256,0.));
#12921=DIRECTION('',(-0.636078220277764,0.77162458338772,0.));
#12922=DIRECTION('',(-0.77162458338772,-0.636078220277764,0.));
#12923=DIRECTION('',(0.998629534754574,-0.0523359562429438,0.));
#12924=DIRECTION('',(0.0523359562429438,0.998629534754574,0.));
#12925=DIRECTION('',(0.662620048215737,-0.748955720789002,0.));
#12926=DIRECTION('',(0.748955720789002,0.662620048215737,0.));
#12927=DIRECTION('',(-0.992546151641322,0.121869343405148,0.));
#12928=DIRECTION('',(-0.121869343405148,-0.992546151641322,0.));
#12929=DIRECTION('',(-0.615661475325658,0.788010753606722,0.));
#12930=DIRECTION('',(0.788010753606722,0.615661475325658,0.));
#12931=DIRECTION('',(-0.069756473744126,-0.997564050259824,0.));
#12932=DIRECTION('',(0.997564050259824,-0.069756473744126,0.));
#12933=DIRECTION('',(0.656059028990507,-0.754709580222772,0.));
#12934=DIRECTION('',(-0.754709580222772,-0.656059028990507,0.));
#12935=DIRECTION('',(0.121869343405148,0.992546151641322,0.));
#12936=DIRECTION('',(-0.992546151641322,0.121869343405148,0.));
#12937=DIRECTION('',(-0.594822786751341,0.803856860617218,0.));
#12938=DIRECTION('',(-0.803856860617218,-0.594822786751341,0.));
#12939=DIRECTION('',(0.997564050259824,-0.0697564737441255,0.));
#12940=DIRECTION('',(0.0697564737441255,0.997564050259824,0.));
#12941=DIRECTION('',(0.636078220277764,-0.77162458338772,0.));
#12942=DIRECTION('',(0.77162458338772,0.636078220277764,0.));
#12943=DIRECTION('',(-0.984807753012208,0.173648177666931,0.));
#12944=DIRECTION('',(-0.173648177666931,-0.984807753012208,0.));
#12945=DIRECTION('',(-0.573576436351045,0.819152044288992,0.));
#12946=DIRECTION('',(-0.819152044288992,-0.573576436351046,0.));
#12947=DIRECTION('',(-0.121869343405147,-0.992546151641322,0.));
#12948=DIRECTION('',(0.992546151641322,-0.121869343405147,0.));
#12949=DIRECTION('',(0.615661475325658,-0.788010753606722,0.));
#12950=DIRECTION('',(-0.788010753606722,-0.615661475325658,0.));
#12951=DIRECTION('',(0.173648177666931,0.984807753012208,0.));
#12952=DIRECTION('',(-0.984807753012208,0.173648177666931,0.));
#12953=DIRECTION('',(0.819152044288992,0.573576436351046,0.));
#12954=DIRECTION('',(0.573576436351046,-0.819152044288992,0.));
#12955=DIRECTION('',(0.992546151641322,-0.121869343405147,0.));
#12956=DIRECTION('',(0.121869343405147,0.992546151641322,0.));
#12957=DIRECTION('',(0.594822786751342,-0.803856860617217,0.));
#12958=DIRECTION('',(0.803856860617217,0.594822786751343,0.));
#12959=DIRECTION('',(0.984807753012208,-0.17364817766693,0.));
#12960=DIRECTION('',(0.17364817766693,0.984807753012208,0.));
#12961=DIRECTION('',(0.573576436351047,-0.819152044288991,0.));
#12962=DIRECTION('',(-0.819152044288991,-0.573576436351047,0.));
#12963=DIRECTION('',(-0.173648177666928,-0.984807753012209,0.));
#12964=DIRECTION('',(0.984807753012209,-0.173648177666928,0.));
#12965=DIRECTION('',(-0.707106781186547,0.,-0.707106781186548));
#12966=DIRECTION('',(0.,-1.,0.));
#12967=DIRECTION('',(0.707106781186548,-2.4532694666934E-15,-0.707106781186547));
#12968=DIRECTION('',(0.,0.,-1.));
#12969=DIRECTION('',(-1.,0.,0.));
#12970=DIRECTION('',(0.0181249882486482,0.70687444769279,-0.707106781186547));
#12971=DIRECTION('',(0.0181249882486474,0.706874447692788,0.707106781186549));
#12972=DIRECTION('',(0.999671430822134,-0.0256326041990901,0.));
#12973=DIRECTION('',(0.0181249882486481,0.706874447692791,-0.707106781186546));
#12974=DIRECTION('',(0.,0.,1.));
#12975=DIRECTION('',(1.,0.,0.));
#12976=DIRECTION('',(0.450954505959508,0.544646705263896,-0.707106781186547));
#12977=DIRECTION('',(0.450954505959505,0.544646705263896,0.707106781186548));
#12978=DIRECTION('',(0.770246757286025,-0.637745978341192,0.));
#12979=DIRECTION('',(0.450954505959513,0.54464670526389,-0.707106781186548));
#12980=DIRECTION('',(0.,0.,-1.));
#12981=DIRECTION('',(-1.,0.,0.));
#12982=DIRECTION('',(0.0153682514428712,0.706939754751131,-0.707106781186547));
#12983=DIRECTION('',(0.0153682514428711,0.706939754751129,0.70710678118655));
#12984=DIRECTION('',(0.999763788949759,-0.0217339896204682,0.));
#12985=DIRECTION('',(0.0153682514428663,0.706939754751131,-0.707106781186547));
#12986=DIRECTION('',(0.,0.,-1.));
#12987=DIRECTION('',(-1.,0.,0.));
#12988=DIRECTION('',(-0.256742956409829,0.658849796489263,-0.707106781186546));
#12989=DIRECTION('',(-0.256742956409831,0.658849796489262,0.707106781186546));
#12990=DIRECTION('',(0.931754317761866,0.363089370998546,0.));
#12991=DIRECTION('',(-0.256742956409835,0.658849796489257,-0.707106781186549));
#12992=DIRECTION('',(0.,0.,1.));
#12993=DIRECTION('',(1.,0.,0.));
#12994=DIRECTION('',(0.,0.707106781186548,-0.707106781186547));
#12995=DIRECTION('',(-1.33680506329105E-16,0.707106781186548,0.707106781186547));
#12996=DIRECTION('',(1.,1.89052785075522E-16,0.));
#12997=DIRECTION('',(0.,0.707106781186548,-0.707106781186547));
#12998=DIRECTION('',(0.,0.,-1.));
#12999=DIRECTION('',(-1.,0.,0.));
#13000=DIRECTION('',(-0.70704482253621,0.00936049810313117,-0.707106781186548));
#13001=DIRECTION('',(-0.707044822536216,0.00936049810313215,0.707106781186542));
#13002=DIRECTION('',(0.013237743368017,0.999912377236387,0.));
#13003=DIRECTION('',(-0.707044822536203,0.00936049810312023,-0.707106781186555));
#13004=DIRECTION('',(0.,0.,1.));
#13005=DIRECTION('',(1.,0.,0.));
#13006=DIRECTION('',(-0.580323522790004,0.404010654434508,-0.707106781186548));
#13007=DIRECTION('',(-0.580323522790008,0.404010654434507,0.707106781186545));
#13008=DIRECTION('',(0.571357346844507,0.820701396493759,0.));
#13009=DIRECTION('',(-0.580323522790001,0.404010654434507,-0.707106781186551));
#13010=DIRECTION('',(0.,0.,-1.));
#13011=DIRECTION('',(-1.,0.,0.));
#13012=DIRECTION('',(-0.707106781186548,0.,-0.707106781186547));
#13013=DIRECTION('',(-0.707106781186547,0.,0.707106781186548));
#13014=DIRECTION('',(0.,1.,0.));
#13015=DIRECTION('',(-0.707106781186548,9.50641918343692E-15,-0.707106781186547));
#13016=DIRECTION('',(0.,0.,1.));
#13017=DIRECTION('',(1.,0.,0.));
#13018=DIRECTION('',(-0.575803571179872,0.410426908738334,-0.707106781186549));
#13019=DIRECTION('',(-0.575803571179873,0.410426908738334,0.707106781186548));
#13020=DIRECTION('',(0.580431300700617,0.814309219625438,0.));
#13021=DIRECTION('',(-0.575803571179867,0.41042690873834,-0.707106781186549));
#13022=DIRECTION('',(0.,0.,-1.));
#13023=DIRECTION('',(-1.,0.,0.));
#13024=DIRECTION('',(-0.707106781186548,0.,-0.707106781186547));
#13025=DIRECTION('',(-0.707106781186547,0.,0.707106781186548));
#13026=DIRECTION('',(0.,1.,0.));
#13027=DIRECTION('',(-0.707106781186548,0.,-0.707106781186547));
#13028=DIRECTION('',(0.,0.,-1.));
#13029=DIRECTION('',(-1.,0.,0.));
#13030=DIRECTION('',(0.00460472588098045,-0.707091787888646,-0.707106781186547));
#13031=DIRECTION('',(-0.00460472588098162,0.707091787888645,-0.707106781186548));
#13032=DIRECTION('',(-0.999978796274762,-0.00651206579189461,0.));
#13033=DIRECTION('',(0.00460472588098045,-0.707091787888646,-0.707106781186547));
#13034=DIRECTION('',(0.,0.,1.));
#13035=DIRECTION('',(1.,0.,0.));
#13036=DIRECTION('',(-0.411785334573287,-0.574832878522416,-0.707106781186547));
#13037=DIRECTION('',(-0.411785334573285,-0.574832878522416,0.707106781186549));
#13038=DIRECTION('',(-0.812936452904367,0.582352404939883,0.));
#13039=DIRECTION('',(-0.41178533457329,-0.574832878522415,-0.707106781186546));
#13040=DIRECTION('',(0.,0.,-1.));
#13041=DIRECTION('',(-1.,0.,0.));
#13042=DIRECTION('',(-0.0955381376862994,-0.700622911591844,-0.707106781186548));
#13043=DIRECTION('',(0.0955381376862994,0.700622911591845,-0.707106781186548));
#13044=DIRECTION('',(-0.990830423682513,0.135111330039833,0.));
#13045=DIRECTION('',(-0.0955381376863018,-0.700622911591844,-0.707106781186548));
#13046=DIRECTION('',(0.,0.,-1.));
#13047=DIRECTION('',(-1.,0.,0.));
#13048=DIRECTION('',(0.654768566037803,-0.266979633921394,-0.707106781186546));
#13049=DIRECTION('',(-0.654768566037802,0.266979633921394,-0.707106781186547));
#13050=DIRECTION('',(-0.377566219169039,-0.925982586306242,0.));
#13051=DIRECTION('',(0.65476856603783,-0.266979633921317,-0.70710678118655));
#13052=DIRECTION('',(0.,0.,-1.));
#13053=DIRECTION('',(-1.,0.,0.));
#13054=DIRECTION('',(0.678149257859138,-0.200283758865012,-0.707106781186549));
#13055=DIRECTION('',(-0.678149257859135,0.200283758865014,-0.707106781186552));
#13056=DIRECTION('',(-0.283244008109967,-0.959047877777643,0.));
#13057=DIRECTION('',(0.678149257859149,-0.200283758865008,-0.70710678118654));
#13058=DIRECTION('',(0.,0.,-1.));
#13059=DIRECTION('',(-1.,0.,0.));
#13060=DIRECTION('',(0.707106781186548,0.,-0.707106781186547));
#13061=DIRECTION('',(-0.707106781186547,0.,-0.707106781186548));
#13062=DIRECTION('',(0.,-1.,0.));
#13063=DIRECTION('',(0.999671430822134,-0.0256326041990901,0.));
#13064=DIRECTION('',(0.0256326041990901,0.999671430822134,0.));
#13065=DIRECTION('',(0.0256326041990901,0.999671430822134,0.));
#13066=DIRECTION('',(0.0256326041990901,0.999671430822134,0.));
#13067=DIRECTION('',(-0.999671430822134,0.0256326041990901,0.));
#13068=DIRECTION('',(0.0256326041990901,0.999671430822134,0.));
#13069=DIRECTION('',(0.,0.,-1.));
#13070=DIRECTION('',(-1.,0.,0.));
#13071=DIRECTION('',(0.0256326041990901,0.999671430822134,0.));
#13072=DIRECTION('',(0.0256326041990901,0.999671430822134,0.));
#13073=DIRECTION('',(-0.999671430822134,0.0256326041990901,0.));
#13074=DIRECTION('',(0.0256326041990901,0.999671430822134,0.));
#13075=DIRECTION('',(0.999671430822134,-0.0256326041990901,0.));
#13076=DIRECTION('',(0.0256326041990901,0.999671430822134,0.));
#13077=DIRECTION('',(0.,0.,-1.));
#13078=DIRECTION('',(-1.,0.,0.));
#13079=DIRECTION('',(0.,0.,1.));
#13080=DIRECTION('',(1.,0.,0.));
#13081=DIRECTION('',(0.,0.,1.));
#13082=DIRECTION('',(1.,0.,0.));
#13083=DIRECTION('',(0.,0.,-1.));
#13084=DIRECTION('',(-1.,0.,0.));
#13085=DIRECTION('',(0.,0.,1.));
#13086=DIRECTION('',(1.,0.,0.));
#13087=DIRECTION('',(0.,0.,1.));
#13088=DIRECTION('',(1.,0.,0.));
#13089=DIRECTION('',(0.,0.,-1.));
#13090=DIRECTION('',(-1.,0.,0.));
#13091=DIRECTION('',(0.,0.,1.));
#13092=DIRECTION('',(1.,0.,0.));
#13093=DIRECTION('',(0.,0.,1.));
#13094=DIRECTION('',(1.,0.,0.));
#13095=DIRECTION('',(0.,0.,-1.));
#13096=DIRECTION('',(-1.,0.,0.));
#13097=DIRECTION('',(0.,0.,1.));
#13098=DIRECTION('',(1.,0.,0.));
#13099=DIRECTION('',(0.,0.,1.));
#13100=DIRECTION('',(1.,0.,0.));
#13101=DIRECTION('',(0.,0.,-1.));
#13102=DIRECTION('',(-1.,0.,0.));
#13103=DIRECTION('',(0.,0.,1.));
#13104=DIRECTION('',(1.,0.,0.));
#13105=DIRECTION('',(0.,0.,1.));
#13106=DIRECTION('',(1.,0.,0.));
#13107=DIRECTION('',(0.,0.,-1.));
#13108=DIRECTION('',(-1.,0.,0.));
#13109=DIRECTION('',(0.,0.,1.));
#13110=DIRECTION('',(1.,0.,0.));
#13111=DIRECTION('',(0.,0.,1.));
#13112=DIRECTION('',(1.,0.,0.));
#13113=DIRECTION('',(0.,0.,-1.));
#13114=DIRECTION('',(-1.,0.,0.));
#13115=DIRECTION('',(0.,0.,-1.));
#13116=DIRECTION('',(-1.,0.,0.));
#13117=DIRECTION('',(0.,0.,-1.));
#13118=DIRECTION('',(1.,0.,0.));
#13119=DIRECTION('',(0.,0.,-1.));
#13120=DIRECTION('',(-1.,0.,0.));
#13121=DIRECTION('',(0.,0.,-1.));
#13122=DIRECTION('',(-1.,0.,0.));
#13123=DIRECTION('',(0.,0.,-1.));
#13124=DIRECTION('',(1.,0.,0.));
#13125=DIRECTION('',(0.,0.,-1.));
#13126=DIRECTION('',(-1.,0.,0.));
#13127=DIRECTION('',(0.,0.,-1.));
#13128=DIRECTION('',(-1.,0.,0.));
#13129=DIRECTION('',(0.,0.,-1.));
#13130=DIRECTION('',(1.,0.,0.));
#13131=DIRECTION('',(0.,0.,-1.));
#13132=DIRECTION('',(-1.,0.,0.));
#13133=DIRECTION('',(0.,0.,-1.));
#13134=DIRECTION('',(-1.,0.,0.));
#13135=DIRECTION('',(0.,0.,-1.));
#13136=DIRECTION('',(1.,0.,0.));
#13137=DIRECTION('',(0.,0.,-1.));
#13138=DIRECTION('',(-1.,0.,0.));
#13139=DIRECTION('',(0.,0.,-1.));
#13140=DIRECTION('',(-1.,0.,0.));
#13141=DIRECTION('',(0.,0.,-1.));
#13142=DIRECTION('',(1.,0.,0.));
#13143=DIRECTION('',(0.,0.,-1.));
#13144=DIRECTION('',(-1.,0.,0.));
#13145=DIRECTION('',(0.,0.,-1.));
#13146=DIRECTION('',(-1.,0.,0.));
#13147=DIRECTION('',(0.,0.,-1.));
#13148=DIRECTION('',(1.,0.,0.));
#13149=DIRECTION('',(0.,0.,-1.));
#13150=DIRECTION('',(-1.,0.,0.));
#13151=DIRECTION('',(0.,0.,-1.));
#13152=DIRECTION('',(-1.,0.,0.));
#13153=DIRECTION('',(0.,0.,-1.));
#13154=DIRECTION('',(1.,0.,0.));
#13155=CARTESIAN_POINT('',(0.,0.,0.));
#13156=CARTESIAN_POINT('',(-9.86839999997657E-5,-6.21442459024235E-5,0.00501));
#13157=CARTESIAN_POINT('',(0.0892053715123216,0.0548636838362665,0.00501));
#13158=CARTESIAN_POINT('',(0.0909553715123216,0.0548636838362665,0.00501));
#13159=CARTESIAN_POINT('',(0.085401316,0.0110158120603626,0.00501));
#13160=CARTESIAN_POINT('',(0.085401316,-0.007824329,0.00501));
#13161=CARTESIAN_POINT('',(0.085401316,0.0498351720757893,0.00501));
#13162=CARTESIAN_POINT('',(0.082901316,-0.007824329,0.00501));
#13163=CARTESIAN_POINT('',(0.092901316,-0.007824329,0.00501));
#13164=CARTESIAN_POINT('',(0.092901316,0.0124684960978712,0.00501));
#13165=CARTESIAN_POINT('',(0.092901316,0.0532465788442097,0.00501));
#13166=CARTESIAN_POINT('',(0.087901316,0.0532465788442098,0.00501));
#13167=CARTESIAN_POINT('',(0.0880294790209955,0.0582449359983204,0.00501));
#13168=CARTESIAN_POINT('',(0.076489454118571,0.0585408341120919,0.00501));
#13169=CARTESIAN_POINT('',(0.0755925380199767,0.0585638319638322,0.00501));
#13170=CARTESIAN_POINT('',(0.0749517229149995,0.0335720461932789,0.00501));
#13171=CARTESIAN_POINT('',(0.0754002934884835,0.0510662962326662,0.00501));
#13172=CARTESIAN_POINT('',(0.0726041242209709,0.0511379928900858,0.00501));
#13173=CARTESIAN_POINT('',(0.0844269486041991,0.0508348435066114,0.00501));
#13174=CARTESIAN_POINT('',(0.084401316,0.0498351720757893,0.00501));
#13175=CARTESIAN_POINT('',(0.085401316,0.0110158120603626,0.00501));
#13176=CARTESIAN_POINT('',(0.085401316,0.0110158120603626,0.00501));
#13177=CARTESIAN_POINT('',(0.085401316,-0.0278035479550641,0.00501));
#13178=CARTESIAN_POINT('',(0.085401316,-0.025787329,0.00501));
#13179=CARTESIAN_POINT('',(0.085401316,-0.025787329,0.00501));
#13180=CARTESIAN_POINT('',(0.085401316,-0.025787329,0.00181));
#13181=CARTESIAN_POINT('',(0.085401316,-0.025287329,0.00181));
#13182=CARTESIAN_POINT('',(0.085401316,-0.025287329,0.00131));
#13183=CARTESIAN_POINT('',(0.085401316,0.0110158120603626,0.00131));
#13184=CARTESIAN_POINT('',(0.085401316,-0.008324329,0.00131));
#13185=CARTESIAN_POINT('',(0.085401316,-0.008324329,0.00181));
#13186=CARTESIAN_POINT('',(0.085401316,-0.007824329,0.00181));
#13187=CARTESIAN_POINT('',(0.085401316,-0.007824329,0.00501));
#13188=CARTESIAN_POINT('',(0.085401316,0.0498351720757893,0.00501));
#13189=CARTESIAN_POINT('',(0.085401316,0.0498351720757893,-0.0027));
#13190=CARTESIAN_POINT('',(0.085401316,0.0110158120603626,-0.0027));
#13191=CARTESIAN_POINT('',(0.0854013160000005,-0.0278035479550642,-0.0027));
#13192=CARTESIAN_POINT('',(0.085401316,-0.0278035479550641,0.00501));
#13193=CARTESIAN_POINT('',(0.076489454118571,0.0585408341120919,-0.0067));
#13194=CARTESIAN_POINT('',(0.0745928665891546,0.0585894645680313,0.0023849999999985));
#13195=CARTESIAN_POINT('',(0.0755925380199767,0.0585638319638322,0.0023849999999985));
#13196=CARTESIAN_POINT('',(0.0745928665891546,0.0585894645680313,0.0013849999999985));
#13197=CARTESIAN_POINT('',(0.0755925380199767,0.0585638319638322,0.00369749999999925));
#13198=CARTESIAN_POINT('',(0.0880294790209955,0.0582449359983204,-0.0067));
#13199=CARTESIAN_POINT('',(0.0880294790209955,0.0582449359983204,-0.0062));
#13200=CARTESIAN_POINT('',(0.0649494292161465,0.0588367322258633,-0.0062));
#13201=CARTESIAN_POINT('',(0.0649494292161465,0.0588367322258633,-0.0062));
#13202=CARTESIAN_POINT('',(0.0649494292161465,0.0588367322258633,-0.0067));
#13203=CARTESIAN_POINT('',(0.0649494292161465,0.0588367322258633,0.00501));
#13204=CARTESIAN_POINT('',(0.076489454118571,0.0585408341120919,0.00501));
#13205=CARTESIAN_POINT('',(0.0655958237117554,0.0588201580058231,0.00501));
#13206=CARTESIAN_POINT('',(0.0655958237117554,0.0588201580058231,0.00369749999999925));
#13207=CARTESIAN_POINT('',(0.0655958237117554,0.0588201580058231,0.0023849999999985));
#13208=CARTESIAN_POINT('',(0.0665954951425775,0.058794525401624,0.0023849999999985));
#13209=CARTESIAN_POINT('',(0.0665954951425775,0.058794525401624,0.0013849999999985));
#13210=CARTESIAN_POINT('',(0.0705941808658661,0.0586919949848276,0.0013849999999985));
#13211=CARTESIAN_POINT('',(0.0726041242209709,0.0511379928900858,0.00501));
#13212=CARTESIAN_POINT('',(0.0754002934884835,0.0510662962326662,0.00501));
#13213=CARTESIAN_POINT('',(0.0754002934884835,0.0510662962326662,0.0023849999999985));
#13214=CARTESIAN_POINT('',(0.0744006220576614,0.0510919288368652,0.0023849999999985));
#13215=CARTESIAN_POINT('',(0.0744006220576614,0.0510919288368652,0.0013849999999985));
#13216=CARTESIAN_POINT('',(0.0726041242209709,0.0511379928900858,0.0013849999999985));
#13217=CARTESIAN_POINT('',(0.0664032506110843,0.051296989670458,0.0013849999999985));
#13218=CARTESIAN_POINT('',(0.0664032506110843,0.051296989670458,0.0023849999999985));
#13219=CARTESIAN_POINT('',(0.0654035791802622,0.0513226222746571,0.0023849999999985));
#13220=CARTESIAN_POINT('',(0.0654035791802622,0.0513226222746571,0.00501));
#13221=CARTESIAN_POINT('',(0.0654035791802622,0.0513226222746571,0.00501));
#13222=CARTESIAN_POINT('',(0.0726041242209709,0.0511379928900858,0.00501));
#13223=CARTESIAN_POINT('',(0.0607812998377426,0.0514411422735601,0.00501));
#13224=CARTESIAN_POINT('',(0.0607812998377426,0.0514411422735601,0.00501));
#13225=CARTESIAN_POINT('',(0.0607812998377426,0.0514411422735601,-0.0027));
#13226=CARTESIAN_POINT('',(0.0726041242209709,0.0511379928900858,-0.0027));
#13227=CARTESIAN_POINT('',(0.0844269486041991,0.0508348435066114,-0.0027));
#13228=CARTESIAN_POINT('',(0.0844269486041991,0.0508348435066114,0.00501));
#13229=CARTESIAN_POINT('',(-9.86839999997657E-5,-6.21442459024235E-5,0.00501));
#13230=CARTESIAN_POINT('',(0.075940016235186,-0.0657817659482377,0.00501));
#13231=CARTESIAN_POINT('',(0.077690016235186,-0.0657817659482377,0.00501));
#13232=CARTESIAN_POINT('',(0.0167722453891246,0.0653567781546385,0.00501));
#13233=CARTESIAN_POINT('',(0.0185222453891246,0.0653567781546385,0.00501));
#13234=CARTESIAN_POINT('',(-0.078812234177829,0.0572738210000033,0.00501));
#13235=CARTESIAN_POINT('',(-0.077062234177829,0.0572738210000033,0.00501));
#13236=CARTESIAN_POINT('',(-0.0893600217698532,-0.0428916403897549,0.00501));
#13237=CARTESIAN_POINT('',(-0.0876100217698532,-0.0428916403897549,0.00501));
#13238=CARTESIAN_POINT('',(-0.0163815649038289,-0.0536972645715325,0.00501));
#13239=CARTESIAN_POINT('',(-0.0146315649038289,-0.0536972645715325,0.00501));
#13240=CARTESIAN_POINT('',(0.082901316,-0.025787329,0.00501));
#13241=CARTESIAN_POINT('',(0.092901316,-0.025787329,0.00501));
#13242=CARTESIAN_POINT('',(0.084401316000001,-0.0278035479550642,0.00501));
#13243=CARTESIAN_POINT('',(0.0853603638777781,-0.0280867919631742,0.00501));
#13244=CARTESIAN_POINT('',(0.0833550378165034,-0.0348767103665693,0.00501));
#13245=CARTESIAN_POINT('',(0.0813497117552291,-0.0416666287699647,0.00501));
#13246=CARTESIAN_POINT('',(0.0803906638774454,-0.0413833847618524,0.00501));
#13247=CARTESIAN_POINT('',(0.0813166464637586,-0.0417609509810241,0.00501));
#13248=CARTESIAN_POINT('',(0.0774911061427273,-0.0511431031457028,0.00501));
#13249=CARTESIAN_POINT('',(0.073665565821697,-0.0605252553103819,0.00501));
#13250=CARTESIAN_POINT('',(0.0727395832353907,-0.0601476890912129,0.00501));
#13251=CARTESIAN_POINT('',(0.0726044719053509,-0.0611385195148954,0.00501));
#13252=CARTESIAN_POINT('',(0.0292039635410195,-0.0552203520168527,0.00501));
#13253=CARTESIAN_POINT('',(-0.0141965448233118,-0.04930218451881,0.00501));
#13254=CARTESIAN_POINT('',(-0.014061433493272,-0.0483113540951277,0.00501));
#13255=CARTESIAN_POINT('',(-0.0146437858982119,-0.0491242905480319,0.00501));
#13256=CARTESIAN_POINT('',(-0.0220299312823425,-0.0438331764488711,0.00501));
#13257=CARTESIAN_POINT('',(-0.0294160766664732,-0.0385420623497102,0.00501));
#13258=CARTESIAN_POINT('',(-0.029998429071413,-0.0393549988026144,0.00501));
#13259=CARTESIAN_POINT('',(-0.030004941137205,-0.0383550200063398,0.00501));
#13260=CARTESIAN_POINT('',(-0.0572985565357065,-0.0385327615942973,0.00501));
#13261=CARTESIAN_POINT('',(-0.0845921719342081,-0.0387105031822548,0.00501));
#13262=CARTESIAN_POINT('',(-0.084598684,-0.03771052438598,0.00501));
#13263=CARTESIAN_POINT('',(-0.085598684,-0.03771052438598,0.00501));
#13264=CARTESIAN_POINT('',(-0.085598684,-0.0219203516929896,0.00501));
#13265=CARTESIAN_POINT('',(-0.085598684,-0.00613017899999929,0.00501));
#13266=CARTESIAN_POINT('',(-0.0845986839999997,-0.00613017899999942,0.00501));
#13267=CARTESIAN_POINT('',(-0.0854129932196255,-0.0055497476992987,0.00501));
#13268=CARTESIAN_POINT('',(-0.082848684,-0.00195218044716911,0.00501));
#13269=CARTESIAN_POINT('',(-0.0802843747803745,0.00164538680496049,0.00501));
#13270=CARTESIAN_POINT('',(-0.081098684,0.00222581810566113,0.00501));
#13271=CARTESIAN_POINT('',(-0.080098684,0.00222581810566113,0.00501));
#13272=CARTESIAN_POINT('',(-0.080098684,0.00774239592962839,0.00501));
#13273=CARTESIAN_POINT('',(-0.080098684,0.0132589737535956,0.00501));
#13274=CARTESIAN_POINT('',(-0.0790986839999999,0.0132589737535956,0.00501));
#13275=CARTESIAN_POINT('',(-0.0799193853964937,0.0138303311004402,0.00501));
#13276=CARTESIAN_POINT('',(-0.0778050976755227,0.0168673076874635,0.00501));
#13277=CARTESIAN_POINT('',(-0.0756908099545516,0.0199042842744868,0.00501));
#13278=CARTESIAN_POINT('',(-0.0765115113510458,0.0204756416213314,0.00501));
#13279=CARTESIAN_POINT('',(-0.075511598973809,0.0204624038779633,0.00501));
#13280=CARTESIAN_POINT('',(-0.0753019301258557,0.0362997313106673,0.00501));
#13281=CARTESIAN_POINT('',(-0.0750922612779024,0.0521370587433714,0.00501));
#13282=CARTESIAN_POINT('',(-0.0740923489006661,0.0521238210000034,0.00501));
#13283=CARTESIAN_POINT('',(-0.0740923489006661,0.0531238210000033,0.00501));
#13284=CARTESIAN_POINT('',(-0.056386836816012,0.0531238210000034,0.00501));
#13285=CARTESIAN_POINT('',(-0.038681324731358,0.0531238210000033,0.00501));
#13286=CARTESIAN_POINT('',(-0.038681324731358,0.0541238210000033,0.00501));
#13287=CARTESIAN_POINT('',(-0.0383182353603595,0.0531920666822415,0.00501));
#13288=CARTESIAN_POINT('',(-0.0279465411670789,0.0572337457483212,0.00501));
#13289=CARTESIAN_POINT('',(-0.0175748469737983,0.0612754248144009,0.00501));
#13290=CARTESIAN_POINT('',(-0.0172117576027997,0.0603436704966389,0.00501));
#13291=CARTESIAN_POINT('',(-0.0171900236131793,0.0613434342855888,0.00501));
#13292=CARTESIAN_POINT('',(0.0163597800457576,0.0606140909221349,0.00501));
#13293=CARTESIAN_POINT('',(0.0499095837046944,0.0598847475586809,0.00501));
#13294=CARTESIAN_POINT('',(0.0498878497150739,0.0588849837697311,0.00501));
#13295=CARTESIAN_POINT('',(0.0505255956934151,0.0596552305270172,0.00501));
#13296=CARTESIAN_POINT('',(0.0553473910785078,0.0556628987370567,0.00501));
#13297=CARTESIAN_POINT('',(0.0601691864636005,0.0516705669470962,0.00501));
#13298=CARTESIAN_POINT('',(0.0608069324419417,0.0524408137043822,0.00501));
#13299=CARTESIAN_POINT('',(0.0649550086067781,0.0338283722352698,0.00501));
#13300=CARTESIAN_POINT('',(0.065077592237142,0.063835089379974,0.00501));
#13301=CARTESIAN_POINT('',(0.061888862345436,0.0599838555935439,0.00501));
#13302=CARTESIAN_POINT('',(0.0581296593665026,0.0630963861675515,0.00501));
#13303=CARTESIAN_POINT('',(0.0543704563875693,0.0662089167415592,0.00501));
#13304=CARTESIAN_POINT('',(0.0511817264958634,0.0623576829551293,0.00501));
#13305=CARTESIAN_POINT('',(0.0512903964439656,0.0673565018998779,0.00501));
#13306=CARTESIAN_POINT('',(0.0167831123839348,0.0681066600491134,0.00501));
#13307=CARTESIAN_POINT('',(-0.0177241716760959,0.0688568181983489,0.00501));
#13308=CARTESIAN_POINT('',(-0.0178328416241982,0.0638579992536003,0.00501));
#13309=CARTESIAN_POINT('',(-0.019648288479191,0.0685167708424095,0.00501));
#13310=CARTESIAN_POINT('',(-0.0293378437403639,0.0647409101268017,0.00501));
#13311=CARTESIAN_POINT('',(-0.0390273990015367,0.060965049411194,0.00501));
#13312=CARTESIAN_POINT('',(-0.0408428458565294,0.0656238210000032,0.00501));
#13313=CARTESIAN_POINT('',(-0.0408428458565294,0.0606238210000034,0.00501));
#13314=CARTESIAN_POINT('',(-0.059194582650926,0.0606238210000033,0.00501));
#13315=CARTESIAN_POINT('',(-0.0775463194453226,0.0606238210000033,0.00501));
#13316=CARTESIAN_POINT('',(-0.0775463194453226,0.0556238210000034,0.00501));
#13317=CARTESIAN_POINT('',(-0.0825458813315045,0.0556900097168434,0.00501));
#13318=CARTESIAN_POINT('',(-0.0827550774565279,0.0398883893903602,0.00501));
#13319=CARTESIAN_POINT('',(-0.0829642735815514,0.024086769063877,0.00501));
#13320=CARTESIAN_POINT('',(-0.087963835467733,0.024152957780717,0.00501));
#13321=CARTESIAN_POINT('',(-0.0838603284852645,0.0212961710464946,0.00501));
#13322=CARTESIAN_POINT('',(-0.0852812597338667,0.0192551361906555,0.00501));
#13323=CARTESIAN_POINT('',(-0.0867021909824688,0.0172141013348164,0.00501));
#13324=CARTESIAN_POINT('',(-0.0825986840000002,0.014357314600594,0.00501));
#13325=CARTESIAN_POINT('',(-0.087598684,0.0143573146005938,0.00501));
#13326=CARTESIAN_POINT('',(-0.087598684,0.0101310984146564,0.00501));
#13327=CARTESIAN_POINT('',(-0.087598684,0.005904882228719,0.00501));
#13328=CARTESIAN_POINT('',(-0.092598684,0.00590488222871907,0.00501));
#13329=CARTESIAN_POINT('',(-0.0885271379018728,0.00300272572521592,0.00501));
#13330=CARTESIAN_POINT('',(-0.090348684,0.000447209198303452,0.00501));
#13331=CARTESIAN_POINT('',(-0.0921702300981272,-0.00210830732860902,0.00501));
#13332=CARTESIAN_POINT('',(-0.088098684,-0.0050104638321121,0.00501));
#13333=CARTESIAN_POINT('',(-0.093098684,-0.0050104638321121,0.00501));
#13334=CARTESIAN_POINT('',(-0.093098684,-0.0231219275731331,0.00501));
#13335=CARTESIAN_POINT('',(-0.093098684,-0.0412333913141541,0.00501));
#13336=CARTESIAN_POINT('',(-0.088098684,-0.0412333913141541,0.00501));
#13337=CARTESIAN_POINT('',(-0.0880661236710405,-0.0462332852955278,0.00501));
#13338=CARTESIAN_POINT('',(-0.0608787664302923,-0.046056235682357,0.00501));
#13339=CARTESIAN_POINT('',(-0.033691409189544,-0.0458791860691862,0.00501));
#13340=CARTESIAN_POINT('',(-0.0336588488605846,-0.05087908005056,0.00501));
#13341=CARTESIAN_POINT('',(-0.0307470868358851,-0.0468143977860382,0.00501));
#13342=CARTESIAN_POINT('',(-0.0245265169016644,-0.0512705442023391,0.00501));
#13343=CARTESIAN_POINT('',(-0.0183059469674436,-0.05572669061864,0.00501));
#13344=CARTESIAN_POINT('',(-0.0153941849427442,-0.0516620083541182,0.00501));
#13345=CARTESIAN_POINT('',(-0.0160697415929434,-0.0566161604725307,0.00501));
#13346=CARTESIAN_POINT('',(0.0291052546326018,-0.0627763001681741,0.00501));
#13347=CARTESIAN_POINT('',(0.074280250858147,-0.0689364398638176,0.00501));
#13348=CARTESIAN_POINT('',(0.0749558075083462,-0.063982287745405,0.00501));
#13349=CARTESIAN_POINT('',(0.0795857204398774,-0.0658701188412502,0.00501));
#13350=CARTESIAN_POINT('',(0.0839566799721503,-0.0551503239897888,0.00501));
#13351=CARTESIAN_POINT('',(0.0883276395044233,-0.0444305291383274,0.00501));
#13352=CARTESIAN_POINT('',(0.0836977265728813,-0.0425426980424784,0.00501));
#13353=CARTESIAN_POINT('',(0.0884929659617803,-0.043958918083032,0.00501));
#13354=CARTESIAN_POINT('',(0.0905947606753343,-0.0368423623860246,0.00501));
#13355=CARTESIAN_POINT('',(0.0926965553888882,-0.0297258066890172,0.00501));
#13356=CARTESIAN_POINT('',(0.0879013159999998,-0.0283095866484673,0.00501));
#13357=CARTESIAN_POINT('',(0.092901316,-0.0283095866484673,0.00501));
#13358=CARTESIAN_POINT('',(0.092901316,0.0124684960978712,0.00501));
#13359=CARTESIAN_POINT('',(0.0581296593665026,0.0630963861675515,-0.0067));
#13360=CARTESIAN_POINT('',(0.061888862345436,0.0599838555935439,-0.0067));
#13361=CARTESIAN_POINT('',(0.061888862345436,0.0599838555935439,-0.0062));
#13362=CARTESIAN_POINT('',(0.0543704563875692,0.0662089167415592,-0.0062));
#13363=CARTESIAN_POINT('',(0.0543704563875693,0.0662089167415592,-0.0062));
#13364=CARTESIAN_POINT('',(0.0543704563875693,0.0662089167415592,-0.0067));
#13365=CARTESIAN_POINT('',(0.0511817264958634,0.0623576829551293,-0.0067));
#13366=CARTESIAN_POINT('',(0.0511817264958634,0.0623576829551293,-0.0062));
#13367=CARTESIAN_POINT('',(0.0512903964439656,0.0673565018998779,-0.0062));
#13368=CARTESIAN_POINT('',(0.0512903964439656,0.0673565018998779,-0.0067));
#13369=CARTESIAN_POINT('',(0.0167831123839348,0.0681066600491134,-0.0067));
#13370=CARTESIAN_POINT('',(-0.0177241716760959,0.0688568181983489,-0.0062));
#13371=CARTESIAN_POINT('',(-0.0177241716760959,0.0688568181983489,-0.0062));
#13372=CARTESIAN_POINT('',(-0.0177241716760959,0.0688568181983489,-0.0067));
#13373=CARTESIAN_POINT('',(-0.0178328416241982,0.0638579992536003,-0.0067));
#13374=CARTESIAN_POINT('',(-0.0178328416241982,0.0638579992536003,-0.0062));
#13375=CARTESIAN_POINT('',(-0.019648288479191,0.0685167708424095,-0.0062));
#13376=CARTESIAN_POINT('',(-0.019648288479191,0.0685167708424095,-0.0067));
#13377=CARTESIAN_POINT('',(-0.0293378437403639,0.0647409101268017,-0.0067));
#13378=CARTESIAN_POINT('',(-0.0390273990015367,0.060965049411194,-0.0062));
#13379=CARTESIAN_POINT('',(-0.0390273990015367,0.060965049411194,-0.0062));
#13380=CARTESIAN_POINT('',(-0.0390273990015367,0.060965049411194,-0.0067));
#13381=CARTESIAN_POINT('',(-0.0408428458565294,0.0656238210000032,-0.0067));
#13382=CARTESIAN_POINT('',(-0.0408428458565294,0.0656238210000032,-0.0062));
#13383=CARTESIAN_POINT('',(-0.0408428458565294,0.0606238210000034,-0.0062));
#13384=CARTESIAN_POINT('',(-0.0408428458565294,0.0606238210000034,-0.0067));
#13385=CARTESIAN_POINT('',(-0.059194582650926,0.0606238210000033,-0.0067));
#13386=CARTESIAN_POINT('',(-0.0775463194453226,0.0606238210000033,-0.0062));
#13387=CARTESIAN_POINT('',(-0.0775463194453226,0.0606238210000033,-0.0062));
#13388=CARTESIAN_POINT('',(-0.0775463194453226,0.0606238210000033,-0.0067));
#13389=CARTESIAN_POINT('',(-0.0775463194453226,0.0556238210000034,-0.0067));
#13390=CARTESIAN_POINT('',(-0.0775463194453226,0.0556238210000034,-0.0062));
#13391=CARTESIAN_POINT('',(-0.0825458813315045,0.0556900097168434,-0.0062));
#13392=CARTESIAN_POINT('',(-0.0825458813315045,0.0556900097168434,-0.0067));
#13393=CARTESIAN_POINT('',(-0.0827550774565279,0.0398883893903602,-0.0067));
#13394=CARTESIAN_POINT('',(-0.0829642735815514,0.024086769063877,-0.0062));
#13395=CARTESIAN_POINT('',(-0.0829642735815514,0.024086769063877,-0.0062));
#13396=CARTESIAN_POINT('',(-0.0829642735815514,0.024086769063877,-0.0067));
#13397=CARTESIAN_POINT('',(-0.087963835467733,0.024152957780717,-0.0067));
#13398=CARTESIAN_POINT('',(-0.087963835467733,0.024152957780717,-0.0062));
#13399=CARTESIAN_POINT('',(-0.0838603284852645,0.0212961710464946,-0.0062));
#13400=CARTESIAN_POINT('',(-0.0838603284852645,0.0212961710464946,-0.0067));
#13401=CARTESIAN_POINT('',(-0.0852812597338667,0.0192551361906555,-0.0067));
#13402=CARTESIAN_POINT('',(-0.0867021909824688,0.0172141013348164,-0.0062));
#13403=CARTESIAN_POINT('',(-0.0867021909824688,0.0172141013348164,-0.0062));
#13404=CARTESIAN_POINT('',(-0.0867021909824688,0.0172141013348164,-0.0067));
#13405=CARTESIAN_POINT('',(-0.0825986840000002,0.014357314600594,-0.0067));
#13406=CARTESIAN_POINT('',(-0.0825986840000002,0.014357314600594,-0.0062));
#13407=CARTESIAN_POINT('',(-0.087598684,0.0143573146005938,-0.0062));
#13408=CARTESIAN_POINT('',(-0.087598684,0.0143573146005938,-0.0067));
#13409=CARTESIAN_POINT('',(-0.087598684,0.0101310984146564,-0.0067));
#13410=CARTESIAN_POINT('',(-0.087598684,0.005904882228719,-0.0062));
#13411=CARTESIAN_POINT('',(-0.087598684,0.005904882228719,-0.0062));
#13412=CARTESIAN_POINT('',(-0.087598684,0.005904882228719,-0.0067));
#13413=CARTESIAN_POINT('',(-0.092598684,0.00590488222871907,-0.0067));
#13414=CARTESIAN_POINT('',(-0.092598684,0.00590488222871907,-0.0062));
#13415=CARTESIAN_POINT('',(-0.0885271379018728,0.00300272572521592,-0.0062));
#13416=CARTESIAN_POINT('',(-0.0885271379018728,0.00300272572521592,-0.0067));
#13417=CARTESIAN_POINT('',(-0.090348684,0.000447209198303452,-0.0067));
#13418=CARTESIAN_POINT('',(-0.0921702300981272,-0.00210830732860901,-0.0062));
#13419=CARTESIAN_POINT('',(-0.0921702300981272,-0.00210830732860902,-0.0062));
#13420=CARTESIAN_POINT('',(-0.0921702300981272,-0.00210830732860902,-0.0067));
#13421=CARTESIAN_POINT('',(-0.088098684,-0.0050104638321121,-0.0067));
#13422=CARTESIAN_POINT('',(-0.088098684,-0.0050104638321121,-0.0062));
#13423=CARTESIAN_POINT('',(-0.093098684,-0.0050104638321121,-0.0062));
#13424=CARTESIAN_POINT('',(-0.093098684,-0.0050104638321121,-0.0067));
#13425=CARTESIAN_POINT('',(-0.093098684,-0.0231219275731331,-0.0067));
#13426=CARTESIAN_POINT('',(-0.093098684,-0.0412333913141541,-0.0062));
#13427=CARTESIAN_POINT('',(-0.093098684,-0.0412333913141541,-0.0062));
#13428=CARTESIAN_POINT('',(-0.093098684,-0.0412333913141541,-0.0067));
#13429=CARTESIAN_POINT('',(-0.088098684,-0.0412333913141541,-0.0067));
#13430=CARTESIAN_POINT('',(-0.088098684,-0.0412333913141541,-0.0062));
#13431=CARTESIAN_POINT('',(-0.0880661236710405,-0.0462332852955278,-0.0062));
#13432=CARTESIAN_POINT('',(-0.0880661236710405,-0.0462332852955278,-0.0067));
#13433=CARTESIAN_POINT('',(-0.0608787664302923,-0.046056235682357,-0.0067));
#13434=CARTESIAN_POINT('',(-0.0608787664302923,-0.046056235682357,-0.0062));
#13435=CARTESIAN_POINT('',(-0.033691409189544,-0.0458791860691862,-0.0062));
#13436=CARTESIAN_POINT('',(-0.033691409189544,-0.0458791860691862,-0.0067));
#13437=CARTESIAN_POINT('',(-0.0336588488605846,-0.05087908005056,-0.0067));
#13438=CARTESIAN_POINT('',(-0.0336588488605846,-0.05087908005056,-0.0062));
#13439=CARTESIAN_POINT('',(-0.0307470868358851,-0.0468143977860382,-0.0062));
#13440=CARTESIAN_POINT('',(-0.0307470868358851,-0.0468143977860382,-0.0067));
#13441=CARTESIAN_POINT('',(-0.0245265169016644,-0.0512705442023391,-0.0067));
#13442=CARTESIAN_POINT('',(-0.0183059469674436,-0.05572669061864,-0.0062));
#13443=CARTESIAN_POINT('',(-0.0183059469674436,-0.05572669061864,-0.0062));
#13444=CARTESIAN_POINT('',(-0.0183059469674436,-0.05572669061864,-0.0067));
#13445=CARTESIAN_POINT('',(-0.0153941849427442,-0.0516620083541182,-0.0067));
#13446=CARTESIAN_POINT('',(-0.0153941849427442,-0.0516620083541182,-0.0062));
#13447=CARTESIAN_POINT('',(-0.0160697415929434,-0.0566161604725307,-0.0062));
#13448=CARTESIAN_POINT('',(-0.0160697415929434,-0.0566161604725307,-0.0067));
#13449=CARTESIAN_POINT('',(0.0291052546326018,-0.0627763001681741,-0.0067));
#13450=CARTESIAN_POINT('',(0.0291052546326018,-0.0627763001681741,-0.0062));
#13451=CARTESIAN_POINT('',(0.074280250858147,-0.0689364398638176,-0.0062));
#13452=CARTESIAN_POINT('',(0.074280250858147,-0.0689364398638176,-0.0067));
#13453=CARTESIAN_POINT('',(0.0749558075083462,-0.063982287745405,-0.0067));
#13454=CARTESIAN_POINT('',(0.0749558075083462,-0.063982287745405,-0.0062));
#13455=CARTESIAN_POINT('',(0.0795857204398774,-0.0658701188412502,-0.0062));
#13456=CARTESIAN_POINT('',(0.0795857204398774,-0.0658701188412502,-0.0067));
#13457=CARTESIAN_POINT('',(0.0839566799721503,-0.0551503239897888,-0.0067));
#13458=CARTESIAN_POINT('',(0.0839566799721503,-0.0551503239897888,-0.0062));
#13459=CARTESIAN_POINT('',(0.0883276395044233,-0.0444305291383274,-0.0062));
#13460=CARTESIAN_POINT('',(0.0883276395044233,-0.0444305291383274,-0.0067));
#13461=CARTESIAN_POINT('',(0.0836977265728813,-0.0425426980424784,-0.0067));
#13462=CARTESIAN_POINT('',(0.0836977265728813,-0.0425426980424784,-0.0062));
#13463=CARTESIAN_POINT('',(0.0884929659617803,-0.043958918083032,-0.0062));
#13464=CARTESIAN_POINT('',(0.0884929659617803,-0.043958918083032,-0.0067));
#13465=CARTESIAN_POINT('',(0.0905947606753343,-0.0368423623860246,-0.0067));
#13466=CARTESIAN_POINT('',(0.0905947606753343,-0.0368423623860246,-0.0062));
#13467=CARTESIAN_POINT('',(0.0926965553888882,-0.0297258066890172,-0.0062));
#13468=CARTESIAN_POINT('',(0.0926965553888882,-0.0297258066890172,-0.0067));
#13469=CARTESIAN_POINT('',(0.0879013159999998,-0.0283095866484673,-0.0067));
#13470=CARTESIAN_POINT('',(0.0879013159999998,-0.0283095866484673,-0.0062));
#13471=CARTESIAN_POINT('',(0.092901316,-0.0283095866484673,-0.0062));
#13472=CARTESIAN_POINT('',(0.092901316,-0.0283095866484673,-0.0067));
#13473=CARTESIAN_POINT('',(0.092901316,0.0124684960978712,-0.0067));
#13474=CARTESIAN_POINT('',(0.092901316,-0.025287329,0.00181));
#13475=CARTESIAN_POINT('',(0.092901316,-0.025787329,0.00181));
#13476=CARTESIAN_POINT('',(0.092901316,-0.025287329,0.00131));
#13477=CARTESIAN_POINT('',(0.092901316,-0.025787329,0.00341));
#13478=CARTESIAN_POINT('',(0.092901316,0.0124684960978712,-0.0062));
#13479=CARTESIAN_POINT('',(0.092901316,0.0532465788442097,-0.0062));
#13480=CARTESIAN_POINT('',(0.092901316,0.0532465788442097,-0.0067));
#13481=CARTESIAN_POINT('',(0.092901316,-0.007824329,0.00341));
#13482=CARTESIAN_POINT('',(0.092901316,-0.007824329,0.00181));
#13483=CARTESIAN_POINT('',(0.092901316,-0.008324329,0.00181));
#13484=CARTESIAN_POINT('',(0.092901316,-0.008324329,0.00131));
#13485=CARTESIAN_POINT('',(0.092901316,-0.016805829,0.00131));
#13486=CARTESIAN_POINT('',(0.087901316,0.0532465788442098,-0.0067));
#13487=CARTESIAN_POINT('',(0.087901316,0.0532465788442098,-0.0062));
#13488=CARTESIAN_POINT('',(0.065077592237142,0.063835089379974,-0.0067));
#13489=CARTESIAN_POINT('',(0.065077592237142,0.063835089379974,-0.0062));
#13490=CARTESIAN_POINT('',(-9.86839999999739E-5,-6.21442459024374E-5,-0.0067));
#13491=CARTESIAN_POINT('',(0.075940016235186,-0.0657817659482377,-0.0067));
#13492=CARTESIAN_POINT('',(0.074190016235186,-0.0657817659482377,-0.0067));
#13493=CARTESIAN_POINT('',(0.0892053715123216,0.0548636838362665,-0.0067));
#13494=CARTESIAN_POINT('',(0.0874553715123216,0.0548636838362665,-0.0067));
#13495=CARTESIAN_POINT('',(0.0167722453891246,0.0653567781546385,-0.0067));
#13496=CARTESIAN_POINT('',(0.0150222453891246,0.0653567781546385,-0.0067));
#13497=CARTESIAN_POINT('',(-0.078812234177829,0.0572738210000033,-0.0067));
#13498=CARTESIAN_POINT('',(-0.080562234177829,0.0572738210000033,-0.0067));
#13499=CARTESIAN_POINT('',(-0.0893600217698532,-0.0428916403897549,-0.0067));
#13500=CARTESIAN_POINT('',(-0.0911100217698532,-0.0428916403897549,-0.0067));
#13501=CARTESIAN_POINT('',(-0.0163815649038289,-0.0536972645715325,-0.0067));
#13502=CARTESIAN_POINT('',(-0.0181315649038289,-0.0536972645715325,-0.0067));
#13503=CARTESIAN_POINT('',(-0.0834499777870177,0.0210104923730723,-0.0067));
#13504=CARTESIAN_POINT('',(-0.0862918402842219,0.0169284226613941,-0.0067));
#13505=CARTESIAN_POINT('',(-0.0834499777870177,0.0210104923730723,-0.0067));
#13506=CARTESIAN_POINT('',(-0.087963835467733,0.024152957780717,-0.0067));
#13507=CARTESIAN_POINT('',(-0.0824643173929332,0.024080150192193,-0.0067));
#13508=CARTESIAN_POINT('',(-0.0820459251428863,0.0556833908451594,-0.0067));
#13509=CARTESIAN_POINT('',(-0.0820459251428863,0.0556833908451594,-0.0067));
#13510=CARTESIAN_POINT('',(-0.0775463194453226,0.0556238210000034,-0.0067));
#13511=CARTESIAN_POINT('',(-0.0775463194453226,0.0601238210000033,-0.0067));
#13512=CARTESIAN_POINT('',(-0.0408428458565294,0.0601238210000033,-0.0067));
#13513=CARTESIAN_POINT('',(-0.0408428458565294,0.0601238210000034,-0.0067));
#13514=CARTESIAN_POINT('',(-0.0408428458565294,0.0656238210000032,-0.0067));
#13515=CARTESIAN_POINT('',(-0.0388458543160374,0.0604991722523131,-0.0067));
#13516=CARTESIAN_POINT('',(-0.0194667437936917,0.0680508936835285,-0.0067));
#13517=CARTESIAN_POINT('',(-0.0194667437936917,0.0680508936835285,-0.0067));
#13518=CARTESIAN_POINT('',(-0.0178328416241982,0.0638579992536003,-0.0067));
#13519=CARTESIAN_POINT('',(-0.0177350386709061,0.0683569363038741,-0.0067));
#13520=CARTESIAN_POINT('',(0.0512795294491554,0.066856620005403,-0.0067));
#13521=CARTESIAN_POINT('',(0.0512795294491554,0.0668566200054029,-0.0067));
#13522=CARTESIAN_POINT('',(0.0511817264958634,0.0623576829551293,-0.0067));
#13523=CARTESIAN_POINT('',(0.0540515833983987,0.0658237933629162,-0.0067));
#13524=CARTESIAN_POINT('',(0.0615699893562654,0.0595987322149009,-0.0067));
#13525=CARTESIAN_POINT('',(0.0615699893562655,0.0595987322149009,-0.0067));
#13526=CARTESIAN_POINT('',(0.065077592237142,0.063835089379974,-0.0067));
#13527=CARTESIAN_POINT('',(0.064936612914047,0.0583368965104523,-0.0067));
#13528=CARTESIAN_POINT('',(0.0880166627188959,0.0577451002829093,-0.0067));
#13529=CARTESIAN_POINT('',(0.0880166627188959,0.0577451002829093,-0.0067));
#13530=CARTESIAN_POINT('',(0.087901316,0.0532465788442098,-0.0067));
#13531=CARTESIAN_POINT('',(0.092401316,0.0532465788442097,-0.0067));
#13532=CARTESIAN_POINT('',(0.092401316,-6.21442459024374E-5,-0.0067));
#13533=CARTESIAN_POINT('',(0.092401316,-0.0283095866484673,-0.0067));
#13534=CARTESIAN_POINT('',(0.0879013159999998,-0.0283095866484673,-0.0067));
#13535=CARTESIAN_POINT('',(0.0922170314499994,-0.0295841846849621,-0.0067));
#13536=CARTESIAN_POINT('',(0.092830304854708,-0.0275076763019326,-0.0067));
#13537=CARTESIAN_POINT('',(0.0880134420228915,-0.043817296078977,-0.0067));
#13538=CARTESIAN_POINT('',(0.0836977265728813,-0.0425426980424784,-0.0067));
#13539=CARTESIAN_POINT('',(0.0878646482112701,-0.044241746028743,-0.0067));
#13540=CARTESIAN_POINT('',(0.0907709865172473,-0.0371139402966184,-0.0067));
#13541=CARTESIAN_POINT('',(0.0791227291467243,-0.0656813357316657,-0.0067));
#13542=CARTESIAN_POINT('',(0.0749558075083462,-0.063982287745405,-0.0067));
#13543=CARTESIAN_POINT('',(0.0743478065231669,-0.0684410246519763,-0.0067));
#13544=CARTESIAN_POINT('',(-0.00789370394203835,-0.057226431722804,-0.0067));
#13545=CARTESIAN_POINT('',(-0.0160021859279234,-0.0561207452606894,-0.0067));
#13546=CARTESIAN_POINT('',(-0.0153941849427442,-0.0516620083541182,-0.0067));
#13547=CARTESIAN_POINT('',(-0.0180147707649737,-0.0553202223921878,-0.0067));
#13548=CARTESIAN_POINT('',(-0.0304559106334151,-0.046407929559586,-0.0067));
#13549=CARTESIAN_POINT('',(-0.0304559106334152,-0.046407929559586,-0.0067));
#13550=CARTESIAN_POINT('',(-0.0336588488605846,-0.05087908005056,-0.0067));
#13551=CARTESIAN_POINT('',(-0.03369466522244,-0.0453791966710488,-0.0067));
#13552=CARTESIAN_POINT('',(0.000194992664701084,-0.0451585003096379,-0.0067));
#13553=CARTESIAN_POINT('',(-0.0880693797039364,-0.0457332958973905,-0.0067));
#13554=CARTESIAN_POINT('',(-0.088098684,-0.0412333913141541,-0.0067));
#13555=CARTESIAN_POINT('',(-0.092598684,-0.0412333913141541,-0.0067));
#13556=CARTESIAN_POINT('',(-0.092598684,-0.0050104638321121,-0.0067));
#13557=CARTESIAN_POINT('',(-0.092598684,-0.0050104638321121,-0.0067));
#13558=CARTESIAN_POINT('',(-0.088098684,-0.0050104638321121,-0.0067));
#13559=CARTESIAN_POINT('',(-0.0917630754883145,-0.00239852297895932,-0.0067));
#13560=CARTESIAN_POINT('',(-0.0881199832920601,0.00271251007486561,-0.0067));
#13561=CARTESIAN_POINT('',(-0.0881199832920601,0.00271251007486562,-0.0067));
#13562=CARTESIAN_POINT('',(-0.092598684,0.00590488222871907,-0.0067));
#13563=CARTESIAN_POINT('',(-0.087098684,0.00590488222871899,-0.0067));
#13564=CARTESIAN_POINT('',(-0.087098684,0.0143573146005938,-0.0067));
#13565=CARTESIAN_POINT('',(-0.0870986839999999,0.0143573146005938,-0.0067));
#13566=CARTESIAN_POINT('',(-0.0825986840000002,0.014357314600594,-0.0067));
#13567=CARTESIAN_POINT('',(-0.0220299312823425,-0.0438331764488711,0.00501));
#13568=CARTESIAN_POINT('',(-0.0220299312823425,-0.0438331764488711,-0.0027));
#13569=CARTESIAN_POINT('',(-0.0294160766664732,-0.0385420623497102,-0.0027));
#13570=CARTESIAN_POINT('',(-0.0146437858982119,-0.0491242905480319,-0.0027));
#13571=CARTESIAN_POINT('',(-0.0294160766664732,-0.0385420623497102,0.00501));
#13572=CARTESIAN_POINT('',(-0.0146437858982119,-0.0491242905480319,0.00501));
#13573=CARTESIAN_POINT('',(-0.029998429071413,-0.0393549988026144,0.00501));
#13574=CARTESIAN_POINT('',(-0.029998429071413,-0.0393549988026144,-0.0027));
#13575=CARTESIAN_POINT('',(-0.030004941137205,-0.0383550200063398,-0.0027));
#13576=CARTESIAN_POINT('',(-0.030004941137205,-0.0383550200063398,0.00501));
#13577=CARTESIAN_POINT('',(-0.0572985565357065,-0.0385327615942973,0.00501));
#13578=CARTESIAN_POINT('',(-0.0572985565357065,-0.0385327615942973,-0.0027));
#13579=CARTESIAN_POINT('',(-0.0845921719342081,-0.0387105031822548,-0.0027));
#13580=CARTESIAN_POINT('',(-0.0845921719342081,-0.0387105031822548,0.00501));
#13581=CARTESIAN_POINT('',(-0.084598684,-0.03771052438598,0.00501));
#13582=CARTESIAN_POINT('',(-0.084598684,-0.03771052438598,-0.0027));
#13583=CARTESIAN_POINT('',(-0.085598684,-0.03771052438598,-0.0027));
#13584=CARTESIAN_POINT('',(-0.085598684,-0.03771052438598,0.00501));
#13585=CARTESIAN_POINT('',(-0.085598684,-0.0219203516929896,0.00501));
#13586=CARTESIAN_POINT('',(-0.085598684,-0.0219203516929896,-0.0027));
#13587=CARTESIAN_POINT('',(-0.085598684,-0.00613017899999929,-0.0027));
#13588=CARTESIAN_POINT('',(-0.085598684,-0.00613017899999929,0.00501));
#13589=CARTESIAN_POINT('',(-0.0845986839999997,-0.00613017899999942,0.00501));
#13590=CARTESIAN_POINT('',(-0.0845986839999997,-0.00613017899999942,-0.0027));
#13591=CARTESIAN_POINT('',(-0.0854129932196255,-0.0055497476992987,-0.0027));
#13592=CARTESIAN_POINT('',(-0.0854129932196255,-0.0055497476992987,0.00501));
#13593=CARTESIAN_POINT('',(-0.082848684,-0.00195218044716911,0.00501));
#13594=CARTESIAN_POINT('',(-0.082848684,-0.00195218044716911,-0.0027));
#13595=CARTESIAN_POINT('',(-0.0802843747803745,0.00164538680496049,-0.0027));
#13596=CARTESIAN_POINT('',(-0.0802843747803745,0.00164538680496049,0.00501));
#13597=CARTESIAN_POINT('',(-0.081098684,0.00222581810566113,0.00501));
#13598=CARTESIAN_POINT('',(-0.081098684,0.00222581810566113,-0.0027));
#13599=CARTESIAN_POINT('',(-0.080098684,0.00222581810566113,-0.0027));
#13600=CARTESIAN_POINT('',(-0.080098684,0.00222581810566113,0.00501));
#13601=CARTESIAN_POINT('',(-0.080098684,0.00774239592962839,0.00501));
#13602=CARTESIAN_POINT('',(-0.080098684,0.00774239592962839,-0.0027));
#13603=CARTESIAN_POINT('',(-0.080098684,0.0132589737535956,-0.0027));
#13604=CARTESIAN_POINT('',(-0.080098684,0.0132589737535956,0.00501));
#13605=CARTESIAN_POINT('',(-0.0790986839999999,0.0132589737535956,0.00501));
#13606=CARTESIAN_POINT('',(-0.0790986839999999,0.0132589737535956,-0.0027));
#13607=CARTESIAN_POINT('',(-0.0799193853964938,0.0138303311004402,-0.0027));
#13608=CARTESIAN_POINT('',(-0.0799193853964937,0.0138303311004402,0.00501));
#13609=CARTESIAN_POINT('',(-0.0778050976755227,0.0168673076874635,0.00501));
#13610=CARTESIAN_POINT('',(-0.0778050976755227,0.0168673076874635,-0.0027));
#13611=CARTESIAN_POINT('',(-0.0756908099545516,0.0199042842744868,-0.0027));
#13612=CARTESIAN_POINT('',(-0.0756908099545516,0.0199042842744868,0.00501));
#13613=CARTESIAN_POINT('',(-0.0765115113510458,0.0204756416213314,0.00501));
#13614=CARTESIAN_POINT('',(-0.0765115113510458,0.0204756416213314,-0.0027));
#13615=CARTESIAN_POINT('',(-0.075511598973809,0.0204624038779633,-0.0027));
#13616=CARTESIAN_POINT('',(-0.075511598973809,0.0204624038779633,0.00501));
#13617=CARTESIAN_POINT('',(-0.0753019301258557,0.0362997313106673,0.00501));
#13618=CARTESIAN_POINT('',(-0.0753019301258557,0.0362997313106673,-0.0027));
#13619=CARTESIAN_POINT('',(-0.0750922612779024,0.0521370587433714,-0.0027));
#13620=CARTESIAN_POINT('',(-0.0750922612779024,0.0521370587433714,0.00501));
#13621=CARTESIAN_POINT('',(-0.0740923489006661,0.0521238210000034,0.00501));
#13622=CARTESIAN_POINT('',(-0.0740923489006661,0.0521238210000034,-0.0027));
#13623=CARTESIAN_POINT('',(-0.0740923489006661,0.0531238210000034,-0.0027));
#13624=CARTESIAN_POINT('',(-0.0740923489006661,0.0531238210000033,0.00501));
#13625=CARTESIAN_POINT('',(-0.056386836816012,0.0531238210000034,0.00501));
#13626=CARTESIAN_POINT('',(-0.056386836816012,0.0531238210000034,-0.0027));
#13627=CARTESIAN_POINT('',(-0.038681324731358,0.0531238210000033,-0.0027));
#13628=CARTESIAN_POINT('',(-0.038681324731358,0.0531238210000033,0.00501));
#13629=CARTESIAN_POINT('',(-0.038681324731358,0.0541238210000033,0.00501));
#13630=CARTESIAN_POINT('',(-0.038681324731358,0.0541238210000033,-0.0027));
#13631=CARTESIAN_POINT('',(-0.0383182353603595,0.0531920666822415,-0.0027));
#13632=CARTESIAN_POINT('',(-0.0383182353603595,0.0531920666822415,0.00501));
#13633=CARTESIAN_POINT('',(-0.0279465411670789,0.0572337457483212,0.00501));
#13634=CARTESIAN_POINT('',(-0.0279465411670789,0.0572337457483212,-0.0027));
#13635=CARTESIAN_POINT('',(-0.0175748469737983,0.0612754248144009,-0.0027));
#13636=CARTESIAN_POINT('',(-0.0175748469737983,0.0612754248144009,0.00501));
#13637=CARTESIAN_POINT('',(-0.0172117576027997,0.0603436704966389,0.00501));
#13638=CARTESIAN_POINT('',(-0.0172117576027997,0.0603436704966389,-0.0027));
#13639=CARTESIAN_POINT('',(-0.0171900236131793,0.0613434342855888,-0.0027));
#13640=CARTESIAN_POINT('',(-0.0171900236131793,0.0613434342855888,0.00501));
#13641=CARTESIAN_POINT('',(0.0163597800457576,0.0606140909221349,0.00501));
#13642=CARTESIAN_POINT('',(0.0163597800457576,0.0606140909221349,-0.0027));
#13643=CARTESIAN_POINT('',(0.0499095837046944,0.0598847475586809,-0.0027));
#13644=CARTESIAN_POINT('',(0.0499095837046944,0.0598847475586809,0.00501));
#13645=CARTESIAN_POINT('',(0.0498878497150739,0.0588849837697311,0.00501));
#13646=CARTESIAN_POINT('',(0.0498878497150739,0.0588849837697311,-0.0027));
#13647=CARTESIAN_POINT('',(0.0505255956934151,0.0596552305270172,-0.0027));
#13648=CARTESIAN_POINT('',(0.0505255956934151,0.0596552305270172,0.00501));
#13649=CARTESIAN_POINT('',(0.0553473910785078,0.0556628987370567,0.00501));
#13650=CARTESIAN_POINT('',(0.0553473910785078,0.0556628987370567,-0.0027));
#13651=CARTESIAN_POINT('',(0.0601691864636005,0.0516705669470962,-0.0027));
#13652=CARTESIAN_POINT('',(0.0601691864636005,0.0516705669470962,0.00501));
#13653=CARTESIAN_POINT('',(0.0608069324419417,0.0524408137043822,0.00501));
#13654=CARTESIAN_POINT('',(0.0608069324419417,0.0524408137043822,-0.0027));
#13655=CARTESIAN_POINT('',(0.084401316,0.0498351720757893,0.00501));
#13656=CARTESIAN_POINT('',(0.084401316,0.0498351720757893,-0.0027));
#13657=CARTESIAN_POINT('',(0.084401316000001,-0.0278035479550642,0.00501));
#13658=CARTESIAN_POINT('',(0.084401316000001,-0.0278035479550642,-0.0027));
#13659=CARTESIAN_POINT('',(0.0853603638777776,-0.0280867919631742,-0.0027));
#13660=CARTESIAN_POINT('',(0.0853603638777781,-0.0280867919631742,0.00501));
#13661=CARTESIAN_POINT('',(0.0833550378165034,-0.0348767103665693,0.00501));
#13662=CARTESIAN_POINT('',(0.0833550378165034,-0.0348767103665693,-0.0027));
#13663=CARTESIAN_POINT('',(0.0813497117552301,-0.041666628769965,-0.0027));
#13664=CARTESIAN_POINT('',(0.0813497117552291,-0.0416666287699647,0.00501));
#13665=CARTESIAN_POINT('',(0.0803906638774454,-0.0413833847618524,0.00501));
#13666=CARTESIAN_POINT('',(0.0803906638774454,-0.0413833847618524,-0.0027));
#13667=CARTESIAN_POINT('',(0.0813166464637575,-0.0417609509810241,-0.0027));
#13668=CARTESIAN_POINT('',(0.0813166464637586,-0.0417609509810241,0.00501));
#13669=CARTESIAN_POINT('',(0.0774911061427273,-0.0511431031457028,0.00501));
#13670=CARTESIAN_POINT('',(0.0774911061427273,-0.0511431031457028,-0.0027));
#13671=CARTESIAN_POINT('',(0.073665565821697,-0.0605252553103819,-0.0027));
#13672=CARTESIAN_POINT('',(0.073665565821697,-0.0605252553103819,0.00501));
#13673=CARTESIAN_POINT('',(0.0727395832353907,-0.0601476890912129,0.00501));
#13674=CARTESIAN_POINT('',(0.0727395832353907,-0.0601476890912129,-0.0027));
#13675=CARTESIAN_POINT('',(0.0726044719053509,-0.0611385195148954,-0.0027));
#13676=CARTESIAN_POINT('',(0.0726044719053509,-0.0611385195148954,0.00501));
#13677=CARTESIAN_POINT('',(0.0292039635410195,-0.0552203520168527,0.00501));
#13678=CARTESIAN_POINT('',(0.0292039635410195,-0.0552203520168527,-0.0027));
#13679=CARTESIAN_POINT('',(-0.0141965448233118,-0.0493021845188101,-0.0027));
#13680=CARTESIAN_POINT('',(-0.0141965448233118,-0.04930218451881,0.00501));
#13681=CARTESIAN_POINT('',(-0.014061433493272,-0.0483113540951277,0.00501));
#13682=CARTESIAN_POINT('',(-0.014061433493272,-0.0483113540951277,-0.0027));
#13683=CARTESIAN_POINT('',(-9.86839999999739E-5,-6.21442459024374E-5,-0.0027));
#13684=CARTESIAN_POINT('',(0.0836977265728813,-0.0425426980424784,-0.0062));
#13685=CARTESIAN_POINT('',(0.0880134420228915,-0.043817296078977,-0.0062));
#13686=CARTESIAN_POINT('',(0.0878646482112701,-0.044241746028743,-0.0062));
#13687=CARTESIAN_POINT('',(0.0907709865172473,-0.0371139402966184,-0.0062));
#13688=CARTESIAN_POINT('',(0.0791227291467243,-0.0656813357316657,-0.0062));
#13689=CARTESIAN_POINT('',(0.092830304854708,-0.0275076763019326,-0.0062));
#13690=CARTESIAN_POINT('',(0.0922170314499994,-0.0295841846849621,-0.0062));
#13691=CARTESIAN_POINT('',(0.0749558075083462,-0.063982287745405,-0.0062));
#13692=CARTESIAN_POINT('',(0.0743478065231669,-0.0684410246519763,-0.0062));
#13693=CARTESIAN_POINT('',(0.0879013159999998,-0.0283095866484673,-0.0062));
#13694=CARTESIAN_POINT('',(0.092401316,-0.0283095866484673,-0.0062));
#13695=CARTESIAN_POINT('',(-0.00789370394203835,-0.057226431722804,-0.0062));
#13696=CARTESIAN_POINT('',(-0.0160021859279234,-0.0561207452606894,-0.0062));
#13697=CARTESIAN_POINT('',(0.092401316,-6.21442459024374E-5,-0.0062));
#13698=CARTESIAN_POINT('',(0.092401316,0.0532465788442097,-0.0062));
#13699=CARTESIAN_POINT('',(-0.0153941849427442,-0.0516620083541182,-0.0062));
#13700=CARTESIAN_POINT('',(-0.0180147707649737,-0.0553202223921878,-0.0062));
#13701=CARTESIAN_POINT('',(0.087901316,0.0532465788442098,-0.0062));
#13702=CARTESIAN_POINT('',(0.0880166627188959,0.0577451002829093,-0.0062));
#13703=CARTESIAN_POINT('',(-0.0242353406991944,-0.0508640759758869,-0.0062));
#13704=CARTESIAN_POINT('',(-0.0304559106334151,-0.046407929559586,-0.0062));
#13705=CARTESIAN_POINT('',(0.0764766378164715,0.0580409983966808,-0.0062));
#13706=CARTESIAN_POINT('',(0.064936612914047,0.0583368965104523,-0.0062));
#13707=CARTESIAN_POINT('',(-0.0336588488605846,-0.05087908005056,-0.0062));
#13708=CARTESIAN_POINT('',(-0.03369466522244,-0.0453791966710488,-0.0062));
#13709=CARTESIAN_POINT('',(0.065077592237142,0.063835089379974,-0.0062));
#13710=CARTESIAN_POINT('',(0.0615699893562655,0.0595987322149009,-0.0062));
#13711=CARTESIAN_POINT('',(0.000194992664701084,-0.0451585003096379,-0.0062));
#13712=CARTESIAN_POINT('',(-0.0880693797039364,-0.0457332958973905,-0.0062));
#13713=CARTESIAN_POINT('',(0.057810786377332,0.0627112627889085,-0.0062));
#13714=CARTESIAN_POINT('',(0.0540515833983987,0.0658237933629162,-0.0062));
#13715=CARTESIAN_POINT('',(-0.088098684,-0.0412333913141541,-0.0062));
#13716=CARTESIAN_POINT('',(-0.092598684,-0.0412333913141541,-0.0062));
#13717=CARTESIAN_POINT('',(0.0511817264958634,0.0623576829551293,-0.0062));
#13718=CARTESIAN_POINT('',(0.0512795294491554,0.066856620005403,-0.0062));
#13719=CARTESIAN_POINT('',(-0.092598684,-0.0231219275731331,-0.0062));
#13720=CARTESIAN_POINT('',(-0.092598684,-0.0050104638321121,-0.0062));
#13721=CARTESIAN_POINT('',(0.0167722453891246,0.0676067781546385,-0.0062));
#13722=CARTESIAN_POINT('',(-0.0177350386709061,0.068356936303874,-0.0062));
#13723=CARTESIAN_POINT('',(-0.088098684,-0.0050104638321121,-0.0062));
#13724=CARTESIAN_POINT('',(-0.0917630754883144,-0.00239852297895934,-0.0062));
#13725=CARTESIAN_POINT('',(-0.0178328416241982,0.0638579992536003,-0.0062));
#13726=CARTESIAN_POINT('',(-0.0194667437936917,0.0680508936835285,-0.0062));
#13727=CARTESIAN_POINT('',(-0.0899415293901873,0.000156993547953144,-0.0062));
#13728=CARTESIAN_POINT('',(-0.0881199832920601,0.00271251007486561,-0.0062));
#13729=CARTESIAN_POINT('',(-0.0291562990548646,0.0642750329679208,-0.0062));
#13730=CARTESIAN_POINT('',(-0.0388458543160374,0.0604991722523131,-0.0062));
#13731=CARTESIAN_POINT('',(-0.092598684,0.00590488222871907,-0.0062));
#13732=CARTESIAN_POINT('',(-0.087098684,0.00590488222871899,-0.0062));
#13733=CARTESIAN_POINT('',(-0.0408428458565294,0.0656238210000032,-0.0062));
#13734=CARTESIAN_POINT('',(-0.0408428458565294,0.0601238210000034,-0.0062));
#13735=CARTESIAN_POINT('',(-0.087098684,0.0101310984146564,-0.0062));
#13736=CARTESIAN_POINT('',(-0.087098684,0.0143573146005938,-0.0062));
#13737=CARTESIAN_POINT('',(-0.059194582650926,0.0601238210000033,-0.0062));
#13738=CARTESIAN_POINT('',(-0.0775463194453226,0.0601238210000033,-0.0062));
#13739=CARTESIAN_POINT('',(-0.0825986840000002,0.014357314600594,-0.0062));
#13740=CARTESIAN_POINT('',(-0.0862918402842219,0.0169284226613941,-0.0062));
#13741=CARTESIAN_POINT('',(-0.0775463194453226,0.0556238210000034,-0.0062));
#13742=CARTESIAN_POINT('',(-0.0820459251428863,0.0556833908451594,-0.0062));
#13743=CARTESIAN_POINT('',(-0.0848709090356198,0.0189694575172332,-0.0062));
#13744=CARTESIAN_POINT('',(-0.0834499777870177,0.0210104923730723,-0.0062));
#13745=CARTESIAN_POINT('',(-0.0822551212679097,0.0398817705186762,-0.0062));
#13746=CARTESIAN_POINT('',(-0.0824643173929332,0.024080150192193,-0.0062));
#13747=CARTESIAN_POINT('',(-0.087963835467733,0.024152957780717,-0.0062));
#13748=CARTESIAN_POINT('',(0.0749517229149995,0.0335720461932789,0.00369749999999925));
#13749=CARTESIAN_POINT('',(0.0749517229149995,0.0335720461932789,0.0023849999999985));
#13750=CARTESIAN_POINT('',(0.0739520514841773,0.033597678797478,0.0023849999999985));
#13751=CARTESIAN_POINT('',(0.0739520514841773,0.033597678797478,0.0013849999999985));
#13752=CARTESIAN_POINT('',(0.0699533657608888,0.0337002092142743,0.0013849999999985));
#13753=CARTESIAN_POINT('',(0.0659546800376003,0.0338027396310707,0.0013849999999985));
#13754=CARTESIAN_POINT('',(0.0659546800376003,0.0338027396310707,0.0023849999999985));
#13755=CARTESIAN_POINT('',(0.0649550086067781,0.0338283722352698,0.0023849999999985));
#13756=CARTESIAN_POINT('',(0.0649550086067781,0.0338283722352698,0.00369749999999925));
#13757=CARTESIAN_POINT('',(0.082901316,-0.025787329,0.00341));
#13758=CARTESIAN_POINT('',(0.082901316,-0.025787329,0.00181));
#13759=CARTESIAN_POINT('',(0.082901316,-0.025287329,0.00181));
#13760=CARTESIAN_POINT('',(0.082901316,-0.025287329,0.00131));
#13761=CARTESIAN_POINT('',(0.082901316,-0.016805829,0.00131));
#13762=CARTESIAN_POINT('',(0.082901316,-0.008324329,0.00131));
#13763=CARTESIAN_POINT('',(0.082901316,-0.008324329,0.00181));
#13764=CARTESIAN_POINT('',(0.082901316,-0.007824329,0.00181));
#13765=CARTESIAN_POINT('',(0.082901316,-0.007824329,0.00341));
#13766=CARTESIAN_POINT('',(-0.0163815649038289,-0.0536972645715325,0.0083));
#13767=CARTESIAN_POINT('',(-0.0893600217698532,-0.0428916403897549,0.0083));
#13768=CARTESIAN_POINT('',(-0.078812234177829,0.0572738210000033,0.0083));
#13769=CARTESIAN_POINT('',(0.0167722453891246,0.0653567781546385,0.0083));
#13770=CARTESIAN_POINT('',(0.0892053715123216,0.0548636838362665,0.0083));
#13771=CARTESIAN_POINT('',(0.075940016235186,-0.0657817659482377,0.0083));
#13772=CARTESIAN_POINT('',(0.,0.,0.));
#13773=CARTESIAN_POINT('',(0.073318326372623,0.0526201730277236,0.00651));
#13774=CARTESIAN_POINT('',(0.073318326372623,0.0526201730277236,0.00651));
#13775=CARTESIAN_POINT('',(0.0654420280865608,0.0528221294208903,0.00651));
#13776=CARTESIAN_POINT('',(0.0616840715368479,0.0529184872939536,0.00651));
#13777=CARTESIAN_POINT('',(0.0654420280865608,0.0528221294208903,0.00576));
#13778=CARTESIAN_POINT('',(0.0654420280865608,0.0528221294208903,0.00501));
#13779=CARTESIAN_POINT('',(0.073318326372623,0.0526201730277236,0.00501));
#13780=CARTESIAN_POINT('',(0.0616840715368479,0.0529184872939536,0.00501));
#13781=CARTESIAN_POINT('',(0.0616840715368479,0.0529184872939536,0.00651));
#13782=CARTESIAN_POINT('',(-9.86839999999739E-5,-6.21442459024374E-5,0.00651));
#13783=CARTESIAN_POINT('',(0.083951316,0.0493965626341352,0.00651));
#13784=CARTESIAN_POINT('',(0.085701316,0.0493965626341352,0.00651));
#13785=CARTESIAN_POINT('',(0.0778687283863542,-0.0461117430150714,0.00651));
#13786=CARTESIAN_POINT('',(0.0796187283863542,-0.0461117430150714,0.00651));
#13787=CARTESIAN_POINT('',(-0.049456106,0.03911244,0.00651));
#13788=CARTESIAN_POINT('',(-0.049456106,0.03211244,0.00651));
#13789=CARTESIAN_POINT('',(-0.049456106,0.04611244,0.00651));
#13790=CARTESIAN_POINT('',(-0.056456106,0.03211244,0.00651));
#13791=CARTESIAN_POINT('',(-0.063456106,0.03211244,0.00651));
#13792=CARTESIAN_POINT('',(-0.063456106,0.03911244,0.00651));
#13793=CARTESIAN_POINT('',(-0.063456106,0.04611244,0.00651));
#13794=CARTESIAN_POINT('',(-0.056456106,0.04611244,0.00651));
#13795=CARTESIAN_POINT('',(-0.051837356,0.02006244,0.00651));
#13796=CARTESIAN_POINT('',(-0.051837356,0.01306244,0.00651));
#13797=CARTESIAN_POINT('',(-0.051837356,0.02706244,0.00651));
#13798=CARTESIAN_POINT('',(-0.058837356,0.01306244,0.00651));
#13799=CARTESIAN_POINT('',(-0.065837356,0.01306244,0.00651));
#13800=CARTESIAN_POINT('',(-0.065837356,0.02006244,0.00651));
#13801=CARTESIAN_POINT('',(-0.065837356,0.02706244,0.00651));
#13802=CARTESIAN_POINT('',(-0.058837356,0.02706244,0.00651));
#13803=CARTESIAN_POINT('',(-0.054218606,0.00101244,0.00651));
#13804=CARTESIAN_POINT('',(-0.054218606,-0.00598756,0.00651));
#13805=CARTESIAN_POINT('',(-0.054218606,0.00801244,0.00651));
#13806=CARTESIAN_POINT('',(-0.061218606,-0.00598756,0.00651));
#13807=CARTESIAN_POINT('',(-0.068218606,-0.00598756,0.00651));
#13808=CARTESIAN_POINT('',(-0.068218606,0.00101244,0.00651));
#13809=CARTESIAN_POINT('',(-0.068218606,0.00801244,0.00651));
#13810=CARTESIAN_POINT('',(-0.061218606,0.00801244,0.00651));
#13811=CARTESIAN_POINT('',(-0.056599856,-0.01803756,0.00651));
#13812=CARTESIAN_POINT('',(-0.056599856,-0.02503756,0.00651));
#13813=CARTESIAN_POINT('',(-0.056599856,-0.01103756,0.00651));
#13814=CARTESIAN_POINT('',(-0.063599856,-0.02503756,0.00651));
#13815=CARTESIAN_POINT('',(-0.070599856,-0.02503756,0.00651));
#13816=CARTESIAN_POINT('',(-0.070599856,-0.01803756,0.00651));
#13817=CARTESIAN_POINT('',(-0.070599856,-0.01103756,0.00651));
#13818=CARTESIAN_POINT('',(-0.063599856,-0.01103756,0.00651));
#13819=CARTESIAN_POINT('',(-0.030406106,0.03911244,0.00651));
#13820=CARTESIAN_POINT('',(-0.030406106,0.03211244,0.00651));
#13821=CARTESIAN_POINT('',(-0.030406106,0.04611244,0.00651));
#13822=CARTESIAN_POINT('',(-0.037406106,0.03211244,0.00651));
#13823=CARTESIAN_POINT('',(-0.044406106,0.03211244,0.00651));
#13824=CARTESIAN_POINT('',(-0.044406106,0.03911244,0.00651));
#13825=CARTESIAN_POINT('',(-0.044406106,0.04611244,0.00651));
#13826=CARTESIAN_POINT('',(-0.037406106,0.04611244,0.00651));
#13827=CARTESIAN_POINT('',(-0.030406106,0.02006244,0.00651));
#13828=CARTESIAN_POINT('',(-0.030406106,0.01306244,0.00651));
#13829=CARTESIAN_POINT('',(-0.030406106,0.02706244,0.00651));
#13830=CARTESIAN_POINT('',(-0.037406106,0.01306244,0.00651));
#13831=CARTESIAN_POINT('',(-0.044406106,0.01306244,0.00651));
#13832=CARTESIAN_POINT('',(-0.044406106,0.02006244,0.00651));
#13833=CARTESIAN_POINT('',(-0.044406106,0.02706244,0.00651));
#13834=CARTESIAN_POINT('',(-0.037406106,0.02706244,0.00651));
#13835=CARTESIAN_POINT('',(-0.030406106,0.00101244,0.00651));
#13836=CARTESIAN_POINT('',(-0.030406106,-0.00598756,0.00651));
#13837=CARTESIAN_POINT('',(-0.030406106,0.00801244,0.00651));
#13838=CARTESIAN_POINT('',(-0.037406106,-0.00598756,0.00651));
#13839=CARTESIAN_POINT('',(-0.044406106,-0.00598756,0.00651));
#13840=CARTESIAN_POINT('',(-0.044406106,0.00101244,0.00651));
#13841=CARTESIAN_POINT('',(-0.044406106,0.00801244,0.00651));
#13842=CARTESIAN_POINT('',(-0.037406106,0.00801244,0.00651));
#13843=CARTESIAN_POINT('',(-0.030406106,-0.01803756,0.00651));
#13844=CARTESIAN_POINT('',(-0.030406106,-0.02503756,0.00651));
#13845=CARTESIAN_POINT('',(-0.030406106,-0.01103756,0.00651));
#13846=CARTESIAN_POINT('',(-0.037406106,-0.02503756,0.00651));
#13847=CARTESIAN_POINT('',(-0.044406106,-0.02503756,0.00651));
#13848=CARTESIAN_POINT('',(-0.044406106,-0.01803756,0.00651));
#13849=CARTESIAN_POINT('',(-0.044406106,-0.01103756,0.00651));
#13850=CARTESIAN_POINT('',(-0.037406106,-0.01103756,0.00651));
#13851=CARTESIAN_POINT('',(-0.00976967513390525,0.043519212154939,0.00651));
#13852=CARTESIAN_POINT('',(-0.00989184197896624,0.0365202782888443,0.00651));
#13853=CARTESIAN_POINT('',(-0.00964750828884428,0.0505181460210338,0.00651));
#13854=CARTESIAN_POINT('',(-0.016890775845061,0.0366424451339052,0.00651));
#13855=CARTESIAN_POINT('',(-0.0238897097111557,0.0367646119789663,0.00651));
#13856=CARTESIAN_POINT('',(-0.0237675428660948,0.043763545845061,0.00651));
#13857=CARTESIAN_POINT('',(-0.0236453760210338,0.0507624797111557,0.00651));
#13858=CARTESIAN_POINT('',(-0.016646442154939,0.0506403128660947,0.00651));
#13859=CARTESIAN_POINT('',(-0.0101019151339053,0.024498293154939,0.00651));
#13860=CARTESIAN_POINT('',(-0.0102240819789662,0.0174993592888443,0.00651));
#13861=CARTESIAN_POINT('',(-0.00997974828884428,0.0314972270210338,0.00651));
#13862=CARTESIAN_POINT('',(-0.017223015845061,0.0176215261339052,0.00651));
#13863=CARTESIAN_POINT('',(-0.0242219497111557,0.0177436929789663,0.00651));
#13864=CARTESIAN_POINT('',(-0.0240997828660948,0.024742626845061,0.00651));
#13865=CARTESIAN_POINT('',(-0.0239776160210338,0.0317415607111557,0.00651));
#13866=CARTESIAN_POINT('',(-0.016978682154939,0.0316193938660947,0.00651));
#13867=CARTESIAN_POINT('',(-0.0104357741339052,0.00545190315493901,0.00651));
#13868=CARTESIAN_POINT('',(-0.0105579409789662,-0.00154703071115573,0.00651));
#13869=CARTESIAN_POINT('',(-0.0103136072888443,0.0124508370210337,0.00651));
#13870=CARTESIAN_POINT('',(-0.017556874845061,-0.00142486386609474,0.00651));
#13871=CARTESIAN_POINT('',(-0.0245558087111558,-0.00130269702103375,0.00651));
#13872=CARTESIAN_POINT('',(-0.0244336418660948,0.00569623684506099,0.00651));
#13873=CARTESIAN_POINT('',(-0.0243114750210338,0.0126951707111557,0.00651));
#13874=CARTESIAN_POINT('',(-0.017312541154939,0.0125730038660947,0.00651));
#13875=CARTESIAN_POINT('',(-0.0107668401339052,-0.013594508845061,0.00651));
#13876=CARTESIAN_POINT('',(-0.0108890069789662,-0.0205934427111557,0.00651));
#13877=CARTESIAN_POINT('',(-0.0106446732888443,-0.00659557497896625,0.00651));
#13878=CARTESIAN_POINT('',(-0.017887940845061,-0.0204712758660947,0.00651));
#13879=CARTESIAN_POINT('',(-0.0248868747111557,-0.0203491090210337,0.00651));
#13880=CARTESIAN_POINT('',(-0.0247647078660947,-0.013350175154939,0.00651));
#13881=CARTESIAN_POINT('',(-0.0246425410210338,-0.00635124128884428,0.00651));
#13882=CARTESIAN_POINT('',(-0.017643607154939,-0.00647340813390526,0.00651));
#13883=CARTESIAN_POINT('',(0.0109107007891337,0.0478227555230825,0.00651));
#13884=CARTESIAN_POINT('',(0.0106664043122162,0.0408270197339488,0.00651));
#13885=CARTESIAN_POINT('',(0.0111549972660512,0.0548184913122162,0.00651));
#13886=CARTESIAN_POINT('',(0.0036706685230825,0.0410713162108663,0.00651));
#13887=CARTESIAN_POINT('',(-0.00332506726605117,0.0413156126877839,0.00651));
#13888=CARTESIAN_POINT('',(-0.00308077078913365,0.0483113484769175,0.00651));
#13889=CARTESIAN_POINT('',(-0.00283647431221613,0.0553070842660512,0.00651));
#13890=CARTESIAN_POINT('',(0.00415926147691754,0.0550627877891337,0.00651));
#13891=CARTESIAN_POINT('',(0.0102412417891337,0.0287844415230825,0.00651));
#13892=CARTESIAN_POINT('',(0.00999694531221616,0.0217887057339488,0.00651));
#13893=CARTESIAN_POINT('',(0.0104855382660512,0.0357801773122162,0.00651));
#13894=CARTESIAN_POINT('',(0.00300120952308249,0.0220330022108663,0.00651));
#13895=CARTESIAN_POINT('',(-0.00399452626605118,0.0222772986877838,0.00651));
#13896=CARTESIAN_POINT('',(-0.00375022978913366,0.0292730344769176,0.00651));
#13897=CARTESIAN_POINT('',(-0.00350593331221615,0.0362687702660512,0.00651));
#13898=CARTESIAN_POINT('',(0.00348980247691753,0.0360244737891336,0.00651));
#13899=CARTESIAN_POINT('',(0.00957640478913368,0.00974604752308248,0.00651));
#13900=CARTESIAN_POINT('',(0.00933210831221616,0.00275031173394881,0.00651));
#13901=CARTESIAN_POINT('',(0.0098207012660512,0.0167417833122162,0.00651));
#13902=CARTESIAN_POINT('',(0.00233637252308249,0.00299460821086633,0.00651));
#13903=CARTESIAN_POINT('',(-0.00465936326605118,0.00323890468778385,0.00651));
#13904=CARTESIAN_POINT('',(-0.00441506678913366,0.0102346404769175,0.00651));
#13905=CARTESIAN_POINT('',(-0.00417077031221615,0.0172303762660512,0.00651));
#13906=CARTESIAN_POINT('',(0.00282496547691753,0.0169860797891336,0.00651));
#13907=CARTESIAN_POINT('',(0.00891025478913367,-0.00929092947691752,0.00651));
#13908=CARTESIAN_POINT('',(0.00866595831221615,-0.0162866652660512,0.00651));
#13909=CARTESIAN_POINT('',(0.00915455126605119,-0.00229519368778385,0.00651));
#13910=CARTESIAN_POINT('',(0.00167022252308248,-0.0160423687891336,0.00651));
#13911=CARTESIAN_POINT('',(-0.00532551326605119,-0.0157980723122162,0.00651));
#13912=CARTESIAN_POINT('',(-0.00508121678913367,-0.00880233652308248,0.00651));
#13913=CARTESIAN_POINT('',(-0.00483692031221615,-0.00180660073394881,0.00651));
#13914=CARTESIAN_POINT('',(0.00215881547691753,-0.00205089721086633,0.00651));
#13915=CARTESIAN_POINT('',(0.0308010687432821,0.0422132443062994,0.00651));
#13916=CARTESIAN_POINT('',(0.0304347170495814,0.0352228375630173,0.00651));
#13917=CARTESIAN_POINT('',(0.0311674204369826,0.0492036510495814,0.00651));
#13918=CARTESIAN_POINT('',(0.0234443103062994,0.035589189256718,0.00651));
#13919=CARTESIAN_POINT('',(0.0164539035630174,0.0359555409504186,0.00651));
#13920=CARTESIAN_POINT('',(0.016820255256718,0.0429459476937007,0.00651));
#13921=CARTESIAN_POINT('',(0.0171866069504186,0.0499363544369826,0.00651));
#13922=CARTESIAN_POINT('',(0.0241770136937006,0.049570002743282,0.00651));
#13923=CARTESIAN_POINT('',(0.0505396463518188,0.0382232596837911,0.00651));
#13924=CARTESIAN_POINT('',(0.0500513510356099,0.0312403113319723,0.00651));
#13925=CARTESIAN_POINT('',(0.0510279416680277,0.0452062080356099,0.00651));
#13926=CARTESIAN_POINT('',(0.0430684026837911,0.0317286066481813,0.00651));
#13927=CARTESIAN_POINT('',(0.0360854543319723,0.0322169019643901,0.00651));
#13928=CARTESIAN_POINT('',(0.0365737496481812,0.0391998503162089,0.00651));
#13929=CARTESIAN_POINT('',(0.0370620449643901,0.0461827986680277,0.00651));
#13930=CARTESIAN_POINT('',(0.0440449933162088,0.0456945033518188,0.00651));
#13931=CARTESIAN_POINT('',(0.0298028137432821,0.0231892263062994,0.00651));
#13932=CARTESIAN_POINT('',(0.0294364620495814,0.0161988195630174,0.00651));
#13933=CARTESIAN_POINT('',(0.0301691654369826,0.0301796330495814,0.00651));
#13934=CARTESIAN_POINT('',(0.0224460553062994,0.016565171256718,0.00651));
#13935=CARTESIAN_POINT('',(0.0154556485630174,0.0169315229504186,0.00651));
#13936=CARTESIAN_POINT('',(0.015822000256718,0.0239219296937007,0.00651));
#13937=CARTESIAN_POINT('',(0.0161883519504186,0.0309123364369827,0.00651));
#13938=CARTESIAN_POINT('',(0.0231787586937006,0.030545984743282,0.00651));
#13939=CARTESIAN_POINT('',(0.0291176057432821,0.00416545930629938,0.00651));
#13940=CARTESIAN_POINT('',(0.0287512540495814,-0.00282494743698263,0.00651));
#13941=CARTESIAN_POINT('',(0.0294839574369826,0.0111558660495814,0.00651));
#13942=CARTESIAN_POINT('',(0.0217608473062994,-0.00245859574328202,0.00651));
#13943=CARTESIAN_POINT('',(0.0147704405630174,-0.00209224404958141,0.00651));
#13944=CARTESIAN_POINT('',(0.015136792256718,0.00489816269370061,0.00651));
#13945=CARTESIAN_POINT('',(0.0155031439504186,0.0118885694369826,0.00651));
#13946=CARTESIAN_POINT('',(0.0224935506937007,0.011522217743282,0.00651));
#13947=CARTESIAN_POINT('',(0.0283279347432821,-0.0148592916937006,0.00651));
#13948=CARTESIAN_POINT('',(0.0279615830495814,-0.0218496984369826,0.00651));
#13949=CARTESIAN_POINT('',(0.0286942864369827,-0.0078688849504186,0.00651));
#13950=CARTESIAN_POINT('',(0.0209711763062994,-0.021483346743282,0.00651));
#13951=CARTESIAN_POINT('',(0.0139807695630174,-0.0211169950495814,0.00651));
#13952=CARTESIAN_POINT('',(0.014347121256718,-0.0141265883062994,0.00651));
#13953=CARTESIAN_POINT('',(0.0147134729504186,-0.00713618156301736,0.00651));
#13954=CARTESIAN_POINT('',(0.0217038796937007,-0.00750253325671798,0.00651));
#13955=CARTESIAN_POINT('',(0.0497369593518188,0.0191288086837912,0.00651));
#13956=CARTESIAN_POINT('',(0.0492486640356099,0.0121458603319724,0.00651));
#13957=CARTESIAN_POINT('',(0.0502252546680277,0.0261117570356099,0.00651));
#13958=CARTESIAN_POINT('',(0.0422657156837912,0.0126341556481812,0.00651));
#13959=CARTESIAN_POINT('',(0.0352827673319723,0.0131224509643901,0.00651));
#13960=CARTESIAN_POINT('',(0.0357710626481813,0.0201053993162089,0.00651));
#13961=CARTESIAN_POINT('',(0.0362593579643902,0.0270883476680277,0.00651));
#13962=CARTESIAN_POINT('',(0.0432423063162089,0.0266000523518188,0.00651));
#13963=CARTESIAN_POINT('',(0.0489467873518188,7.88086837911215E-5,0.00651));
#13964=CARTESIAN_POINT('',(0.0484584920356099,-0.00690413966802765,0.00651));
#13965=CARTESIAN_POINT('',(0.0494350826680277,0.00706175703560989,0.00651));
#13966=CARTESIAN_POINT('',(0.0414755436837911,-0.00641584435181876,0.00651));
#13967=CARTESIAN_POINT('',(0.0344925953319723,-0.00592754903560988,0.00651));
#13968=CARTESIAN_POINT('',(0.0349808906481813,0.00105539931620889,0.00651));
#13969=CARTESIAN_POINT('',(0.0354691859643902,0.00803834766802766,0.00651));
#13970=CARTESIAN_POINT('',(0.0424521343162089,0.00755005235181878,0.00651));
#13971=CARTESIAN_POINT('',(0.0481522073518188,-0.0190104773162089,0.00651));
#13972=CARTESIAN_POINT('',(0.0476639120356099,-0.0259934256680277,0.00651));
#13973=CARTESIAN_POINT('',(0.0486405026680277,-0.0120275289643901,0.00651));
#13974=CARTESIAN_POINT('',(0.0406809636837911,-0.0255051303518188,0.00651));
#13975=CARTESIAN_POINT('',(0.0336980153319724,-0.0250168350356098,0.00651));
#13976=CARTESIAN_POINT('',(0.0341863106481812,-0.0180338866837911,0.00651));
#13977=CARTESIAN_POINT('',(0.0346746059643902,-0.0110509383319723,0.00651));
#13978=CARTESIAN_POINT('',(0.0416575543162089,-0.0115392336481812,0.00651));
#13979=CARTESIAN_POINT('',(0.012246000743282,-0.0371732966937006,0.00651));
#13980=CARTESIAN_POINT('',(0.0118796490495814,-0.0441637034369827,0.00651));
#13981=CARTESIAN_POINT('',(0.0126123524369826,-0.0301828899504186,0.00651));
#13982=CARTESIAN_POINT('',(0.00488924230629939,-0.043797351743282,0.00651));
#13983=CARTESIAN_POINT('',(-0.00210116443698262,-0.0434310000495814,0.00651));
#13984=CARTESIAN_POINT('',(-0.00173481274328201,-0.0364405933062994,0.00651));
#13985=CARTESIAN_POINT('',(-0.0013684610495814,-0.0294501865630174,0.00651));
#13986=CARTESIAN_POINT('',(0.00562194569370059,-0.029816538256718,0.00651));
#13987=CARTESIAN_POINT('',(0.0317467643518188,-0.0398191833162089,0.00651));
#13988=CARTESIAN_POINT('',(0.0312584690356099,-0.0468021316680277,0.00651));
#13989=CARTESIAN_POINT('',(0.0322350596680277,-0.0328362349643901,0.00651));
#13990=CARTESIAN_POINT('',(0.0242755206837912,-0.0463138363518188,0.00651));
#13991=CARTESIAN_POINT('',(0.0172925723319724,-0.0458255410356099,0.00651));
#13992=CARTESIAN_POINT('',(0.0177808676481813,-0.0388425926837912,0.00651));
#13993=CARTESIAN_POINT('',(0.0182691629643902,-0.0318596443319723,0.00651));
#13994=CARTESIAN_POINT('',(0.0252521113162089,-0.0323479396481813,0.00651));
#13995=CARTESIAN_POINT('',(0.0514039050614893,-0.043835168403836,0.00651));
#13996=CARTESIAN_POINT('',(0.0505508196576532,-0.0507829914653253,0.00651));
#13997=CARTESIAN_POINT('',(0.0522569904653253,-0.0368873453423468,0.00651));
#13998=CARTESIAN_POINT('',(0.0436029965961639,-0.0499299060614893,0.00651));
#13999=CARTESIAN_POINT('',(0.0366551735346747,-0.0490768206576532,0.00651));
#14000=CARTESIAN_POINT('',(0.0375082589385108,-0.042128997596164,0.00651));
#14001=CARTESIAN_POINT('',(0.0383613443423468,-0.0351811745346748,0.00651));
#14002=CARTESIAN_POINT('',(0.0453091674038361,-0.0360342599385107,0.00651));
#14003=CARTESIAN_POINT('',(0.0709680762710855,-0.0482167872436685,0.00651));
#14004=CARTESIAN_POINT('',(0.069752539027417,-0.055110441514754,0.00651));
#14005=CARTESIAN_POINT('',(0.072183613514754,-0.041323132972583,0.00651));
#14006=CARTESIAN_POINT('',(0.0628588847563315,-0.0538949042710855,0.00651));
#14007=CARTESIAN_POINT('',(0.0559652304852461,-0.0526793670274169,0.00651));
#14008=CARTESIAN_POINT('',(0.0571807677289146,-0.0457857127563315,0.00651));
#14009=CARTESIAN_POINT('',(0.0583963049725831,-0.0388920584852461,0.00651));
#14010=CARTESIAN_POINT('',(0.0652899592436685,-0.0401075957289145,0.00651));
#14011=CARTESIAN_POINT('',(-0.0710144113050558,0.0486238210000033,0.00651));
#14012=CARTESIAN_POINT('',(-0.0692644113050558,0.0486238210000033,0.00651));
#14013=CARTESIAN_POINT('',(0.028596870691955,0.0555969450157419,0.00651));
#14014=CARTESIAN_POINT('',(0.030346870691955,0.0555969450157419,0.00651));
#14015=CARTESIAN_POINT('',(-0.032156106,0.052641925602384,0.00651));
#14016=CARTESIAN_POINT('',(-0.030406106,0.052641925602384,0.00651));
#14017=CARTESIAN_POINT('',(-0.081098684,-0.0338566504392242,0.00651));
#14018=CARTESIAN_POINT('',(-0.079348684,-0.0338566504392242,0.00651));
#14019=CARTESIAN_POINT('',(-0.00801999302470058,-0.0273945497503038,0.00651));
#14020=CARTESIAN_POINT('',(-0.00626999302470058,-0.0273945497503038,0.00651));
#14021=CARTESIAN_POINT('',(0.073010735122234,0.040624115857858,0.00651));
#14022=CARTESIAN_POINT('',(0.0751311511443931,0.0405697462090338,0.00651));
#14023=CARTESIAN_POINT('',(0.0651344368361718,0.0408260722510247,0.00651));
#14024=CARTESIAN_POINT('',(0.0651344368361718,0.0408260722510247,0.00651));
#14025=CARTESIAN_POINT('',(0.0617353367452461,0.0549178301555979,0.00651));
#14026=CARTESIAN_POINT('',(0.0604598447885637,0.0533773366410258,0.00651));
#14027=CARTESIAN_POINT('',(0.0559040130002164,0.0571494569044786,0.00651));
#14028=CARTESIAN_POINT('',(0.0513481812118691,0.0609215771679315,0.00651));
#14029=CARTESIAN_POINT('',(0.0500726892551867,0.0593810836533596,0.00651));
#14030=CARTESIAN_POINT('',(0.0501161572344276,0.0613806112312589,0.00651));
#14031=CARTESIAN_POINT('',(0.0164295706610488,0.0621129281355388,0.00651));
#14032=CARTESIAN_POINT('',(-0.01725701591233,0.0628452450398187,0.00651));
#14033=CARTESIAN_POINT('',(-0.017300483891571,0.0608457174619195,0.00651));
#14034=CARTESIAN_POINT('',(-0.018026662633568,0.0627092260974429,0.00651));
#14035=CARTESIAN_POINT('',(-0.0282258522598527,0.0587347692309613,0.00651));
#14036=CARTESIAN_POINT('',(-0.0384250418861373,0.0547603123644796,0.00651));
#14037=CARTESIAN_POINT('',(-0.0391512206281345,0.0566238210000034,0.00651));
#14038=CARTESIAN_POINT('',(-0.0391512206281344,0.0546238210000034,0.00651));
#14039=CARTESIAN_POINT('',(-0.0568684969461614,0.0546238210000034,0.00651));
#14040=CARTESIAN_POINT('',(-0.0745857732641884,0.0546238210000033,0.00651));
#14041=CARTESIAN_POINT('',(-0.0745857732641884,0.0526238210000033,0.00651));
#14042=CARTESIAN_POINT('',(-0.0765855980186612,0.0526502964867394,0.00651));
#14043=CARTESIAN_POINT('',(-0.0767934601463873,0.0369494395888615,0.00651));
#14044=CARTESIAN_POINT('',(-0.0770013222741135,0.0212485826909836,0.00651));
#14045=CARTESIAN_POINT('',(-0.0790011470285864,0.0212750581777196,0.00651));
#14046=CARTESIAN_POINT('',(-0.0773597442355987,0.0201323434840305,0.00651));
#14047=CARTESIAN_POINT('',(-0.0792999155142931,0.0173454688833003,0.00651));
#14048=CARTESIAN_POINT('',(-0.0812400867929875,0.0145585942825701,0.00651));
#14049=CARTESIAN_POINT('',(-0.0795986840000002,0.0134158795888812,0.00651));
#14050=CARTESIAN_POINT('',(-0.081598684,0.0134158795888811,0.00651));
#14051=CARTESIAN_POINT('',(-0.081598684,0.00822074712151653,0.00651));
#14052=CARTESIAN_POINT('',(-0.081598684,0.00302561465415196,0.00651));
#14053=CARTESIAN_POINT('',(-0.083598684,0.00302561465415196,0.00651));
#14054=CARTESIAN_POINT('',(-0.0819700655607491,0.00186475205275072,0.00651));
#14055=CARTESIAN_POINT('',(-0.084348684,-0.00147230251807456,0.00651));
#14056=CARTESIAN_POINT('',(-0.0867273024392509,-0.00480935708889984,0.00651));
#14057=CARTESIAN_POINT('',(-0.085098684,-0.00597021969030108,0.00651));
#14058=CARTESIAN_POINT('',(-0.087098684,-0.00597021969030108,0.00651));
#14059=CARTESIAN_POINT('',(-0.087098684,-0.022092005390153,0.00651));
#14060=CARTESIAN_POINT('',(-0.087098684,-0.0382137910900049,0.00651));
#14061=CARTESIAN_POINT('',(-0.085098684,-0.0382137910900049,0.00651));
#14062=CARTESIAN_POINT('',(-0.0850856598684162,-0.0402137486825544,0.00651));
#14063=CARTESIAN_POINT('',(-0.0579464282519208,-0.0400370124732603,0.00651));
#14064=CARTESIAN_POINT('',(-0.0308071966354255,-0.0398602762639662,0.00651));
#14065=CARTESIAN_POINT('',(-0.0307941725038417,-0.0418602338565158,0.00651));
#14066=CARTESIAN_POINT('',(-0.0296294676939619,-0.040234360950707,0.00651));
#14067=CARTESIAN_POINT('',(-0.022522999530662,-0.0453251264228924,0.00651));
#14068=CARTESIAN_POINT('',(-0.0154165313673621,-0.0504158918950778,0.00651));
#14069=CARTESIAN_POINT('',(-0.0142518265574823,-0.048790018989269,0.00651));
#14070=CARTESIAN_POINT('',(-0.014522049217562,-0.0507716798366341,0.00651));
#14071=CARTESIAN_POINT('',(0.029131957412657,-0.0567244147914768,0.00651));
#14072=CARTESIAN_POINT('',(0.0727859640428761,-0.0626771497463196,0.00651));
#14073=CARTESIAN_POINT('',(0.0730561867029558,-0.0606954888989546,0.00651));
#14074=CARTESIAN_POINT('',(0.0749081518755683,-0.0614506213372927,0.00651));
#14075=CARTESIAN_POINT('',(0.0788116092267761,-0.0518773773602162,0.00651));
#14076=CARTESIAN_POINT('',(0.082715066577984,-0.0423041333831397,0.00651));
#14077=CARTESIAN_POINT('',(0.0808631014053618,-0.0415490009447983,0.00651));
#14078=CARTESIAN_POINT('',(0.0827811971609268,-0.0421154889610215,0.00651));
#14079=CARTESIAN_POINT('',(0.084800304458241,-0.0352789080871102,0.00651));
#14080=CARTESIAN_POINT('',(0.0868194117555543,-0.0284423272131984,0.00651));
#14081=CARTESIAN_POINT('',(0.0849013159999984,-0.0278758391969787,0.00651));
#14082=CARTESIAN_POINT('',(0.086901316,-0.0278758391969788,0.00651));
#14083=CARTESIAN_POINT('',(0.086901316,-0.0273315840984894,0.00651));
#14084=CARTESIAN_POINT('',(0.086901316,-0.026787329,0.00651));
#14085=CARTESIAN_POINT('',(0.085901316,-0.026787329,0.00651));
#14086=CARTESIAN_POINT('',(0.085901316,-0.025787329,0.00651));
#14087=CARTESIAN_POINT('',(0.076347365,-0.025787329,0.00651));
#14088=CARTESIAN_POINT('',(0.066793414,-0.025787329,0.00651));
#14089=CARTESIAN_POINT('',(0.066793414,-0.016805829,0.00651));
#14090=CARTESIAN_POINT('',(0.066793414,-0.007824329,0.00651));
#14091=CARTESIAN_POINT('',(0.076347365,-0.007824329,0.00651));
#14092=CARTESIAN_POINT('',(0.085901316,-0.007824329,0.00651));
#14093=CARTESIAN_POINT('',(0.085901316,-0.006824329,0.00651));
#14094=CARTESIAN_POINT('',(0.086901316,-0.006824329,0.00651));
#14095=CARTESIAN_POINT('',(0.086901316,0.0217490934499247,0.00651));
#14096=CARTESIAN_POINT('',(0.086901316,0.0503225158998493,0.00651));
#14097=CARTESIAN_POINT('',(0.084901316,0.0503225158998494,0.00651));
#14098=CARTESIAN_POINT('',(0.0849525812083982,0.0523218587614936,0.00651));
#14099=CARTESIAN_POINT('',(0.073318326372623,0.0526201730277236,0.00651));
#14100=CARTESIAN_POINT('',(0.0754387423947822,0.0525658033788994,0.00651));
#14101=CARTESIAN_POINT('',(0.0751311511443931,0.0405697462090338,0.00651));
#14102=CARTESIAN_POINT('',(0.0709680762710855,-0.0482167872436685,0.00651));
#14103=CARTESIAN_POINT('',(0.0709680762710855,-0.0482167872436685,0.00501));
#14104=CARTESIAN_POINT('',(0.069752539027417,-0.055110441514754,0.00501));
#14105=CARTESIAN_POINT('',(0.072183613514754,-0.041323132972583,0.00501));
#14106=CARTESIAN_POINT('',(0.069752539027417,-0.055110441514754,0.00651));
#14107=CARTESIAN_POINT('',(0.072183613514754,-0.041323132972583,0.00651));
#14108=CARTESIAN_POINT('',(0.0628588847563315,-0.0538949042710855,0.00651));
#14109=CARTESIAN_POINT('',(0.0628588847563315,-0.0538949042710855,0.00501));
#14110=CARTESIAN_POINT('',(0.0559652304852461,-0.0526793670274169,0.00501));
#14111=CARTESIAN_POINT('',(0.0559652304852461,-0.0526793670274169,0.00651));
#14112=CARTESIAN_POINT('',(0.0571807677289146,-0.0457857127563315,0.00651));
#14113=CARTESIAN_POINT('',(0.0571807677289146,-0.0457857127563315,0.00501));
#14114=CARTESIAN_POINT('',(0.0583963049725831,-0.0388920584852461,0.00501));
#14115=CARTESIAN_POINT('',(0.0583963049725831,-0.0388920584852461,0.00651));
#14116=CARTESIAN_POINT('',(0.0514039050614893,-0.043835168403836,0.00651));
#14117=CARTESIAN_POINT('',(0.0514039050614893,-0.043835168403836,0.00501));
#14118=CARTESIAN_POINT('',(0.0505508196576532,-0.0507829914653253,0.00501));
#14119=CARTESIAN_POINT('',(0.0522569904653253,-0.0368873453423468,0.00501));
#14120=CARTESIAN_POINT('',(0.0505508196576532,-0.0507829914653253,0.00651));
#14121=CARTESIAN_POINT('',(0.0522569904653253,-0.0368873453423468,0.00651));
#14122=CARTESIAN_POINT('',(0.0436029965961639,-0.0499299060614893,0.00651));
#14123=CARTESIAN_POINT('',(0.0436029965961639,-0.0499299060614893,0.00501));
#14124=CARTESIAN_POINT('',(0.0366551735346747,-0.0490768206576532,0.00501));
#14125=CARTESIAN_POINT('',(0.0366551735346747,-0.0490768206576532,0.00651));
#14126=CARTESIAN_POINT('',(0.0375082589385108,-0.042128997596164,0.00651));
#14127=CARTESIAN_POINT('',(0.0375082589385108,-0.042128997596164,0.00501));
#14128=CARTESIAN_POINT('',(0.0383613443423468,-0.0351811745346748,0.00501));
#14129=CARTESIAN_POINT('',(0.0383613443423468,-0.0351811745346748,0.00651));
#14130=CARTESIAN_POINT('',(0.0317467643518188,-0.0398191833162089,0.00651));
#14131=CARTESIAN_POINT('',(0.0317467643518188,-0.0398191833162089,0.00501));
#14132=CARTESIAN_POINT('',(0.0312584690356099,-0.0468021316680277,0.00501));
#14133=CARTESIAN_POINT('',(0.0322350596680277,-0.0328362349643901,0.00501));
#14134=CARTESIAN_POINT('',(0.0312584690356099,-0.0468021316680277,0.00651));
#14135=CARTESIAN_POINT('',(0.0322350596680277,-0.0328362349643901,0.00651));
#14136=CARTESIAN_POINT('',(0.0242755206837912,-0.0463138363518188,0.00651));
#14137=CARTESIAN_POINT('',(0.0242755206837912,-0.0463138363518188,0.00501));
#14138=CARTESIAN_POINT('',(0.0172925723319724,-0.0458255410356099,0.00501));
#14139=CARTESIAN_POINT('',(0.0172925723319724,-0.0458255410356099,0.00651));
#14140=CARTESIAN_POINT('',(0.0177808676481813,-0.0388425926837912,0.00651));
#14141=CARTESIAN_POINT('',(0.0177808676481813,-0.0388425926837912,0.00501));
#14142=CARTESIAN_POINT('',(0.0182691629643902,-0.0318596443319723,0.00501));
#14143=CARTESIAN_POINT('',(0.0182691629643902,-0.0318596443319723,0.00651));
#14144=CARTESIAN_POINT('',(0.012246000743282,-0.0371732966937006,0.00651));
#14145=CARTESIAN_POINT('',(0.012246000743282,-0.0371732966937006,0.00501));
#14146=CARTESIAN_POINT('',(0.0118796490495814,-0.0441637034369827,0.00501));
#14147=CARTESIAN_POINT('',(0.0126123524369826,-0.0301828899504186,0.00501));
#14148=CARTESIAN_POINT('',(0.0118796490495814,-0.0441637034369827,0.00651));
#14149=CARTESIAN_POINT('',(0.0126123524369826,-0.0301828899504186,0.00651));
#14150=CARTESIAN_POINT('',(0.00488924230629939,-0.043797351743282,0.00651));
#14151=CARTESIAN_POINT('',(0.00488924230629939,-0.043797351743282,0.00501));
#14152=CARTESIAN_POINT('',(-0.00210116443698262,-0.0434310000495814,0.00501));
#14153=CARTESIAN_POINT('',(-0.00210116443698262,-0.0434310000495814,0.00651));
#14154=CARTESIAN_POINT('',(-0.00173481274328201,-0.0364405933062994,0.00651));
#14155=CARTESIAN_POINT('',(-0.00173481274328201,-0.0364405933062994,0.00501));
#14156=CARTESIAN_POINT('',(-0.0013684610495814,-0.0294501865630174,0.00501));
#14157=CARTESIAN_POINT('',(-0.0013684610495814,-0.0294501865630174,0.00651));
#14158=CARTESIAN_POINT('',(0.0481522073518188,-0.0190104773162089,0.00651));
#14159=CARTESIAN_POINT('',(0.0481522073518188,-0.0190104773162089,0.00501));
#14160=CARTESIAN_POINT('',(0.0476639120356099,-0.0259934256680277,0.00501));
#14161=CARTESIAN_POINT('',(0.0486405026680277,-0.0120275289643901,0.00501));
#14162=CARTESIAN_POINT('',(0.0476639120356099,-0.0259934256680277,0.00651));
#14163=CARTESIAN_POINT('',(0.0486405026680277,-0.0120275289643901,0.00651));
#14164=CARTESIAN_POINT('',(0.0406809636837911,-0.0255051303518188,0.00651));
#14165=CARTESIAN_POINT('',(0.0406809636837911,-0.0255051303518188,0.00501));
#14166=CARTESIAN_POINT('',(0.0336980153319724,-0.0250168350356098,0.00501));
#14167=CARTESIAN_POINT('',(0.0336980153319724,-0.0250168350356098,0.00651));
#14168=CARTESIAN_POINT('',(0.0341863106481812,-0.0180338866837911,0.00651));
#14169=CARTESIAN_POINT('',(0.0341863106481812,-0.0180338866837911,0.00501));
#14170=CARTESIAN_POINT('',(0.0346746059643902,-0.0110509383319723,0.00501));
#14171=CARTESIAN_POINT('',(0.0346746059643902,-0.0110509383319723,0.00651));
#14172=CARTESIAN_POINT('',(0.0489467873518188,7.88086837911215E-5,0.00651));
#14173=CARTESIAN_POINT('',(0.0489467873518188,7.88086837911215E-5,0.00501));
#14174=CARTESIAN_POINT('',(0.0484584920356099,-0.00690413966802765,0.00501));
#14175=CARTESIAN_POINT('',(0.0494350826680277,0.00706175703560989,0.00501));
#14176=CARTESIAN_POINT('',(0.0484584920356099,-0.00690413966802765,0.00651));
#14177=CARTESIAN_POINT('',(0.0494350826680277,0.00706175703560989,0.00651));
#14178=CARTESIAN_POINT('',(0.0414755436837911,-0.00641584435181876,0.00651));
#14179=CARTESIAN_POINT('',(0.0414755436837911,-0.00641584435181876,0.00501));
#14180=CARTESIAN_POINT('',(0.0344925953319723,-0.00592754903560988,0.00501));
#14181=CARTESIAN_POINT('',(0.0344925953319723,-0.00592754903560988,0.00651));
#14182=CARTESIAN_POINT('',(0.0349808906481813,0.00105539931620889,0.00651));
#14183=CARTESIAN_POINT('',(0.0349808906481813,0.00105539931620889,0.00501));
#14184=CARTESIAN_POINT('',(0.0354691859643902,0.00803834766802766,0.00501));
#14185=CARTESIAN_POINT('',(0.0354691859643902,0.00803834766802766,0.00651));
#14186=CARTESIAN_POINT('',(0.0497369593518188,0.0191288086837912,0.00651));
#14187=CARTESIAN_POINT('',(0.0497369593518188,0.0191288086837912,0.00501));
#14188=CARTESIAN_POINT('',(0.0492486640356099,0.0121458603319724,0.00501));
#14189=CARTESIAN_POINT('',(0.0502252546680277,0.0261117570356099,0.00501));
#14190=CARTESIAN_POINT('',(0.0492486640356099,0.0121458603319724,0.00651));
#14191=CARTESIAN_POINT('',(0.0502252546680277,0.0261117570356099,0.00651));
#14192=CARTESIAN_POINT('',(0.0422657156837912,0.0126341556481812,0.00651));
#14193=CARTESIAN_POINT('',(0.0422657156837912,0.0126341556481812,0.00501));
#14194=CARTESIAN_POINT('',(0.0352827673319723,0.0131224509643901,0.00501));
#14195=CARTESIAN_POINT('',(0.0352827673319723,0.0131224509643901,0.00651));
#14196=CARTESIAN_POINT('',(0.0357710626481813,0.0201053993162089,0.00651));
#14197=CARTESIAN_POINT('',(0.0357710626481813,0.0201053993162089,0.00501));
#14198=CARTESIAN_POINT('',(0.0362593579643902,0.0270883476680277,0.00501));
#14199=CARTESIAN_POINT('',(0.0362593579643902,0.0270883476680277,0.00651));
#14200=CARTESIAN_POINT('',(0.0283279347432821,-0.0148592916937006,0.00651));
#14201=CARTESIAN_POINT('',(0.0283279347432821,-0.0148592916937006,0.00501));
#14202=CARTESIAN_POINT('',(0.0279615830495814,-0.0218496984369826,0.00501));
#14203=CARTESIAN_POINT('',(0.0286942864369827,-0.0078688849504186,0.00501));
#14204=CARTESIAN_POINT('',(0.0279615830495814,-0.0218496984369826,0.00651));
#14205=CARTESIAN_POINT('',(0.0286942864369827,-0.0078688849504186,0.00651));
#14206=CARTESIAN_POINT('',(0.0209711763062994,-0.021483346743282,0.00651));
#14207=CARTESIAN_POINT('',(0.0209711763062994,-0.021483346743282,0.00501));
#14208=CARTESIAN_POINT('',(0.0139807695630174,-0.0211169950495814,0.00501));
#14209=CARTESIAN_POINT('',(0.0139807695630174,-0.0211169950495814,0.00651));
#14210=CARTESIAN_POINT('',(0.014347121256718,-0.0141265883062994,0.00651));
#14211=CARTESIAN_POINT('',(0.014347121256718,-0.0141265883062994,0.00501));
#14212=CARTESIAN_POINT('',(0.0147134729504186,-0.00713618156301736,0.00501));
#14213=CARTESIAN_POINT('',(0.0147134729504186,-0.00713618156301736,0.00651));
#14214=CARTESIAN_POINT('',(0.0291176057432821,0.00416545930629938,0.00651));
#14215=CARTESIAN_POINT('',(0.0291176057432821,0.00416545930629938,0.00501));
#14216=CARTESIAN_POINT('',(0.0287512540495814,-0.00282494743698263,0.00501));
#14217=CARTESIAN_POINT('',(0.0294839574369826,0.0111558660495814,0.00501));
#14218=CARTESIAN_POINT('',(0.0287512540495814,-0.00282494743698263,0.00651));
#14219=CARTESIAN_POINT('',(0.0294839574369826,0.0111558660495814,0.00651));
#14220=CARTESIAN_POINT('',(0.0217608473062994,-0.00245859574328202,0.00651));
#14221=CARTESIAN_POINT('',(0.0217608473062994,-0.00245859574328202,0.00501));
#14222=CARTESIAN_POINT('',(0.0147704405630174,-0.00209224404958141,0.00501));
#14223=CARTESIAN_POINT('',(0.0147704405630174,-0.00209224404958141,0.00651));
#14224=CARTESIAN_POINT('',(0.015136792256718,0.00489816269370061,0.00651));
#14225=CARTESIAN_POINT('',(0.015136792256718,0.00489816269370061,0.00501));
#14226=CARTESIAN_POINT('',(0.0155031439504186,0.0118885694369826,0.00501));
#14227=CARTESIAN_POINT('',(0.0155031439504186,0.0118885694369826,0.00651));
#14228=CARTESIAN_POINT('',(0.0298028137432821,0.0231892263062994,0.00651));
#14229=CARTESIAN_POINT('',(0.0298028137432821,0.0231892263062994,0.00501));
#14230=CARTESIAN_POINT('',(0.0294364620495814,0.0161988195630174,0.00501));
#14231=CARTESIAN_POINT('',(0.0301691654369826,0.0301796330495814,0.00501));
#14232=CARTESIAN_POINT('',(0.0294364620495814,0.0161988195630174,0.00651));
#14233=CARTESIAN_POINT('',(0.0301691654369826,0.0301796330495814,0.00651));
#14234=CARTESIAN_POINT('',(0.0224460553062994,0.016565171256718,0.00651));
#14235=CARTESIAN_POINT('',(0.0224460553062994,0.016565171256718,0.00501));
#14236=CARTESIAN_POINT('',(0.0154556485630174,0.0169315229504186,0.00501));
#14237=CARTESIAN_POINT('',(0.0154556485630174,0.0169315229504186,0.00651));
#14238=CARTESIAN_POINT('',(0.015822000256718,0.0239219296937007,0.00651));
#14239=CARTESIAN_POINT('',(0.015822000256718,0.0239219296937007,0.00501));
#14240=CARTESIAN_POINT('',(0.0161883519504186,0.0309123364369827,0.00501));
#14241=CARTESIAN_POINT('',(0.0161883519504186,0.0309123364369827,0.00651));
#14242=CARTESIAN_POINT('',(0.0505396463518188,0.0382232596837911,0.00651));
#14243=CARTESIAN_POINT('',(0.0505396463518188,0.0382232596837911,0.00501));
#14244=CARTESIAN_POINT('',(0.0500513510356099,0.0312403113319723,0.00501));
#14245=CARTESIAN_POINT('',(0.0510279416680277,0.0452062080356099,0.00501));
#14246=CARTESIAN_POINT('',(0.0500513510356099,0.0312403113319723,0.00651));
#14247=CARTESIAN_POINT('',(0.0510279416680277,0.0452062080356099,0.00651));
#14248=CARTESIAN_POINT('',(0.0430684026837911,0.0317286066481813,0.00651));
#14249=CARTESIAN_POINT('',(0.0430684026837911,0.0317286066481813,0.00501));
#14250=CARTESIAN_POINT('',(0.0360854543319723,0.0322169019643901,0.00501));
#14251=CARTESIAN_POINT('',(0.0360854543319723,0.0322169019643901,0.00651));
#14252=CARTESIAN_POINT('',(0.0365737496481812,0.0391998503162089,0.00651));
#14253=CARTESIAN_POINT('',(0.0365737496481812,0.0391998503162089,0.00501));
#14254=CARTESIAN_POINT('',(0.0370620449643901,0.0461827986680277,0.00501));
#14255=CARTESIAN_POINT('',(0.0370620449643901,0.0461827986680277,0.00651));
#14256=CARTESIAN_POINT('',(0.0308010687432821,0.0422132443062994,0.00651));
#14257=CARTESIAN_POINT('',(0.0308010687432821,0.0422132443062994,0.00501));
#14258=CARTESIAN_POINT('',(0.0304347170495814,0.0352228375630173,0.00501));
#14259=CARTESIAN_POINT('',(0.0311674204369826,0.0492036510495814,0.00501));
#14260=CARTESIAN_POINT('',(0.0304347170495814,0.0352228375630173,0.00651));
#14261=CARTESIAN_POINT('',(0.0311674204369826,0.0492036510495814,0.00651));
#14262=CARTESIAN_POINT('',(0.0234443103062994,0.035589189256718,0.00651));
#14263=CARTESIAN_POINT('',(0.0234443103062994,0.035589189256718,0.00501));
#14264=CARTESIAN_POINT('',(0.0164539035630174,0.0359555409504186,0.00501));
#14265=CARTESIAN_POINT('',(0.0164539035630174,0.0359555409504186,0.00651));
#14266=CARTESIAN_POINT('',(0.016820255256718,0.0429459476937007,0.00651));
#14267=CARTESIAN_POINT('',(0.016820255256718,0.0429459476937007,0.00501));
#14268=CARTESIAN_POINT('',(0.0171866069504186,0.0499363544369826,0.00501));
#14269=CARTESIAN_POINT('',(0.0171866069504186,0.0499363544369826,0.00651));
#14270=CARTESIAN_POINT('',(0.00891025478913367,-0.00929092947691752,0.00651));
#14271=CARTESIAN_POINT('',(0.00891025478913367,-0.00929092947691752,0.00501));
#14272=CARTESIAN_POINT('',(0.00866595831221615,-0.0162866652660512,0.00501));
#14273=CARTESIAN_POINT('',(0.00915455126605119,-0.00229519368778385,0.00501));
#14274=CARTESIAN_POINT('',(0.00866595831221615,-0.0162866652660512,0.00651));
#14275=CARTESIAN_POINT('',(0.00915455126605119,-0.00229519368778385,0.00651));
#14276=CARTESIAN_POINT('',(0.00167022252308248,-0.0160423687891336,0.00651));
#14277=CARTESIAN_POINT('',(0.00167022252308248,-0.0160423687891336,0.00501));
#14278=CARTESIAN_POINT('',(-0.00532551326605119,-0.0157980723122162,0.00501));
#14279=CARTESIAN_POINT('',(-0.00532551326605119,-0.0157980723122162,0.00651));
#14280=CARTESIAN_POINT('',(-0.00508121678913367,-0.00880233652308248,0.00651));
#14281=CARTESIAN_POINT('',(-0.00508121678913367,-0.00880233652308248,0.00501));
#14282=CARTESIAN_POINT('',(-0.00483692031221615,-0.00180660073394881,0.00501));
#14283=CARTESIAN_POINT('',(-0.00483692031221615,-0.00180660073394881,0.00651));
#14284=CARTESIAN_POINT('',(0.00957640478913368,0.00974604752308248,0.00651));
#14285=CARTESIAN_POINT('',(0.00957640478913368,0.00974604752308248,0.00501));
#14286=CARTESIAN_POINT('',(0.00933210831221616,0.00275031173394881,0.00501));
#14287=CARTESIAN_POINT('',(0.0098207012660512,0.0167417833122162,0.00501));
#14288=CARTESIAN_POINT('',(0.00933210831221616,0.00275031173394881,0.00651));
#14289=CARTESIAN_POINT('',(0.0098207012660512,0.0167417833122162,0.00651));
#14290=CARTESIAN_POINT('',(0.00233637252308249,0.00299460821086633,0.00651));
#14291=CARTESIAN_POINT('',(0.00233637252308249,0.00299460821086633,0.00501));
#14292=CARTESIAN_POINT('',(-0.00465936326605118,0.00323890468778385,0.00501));
#14293=CARTESIAN_POINT('',(-0.00465936326605118,0.00323890468778385,0.00651));
#14294=CARTESIAN_POINT('',(-0.00441506678913366,0.0102346404769175,0.00651));
#14295=CARTESIAN_POINT('',(-0.00441506678913366,0.0102346404769175,0.00501));
#14296=CARTESIAN_POINT('',(-0.00417077031221615,0.0172303762660512,0.00501));
#14297=CARTESIAN_POINT('',(-0.00417077031221615,0.0172303762660512,0.00651));
#14298=CARTESIAN_POINT('',(0.0102412417891337,0.0287844415230825,0.00651));
#14299=CARTESIAN_POINT('',(0.0102412417891337,0.0287844415230825,0.00501));
#14300=CARTESIAN_POINT('',(0.00999694531221616,0.0217887057339488,0.00501));
#14301=CARTESIAN_POINT('',(0.0104855382660512,0.0357801773122162,0.00501));
#14302=CARTESIAN_POINT('',(0.00999694531221616,0.0217887057339488,0.00651));
#14303=CARTESIAN_POINT('',(0.0104855382660512,0.0357801773122162,0.00651));
#14304=CARTESIAN_POINT('',(0.00300120952308249,0.0220330022108663,0.00651));
#14305=CARTESIAN_POINT('',(0.00300120952308249,0.0220330022108663,0.00501));
#14306=CARTESIAN_POINT('',(-0.00399452626605118,0.0222772986877838,0.00501));
#14307=CARTESIAN_POINT('',(-0.00399452626605118,0.0222772986877838,0.00651));
#14308=CARTESIAN_POINT('',(-0.00375022978913366,0.0292730344769176,0.00651));
#14309=CARTESIAN_POINT('',(-0.00375022978913366,0.0292730344769176,0.00501));
#14310=CARTESIAN_POINT('',(-0.00350593331221615,0.0362687702660512,0.00501));
#14311=CARTESIAN_POINT('',(-0.00350593331221615,0.0362687702660512,0.00651));
#14312=CARTESIAN_POINT('',(0.0109107007891337,0.0478227555230825,0.00651));
#14313=CARTESIAN_POINT('',(0.0109107007891337,0.0478227555230825,0.00501));
#14314=CARTESIAN_POINT('',(0.0106664043122162,0.0408270197339488,0.00501));
#14315=CARTESIAN_POINT('',(0.0111549972660512,0.0548184913122162,0.00501));
#14316=CARTESIAN_POINT('',(0.0106664043122162,0.0408270197339488,0.00651));
#14317=CARTESIAN_POINT('',(0.0111549972660512,0.0548184913122162,0.00651));
#14318=CARTESIAN_POINT('',(0.0036706685230825,0.0410713162108663,0.00651));
#14319=CARTESIAN_POINT('',(0.0036706685230825,0.0410713162108663,0.00501));
#14320=CARTESIAN_POINT('',(-0.00332506726605117,0.0413156126877839,0.00501));
#14321=CARTESIAN_POINT('',(-0.00332506726605117,0.0413156126877839,0.00651));
#14322=CARTESIAN_POINT('',(-0.00308077078913365,0.0483113484769175,0.00651));
#14323=CARTESIAN_POINT('',(-0.00308077078913365,0.0483113484769175,0.00501));
#14324=CARTESIAN_POINT('',(-0.00283647431221613,0.0553070842660512,0.00501));
#14325=CARTESIAN_POINT('',(-0.00283647431221613,0.0553070842660512,0.00651));
#14326=CARTESIAN_POINT('',(-0.0107668401339052,-0.013594508845061,0.00651));
#14327=CARTESIAN_POINT('',(-0.0107668401339052,-0.013594508845061,0.00501));
#14328=CARTESIAN_POINT('',(-0.0108890069789662,-0.0205934427111557,0.00501));
#14329=CARTESIAN_POINT('',(-0.0106446732888443,-0.00659557497896625,0.00501));
#14330=CARTESIAN_POINT('',(-0.0108890069789662,-0.0205934427111557,0.00651));
#14331=CARTESIAN_POINT('',(-0.0106446732888443,-0.00659557497896625,0.00651));
#14332=CARTESIAN_POINT('',(-0.017887940845061,-0.0204712758660947,0.00651));
#14333=CARTESIAN_POINT('',(-0.017887940845061,-0.0204712758660947,0.00501));
#14334=CARTESIAN_POINT('',(-0.0248868747111557,-0.0203491090210337,0.00501));
#14335=CARTESIAN_POINT('',(-0.0248868747111557,-0.0203491090210337,0.00651));
#14336=CARTESIAN_POINT('',(-0.0247647078660947,-0.013350175154939,0.00651));
#14337=CARTESIAN_POINT('',(-0.0247647078660947,-0.013350175154939,0.00501));
#14338=CARTESIAN_POINT('',(-0.0246425410210338,-0.00635124128884428,0.00501));
#14339=CARTESIAN_POINT('',(-0.0246425410210338,-0.00635124128884428,0.00651));
#14340=CARTESIAN_POINT('',(-0.0104357741339052,0.00545190315493901,0.00651));
#14341=CARTESIAN_POINT('',(-0.0104357741339052,0.00545190315493901,0.00501));
#14342=CARTESIAN_POINT('',(-0.0105579409789662,-0.00154703071115573,0.00501));
#14343=CARTESIAN_POINT('',(-0.0103136072888443,0.0124508370210337,0.00501));
#14344=CARTESIAN_POINT('',(-0.0105579409789662,-0.00154703071115573,0.00651));
#14345=CARTESIAN_POINT('',(-0.0103136072888443,0.0124508370210337,0.00651));
#14346=CARTESIAN_POINT('',(-0.017556874845061,-0.00142486386609474,0.00651));
#14347=CARTESIAN_POINT('',(-0.017556874845061,-0.00142486386609474,0.00501));
#14348=CARTESIAN_POINT('',(-0.0245558087111558,-0.00130269702103375,0.00501));
#14349=CARTESIAN_POINT('',(-0.0245558087111558,-0.00130269702103375,0.00651));
#14350=CARTESIAN_POINT('',(-0.0244336418660948,0.00569623684506099,0.00651));
#14351=CARTESIAN_POINT('',(-0.0244336418660948,0.00569623684506099,0.00501));
#14352=CARTESIAN_POINT('',(-0.0243114750210338,0.0126951707111557,0.00501));
#14353=CARTESIAN_POINT('',(-0.0243114750210338,0.0126951707111557,0.00651));
#14354=CARTESIAN_POINT('',(-0.0101019151339053,0.024498293154939,0.00651));
#14355=CARTESIAN_POINT('',(-0.0101019151339053,0.024498293154939,0.00501));
#14356=CARTESIAN_POINT('',(-0.0102240819789662,0.0174993592888443,0.00501));
#14357=CARTESIAN_POINT('',(-0.00997974828884428,0.0314972270210338,0.00501));
#14358=CARTESIAN_POINT('',(-0.0102240819789662,0.0174993592888443,0.00651));
#14359=CARTESIAN_POINT('',(-0.00997974828884428,0.0314972270210338,0.00651));
#14360=CARTESIAN_POINT('',(-0.017223015845061,0.0176215261339052,0.00651));
#14361=CARTESIAN_POINT('',(-0.017223015845061,0.0176215261339052,0.00501));
#14362=CARTESIAN_POINT('',(-0.0242219497111557,0.0177436929789663,0.00501));
#14363=CARTESIAN_POINT('',(-0.0242219497111557,0.0177436929789663,0.00651));
#14364=CARTESIAN_POINT('',(-0.0240997828660948,0.024742626845061,0.00651));
#14365=CARTESIAN_POINT('',(-0.0240997828660948,0.024742626845061,0.00501));
#14366=CARTESIAN_POINT('',(-0.0239776160210338,0.0317415607111557,0.00501));
#14367=CARTESIAN_POINT('',(-0.0239776160210338,0.0317415607111557,0.00651));
#14368=CARTESIAN_POINT('',(-0.00976967513390525,0.043519212154939,0.00651));
#14369=CARTESIAN_POINT('',(-0.00976967513390525,0.043519212154939,0.00501));
#14370=CARTESIAN_POINT('',(-0.00989184197896624,0.0365202782888443,0.00501));
#14371=CARTESIAN_POINT('',(-0.00964750828884428,0.0505181460210338,0.00501));
#14372=CARTESIAN_POINT('',(-0.00989184197896624,0.0365202782888443,0.00651));
#14373=CARTESIAN_POINT('',(-0.00964750828884428,0.0505181460210338,0.00651));
#14374=CARTESIAN_POINT('',(-0.016890775845061,0.0366424451339052,0.00651));
#14375=CARTESIAN_POINT('',(-0.016890775845061,0.0366424451339052,0.00501));
#14376=CARTESIAN_POINT('',(-0.0238897097111557,0.0367646119789663,0.00501));
#14377=CARTESIAN_POINT('',(-0.0238897097111557,0.0367646119789663,0.00651));
#14378=CARTESIAN_POINT('',(-0.0237675428660948,0.043763545845061,0.00651));
#14379=CARTESIAN_POINT('',(-0.0237675428660948,0.043763545845061,0.00501));
#14380=CARTESIAN_POINT('',(-0.0236453760210338,0.0507624797111557,0.00501));
#14381=CARTESIAN_POINT('',(-0.0236453760210338,0.0507624797111557,0.00651));
#14382=CARTESIAN_POINT('',(-0.030406106,-0.01803756,0.00651));
#14383=CARTESIAN_POINT('',(-0.030406106,-0.01803756,0.00501));
#14384=CARTESIAN_POINT('',(-0.030406106,-0.02503756,0.00501));
#14385=CARTESIAN_POINT('',(-0.030406106,-0.01103756,0.00501));
#14386=CARTESIAN_POINT('',(-0.030406106,-0.02503756,0.00651));
#14387=CARTESIAN_POINT('',(-0.030406106,-0.01103756,0.00651));
#14388=CARTESIAN_POINT('',(-0.037406106,-0.02503756,0.00651));
#14389=CARTESIAN_POINT('',(-0.037406106,-0.02503756,0.00501));
#14390=CARTESIAN_POINT('',(-0.044406106,-0.02503756,0.00501));
#14391=CARTESIAN_POINT('',(-0.044406106,-0.02503756,0.00651));
#14392=CARTESIAN_POINT('',(-0.044406106,-0.01803756,0.00651));
#14393=CARTESIAN_POINT('',(-0.044406106,-0.01803756,0.00501));
#14394=CARTESIAN_POINT('',(-0.044406106,-0.01103756,0.00501));
#14395=CARTESIAN_POINT('',(-0.044406106,-0.01103756,0.00651));
#14396=CARTESIAN_POINT('',(-0.030406106,0.00101244,0.00651));
#14397=CARTESIAN_POINT('',(-0.030406106,0.00101244,0.00501));
#14398=CARTESIAN_POINT('',(-0.030406106,-0.00598756,0.00501));
#14399=CARTESIAN_POINT('',(-0.030406106,0.00801244,0.00501));
#14400=CARTESIAN_POINT('',(-0.030406106,-0.00598756,0.00651));
#14401=CARTESIAN_POINT('',(-0.030406106,0.00801244,0.00651));
#14402=CARTESIAN_POINT('',(-0.037406106,-0.00598756,0.00651));
#14403=CARTESIAN_POINT('',(-0.037406106,-0.00598756,0.00501));
#14404=CARTESIAN_POINT('',(-0.044406106,-0.00598756,0.00501));
#14405=CARTESIAN_POINT('',(-0.044406106,-0.00598756,0.00651));
#14406=CARTESIAN_POINT('',(-0.044406106,0.00101244,0.00651));
#14407=CARTESIAN_POINT('',(-0.044406106,0.00101244,0.00501));
#14408=CARTESIAN_POINT('',(-0.044406106,0.00801244,0.00501));
#14409=CARTESIAN_POINT('',(-0.044406106,0.00801244,0.00651));
#14410=CARTESIAN_POINT('',(-0.030406106,0.02006244,0.00651));
#14411=CARTESIAN_POINT('',(-0.030406106,0.02006244,0.00501));
#14412=CARTESIAN_POINT('',(-0.030406106,0.01306244,0.00501));
#14413=CARTESIAN_POINT('',(-0.030406106,0.02706244,0.00501));
#14414=CARTESIAN_POINT('',(-0.030406106,0.01306244,0.00651));
#14415=CARTESIAN_POINT('',(-0.030406106,0.02706244,0.00651));
#14416=CARTESIAN_POINT('',(-0.037406106,0.01306244,0.00651));
#14417=CARTESIAN_POINT('',(-0.037406106,0.01306244,0.00501));
#14418=CARTESIAN_POINT('',(-0.044406106,0.01306244,0.00501));
#14419=CARTESIAN_POINT('',(-0.044406106,0.01306244,0.00651));
#14420=CARTESIAN_POINT('',(-0.044406106,0.02006244,0.00651));
#14421=CARTESIAN_POINT('',(-0.044406106,0.02006244,0.00501));
#14422=CARTESIAN_POINT('',(-0.044406106,0.02706244,0.00501));
#14423=CARTESIAN_POINT('',(-0.044406106,0.02706244,0.00651));
#14424=CARTESIAN_POINT('',(-0.030406106,0.03911244,0.00651));
#14425=CARTESIAN_POINT('',(-0.030406106,0.03911244,0.00501));
#14426=CARTESIAN_POINT('',(-0.030406106,0.03211244,0.00501));
#14427=CARTESIAN_POINT('',(-0.030406106,0.04611244,0.00501));
#14428=CARTESIAN_POINT('',(-0.030406106,0.03211244,0.00651));
#14429=CARTESIAN_POINT('',(-0.030406106,0.04611244,0.00651));
#14430=CARTESIAN_POINT('',(-0.037406106,0.03211244,0.00651));
#14431=CARTESIAN_POINT('',(-0.037406106,0.03211244,0.00501));
#14432=CARTESIAN_POINT('',(-0.044406106,0.03211244,0.00501));
#14433=CARTESIAN_POINT('',(-0.044406106,0.03211244,0.00651));
#14434=CARTESIAN_POINT('',(-0.044406106,0.03911244,0.00651));
#14435=CARTESIAN_POINT('',(-0.044406106,0.03911244,0.00501));
#14436=CARTESIAN_POINT('',(-0.044406106,0.04611244,0.00501));
#14437=CARTESIAN_POINT('',(-0.044406106,0.04611244,0.00651));
#14438=CARTESIAN_POINT('',(-0.056599856,-0.01803756,0.00651));
#14439=CARTESIAN_POINT('',(-0.056599856,-0.01803756,0.00501));
#14440=CARTESIAN_POINT('',(-0.056599856,-0.02503756,0.00501));
#14441=CARTESIAN_POINT('',(-0.056599856,-0.01103756,0.00501));
#14442=CARTESIAN_POINT('',(-0.056599856,-0.02503756,0.00651));
#14443=CARTESIAN_POINT('',(-0.056599856,-0.01103756,0.00651));
#14444=CARTESIAN_POINT('',(-0.063599856,-0.02503756,0.00651));
#14445=CARTESIAN_POINT('',(-0.063599856,-0.02503756,0.00501));
#14446=CARTESIAN_POINT('',(-0.070599856,-0.02503756,0.00501));
#14447=CARTESIAN_POINT('',(-0.070599856,-0.02503756,0.00651));
#14448=CARTESIAN_POINT('',(-0.070599856,-0.01803756,0.00651));
#14449=CARTESIAN_POINT('',(-0.070599856,-0.01803756,0.00501));
#14450=CARTESIAN_POINT('',(-0.070599856,-0.01103756,0.00501));
#14451=CARTESIAN_POINT('',(-0.070599856,-0.01103756,0.00651));
#14452=CARTESIAN_POINT('',(-0.054218606,0.00101244,0.00651));
#14453=CARTESIAN_POINT('',(-0.054218606,0.00101244,0.00501));
#14454=CARTESIAN_POINT('',(-0.054218606,-0.00598756,0.00501));
#14455=CARTESIAN_POINT('',(-0.054218606,0.00801244,0.00501));
#14456=CARTESIAN_POINT('',(-0.054218606,-0.00598756,0.00651));
#14457=CARTESIAN_POINT('',(-0.054218606,0.00801244,0.00651));
#14458=CARTESIAN_POINT('',(-0.061218606,-0.00598756,0.00651));
#14459=CARTESIAN_POINT('',(-0.061218606,-0.00598756,0.00501));
#14460=CARTESIAN_POINT('',(-0.068218606,-0.00598756,0.00501));
#14461=CARTESIAN_POINT('',(-0.068218606,-0.00598756,0.00651));
#14462=CARTESIAN_POINT('',(-0.068218606,0.00101244,0.00651));
#14463=CARTESIAN_POINT('',(-0.068218606,0.00101244,0.00501));
#14464=CARTESIAN_POINT('',(-0.068218606,0.00801244,0.00501));
#14465=CARTESIAN_POINT('',(-0.068218606,0.00801244,0.00651));
#14466=CARTESIAN_POINT('',(-0.051837356,0.02006244,0.00651));
#14467=CARTESIAN_POINT('',(-0.051837356,0.02006244,0.00501));
#14468=CARTESIAN_POINT('',(-0.051837356,0.01306244,0.00501));
#14469=CARTESIAN_POINT('',(-0.051837356,0.02706244,0.00501));
#14470=CARTESIAN_POINT('',(-0.051837356,0.01306244,0.00651));
#14471=CARTESIAN_POINT('',(-0.051837356,0.02706244,0.00651));
#14472=CARTESIAN_POINT('',(-0.058837356,0.01306244,0.00651));
#14473=CARTESIAN_POINT('',(-0.058837356,0.01306244,0.00501));
#14474=CARTESIAN_POINT('',(-0.065837356,0.01306244,0.00501));
#14475=CARTESIAN_POINT('',(-0.065837356,0.01306244,0.00651));
#14476=CARTESIAN_POINT('',(-0.065837356,0.02006244,0.00651));
#14477=CARTESIAN_POINT('',(-0.065837356,0.02006244,0.00501));
#14478=CARTESIAN_POINT('',(-0.065837356,0.02706244,0.00501));
#14479=CARTESIAN_POINT('',(-0.065837356,0.02706244,0.00651));
#14480=CARTESIAN_POINT('',(-0.049456106,0.03911244,0.00651));
#14481=CARTESIAN_POINT('',(-0.049456106,0.03911244,0.00501));
#14482=CARTESIAN_POINT('',(-0.049456106,0.03211244,0.00501));
#14483=CARTESIAN_POINT('',(-0.049456106,0.04611244,0.00501));
#14484=CARTESIAN_POINT('',(-0.049456106,0.03211244,0.00651));
#14485=CARTESIAN_POINT('',(-0.049456106,0.04611244,0.00651));
#14486=CARTESIAN_POINT('',(-0.056456106,0.03211244,0.00651));
#14487=CARTESIAN_POINT('',(-0.056456106,0.03211244,0.00501));
#14488=CARTESIAN_POINT('',(-0.063456106,0.03211244,0.00501));
#14489=CARTESIAN_POINT('',(-0.063456106,0.03211244,0.00651));
#14490=CARTESIAN_POINT('',(-0.063456106,0.03911244,0.00651));
#14491=CARTESIAN_POINT('',(-0.063456106,0.03911244,0.00501));
#14492=CARTESIAN_POINT('',(-0.063456106,0.04611244,0.00501));
#14493=CARTESIAN_POINT('',(-0.063456106,0.04611244,0.00651));
#14494=CARTESIAN_POINT('',(0.076347365,-0.025787329,0.00651));
#14495=CARTESIAN_POINT('',(0.076347365,-0.025787329,0.00501));
#14496=CARTESIAN_POINT('',(0.066793414,-0.025787329,0.00501));
#14497=CARTESIAN_POINT('',(0.085901316,-0.025787329,0.00501));
#14498=CARTESIAN_POINT('',(0.066793414,-0.025787329,0.00651));
#14499=CARTESIAN_POINT('',(0.085901316,-0.025787329,0.00651));
#14500=CARTESIAN_POINT('',(0.066793414,-0.016805829,0.00651));
#14501=CARTESIAN_POINT('',(0.066793414,-0.016805829,0.00501));
#14502=CARTESIAN_POINT('',(0.066793414,-0.007824329,0.00501));
#14503=CARTESIAN_POINT('',(0.066793414,-0.007824329,0.00651));
#14504=CARTESIAN_POINT('',(0.076347365,-0.007824329,0.00651));
#14505=CARTESIAN_POINT('',(0.076347365,-0.007824329,0.00501));
#14506=CARTESIAN_POINT('',(0.085901316,-0.007824329,0.00501));
#14507=CARTESIAN_POINT('',(0.085901316,-0.007824329,0.00651));
#14508=CARTESIAN_POINT('',(0.085901316,-0.006824329,0.00651));
#14509=CARTESIAN_POINT('',(0.085901316,-0.006824329,0.00501));
#14510=CARTESIAN_POINT('',(0.086901316,-0.006824329,0.00501));
#14511=CARTESIAN_POINT('',(0.086901316,-0.006824329,0.00651));
#14512=CARTESIAN_POINT('',(0.086901316,0.0217490934499247,0.00651));
#14513=CARTESIAN_POINT('',(0.086901316,0.0217490934499247,0.00501));
#14514=CARTESIAN_POINT('',(0.086901316,0.0503225158998493,0.00501));
#14515=CARTESIAN_POINT('',(0.086901316,0.0503225158998493,0.00651));
#14516=CARTESIAN_POINT('',(0.084901316,0.0503225158998494,0.00651));
#14517=CARTESIAN_POINT('',(0.084901316,0.0503225158998494,0.00501));
#14518=CARTESIAN_POINT('',(0.0849525812083982,0.0523218587614936,0.00501));
#14519=CARTESIAN_POINT('',(0.0849525812083982,0.0523218587614936,0.00651));
#14520=CARTESIAN_POINT('',(0.073318326372623,0.0526201730277236,0.00651));
#14521=CARTESIAN_POINT('',(0.073318326372623,0.0526201730277236,0.00501));
#14522=CARTESIAN_POINT('',(0.0754387423947822,0.0525658033788994,0.00501));
#14523=CARTESIAN_POINT('',(0.0754387423947822,0.0525658033788994,0.00576));
#14524=CARTESIAN_POINT('',(0.0617353367452461,0.0549178301555979,0.00651));
#14525=CARTESIAN_POINT('',(0.0617353367452461,0.0549178301555979,0.00501));
#14526=CARTESIAN_POINT('',(0.0604598447885637,0.0533773366410258,0.00501));
#14527=CARTESIAN_POINT('',(0.0604598447885637,0.0533773366410258,0.00651));
#14528=CARTESIAN_POINT('',(0.0559040130002164,0.0571494569044786,0.00651));
#14529=CARTESIAN_POINT('',(0.0559040130002164,0.0571494569044786,0.00501));
#14530=CARTESIAN_POINT('',(0.0513481812118691,0.0609215771679315,0.00501));
#14531=CARTESIAN_POINT('',(0.0513481812118691,0.0609215771679315,0.00651));
#14532=CARTESIAN_POINT('',(0.0500726892551867,0.0593810836533596,0.00651));
#14533=CARTESIAN_POINT('',(0.0500726892551867,0.0593810836533596,0.00501));
#14534=CARTESIAN_POINT('',(0.0501161572344276,0.0613806112312589,0.00501));
#14535=CARTESIAN_POINT('',(0.0501161572344276,0.0613806112312589,0.00651));
#14536=CARTESIAN_POINT('',(0.0164295706610488,0.0621129281355388,0.00651));
#14537=CARTESIAN_POINT('',(0.0164295706610488,0.0621129281355388,0.00501));
#14538=CARTESIAN_POINT('',(-0.01725701591233,0.0628452450398187,0.00501));
#14539=CARTESIAN_POINT('',(-0.01725701591233,0.0628452450398187,0.00651));
#14540=CARTESIAN_POINT('',(-0.017300483891571,0.0608457174619195,0.00651));
#14541=CARTESIAN_POINT('',(-0.017300483891571,0.0608457174619195,0.00501));
#14542=CARTESIAN_POINT('',(-0.018026662633568,0.0627092260974429,0.00501));
#14543=CARTESIAN_POINT('',(-0.018026662633568,0.0627092260974429,0.00651));
#14544=CARTESIAN_POINT('',(-0.0282258522598527,0.0587347692309613,0.00651));
#14545=CARTESIAN_POINT('',(-0.0282258522598527,0.0587347692309613,0.00501));
#14546=CARTESIAN_POINT('',(-0.0384250418861373,0.0547603123644796,0.00501));
#14547=CARTESIAN_POINT('',(-0.0384250418861373,0.0547603123644796,0.00651));
#14548=CARTESIAN_POINT('',(-0.0391512206281345,0.0566238210000034,0.00651));
#14549=CARTESIAN_POINT('',(-0.0391512206281345,0.0566238210000034,0.00501));
#14550=CARTESIAN_POINT('',(-0.0391512206281344,0.0546238210000034,0.00501));
#14551=CARTESIAN_POINT('',(-0.0391512206281344,0.0546238210000034,0.00651));
#14552=CARTESIAN_POINT('',(-0.0568684969461614,0.0546238210000034,0.00651));
#14553=CARTESIAN_POINT('',(-0.0568684969461614,0.0546238210000034,0.00501));
#14554=CARTESIAN_POINT('',(-0.0745857732641884,0.0546238210000033,0.00501));
#14555=CARTESIAN_POINT('',(-0.0745857732641884,0.0546238210000033,0.00651));
#14556=CARTESIAN_POINT('',(-0.0745857732641884,0.0526238210000033,0.00651));
#14557=CARTESIAN_POINT('',(-0.0745857732641884,0.0526238210000033,0.00501));
#14558=CARTESIAN_POINT('',(-0.0765855980186612,0.0526502964867394,0.00501));
#14559=CARTESIAN_POINT('',(-0.0765855980186612,0.0526502964867394,0.00651));
#14560=CARTESIAN_POINT('',(-0.0767934601463873,0.0369494395888615,0.00651));
#14561=CARTESIAN_POINT('',(-0.0767934601463873,0.0369494395888615,0.00501));
#14562=CARTESIAN_POINT('',(-0.0770013222741135,0.0212485826909836,0.00501));
#14563=CARTESIAN_POINT('',(-0.0770013222741135,0.0212485826909836,0.00651));
#14564=CARTESIAN_POINT('',(-0.0790011470285864,0.0212750581777196,0.00651));
#14565=CARTESIAN_POINT('',(-0.0790011470285864,0.0212750581777196,0.00501));
#14566=CARTESIAN_POINT('',(-0.0773597442355987,0.0201323434840305,0.00501));
#14567=CARTESIAN_POINT('',(-0.0773597442355987,0.0201323434840305,0.00651));
#14568=CARTESIAN_POINT('',(-0.0792999155142931,0.0173454688833003,0.00651));
#14569=CARTESIAN_POINT('',(-0.0792999155142931,0.0173454688833003,0.00501));
#14570=CARTESIAN_POINT('',(-0.0812400867929875,0.0145585942825701,0.00501));
#14571=CARTESIAN_POINT('',(-0.0812400867929875,0.0145585942825701,0.00651));
#14572=CARTESIAN_POINT('',(-0.0795986840000002,0.0134158795888812,0.00651));
#14573=CARTESIAN_POINT('',(-0.0795986840000002,0.0134158795888812,0.00501));
#14574=CARTESIAN_POINT('',(-0.081598684,0.0134158795888811,0.00501));
#14575=CARTESIAN_POINT('',(-0.081598684,0.0134158795888811,0.00651));
#14576=CARTESIAN_POINT('',(-0.081598684,0.00822074712151653,0.00651));
#14577=CARTESIAN_POINT('',(-0.081598684,0.00822074712151653,0.00501));
#14578=CARTESIAN_POINT('',(-0.081598684,0.00302561465415196,0.00501));
#14579=CARTESIAN_POINT('',(-0.081598684,0.00302561465415196,0.00651));
#14580=CARTESIAN_POINT('',(-0.083598684,0.00302561465415196,0.00651));
#14581=CARTESIAN_POINT('',(-0.083598684,0.00302561465415196,0.00501));
#14582=CARTESIAN_POINT('',(-0.0819700655607491,0.00186475205275072,0.00501));
#14583=CARTESIAN_POINT('',(-0.0819700655607491,0.00186475205275072,0.00651));
#14584=CARTESIAN_POINT('',(-0.084348684,-0.00147230251807456,0.00651));
#14585=CARTESIAN_POINT('',(-0.084348684,-0.00147230251807456,0.00501));
#14586=CARTESIAN_POINT('',(-0.0867273024392509,-0.00480935708889984,0.00501));
#14587=CARTESIAN_POINT('',(-0.0867273024392509,-0.00480935708889984,0.00651));
#14588=CARTESIAN_POINT('',(-0.085098684,-0.00597021969030108,0.00651));
#14589=CARTESIAN_POINT('',(-0.085098684,-0.00597021969030108,0.00501));
#14590=CARTESIAN_POINT('',(-0.087098684,-0.00597021969030108,0.00501));
#14591=CARTESIAN_POINT('',(-0.087098684,-0.00597021969030108,0.00651));
#14592=CARTESIAN_POINT('',(-0.087098684,-0.022092005390153,0.00651));
#14593=CARTESIAN_POINT('',(-0.087098684,-0.022092005390153,0.00501));
#14594=CARTESIAN_POINT('',(-0.087098684,-0.0382137910900049,0.00501));
#14595=CARTESIAN_POINT('',(-0.087098684,-0.0382137910900049,0.00651));
#14596=CARTESIAN_POINT('',(-0.085098684,-0.0382137910900049,0.00651));
#14597=CARTESIAN_POINT('',(-0.085098684,-0.0382137910900049,0.00501));
#14598=CARTESIAN_POINT('',(-0.0850856598684162,-0.0402137486825544,0.00501));
#14599=CARTESIAN_POINT('',(-0.0850856598684162,-0.0402137486825544,0.00651));
#14600=CARTESIAN_POINT('',(-0.0579464282519208,-0.0400370124732603,0.00651));
#14601=CARTESIAN_POINT('',(-0.0579464282519208,-0.0400370124732603,0.00501));
#14602=CARTESIAN_POINT('',(-0.0308071966354255,-0.0398602762639662,0.00501));
#14603=CARTESIAN_POINT('',(-0.0308071966354255,-0.0398602762639662,0.00651));
#14604=CARTESIAN_POINT('',(-0.0307941725038417,-0.0418602338565158,0.00651));
#14605=CARTESIAN_POINT('',(-0.0307941725038417,-0.0418602338565158,0.00501));
#14606=CARTESIAN_POINT('',(-0.0296294676939619,-0.040234360950707,0.00501));
#14607=CARTESIAN_POINT('',(-0.0296294676939619,-0.040234360950707,0.00651));
#14608=CARTESIAN_POINT('',(-0.022522999530662,-0.0453251264228924,0.00651));
#14609=CARTESIAN_POINT('',(-0.022522999530662,-0.0453251264228924,0.00501));
#14610=CARTESIAN_POINT('',(-0.0154165313673621,-0.0504158918950778,0.00501));
#14611=CARTESIAN_POINT('',(-0.0154165313673621,-0.0504158918950778,0.00651));
#14612=CARTESIAN_POINT('',(-0.0142518265574823,-0.048790018989269,0.00651));
#14613=CARTESIAN_POINT('',(-0.0142518265574823,-0.048790018989269,0.00501));
#14614=CARTESIAN_POINT('',(-0.014522049217562,-0.0507716798366341,0.00501));
#14615=CARTESIAN_POINT('',(-0.014522049217562,-0.0507716798366341,0.00651));
#14616=CARTESIAN_POINT('',(0.029131957412657,-0.0567244147914768,0.00651));
#14617=CARTESIAN_POINT('',(0.029131957412657,-0.0567244147914768,0.00501));
#14618=CARTESIAN_POINT('',(0.0727859640428761,-0.0626771497463196,0.00501));
#14619=CARTESIAN_POINT('',(0.0727859640428761,-0.0626771497463196,0.00651));
#14620=CARTESIAN_POINT('',(0.0730561867029558,-0.0606954888989546,0.00651));
#14621=CARTESIAN_POINT('',(0.0730561867029558,-0.0606954888989546,0.00501));
#14622=CARTESIAN_POINT('',(0.0749081518755683,-0.0614506213372927,0.00501));
#14623=CARTESIAN_POINT('',(0.0749081518755683,-0.0614506213372927,0.00651));
#14624=CARTESIAN_POINT('',(0.0788116092267761,-0.0518773773602162,0.00651));
#14625=CARTESIAN_POINT('',(0.0788116092267761,-0.0518773773602162,0.00501));
#14626=CARTESIAN_POINT('',(0.082715066577984,-0.0423041333831397,0.00501));
#14627=CARTESIAN_POINT('',(0.082715066577984,-0.0423041333831397,0.00651));
#14628=CARTESIAN_POINT('',(0.0808631014053618,-0.0415490009447983,0.00651));
#14629=CARTESIAN_POINT('',(0.0808631014053618,-0.0415490009447983,0.00501));
#14630=CARTESIAN_POINT('',(0.0827811971609268,-0.0421154889610215,0.00501));
#14631=CARTESIAN_POINT('',(0.0827811971609268,-0.0421154889610215,0.00651));
#14632=CARTESIAN_POINT('',(0.084800304458241,-0.0352789080871102,0.00651));
#14633=CARTESIAN_POINT('',(0.084800304458241,-0.0352789080871102,0.00501));
#14634=CARTESIAN_POINT('',(0.0868194117555543,-0.0284423272131984,0.00501));
#14635=CARTESIAN_POINT('',(0.0868194117555543,-0.0284423272131984,0.00651));
#14636=CARTESIAN_POINT('',(0.0849013159999984,-0.0278758391969787,0.00651));
#14637=CARTESIAN_POINT('',(0.0849013159999984,-0.0278758391969787,0.00501));
#14638=CARTESIAN_POINT('',(0.086901316,-0.0278758391969788,0.00501));
#14639=CARTESIAN_POINT('',(0.086901316,-0.0278758391969788,0.00651));
#14640=CARTESIAN_POINT('',(0.086901316,-0.0273315840984894,0.00651));
#14641=CARTESIAN_POINT('',(0.086901316,-0.0273315840984894,0.00501));
#14642=CARTESIAN_POINT('',(0.086901316,-0.026787329,0.00501));
#14643=CARTESIAN_POINT('',(0.086901316,-0.026787329,0.00651));
#14644=CARTESIAN_POINT('',(-0.081098684,-0.0338566504392242,0.00651));
#14645=CARTESIAN_POINT('',(-0.081098684,-0.0338566504392242,0.00501));
#14646=CARTESIAN_POINT('',(-0.079348684,-0.0338566504392242,0.00501));
#14647=CARTESIAN_POINT('',(-0.032156106,0.052641925602384,0.00651));
#14648=CARTESIAN_POINT('',(-0.032156106,0.052641925602384,0.00501));
#14649=CARTESIAN_POINT('',(-0.030406106,0.052641925602384,0.00501));
#14650=CARTESIAN_POINT('',(0.028596870691955,0.0555969450157419,0.00651));
#14651=CARTESIAN_POINT('',(0.028596870691955,0.0555969450157419,0.00501));
#14652=CARTESIAN_POINT('',(0.030346870691955,0.0555969450157419,0.00501));
#14653=CARTESIAN_POINT('',(-0.0710144113050558,0.0486238210000033,0.00651));
#14654=CARTESIAN_POINT('',(-0.0710144113050558,0.0486238210000033,0.00501));
#14655=CARTESIAN_POINT('',(-0.0692644113050558,0.0486238210000033,0.00501));
#14656=CARTESIAN_POINT('',(0.0652899592436685,-0.0401075957289145,0.00651));
#14657=CARTESIAN_POINT('',(0.0652899592436685,-0.0401075957289145,0.00501));
#14658=CARTESIAN_POINT('',(0.0453091674038361,-0.0360342599385107,0.00651));
#14659=CARTESIAN_POINT('',(0.0453091674038361,-0.0360342599385107,0.00501));
#14660=CARTESIAN_POINT('',(0.0252521113162089,-0.0323479396481813,0.00651));
#14661=CARTESIAN_POINT('',(0.0252521113162089,-0.0323479396481813,0.00501));
#14662=CARTESIAN_POINT('',(0.00562194569370059,-0.029816538256718,0.00651));
#14663=CARTESIAN_POINT('',(0.00562194569370059,-0.029816538256718,0.00501));
#14664=CARTESIAN_POINT('',(0.0416575543162089,-0.0115392336481812,0.00651));
#14665=CARTESIAN_POINT('',(0.0416575543162089,-0.0115392336481812,0.00501));
#14666=CARTESIAN_POINT('',(0.0424521343162089,0.00755005235181878,0.00651));
#14667=CARTESIAN_POINT('',(0.0424521343162089,0.00755005235181878,0.00501));
#14668=CARTESIAN_POINT('',(0.0432423063162089,0.0266000523518188,0.00651));
#14669=CARTESIAN_POINT('',(0.0432423063162089,0.0266000523518188,0.00501));
#14670=CARTESIAN_POINT('',(0.0217038796937007,-0.00750253325671798,0.00651));
#14671=CARTESIAN_POINT('',(0.0217038796937007,-0.00750253325671798,0.00501));
#14672=CARTESIAN_POINT('',(0.0224935506937007,0.011522217743282,0.00651));
#14673=CARTESIAN_POINT('',(0.0224935506937007,0.011522217743282,0.00501));
#14674=CARTESIAN_POINT('',(0.0231787586937006,0.030545984743282,0.00651));
#14675=CARTESIAN_POINT('',(0.0231787586937006,0.030545984743282,0.00501));
#14676=CARTESIAN_POINT('',(0.0440449933162088,0.0456945033518188,0.00651));
#14677=CARTESIAN_POINT('',(0.0440449933162088,0.0456945033518188,0.00501));
#14678=CARTESIAN_POINT('',(0.0241770136937006,0.049570002743282,0.00651));
#14679=CARTESIAN_POINT('',(0.0241770136937006,0.049570002743282,0.00501));
#14680=CARTESIAN_POINT('',(0.00215881547691753,-0.00205089721086633,0.00651));
#14681=CARTESIAN_POINT('',(0.00215881547691753,-0.00205089721086633,0.00501));
#14682=CARTESIAN_POINT('',(0.00282496547691753,0.0169860797891336,0.00651));
#14683=CARTESIAN_POINT('',(0.00282496547691753,0.0169860797891336,0.00501));
#14684=CARTESIAN_POINT('',(0.00348980247691753,0.0360244737891336,0.00651));
#14685=CARTESIAN_POINT('',(0.00348980247691753,0.0360244737891336,0.00501));
#14686=CARTESIAN_POINT('',(0.00415926147691754,0.0550627877891337,0.00651));
#14687=CARTESIAN_POINT('',(0.00415926147691754,0.0550627877891337,0.00501));
#14688=CARTESIAN_POINT('',(-0.017643607154939,-0.00647340813390526,0.00651));
#14689=CARTESIAN_POINT('',(-0.017643607154939,-0.00647340813390526,0.00501));
#14690=CARTESIAN_POINT('',(-0.017312541154939,0.0125730038660947,0.00651));
#14691=CARTESIAN_POINT('',(-0.017312541154939,0.0125730038660947,0.00501));
#14692=CARTESIAN_POINT('',(-0.016978682154939,0.0316193938660947,0.00651));
#14693=CARTESIAN_POINT('',(-0.016978682154939,0.0316193938660947,0.00501));
#14694=CARTESIAN_POINT('',(-0.016646442154939,0.0506403128660947,0.00651));
#14695=CARTESIAN_POINT('',(-0.016646442154939,0.0506403128660947,0.00501));
#14696=CARTESIAN_POINT('',(-0.037406106,-0.01103756,0.00651));
#14697=CARTESIAN_POINT('',(-0.037406106,-0.01103756,0.00501));
#14698=CARTESIAN_POINT('',(-0.037406106,0.00801244,0.00651));
#14699=CARTESIAN_POINT('',(-0.037406106,0.00801244,0.00501));
#14700=CARTESIAN_POINT('',(-0.037406106,0.02706244,0.00651));
#14701=CARTESIAN_POINT('',(-0.037406106,0.02706244,0.00501));
#14702=CARTESIAN_POINT('',(-0.037406106,0.04611244,0.00651));
#14703=CARTESIAN_POINT('',(-0.037406106,0.04611244,0.00501));
#14704=CARTESIAN_POINT('',(-0.063599856,-0.01103756,0.00651));
#14705=CARTESIAN_POINT('',(-0.063599856,-0.01103756,0.00501));
#14706=CARTESIAN_POINT('',(-0.061218606,0.00801244,0.00651));
#14707=CARTESIAN_POINT('',(-0.061218606,0.00801244,0.00501));
#14708=CARTESIAN_POINT('',(-0.058837356,0.02706244,0.00651));
#14709=CARTESIAN_POINT('',(-0.058837356,0.02706244,0.00501));
#14710=CARTESIAN_POINT('',(-0.056456106,0.04611244,0.00651));
#14711=CARTESIAN_POINT('',(-0.056456106,0.04611244,0.00501));
#14712=CARTESIAN_POINT('',(0.0778687283863542,-0.0461117430150714,0.00651));
#14713=CARTESIAN_POINT('',(0.0778687283863542,-0.0461117430150714,0.00501));
#14714=CARTESIAN_POINT('',(0.0796187283863542,-0.0461117430150714,0.00501));
#14715=CARTESIAN_POINT('',(0.085901316,-0.026787329,0.00651));
#14716=CARTESIAN_POINT('',(0.085901316,-0.026787329,0.00501));
#14717=CARTESIAN_POINT('',(0.083951316,0.0493965626341352,0.00651));
#14718=CARTESIAN_POINT('',(0.083951316,0.0493965626341352,0.00501));
#14719=CARTESIAN_POINT('',(0.085701316,0.0493965626341352,0.00501));
#14720=CARTESIAN_POINT('',(-0.00801999302470058,-0.0273945497503038,0.00651));
#14721=CARTESIAN_POINT('',(-0.00801999302470058,-0.0273945497503038,0.00501));
#14722=CARTESIAN_POINT('',(-0.00626999302470058,-0.0273945497503038,0.00501));
#14723=CARTESIAN_POINT('',(-9.86839999999739E-5,-6.21442459024374E-5,0.00501));
#14724=CARTESIAN_POINT('',(0.073010735122234,0.040624115857858,0.00501));
#14725=CARTESIAN_POINT('',(0.0751311511443931,0.0405697462090338,0.00501));
#14726=CARTESIAN_POINT('',(0.0651344368361718,0.0408260722510247,0.00501));
#14727=CARTESIAN_POINT('',(0.0751311511443931,0.0405697462090338,0.00501));
#14728=CARTESIAN_POINT('',(0.0651344368361718,0.0408260722510247,0.00501));
#14729=CARTESIAN_POINT('',(0.0651344368361718,0.0408260722510247,0.00576));
#14730=CARTESIAN_POINT('',(0.0651344368361718,0.0408260722510247,0.00576));
#14731=CARTESIAN_POINT('',(0.0751311511443931,0.0405697462090338,0.00576));
#14732=CARTESIAN_POINT('',(0.0751311511443931,0.0405697462090338,0.00576));
#14733=CARTESIAN_POINT('',(0.073010735122234,0.0406241158578579,0.00576));
#14734=CARTESIAN_POINT('',(0.,0.,0.));
#14735=CARTESIAN_POINT('',(0.092901316,0.0124684960978712,0.00701));
#14736=CARTESIAN_POINT('',(0.092901316,-0.007824329,0.01301));
#14737=CARTESIAN_POINT('',(0.092901316,-0.007824329,0.01101));
#14738=CARTESIAN_POINT('',(0.092901316,-0.007824329,0.00501));
#14739=CARTESIAN_POINT('',(0.092901316,0.0124684960978712,0.00501));
#14740=CARTESIAN_POINT('',(0.092901316,0.0532465788442097,0.00501));
#14741=CARTESIAN_POINT('',(0.092901316,0.0532465788442097,0.00701));
#14742=CARTESIAN_POINT('',(0.092901316,0.0532465788442097,0.01101));
#14743=CARTESIAN_POINT('',(0.092901316,0.0124684960978712,0.01101));
#14744=CARTESIAN_POINT('',(0.092901316,0.0124684960978712,0.00701));
#14745=CARTESIAN_POINT('',(0.092901316,0.0124684960978712,0.00501));
#14746=CARTESIAN_POINT('',(0.092901316,-0.025787329,0.00501));
#14747=CARTESIAN_POINT('',(0.092901316,-0.0283095866484673,0.00501));
#14748=CARTESIAN_POINT('',(0.092901316,-0.025787329,0.01301));
#14749=CARTESIAN_POINT('',(0.092901316,-0.025787329,0.01101));
#14750=CARTESIAN_POINT('',(0.092901316,0.0124684960978712,0.01101));
#14751=CARTESIAN_POINT('',(0.092901316,-0.0283095866484673,0.01101));
#14752=CARTESIAN_POINT('',(0.092901316,-0.0283095866484673,0.00701));
#14753=CARTESIAN_POINT('',(0.087901316,0.0115660996916658,0.00701));
#14754=CARTESIAN_POINT('',(0.087901316,0.0115660996916658,0.00501));
#14755=CARTESIAN_POINT('',(0.087901316,-0.007824329,0.00501));
#14756=CARTESIAN_POINT('',(0.087901316,0.0512972035479695,0.00501));
#14757=CARTESIAN_POINT('',(0.087901316,-0.007824329,0.00701));
#14758=CARTESIAN_POINT('',(0.087901316,-0.007824329,0.00701));
#14759=CARTESIAN_POINT('',(0.087901316,0.0115660996916658,0.00701));
#14760=CARTESIAN_POINT('',(0.087901316,0.0512972035479695,0.00701));
#14761=CARTESIAN_POINT('',(0.087901316,0.0512972035479695,0.00701));
#14762=CARTESIAN_POINT('',(0.087901316,0.0115660996916658,0.00701));
#14763=CARTESIAN_POINT('',(0.087901316,0.0115660996916658,0.00701));
#14764=CARTESIAN_POINT('',(0.0879013159999991,-0.0281650041646375,0.00701));
#14765=CARTESIAN_POINT('',(0.087901316,-0.025787329,0.00701));
#14766=CARTESIAN_POINT('',(0.087901316,-0.025787329,0.00701));
#14767=CARTESIAN_POINT('',(0.087901316,-0.025787329,0.00501));
#14768=CARTESIAN_POINT('',(0.087901316,0.0115660996916658,0.00501));
#14769=CARTESIAN_POINT('',(0.087901316,-0.0281650041646378,0.00501));
#14770=CARTESIAN_POINT('',(0.087901316,-0.0281650041646378,0.00701));
#14771=CARTESIAN_POINT('',(-9.8683999999738E-5,-6.21442459024235E-5,0.00501));
#14772=CARTESIAN_POINT('',(0.0892053715123216,0.0548636838362665,0.00501));
#14773=CARTESIAN_POINT('',(0.0909553715123216,0.0548636838362665,0.00501));
#14774=CARTESIAN_POINT('',(0.086901316,-0.007824329,0.00501));
#14775=CARTESIAN_POINT('',(0.085901316,0.0512972035479695,0.00501));
#14776=CARTESIAN_POINT('',(0.0859525812083982,0.0532965464096137,0.00501));
#14777=CARTESIAN_POINT('',(0.0740040072332839,0.0536029201420268,0.00501));
#14778=CARTESIAN_POINT('',(0.0754643749989813,0.0535654748097215,0.00501));
#14779=CARTESIAN_POINT('',(0.0749517229149995,0.0335720461932788,0.00501));
#14780=CARTESIAN_POINT('',(0.0755925380199767,0.0585638319638322,0.00501));
#14781=CARTESIAN_POINT('',(0.076489454118571,0.0585408341120919,0.00501));
#14782=CARTESIAN_POINT('',(0.0880294790209955,0.0582449359983204,0.00501));
#14783=CARTESIAN_POINT('',(0.087901316,0.0532465788442098,0.00501));
#14784=CARTESIAN_POINT('',(0.0740040072332839,0.0536029201420268,0.00701));
#14785=CARTESIAN_POINT('',(0.0740040072332839,0.0536029201420268,0.00501));
#14786=CARTESIAN_POINT('',(0.0654676606907599,0.0538218008517124,0.00501));
#14787=CARTESIAN_POINT('',(0.0620554332581697,0.0539092938744398,0.00501));
#14788=CARTESIAN_POINT('',(0.0654676606907599,0.0538218008517124,0.00701));
#14789=CARTESIAN_POINT('',(0.0654676606907599,0.0538218008517124,0.00551));
#14790=CARTESIAN_POINT('',(0.0664673321215821,0.0537961682475133,0.00551));
#14791=CARTESIAN_POINT('',(0.0664673321215821,0.0537961682475133,0.00651));
#14792=CARTESIAN_POINT('',(0.0740040072332839,0.0536029201420268,0.00651));
#14793=CARTESIAN_POINT('',(0.0744647035681591,0.0535911074139206,0.00651));
#14794=CARTESIAN_POINT('',(0.0744647035681591,0.0535911074139206,0.00551));
#14795=CARTESIAN_POINT('',(0.0754643749989813,0.0535654748097215,0.00551));
#14796=CARTESIAN_POINT('',(0.0754643749989813,0.0535654748097215,0.00701));
#14797=CARTESIAN_POINT('',(0.0859525812083982,0.0532965464096137,0.00701));
#14798=CARTESIAN_POINT('',(0.0859525812083982,0.0532965464096137,0.00701));
#14799=CARTESIAN_POINT('',(0.0740040072332839,0.0536029201420268,0.00701));
#14800=CARTESIAN_POINT('',(0.0620554332581697,0.0539092938744398,0.00701));
#14801=CARTESIAN_POINT('',(0.0620554332581697,0.0539092938744398,0.00701));
#14802=CARTESIAN_POINT('',(0.065077592237142,0.063835089379974,0.00701));
#14803=CARTESIAN_POINT('',(0.061888862345436,0.0599838555935439,0.00701));
#14804=CARTESIAN_POINT('',(0.061888862345436,0.0599838555935439,0.01101));
#14805=CARTESIAN_POINT('',(0.061888862345436,0.0599838555935439,0.00501));
#14806=CARTESIAN_POINT('',(0.065077592237142,0.063835089379974,0.01101));
#14807=CARTESIAN_POINT('',(0.0649494292161465,0.0588367322258633,0.01101));
#14808=CARTESIAN_POINT('',(0.0649494292161465,0.0588367322258633,0.00701));
#14809=CARTESIAN_POINT('',(0.0649494292161465,0.0588367322258633,0.00501));
#14810=CARTESIAN_POINT('',(0.065077592237142,0.063835089379974,0.00501));
#14811=CARTESIAN_POINT('',(0.0581296593665026,0.0630963861675515,0.00701));
#14812=CARTESIAN_POINT('',(0.0543704563875693,0.0662089167415592,0.00701));
#14813=CARTESIAN_POINT('',(0.0543704563875693,0.0662089167415592,0.01101));
#14814=CARTESIAN_POINT('',(0.0543704563875693,0.0662089167415592,0.00501));
#14815=CARTESIAN_POINT('',(0.061888862345436,0.0599838555935439,0.01101));
#14816=CARTESIAN_POINT('',(0.0581296593665026,0.0630963861675515,0.00501));
#14817=CARTESIAN_POINT('',(0.0511817264958634,0.0623576829551293,0.00701));
#14818=CARTESIAN_POINT('',(0.0512903964439656,0.0673565018998779,0.00701));
#14819=CARTESIAN_POINT('',(0.0512903964439656,0.0673565018998779,0.01101));
#14820=CARTESIAN_POINT('',(0.0512903964439656,0.0673565018998779,0.00501));
#14821=CARTESIAN_POINT('',(0.0511817264958634,0.0623576829551293,0.01101));
#14822=CARTESIAN_POINT('',(0.0511817264958634,0.0623576829551293,0.00501));
#14823=CARTESIAN_POINT('',(0.0167831123839348,0.0681066600491134,0.00701));
#14824=CARTESIAN_POINT('',(-0.0177241716760959,0.0688568181983489,0.00701));
#14825=CARTESIAN_POINT('',(-0.0177241716760959,0.0688568181983489,0.01101));
#14826=CARTESIAN_POINT('',(-0.0177241716760959,0.0688568181983489,0.00501));
#14827=CARTESIAN_POINT('',(0.0512903964439656,0.0673565018998779,0.01101));
#14828=CARTESIAN_POINT('',(0.0167831123839348,0.0681066600491134,0.00501));
#14829=CARTESIAN_POINT('',(-0.0178328416241982,0.0638579992536003,0.00701));
#14830=CARTESIAN_POINT('',(-0.019648288479191,0.0685167708424095,0.00701));
#14831=CARTESIAN_POINT('',(-0.019648288479191,0.0685167708424095,0.01101));
#14832=CARTESIAN_POINT('',(-0.019648288479191,0.0685167708424095,0.00501));
#14833=CARTESIAN_POINT('',(-0.0178328416241982,0.0638579992536003,0.01101));
#14834=CARTESIAN_POINT('',(-0.0178328416241982,0.0638579992536003,0.00501));
#14835=CARTESIAN_POINT('',(-0.0293378437403639,0.0647409101268017,0.00701));
#14836=CARTESIAN_POINT('',(-0.0390273990015367,0.060965049411194,0.00701));
#14837=CARTESIAN_POINT('',(-0.0390273990015367,0.060965049411194,0.01101));
#14838=CARTESIAN_POINT('',(-0.0390273990015367,0.060965049411194,0.00501));
#14839=CARTESIAN_POINT('',(-0.019648288479191,0.0685167708424095,0.01101));
#14840=CARTESIAN_POINT('',(-0.0293378437403639,0.0647409101268017,0.00501));
#14841=CARTESIAN_POINT('',(-0.0408428458565294,0.0656238210000032,0.00701));
#14842=CARTESIAN_POINT('',(-0.0408428458565294,0.0606238210000034,0.00701));
#14843=CARTESIAN_POINT('',(-0.0408428458565294,0.0606238210000034,0.01101));
#14844=CARTESIAN_POINT('',(-0.0408428458565294,0.0606238210000034,0.00501));
#14845=CARTESIAN_POINT('',(-0.0408428458565294,0.0656238210000032,0.01101));
#14846=CARTESIAN_POINT('',(-0.0408428458565294,0.0656238210000032,0.00501));
#14847=CARTESIAN_POINT('',(-0.059194582650926,0.0606238210000033,0.00701));
#14848=CARTESIAN_POINT('',(-0.0775463194453226,0.0606238210000033,0.00701));
#14849=CARTESIAN_POINT('',(-0.0775463194453226,0.0606238210000033,0.01101));
#14850=CARTESIAN_POINT('',(-0.0775463194453226,0.0606238210000033,0.00501));
#14851=CARTESIAN_POINT('',(-0.0408428458565294,0.0606238210000033,0.01101));
#14852=CARTESIAN_POINT('',(-0.059194582650926,0.0606238210000033,0.00501));
#14853=CARTESIAN_POINT('',(-0.0775463194453226,0.0556238210000034,0.00701));
#14854=CARTESIAN_POINT('',(-0.0825458813315045,0.0556900097168434,0.00701));
#14855=CARTESIAN_POINT('',(-0.0825458813315045,0.0556900097168434,0.01101));
#14856=CARTESIAN_POINT('',(-0.0825458813315045,0.0556900097168434,0.00501));
#14857=CARTESIAN_POINT('',(-0.0775463194453226,0.0556238210000034,0.01101));
#14858=CARTESIAN_POINT('',(-0.0775463194453226,0.0556238210000034,0.00501));
#14859=CARTESIAN_POINT('',(-0.0827550774565279,0.0398883893903602,0.00701));
#14860=CARTESIAN_POINT('',(-0.0829642735815514,0.024086769063877,0.00701));
#14861=CARTESIAN_POINT('',(-0.0829642735815514,0.024086769063877,0.01101));
#14862=CARTESIAN_POINT('',(-0.0829642735815514,0.024086769063877,0.00501));
#14863=CARTESIAN_POINT('',(-0.0825458813315045,0.0556900097168434,0.01101));
#14864=CARTESIAN_POINT('',(-0.0827550774565279,0.0398883893903602,0.00501));
#14865=CARTESIAN_POINT('',(-0.087963835467733,0.024152957780717,0.00701));
#14866=CARTESIAN_POINT('',(-0.0838603284852645,0.0212961710464946,0.00701));
#14867=CARTESIAN_POINT('',(-0.0838603284852645,0.0212961710464946,0.01101));
#14868=CARTESIAN_POINT('',(-0.0838603284852645,0.0212961710464946,0.00501));
#14869=CARTESIAN_POINT('',(-0.087963835467733,0.024152957780717,0.01101));
#14870=CARTESIAN_POINT('',(-0.087963835467733,0.024152957780717,0.00501));
#14871=CARTESIAN_POINT('',(-0.0852812597338667,0.0192551361906555,0.00701));
#14872=CARTESIAN_POINT('',(-0.0867021909824688,0.0172141013348164,0.00701));
#14873=CARTESIAN_POINT('',(-0.0867021909824688,0.0172141013348164,0.01101));
#14874=CARTESIAN_POINT('',(-0.0867021909824688,0.0172141013348164,0.00501));
#14875=CARTESIAN_POINT('',(-0.0838603284852645,0.0212961710464946,0.01101));
#14876=CARTESIAN_POINT('',(-0.0852812597338667,0.0192551361906555,0.00501));
#14877=CARTESIAN_POINT('',(-0.0825986840000002,0.014357314600594,0.00701));
#14878=CARTESIAN_POINT('',(-0.087598684,0.0143573146005938,0.00701));
#14879=CARTESIAN_POINT('',(-0.087598684,0.0143573146005938,0.01101));
#14880=CARTESIAN_POINT('',(-0.087598684,0.0143573146005938,0.00501));
#14881=CARTESIAN_POINT('',(-0.0825986840000002,0.014357314600594,0.01101));
#14882=CARTESIAN_POINT('',(-0.0825986840000002,0.014357314600594,0.00501));
#14883=CARTESIAN_POINT('',(-0.087598684,0.0101310984146564,0.00701));
#14884=CARTESIAN_POINT('',(-0.087598684,0.005904882228719,0.00701));
#14885=CARTESIAN_POINT('',(-0.087598684,0.005904882228719,0.01101));
#14886=CARTESIAN_POINT('',(-0.087598684,0.005904882228719,0.00501));
#14887=CARTESIAN_POINT('',(-0.087598684,0.0143573146005938,0.01101));
#14888=CARTESIAN_POINT('',(-0.087598684,0.0101310984146564,0.00501));
#14889=CARTESIAN_POINT('',(-0.092598684,0.00590488222871907,0.00701));
#14890=CARTESIAN_POINT('',(-0.0885271379018728,0.00300272572521592,0.00701));
#14891=CARTESIAN_POINT('',(-0.0885271379018728,0.00300272572521592,0.01101));
#14892=CARTESIAN_POINT('',(-0.0885271379018728,0.00300272572521592,0.00501));
#14893=CARTESIAN_POINT('',(-0.092598684,0.00590488222871907,0.01101));
#14894=CARTESIAN_POINT('',(-0.092598684,0.00590488222871907,0.00501));
#14895=CARTESIAN_POINT('',(-0.090348684,0.000447209198303452,0.00701));
#14896=CARTESIAN_POINT('',(-0.0921702300981272,-0.00210830732860902,0.00701));
#14897=CARTESIAN_POINT('',(-0.0921702300981272,-0.00210830732860902,0.01101));
#14898=CARTESIAN_POINT('',(-0.0921702300981272,-0.00210830732860902,0.00501));
#14899=CARTESIAN_POINT('',(-0.0885271379018728,0.00300272572521591,0.01101));
#14900=CARTESIAN_POINT('',(-0.090348684,0.000447209198303452,0.00501));
#14901=CARTESIAN_POINT('',(-0.088098684,-0.0050104638321121,0.00701));
#14902=CARTESIAN_POINT('',(-0.093098684,-0.0050104638321121,0.00701));
#14903=CARTESIAN_POINT('',(-0.093098684,-0.0050104638321121,0.01101));
#14904=CARTESIAN_POINT('',(-0.093098684,-0.0050104638321121,0.00501));
#14905=CARTESIAN_POINT('',(-0.088098684,-0.0050104638321121,0.01101));
#14906=CARTESIAN_POINT('',(-0.088098684,-0.0050104638321121,0.00501));
#14907=CARTESIAN_POINT('',(-0.093098684,-0.0231219275731331,0.00701));
#14908=CARTESIAN_POINT('',(-0.093098684,-0.0412333913141541,0.00701));
#14909=CARTESIAN_POINT('',(-0.093098684,-0.0412333913141541,0.01101));
#14910=CARTESIAN_POINT('',(-0.093098684,-0.0412333913141541,0.00501));
#14911=CARTESIAN_POINT('',(-0.093098684,-0.0050104638321121,0.01101));
#14912=CARTESIAN_POINT('',(-0.093098684,-0.0231219275731331,0.00501));
#14913=CARTESIAN_POINT('',(-0.088098684,-0.0412333913141541,0.00701));
#14914=CARTESIAN_POINT('',(-0.0880661236710405,-0.0462332852955278,0.00701));
#14915=CARTESIAN_POINT('',(-0.0880661236710405,-0.0462332852955278,0.01101));
#14916=CARTESIAN_POINT('',(-0.0880661236710405,-0.0462332852955278,0.00501));
#14917=CARTESIAN_POINT('',(-0.088098684,-0.0412333913141541,0.01101));
#14918=CARTESIAN_POINT('',(-0.088098684,-0.0412333913141541,0.00501));
#14919=CARTESIAN_POINT('',(-0.0608787664302923,-0.046056235682357,0.00701));
#14920=CARTESIAN_POINT('',(-0.033691409189544,-0.0458791860691862,0.00701));
#14921=CARTESIAN_POINT('',(-0.033691409189544,-0.0458791860691862,0.01101));
#14922=CARTESIAN_POINT('',(-0.033691409189544,-0.0458791860691862,0.00501));
#14923=CARTESIAN_POINT('',(-0.0608787664302923,-0.046056235682357,0.01101));
#14924=CARTESIAN_POINT('',(-0.0608787664302923,-0.046056235682357,0.00501));
#14925=CARTESIAN_POINT('',(-0.0336588488605846,-0.05087908005056,0.00701));
#14926=CARTESIAN_POINT('',(-0.0307470868358851,-0.0468143977860382,0.00701));
#14927=CARTESIAN_POINT('',(-0.0307470868358851,-0.0468143977860382,0.01101));
#14928=CARTESIAN_POINT('',(-0.0307470868358851,-0.0468143977860382,0.00501));
#14929=CARTESIAN_POINT('',(-0.0336588488605846,-0.05087908005056,0.01101));
#14930=CARTESIAN_POINT('',(-0.0336588488605846,-0.05087908005056,0.00501));
#14931=CARTESIAN_POINT('',(-0.0245265169016644,-0.0512705442023391,0.00701));
#14932=CARTESIAN_POINT('',(-0.0183059469674436,-0.05572669061864,0.00701));
#14933=CARTESIAN_POINT('',(-0.0183059469674436,-0.05572669061864,0.01101));
#14934=CARTESIAN_POINT('',(-0.0183059469674436,-0.05572669061864,0.00501));
#14935=CARTESIAN_POINT('',(-0.0307470868358851,-0.0468143977860381,0.01101));
#14936=CARTESIAN_POINT('',(-0.0245265169016644,-0.0512705442023391,0.00501));
#14937=CARTESIAN_POINT('',(-0.0153941849427442,-0.0516620083541182,0.00701));
#14938=CARTESIAN_POINT('',(-0.0160697415929434,-0.0566161604725307,0.00701));
#14939=CARTESIAN_POINT('',(-0.0160697415929434,-0.0566161604725307,0.01101));
#14940=CARTESIAN_POINT('',(-0.0160697415929434,-0.0566161604725307,0.00501));
#14941=CARTESIAN_POINT('',(-0.0153941849427442,-0.0516620083541182,0.01101));
#14942=CARTESIAN_POINT('',(-0.0153941849427442,-0.0516620083541182,0.00501));
#14943=CARTESIAN_POINT('',(0.0291052546326018,-0.0627763001681741,0.00701));
#14944=CARTESIAN_POINT('',(0.074280250858147,-0.0689364398638176,0.00701));
#14945=CARTESIAN_POINT('',(0.074280250858147,-0.0689364398638176,0.01101));
#14946=CARTESIAN_POINT('',(0.074280250858147,-0.0689364398638176,0.00501));
#14947=CARTESIAN_POINT('',(0.0291052546326018,-0.0627763001681741,0.01101));
#14948=CARTESIAN_POINT('',(0.0291052546326018,-0.0627763001681741,0.00501));
#14949=CARTESIAN_POINT('',(0.0749558075083462,-0.063982287745405,0.00701));
#14950=CARTESIAN_POINT('',(0.0795857204398774,-0.0658701188412502,0.00701));
#14951=CARTESIAN_POINT('',(0.0795857204398774,-0.0658701188412502,0.01101));
#14952=CARTESIAN_POINT('',(0.0795857204398774,-0.0658701188412502,0.00501));
#14953=CARTESIAN_POINT('',(0.0749558075083462,-0.063982287745405,0.01101));
#14954=CARTESIAN_POINT('',(0.0749558075083462,-0.063982287745405,0.00501));
#14955=CARTESIAN_POINT('',(0.0839566799721503,-0.0551503239897888,0.00701));
#14956=CARTESIAN_POINT('',(0.0883276395044233,-0.0444305291383274,0.00701));
#14957=CARTESIAN_POINT('',(0.0883276395044233,-0.0444305291383274,0.01101));
#14958=CARTESIAN_POINT('',(0.0883276395044233,-0.0444305291383274,0.00501));
#14959=CARTESIAN_POINT('',(0.0839566799721503,-0.0551503239897888,0.01101));
#14960=CARTESIAN_POINT('',(0.0839566799721503,-0.0551503239897888,0.00501));
#14961=CARTESIAN_POINT('',(0.0836977265728813,-0.0425426980424784,0.00701));
#14962=CARTESIAN_POINT('',(0.0884929659617803,-0.043958918083032,0.00701));
#14963=CARTESIAN_POINT('',(0.0884929659617803,-0.043958918083032,0.01101));
#14964=CARTESIAN_POINT('',(0.0884929659617803,-0.043958918083032,0.00501));
#14965=CARTESIAN_POINT('',(0.0836977265728813,-0.0425426980424784,0.01101));
#14966=CARTESIAN_POINT('',(0.0836977265728813,-0.0425426980424784,0.00501));
#14967=CARTESIAN_POINT('',(0.0905947606753343,-0.0368423623860246,0.00701));
#14968=CARTESIAN_POINT('',(0.0926965553888882,-0.0297258066890172,0.00701));
#14969=CARTESIAN_POINT('',(0.0926965553888882,-0.0297258066890172,0.01101));
#14970=CARTESIAN_POINT('',(0.0926965553888882,-0.0297258066890172,0.00501));
#14971=CARTESIAN_POINT('',(0.0905947606753343,-0.0368423623860246,0.01101));
#14972=CARTESIAN_POINT('',(0.0905947606753343,-0.0368423623860246,0.00501));
#14973=CARTESIAN_POINT('',(0.0879013159999998,-0.0283095866484673,0.00701));
#14974=CARTESIAN_POINT('',(0.0879013159999998,-0.0283095866484673,0.01101));
#14975=CARTESIAN_POINT('',(0.0879013159999998,-0.0283095866484673,0.00501));
#14976=CARTESIAN_POINT('',(0.087901316,0.0532465788442098,0.00701));
#14977=CARTESIAN_POINT('',(0.0880294790209955,0.0582449359983204,0.00701));
#14978=CARTESIAN_POINT('',(0.0880294790209955,0.0582449359983204,0.01101));
#14979=CARTESIAN_POINT('',(0.087901316,0.0532465788442098,0.01101));
#14980=CARTESIAN_POINT('',(-0.0860986840000003,-0.00565030107090461,0.00701));
#14981=CARTESIAN_POINT('',(-0.0860986840000003,-0.00565030107090461,0.00501));
#14982=CARTESIAN_POINT('',(-0.0877273024392509,-0.0044894384695035,0.00501));
#14983=CARTESIAN_POINT('',(-0.088098684,-0.00565030107090474,0.00501));
#14984=CARTESIAN_POINT('',(-0.0877273024392509,-0.0044894384695035,0.00701));
#14985=CARTESIAN_POINT('',(-0.0877273024392509,-0.00448943846950349,0.00701));
#14986=CARTESIAN_POINT('',(-0.0860986840000003,-0.00565030107090461,0.00701));
#14987=CARTESIAN_POINT('',(-0.088098684,-0.00565030107090474,0.00701));
#14988=CARTESIAN_POINT('',(-0.088098684,-0.00565030107090474,0.00701));
#14989=CARTESIAN_POINT('',(-0.085348684,-0.00115238389867822,0.00701));
#14990=CARTESIAN_POINT('',(-0.085348684,-0.00115238389867822,0.00501));
#14991=CARTESIAN_POINT('',(-0.0829700655607491,0.00218467067214706,0.00501));
#14992=CARTESIAN_POINT('',(-0.0829700655607491,0.00218467067214706,0.00701));
#14993=CARTESIAN_POINT('',(-0.0829700655607491,0.00218467067214706,0.00701));
#14994=CARTESIAN_POINT('',(-0.085348684,-0.00115238389867822,0.00701));
#14995=CARTESIAN_POINT('',(-0.0845986839999998,0.00334553327354824,0.00701));
#14996=CARTESIAN_POINT('',(-0.0845986839999998,0.00334553327354824,0.00501));
#14997=CARTESIAN_POINT('',(-0.082598684,0.00334553327354831,0.00501));
#14998=CARTESIAN_POINT('',(-0.082598684,0.00334553327354831,0.00701));
#14999=CARTESIAN_POINT('',(-0.082598684,0.00334553327354824,0.00701));
#15000=CARTESIAN_POINT('',(-0.0845986839999998,0.00334553327354824,0.00701));
#15001=CARTESIAN_POINT('',(-0.082598684,0.00853761226650017,0.00701));
#15002=CARTESIAN_POINT('',(-0.082598684,0.00853761226650017,0.00501));
#15003=CARTESIAN_POINT('',(-0.082598684,0.013729691259452,0.00501));
#15004=CARTESIAN_POINT('',(-0.082598684,0.013729691259452,0.00701));
#15005=CARTESIAN_POINT('',(-0.082598684,0.013729691259452,0.00701));
#15006=CARTESIAN_POINT('',(-0.082598684,0.00853761226650017,0.00701));
#15007=CARTESIAN_POINT('',(-0.0805986839999999,0.013729691259452,0.00701));
#15008=CARTESIAN_POINT('',(-0.0805986839999999,0.013729691259452,0.00501));
#15009=CARTESIAN_POINT('',(-0.0822400867929875,0.0148724059531411,0.00501));
#15010=CARTESIAN_POINT('',(-0.0822400867929875,0.0148724059531411,0.00701));
#15011=CARTESIAN_POINT('',(-0.0822400867929875,0.0148724059531411,0.00701));
#15012=CARTESIAN_POINT('',(-0.0805986839999999,0.013729691259452,0.00701));
#15013=CARTESIAN_POINT('',(-0.0802978426498013,0.0176622580298634,0.00701));
#15014=CARTESIAN_POINT('',(-0.0802978426498013,0.0176622580298634,0.00501));
#15015=CARTESIAN_POINT('',(-0.0783555985066151,0.0204521101065859,0.00501));
#15016=CARTESIAN_POINT('',(-0.0783555985066151,0.0204521101065859,0.00701));
#15017=CARTESIAN_POINT('',(-0.0783555985066151,0.0204521101065859,0.00701));
#15018=CARTESIAN_POINT('',(-0.0802978426498013,0.0176622580298634,0.00701));
#15019=CARTESIAN_POINT('',(-0.0799970012996029,0.021594824800275,0.00701));
#15020=CARTESIAN_POINT('',(-0.0799970012996029,0.021594824800275,0.00501));
#15021=CARTESIAN_POINT('',(-0.0779971765451298,0.0215683493135388,0.00501));
#15022=CARTESIAN_POINT('',(-0.0779971765451298,0.0215683493135388,0.00701));
#15023=CARTESIAN_POINT('',(-0.0779971765451298,0.0215683493135388,0.00701));
#15024=CARTESIAN_POINT('',(-0.0799970012996029,0.021594824800275,0.00701));
#15025=CARTESIAN_POINT('',(-0.0777848116454179,0.0376093229001391,0.00701));
#15026=CARTESIAN_POINT('',(-0.0777848116454179,0.0376093229001391,0.00501));
#15027=CARTESIAN_POINT('',(-0.0775724467457059,0.0536502964867394,0.00501));
#15028=CARTESIAN_POINT('',(-0.0775724467457059,0.0536502964867394,0.00701));
#15029=CARTESIAN_POINT('',(-0.0775724467457059,0.0536502964867394,0.00701));
#15030=CARTESIAN_POINT('',(-0.0777848116454179,0.0376093229001391,0.00701));
#15031=CARTESIAN_POINT('',(-0.0755726219912331,0.0536238210000033,0.00701));
#15032=CARTESIAN_POINT('',(-0.0755726219912331,0.0536238210000033,0.00501));
#15033=CARTESIAN_POINT('',(-0.0755726219912331,0.0556238210000033,0.00501));
#15034=CARTESIAN_POINT('',(-0.0755726219912331,0.0556238210000033,0.00701));
#15035=CARTESIAN_POINT('',(-0.0755726219912331,0.0556238210000033,0.00701));
#15036=CARTESIAN_POINT('',(-0.0755726219912331,0.0536238210000033,0.00701));
#15037=CARTESIAN_POINT('',(-0.057455900489039,0.0556238210000033,0.00701));
#15038=CARTESIAN_POINT('',(-0.057455900489039,0.0556238210000033,0.00501));
#15039=CARTESIAN_POINT('',(-0.0393391789868449,0.0556238210000033,0.00501));
#15040=CARTESIAN_POINT('',(-0.0393391789868449,0.0556238210000033,0.00701));
#15041=CARTESIAN_POINT('',(-0.0393391789868449,0.0556238210000033,0.00701));
#15042=CARTESIAN_POINT('',(-0.057455900489039,0.0556238210000033,0.00701));
#15043=CARTESIAN_POINT('',(-0.0393391789868449,0.0576238210000033,0.00701));
#15044=CARTESIAN_POINT('',(-0.0393391789868449,0.0576238210000033,0.00501));
#15045=CARTESIAN_POINT('',(-0.0386130002448478,0.0557603123644796,0.00501));
#15046=CARTESIAN_POINT('',(-0.0386130002448478,0.0557603123644796,0.00701));
#15047=CARTESIAN_POINT('',(-0.0386130002448478,0.0557603123644796,0.00701));
#15048=CARTESIAN_POINT('',(-0.0393391789868449,0.0576238210000033,0.00701));
#15049=CARTESIAN_POINT('',(-0.0284085577279792,0.0597368161962414,0.00701));
#15050=CARTESIAN_POINT('',(-0.0284085577279792,0.0597368161962414,0.00501));
#15051=CARTESIAN_POINT('',(-0.0182041152111104,0.0637133200280032,0.00501));
#15052=CARTESIAN_POINT('',(-0.0182041152111104,0.0637133200280032,0.00701));
#15053=CARTESIAN_POINT('',(-0.0182041152111104,0.0637133200280032,0.00701));
#15054=CARTESIAN_POINT('',(-0.0284085577279792,0.0597368161962414,0.00701));
#15055=CARTESIAN_POINT('',(-0.0174779364691134,0.0618498113924798,0.00701));
#15056=CARTESIAN_POINT('',(-0.0174779364691134,0.0618498113924798,0.00501));
#15057=CARTESIAN_POINT('',(-0.0174344684898724,0.063849338970379,0.00501));
#15058=CARTESIAN_POINT('',(-0.0174344684898724,0.063849338970379,0.00701));
#15059=CARTESIAN_POINT('',(-0.0174344684898724,0.063849338970379,0.00701));
#15060=CARTESIAN_POINT('',(-0.0174779364691134,0.0618498113924798,0.00701));
#15061=CARTESIAN_POINT('',(0.0165256839123904,0.0631110749844473,0.00701));
#15062=CARTESIAN_POINT('',(0.0165256839123904,0.0631110749844473,0.00501));
#15063=CARTESIAN_POINT('',(0.0504858363146532,0.0623728109985155,0.00501));
#15064=CARTESIAN_POINT('',(0.0504858363146532,0.0623728109985155,0.00701));
#15065=CARTESIAN_POINT('',(0.0504858363146532,0.0623728109985155,0.00701));
#15066=CARTESIAN_POINT('',(0.0165256839123904,0.0631110749844473,0.00701));
#15067=CARTESIAN_POINT('',(0.0504423683354122,0.060373283420616,0.00701));
#15068=CARTESIAN_POINT('',(0.0504423683354122,0.060373283420616,0.00501));
#15069=CARTESIAN_POINT('',(0.0517178602920946,0.061913776935188,0.00501));
#15070=CARTESIAN_POINT('',(0.0517178602920946,0.061913776935188,0.00701));
#15071=CARTESIAN_POINT('',(0.0517178602920946,0.061913776935188,0.00701));
#15072=CARTESIAN_POINT('',(0.0504423683354122,0.060373283420616,0.00701));
#15073=CARTESIAN_POINT('',(0.0562745334009901,0.05814096007835,0.00701));
#15074=CARTESIAN_POINT('',(0.0562745334009901,0.05814096007835,0.00501));
#15075=CARTESIAN_POINT('',(0.0608312065098855,0.054368143221512,0.00501));
#15076=CARTESIAN_POINT('',(0.0608312065098855,0.054368143221512,0.00701));
#15077=CARTESIAN_POINT('',(0.0608312065098855,0.054368143221512,0.00701));
#15078=CARTESIAN_POINT('',(0.0562745334009901,0.05814096007835,0.00701));
#15079=CARTESIAN_POINT('',(0.0621066984665679,0.0559086367360841,0.00701));
#15080=CARTESIAN_POINT('',(0.0621066984665679,0.0559086367360841,0.00501));
#15081=CARTESIAN_POINT('',(0.0621066984665679,0.0559086367360841,0.00701));
#15082=CARTESIAN_POINT('',(0.085901316,0.0512972035479695,0.00701));
#15083=CARTESIAN_POINT('',(0.085901316,0.0512972035479695,0.00701));
#15084=CARTESIAN_POINT('',(0.0869013159999982,-0.0281650041646375,0.00701));
#15085=CARTESIAN_POINT('',(0.0869013159999982,-0.0281650041646375,0.00501));
#15086=CARTESIAN_POINT('',(0.0878603638777768,-0.0284482481727476,0.00501));
#15087=CARTESIAN_POINT('',(0.0878603638777768,-0.0284482481727476,0.00701));
#15088=CARTESIAN_POINT('',(0.0878603638777777,-0.0284482481727476,0.00701));
#15089=CARTESIAN_POINT('',(0.0869013159999982,-0.0281650041646375,0.00701));
#15090=CARTESIAN_POINT('',(0.0857932180472724,-0.0354474847498312,0.00701));
#15091=CARTESIAN_POINT('',(0.0857932180472724,-0.0354474847498312,0.00501));
#15092=CARTESIAN_POINT('',(0.0837260722167671,-0.0424467213269147,0.00501));
#15093=CARTESIAN_POINT('',(0.0837260722167671,-0.0424467213269147,0.00701));
#15094=CARTESIAN_POINT('',(0.0837260722167671,-0.0424467213269147,0.00701));
#15095=CARTESIAN_POINT('',(0.0857932180472724,-0.0354474847498312,0.00701));
#15096=CARTESIAN_POINT('',(0.0818079764612088,-0.0418802333106938,0.00701));
#15097=CARTESIAN_POINT('',(0.0818079764612088,-0.0418802333106938,0.00501));
#15098=CARTESIAN_POINT('',(0.0836599416338243,-0.0426353657490328,0.00501));
#15099=CARTESIAN_POINT('',(0.0836599416338243,-0.0426353657490328,0.00701));
#15100=CARTESIAN_POINT('',(0.0836599416338243,-0.0426353657490328,0.00701));
#15101=CARTESIAN_POINT('',(0.0818079764612088,-0.0418802333106938,0.00701));
#15102=CARTESIAN_POINT('',(0.0796006502222613,-0.0525907933509045,0.00701));
#15103=CARTESIAN_POINT('',(0.0796006502222613,-0.0525907933509045,0.00501));
#15104=CARTESIAN_POINT('',(0.0755413588106984,-0.0625462209527761,0.00501));
#15105=CARTESIAN_POINT('',(0.0755413588106984,-0.0625462209527761,0.00701));
#15106=CARTESIAN_POINT('',(0.0755413588106984,-0.0625462209527761,0.00701));
#15107=CARTESIAN_POINT('',(0.0796006502222613,-0.0525907933509045,0.00701));
#15108=CARTESIAN_POINT('',(0.0736893936380859,-0.0617910885144379,0.00701));
#15109=CARTESIAN_POINT('',(0.0736893936380859,-0.0617910885144379,0.00501));
#15110=CARTESIAN_POINT('',(0.0734191709780062,-0.0637727493618031,0.00501));
#15111=CARTESIAN_POINT('',(0.0734191709780062,-0.0637727493618031,0.00701));
#15112=CARTESIAN_POINT('',(0.0734191709780062,-0.0637727493618031,0.00701));
#15113=CARTESIAN_POINT('',(0.0736893936380859,-0.0617910885144379,0.00701));
#15114=CARTESIAN_POINT('',(0.0291353304168214,-0.0577341291756603,0.00701));
#15115=CARTESIAN_POINT('',(0.0291353304168214,-0.0577341291756603,0.00501));
#15116=CARTESIAN_POINT('',(-0.0151485101443634,-0.0516955089895176,0.00501));
#15117=CARTESIAN_POINT('',(-0.0151485101443634,-0.0516955089895176,0.00701));
#15118=CARTESIAN_POINT('',(-0.0151485101443634,-0.0516955089895176,0.00701));
#15119=CARTESIAN_POINT('',(0.0291353304168214,-0.0577341291756603,0.00701));
#15120=CARTESIAN_POINT('',(-0.0150133988143236,-0.0507046785658351,0.00701));
#15121=CARTESIAN_POINT('',(-0.0150133988143236,-0.0507046785658351,0.00501));
#15122=CARTESIAN_POINT('',(-0.0155957512192635,-0.0515176150187395,0.00501));
#15123=CARTESIAN_POINT('',(-0.0155957512192635,-0.0515176150187395,0.00701));
#15124=CARTESIAN_POINT('',(-0.0155957512192635,-0.0515176150187395,0.00701));
#15125=CARTESIAN_POINT('',(-0.0150133988143236,-0.0507046785658351,0.00701));
#15126=CARTESIAN_POINT('',(-0.0229037856590826,-0.0462824562111754,0.00701));
#15127=CARTESIAN_POINT('',(-0.0229037856590826,-0.0462824562111754,0.00501));
#15128=CARTESIAN_POINT('',(-0.0302118200989018,-0.0410472974036114,0.00501));
#15129=CARTESIAN_POINT('',(-0.0302118200989018,-0.0410472974036114,0.00701));
#15130=CARTESIAN_POINT('',(-0.0302118200989018,-0.0410472974036113,0.00701));
#15131=CARTESIAN_POINT('',(-0.0229037856590826,-0.0462824562111754,0.00701));
#15132=CARTESIAN_POINT('',(-0.0307941725038416,-0.0418602338565157,0.00701));
#15133=CARTESIAN_POINT('',(-0.0307941725038416,-0.0418602338565157,0.00501));
#15134=CARTESIAN_POINT('',(-0.0308006845696336,-0.0408602550602409,0.00501));
#15135=CARTESIAN_POINT('',(-0.0308006845696336,-0.0408602550602409,0.00701));
#15136=CARTESIAN_POINT('',(-0.0308006845696336,-0.040860255060241,0.00701));
#15137=CARTESIAN_POINT('',(-0.0307941725038416,-0.0418602338565157,0.00701));
#15138=CARTESIAN_POINT('',(-0.0584431722190248,-0.0410402685754225,0.00701));
#15139=CARTESIAN_POINT('',(-0.0584431722190248,-0.0410402685754225,0.00501));
#15140=CARTESIAN_POINT('',(-0.0860856598684162,-0.0412202820906041,0.00501));
#15141=CARTESIAN_POINT('',(-0.0860856598684162,-0.0412202820906041,0.00701));
#15142=CARTESIAN_POINT('',(-0.0860856598684162,-0.0412202820906041,0.00701));
#15143=CARTESIAN_POINT('',(-0.0584431722190248,-0.0410402685754225,0.00701));
#15144=CARTESIAN_POINT('',(-0.086098684,-0.0392203244980546,0.00701));
#15145=CARTESIAN_POINT('',(-0.086098684,-0.0392203244980546,0.00501));
#15146=CARTESIAN_POINT('',(-0.088098684,-0.0392203244980546,0.00501));
#15147=CARTESIAN_POINT('',(-0.088098684,-0.0392203244980546,0.00701));
#15148=CARTESIAN_POINT('',(-0.088098684,-0.0392203244980546,0.00701));
#15149=CARTESIAN_POINT('',(-0.086098684,-0.0392203244980546,0.00701));
#15150=CARTESIAN_POINT('',(-0.088098684,-0.0224353127844797,0.00701));
#15151=CARTESIAN_POINT('',(-0.088098684,-0.0224353127844797,0.00501));
#15152=CARTESIAN_POINT('',(-0.088098684,-0.0224353127844797,0.00701));
#15153=CARTESIAN_POINT('',(0.076489454118571,0.0585408341120919,0.00701));
#15154=CARTESIAN_POINT('',(0.0665954951425775,0.058794525401624,0.00551));
#15155=CARTESIAN_POINT('',(0.0655958237117554,0.0588201580058231,0.00551));
#15156=CARTESIAN_POINT('',(0.0665954951425765,0.058794525401624,0.00651));
#15157=CARTESIAN_POINT('',(0.0655958237117554,0.0588201580058231,0.00526));
#15158=CARTESIAN_POINT('',(0.0655958237117554,0.0588201580058231,0.00501));
#15159=CARTESIAN_POINT('',(0.076489454118571,0.0585408341120919,0.00501));
#15160=CARTESIAN_POINT('',(0.0880294790209955,0.0582449359983204,0.01101));
#15161=CARTESIAN_POINT('',(0.0755925380199767,0.0585638319638322,0.00526));
#15162=CARTESIAN_POINT('',(0.0755925380199767,0.0585638319638322,0.00551));
#15163=CARTESIAN_POINT('',(0.0745928665891546,0.0585894645680313,0.00551));
#15164=CARTESIAN_POINT('',(0.0745928665891546,0.0585894645680313,0.00651));
#15165=CARTESIAN_POINT('',(0.0705941808658661,0.0586919949848276,0.00651));
#15166=CARTESIAN_POINT('',(-9.8683999999738E-5,-6.21442459024235E-5,0.00501));
#15167=CARTESIAN_POINT('',(0.075940016235186,-0.0657817659482377,0.00501));
#15168=CARTESIAN_POINT('',(0.077690016235186,-0.0657817659482377,0.00501));
#15169=CARTESIAN_POINT('',(-0.0163815649038289,-0.0536972645715325,0.00501));
#15170=CARTESIAN_POINT('',(-0.0146315649038289,-0.0536972645715325,0.00501));
#15171=CARTESIAN_POINT('',(-0.0893600217698532,-0.0428916403897549,0.00501));
#15172=CARTESIAN_POINT('',(-0.0876100217698532,-0.0428916403897549,0.00501));
#15173=CARTESIAN_POINT('',(-0.078812234177829,0.0572738210000033,0.00501));
#15174=CARTESIAN_POINT('',(-0.077062234177829,0.0572738210000033,0.00501));
#15175=CARTESIAN_POINT('',(0.0167722453891246,0.0653567781546385,0.00501));
#15176=CARTESIAN_POINT('',(0.0185222453891246,0.0653567781546385,0.00501));
#15177=CARTESIAN_POINT('',(0.086901316,-0.025787329,0.00501));
#15178=CARTESIAN_POINT('',(0.0649550086067781,0.0338283722352697,0.00501));
#15179=CARTESIAN_POINT('',(0.0437908152365963,0.0483787726634879,0.01301));
#15180=CARTESIAN_POINT('',(0.0538670142617981,0.0476741761891473,0.01301));
#15181=CARTESIAN_POINT('',(0.0538670142617981,0.0476741761891473,0.01201));
#15182=CARTESIAN_POINT('',(0.0538670142617981,0.0476741761891473,0.00701));
#15183=CARTESIAN_POINT('',(0.0337146162113945,0.0490833691378286,0.01201));
#15184=CARTESIAN_POINT('',(0.0337146162113944,0.0490833691378286,0.01201));
#15185=CARTESIAN_POINT('',(0.0337146162113944,0.0490833691378286,0.01301));
#15186=CARTESIAN_POINT('',(0.0337146162113944,0.0490833691378286,0.00701));
#15187=CARTESIAN_POINT('',(0.0437908152365963,0.0483787726634879,0.00701));
#15188=CARTESIAN_POINT('',(0.0531970033314858,0.0380925734864017,0.01301));
#15189=CARTESIAN_POINT('',(0.0525269924011734,0.028510970783656,0.01301));
#15190=CARTESIAN_POINT('',(0.0525269924011734,0.028510970783656,0.01201));
#15191=CARTESIAN_POINT('',(0.0525269924011734,0.028510970783656,0.00701));
#15192=CARTESIAN_POINT('',(0.0538670142617981,0.0476741761891473,0.01201));
#15193=CARTESIAN_POINT('',(0.0531970033314858,0.0380925734864017,0.00701));
#15194=CARTESIAN_POINT('',(0.05279196031409,0.0284924424222385,0.01301));
#15195=CARTESIAN_POINT('',(0.0530569282270066,0.0284739140608208,0.01301));
#15196=CARTESIAN_POINT('',(0.0530569282270066,0.0284739140608208,0.01201));
#15197=CARTESIAN_POINT('',(0.0530569282270066,0.0284739140608208,0.00701));
#15198=CARTESIAN_POINT('',(0.0525269924011734,0.028510970783656,0.01201));
#15199=CARTESIAN_POINT('',(0.05279196031409,0.0284924424222385,0.00701));
#15200=CARTESIAN_POINT('',(0.05239061681413,0.0189452169222356,0.01301));
#15201=CARTESIAN_POINT('',(0.0517243054012535,0.00941651978365044,0.01301));
#15202=CARTESIAN_POINT('',(0.0517243054012535,0.00941651978365044,0.01201));
#15203=CARTESIAN_POINT('',(0.0517243054012535,0.00941651978365044,0.00701));
#15204=CARTESIAN_POINT('',(0.0530569282270066,0.0284739140608208,0.01201));
#15205=CARTESIAN_POINT('',(0.05239061681413,0.0189452169222356,0.00701));
#15206=CARTESIAN_POINT('',(0.0519939537694724,0.00939766413291512,0.01301));
#15207=CARTESIAN_POINT('',(0.0522636021376913,0.0093788084821798,0.01301));
#15208=CARTESIAN_POINT('',(0.0522636021376913,0.0093788084821798,0.01201));
#15209=CARTESIAN_POINT('',(0.0522636021376913,0.0093788084821798,0.00701));
#15210=CARTESIAN_POINT('',(0.0517243054012535,0.00941651978365044,0.01201));
#15211=CARTESIAN_POINT('',(0.0519939537694724,0.00939766413291512,0.00701));
#15212=CARTESIAN_POINT('',(0.0515988677694724,-0.000127335867084894,0.01301));
#15213=CARTESIAN_POINT('',(0.0509341334012535,-0.00963348021634958,0.01301));
#15214=CARTESIAN_POINT('',(0.0509341334012535,-0.00963348021634958,0.01201));
#15215=CARTESIAN_POINT('',(0.0509341334012535,-0.00963348021634958,0.00701));
#15216=CARTESIAN_POINT('',(0.0522636021376913,0.0093788084821798,0.01201));
#15217=CARTESIAN_POINT('',(0.0515988677694724,-0.000127335867084894,0.00701));
#15218=CARTESIAN_POINT('',(0.0512029553826718,-0.00965227808049049,0.01301));
#15219=CARTESIAN_POINT('',(0.05147177736409,-0.00967107594463141,0.01301));
#15220=CARTESIAN_POINT('',(0.05147177736409,-0.00967107594463141,0.01201));
#15221=CARTESIAN_POINT('',(0.05147177736409,-0.00967107594463141,0.00701));
#15222=CARTESIAN_POINT('',(0.0509341334012535,-0.00963348021634957,0.01201));
#15223=CARTESIAN_POINT('',(0.0512029553826718,-0.00965227808049049,0.00701));
#15224=CARTESIAN_POINT('',(0.0508018287766158,-0.0192517871032548,0.01301));
#15225=CARTESIAN_POINT('',(0.0501318801891417,-0.0288324982618781,0.01301));
#15226=CARTESIAN_POINT('',(0.0501318801891417,-0.0288324982618781,0.01201));
#15227=CARTESIAN_POINT('',(0.0501318801891417,-0.0288324982618781,0.00701));
#15228=CARTESIAN_POINT('',(0.05147177736409,-0.00967107594463141,0.01201));
#15229=CARTESIAN_POINT('',(0.0508018287766158,-0.0192517871032548,0.00701));
#15230=CARTESIAN_POINT('',(0.0405502774863961,-0.0281624873315658,0.01301));
#15231=CARTESIAN_POINT('',(0.0309686747836505,-0.0274924764012535,0.01301));
#15232=CARTESIAN_POINT('',(0.0309686747836505,-0.0274924764012535,0.01201));
#15233=CARTESIAN_POINT('',(0.0309686747836505,-0.0274924764012535,0.00701));
#15234=CARTESIAN_POINT('',(0.0501318801891417,-0.0288324982618781,0.01201));
#15235=CARTESIAN_POINT('',(0.0405502774863961,-0.0281624873315658,0.00701));
#15236=CARTESIAN_POINT('',(0.0310669649658427,-0.0260868613094108,0.01301));
#15237=CARTESIAN_POINT('',(0.031165255148035,-0.0246812462175681,0.01301));
#15238=CARTESIAN_POINT('',(0.031165255148035,-0.0246812462175681,0.01201));
#15239=CARTESIAN_POINT('',(0.031165255148035,-0.0246812462175681,0.00701));
#15240=CARTESIAN_POINT('',(0.0309686747836505,-0.0274924764012535,0.01201));
#15241=CARTESIAN_POINT('',(0.0310669649658427,-0.0260868613094108,0.00701));
#15242=CARTESIAN_POINT('',(0.021230152876911,-0.0241605695705885,0.01301));
#15243=CARTESIAN_POINT('',(0.011295050605787,-0.023639892923609,0.01301));
#15244=CARTESIAN_POINT('',(0.011295050605787,-0.023639892923609,0.01201));
#15245=CARTESIAN_POINT('',(0.011295050605787,-0.023639892923609,0.00701));
#15246=CARTESIAN_POINT('',(0.031165255148035,-0.0246812462175681,0.01201));
#15247=CARTESIAN_POINT('',(0.021230152876911,-0.0241605695705885,0.00701));
#15248=CARTESIAN_POINT('',(0.0114153629754809,-0.0213441961522548,0.01301));
#15249=CARTESIAN_POINT('',(0.0115356753451748,-0.0190484993809006,0.01301));
#15250=CARTESIAN_POINT('',(0.0115356753451748,-0.0190484993809006,0.01201));
#15251=CARTESIAN_POINT('',(0.0115356753451748,-0.0190484993809006,0.00701));
#15252=CARTESIAN_POINT('',(0.011295050605787,-0.023639892923609,0.01201));
#15253=CARTESIAN_POINT('',(0.0114153629754809,-0.0213441961522548,0.00701));
#15254=CARTESIAN_POINT('',(0.00161805717204562,-0.0187021685227695,0.01301));
#15255=CARTESIAN_POINT('',(-0.0082995610010836,-0.0183558376646385,0.01301));
#15256=CARTESIAN_POINT('',(-0.0082995610010836,-0.0183558376646385,0.01201));
#15257=CARTESIAN_POINT('',(-0.0082995610010836,-0.0183558376646385,0.00701));
#15258=CARTESIAN_POINT('',(0.0115356753451748,-0.0190484993809006,0.01201));
#15259=CARTESIAN_POINT('',(0.00161805717204562,-0.0187021685227695,0.00701));
#15260=CARTESIAN_POINT('',(-0.0083426898792621,-0.0208266894406627,0.01301));
#15261=CARTESIAN_POINT('',(-0.00838581875744063,-0.0232975412166868,0.01301));
#15262=CARTESIAN_POINT('',(-0.00838581875744063,-0.0232975412166868,0.01201));
#15263=CARTESIAN_POINT('',(-0.00838581875744063,-0.0232975412166868,0.00701));
#15264=CARTESIAN_POINT('',(-0.0082995610010836,-0.0183558376646385,0.01201));
#15265=CARTESIAN_POINT('',(-0.0083426898792621,-0.0208266894406627,0.00701));
#15266=CARTESIAN_POINT('',(-0.0181209623787203,-0.0231276136526919,0.01301));
#15267=CARTESIAN_POINT('',(-0.027856106,-0.0229576860886968,0.01301));
#15268=CARTESIAN_POINT('',(-0.027856106,-0.0229576860886968,0.01201));
#15269=CARTESIAN_POINT('',(-0.027856106,-0.0229576860886968,0.00701));
#15270=CARTESIAN_POINT('',(-0.00838581875744063,-0.0232975412166868,0.01201));
#15271=CARTESIAN_POINT('',(-0.0181209623787203,-0.0231276136526919,0.00701));
#15272=CARTESIAN_POINT('',(-0.027856106,-0.0253276230443484,0.01301));
#15273=CARTESIAN_POINT('',(-0.027856106,-0.02769756,0.01301));
#15274=CARTESIAN_POINT('',(-0.027856106,-0.02769756,0.01201));
#15275=CARTESIAN_POINT('',(-0.027856106,-0.02769756,0.00701));
#15276=CARTESIAN_POINT('',(-0.027856106,-0.0229576860886968,0.01201));
#15277=CARTESIAN_POINT('',(-0.027856106,-0.0253276230443484,0.00701));
#15278=CARTESIAN_POINT('',(-0.050557981,-0.02769756,0.01301));
#15279=CARTESIAN_POINT('',(-0.073259856,-0.02769756,0.01301));
#15280=CARTESIAN_POINT('',(-0.073259856,-0.02769756,0.01201));
#15281=CARTESIAN_POINT('',(-0.073259856,-0.02769756,0.00701));
#15282=CARTESIAN_POINT('',(-0.027856106,-0.02769756,0.01201));
#15283=CARTESIAN_POINT('',(-0.050557981,-0.02769756,0.00701));
#15284=CARTESIAN_POINT('',(-0.073259856,-0.01809256,0.01301));
#15285=CARTESIAN_POINT('',(-0.073259856,-0.00848756,0.01301));
#15286=CARTESIAN_POINT('',(-0.073259856,-0.00848756,0.01201));
#15287=CARTESIAN_POINT('',(-0.073259856,-0.00848756,0.00701));
#15288=CARTESIAN_POINT('',(-0.073259856,-0.02769756,0.01201));
#15289=CARTESIAN_POINT('',(-0.073259856,-0.01809256,0.00701));
#15290=CARTESIAN_POINT('',(-0.072069231,-0.00848756,0.01301));
#15291=CARTESIAN_POINT('',(-0.070878606,-0.00848756,0.01301));
#15292=CARTESIAN_POINT('',(-0.070878606,-0.00848756,0.01201));
#15293=CARTESIAN_POINT('',(-0.070878606,-0.00848756,0.00701));
#15294=CARTESIAN_POINT('',(-0.073259856,-0.00848756,0.01201));
#15295=CARTESIAN_POINT('',(-0.072069231,-0.00848756,0.00701));
#15296=CARTESIAN_POINT('',(-0.070878606,0.00103744,0.01301));
#15297=CARTESIAN_POINT('',(-0.070878606,0.01056244,0.01301));
#15298=CARTESIAN_POINT('',(-0.070878606,0.01056244,0.01201));
#15299=CARTESIAN_POINT('',(-0.070878606,0.01056244,0.00701));
#15300=CARTESIAN_POINT('',(-0.070878606,-0.00848756,0.01201));
#15301=CARTESIAN_POINT('',(-0.070878606,0.00103744,0.00701));
#15302=CARTESIAN_POINT('',(-0.069687981,0.01056244,0.01301));
#15303=CARTESIAN_POINT('',(-0.068497356,0.01056244,0.01301));
#15304=CARTESIAN_POINT('',(-0.068497356,0.01056244,0.01201));
#15305=CARTESIAN_POINT('',(-0.068497356,0.01056244,0.00701));
#15306=CARTESIAN_POINT('',(-0.070878606,0.01056244,0.01201));
#15307=CARTESIAN_POINT('',(-0.069687981,0.01056244,0.00701));
#15308=CARTESIAN_POINT('',(-0.068497356,0.02008744,0.01301));
#15309=CARTESIAN_POINT('',(-0.068497356,0.02961244,0.01301));
#15310=CARTESIAN_POINT('',(-0.068497356,0.02961244,0.01201));
#15311=CARTESIAN_POINT('',(-0.068497356,0.02961244,0.00701));
#15312=CARTESIAN_POINT('',(-0.068497356,0.01056244,0.01201));
#15313=CARTESIAN_POINT('',(-0.068497356,0.02008744,0.00701));
#15314=CARTESIAN_POINT('',(-0.067306731,0.02961244,0.01301));
#15315=CARTESIAN_POINT('',(-0.066116106,0.02961244,0.01301));
#15316=CARTESIAN_POINT('',(-0.066116106,0.02961244,0.01201));
#15317=CARTESIAN_POINT('',(-0.066116106,0.02961244,0.00701));
#15318=CARTESIAN_POINT('',(-0.068497356,0.02961244,0.01201));
#15319=CARTESIAN_POINT('',(-0.067306731,0.02961244,0.00701));
#15320=CARTESIAN_POINT('',(-0.066116106,0.03919244,0.01301));
#15321=CARTESIAN_POINT('',(-0.066116106,0.04877244,0.01301));
#15322=CARTESIAN_POINT('',(-0.066116106,0.04877244,0.01201));
#15323=CARTESIAN_POINT('',(-0.066116106,0.04877244,0.00701));
#15324=CARTESIAN_POINT('',(-0.066116106,0.02961244,0.01201));
#15325=CARTESIAN_POINT('',(-0.066116106,0.03919244,0.00701));
#15326=CARTESIAN_POINT('',(-0.0461733033649568,0.04877244,0.01301));
#15327=CARTESIAN_POINT('',(-0.0262305007299137,0.04877244,0.01301));
#15328=CARTESIAN_POINT('',(-0.0262305007299137,0.04877244,0.01201));
#15329=CARTESIAN_POINT('',(-0.0262305007299137,0.04877244,0.00701));
#15330=CARTESIAN_POINT('',(-0.066116106,0.04877244,0.01201));
#15331=CARTESIAN_POINT('',(-0.0461733033649568,0.04877244,0.00701));
#15332=CARTESIAN_POINT('',(-0.0261895324862365,0.0511195091083434,0.01301));
#15333=CARTESIAN_POINT('',(-0.0261485642425594,0.0534665782166868,0.01301));
#15334=CARTESIAN_POINT('',(-0.0261485642425594,0.0534665782166868,0.01201));
#15335=CARTESIAN_POINT('',(-0.0261485642425594,0.0534665782166868,0.00701));
#15336=CARTESIAN_POINT('',(-0.0262305007299137,0.04877244,0.01201));
#15337=CARTESIAN_POINT('',(-0.0261895324862365,0.0511195091083434,0.00701));
#15338=CARTESIAN_POINT('',(-0.0158067361924451,0.0532860609365956,0.01301));
#15339=CARTESIAN_POINT('',(-0.00546490814233084,0.0531055436565044,0.01301));
#15340=CARTESIAN_POINT('',(-0.00546490814233084,0.0531055436565044,0.01201));
#15341=CARTESIAN_POINT('',(-0.00546490814233084,0.0531055436565044,0.00701));
#15342=CARTESIAN_POINT('',(-0.0261485642425594,0.0534665782166868,0.01201));
#15343=CARTESIAN_POINT('',(-0.0158067361924451,0.0532860609365956,0.00701));
#15344=CARTESIAN_POINT('',(-0.0053784982011085,0.0555800006195089,0.01301));
#15345=CARTESIAN_POINT('',(-0.00529208825988617,0.0580544575825134,0.01301));
#15346=CARTESIAN_POINT('',(-0.00529208825988617,0.0580544575825134,0.01201));
#15347=CARTESIAN_POINT('',(-0.00529208825988617,0.0580544575825134,0.00701));
#15348=CARTESIAN_POINT('',(-0.00546490814233084,0.0531055436565044,0.01201));
#15349=CARTESIAN_POINT('',(-0.0053784982011085,0.0555800006195089,0.00701));
#15350=CARTESIAN_POINT('',(0.0042520941381462,0.0577211673890045,0.01301));
#15351=CARTESIAN_POINT('',(0.0137962765361786,0.0573878771954956,0.01301));
#15352=CARTESIAN_POINT('',(0.0137962765361786,0.0573878771954956,0.01201));
#15353=CARTESIAN_POINT('',(0.0137962765361786,0.0573878771954956,0.00701));
#15354=CARTESIAN_POINT('',(-0.00529208825988617,0.0580544575825134,0.01201));
#15355=CARTESIAN_POINT('',(0.0042520941381462,0.0577211673890045,0.00701));
#15356=CARTESIAN_POINT('',(0.0137159278468459,0.0550869917768156,0.01301));
#15357=CARTESIAN_POINT('',(0.0136355791575133,0.0527861063581357,0.01301));
#15358=CARTESIAN_POINT('',(0.0136355791575133,0.0527861063581357,0.01201));
#15359=CARTESIAN_POINT('',(0.0136355791575133,0.0527861063581357,0.00701));
#15360=CARTESIAN_POINT('',(0.0137962765361786,0.0573878771954956,0.01201));
#15361=CARTESIAN_POINT('',(0.0137159278468459,0.0550869917768156,0.00701));
#15362=CARTESIAN_POINT('',(0.0237443592758631,0.0522563276408724,0.01301));
#15363=CARTESIAN_POINT('',(0.033853139394213,0.0517265489236091,0.01301));
#15364=CARTESIAN_POINT('',(0.033853139394213,0.0517265489236091,0.01201));
#15365=CARTESIAN_POINT('',(0.033853139394213,0.0517265489236091,0.00701));
#15366=CARTESIAN_POINT('',(0.0136355791575133,0.0527861063581357,0.01201));
#15367=CARTESIAN_POINT('',(0.0237443592758631,0.0522563276408724,0.00701));
#15368=CARTESIAN_POINT('',(-0.00439116730572918,-0.0363013796626932,0.01301));
#15369=CARTESIAN_POINT('',(-0.00388560196842235,-0.026654618356964,0.01301));
#15370=CARTESIAN_POINT('',(-0.00388560196842235,-0.026654618356964,0.01201));
#15371=CARTESIAN_POINT('',(-0.00388560196842235,-0.026654618356964,0.00701));
#15372=CARTESIAN_POINT('',(-0.00439116730572918,-0.0363013796626932,0.01201));
#15373=CARTESIAN_POINT('',(-0.00489673264303604,-0.0459481409684224,0.01201));
#15374=CARTESIAN_POINT('',(-0.00489673264303604,-0.0459481409684224,0.01301));
#15375=CARTESIAN_POINT('',(-0.00489673264303604,-0.0459481409684224,0.00701));
#15376=CARTESIAN_POINT('',(-0.00439116730572918,-0.0363013796626932,0.00701));
#15377=CARTESIAN_POINT('',(0.00570623471289534,-0.0271573052166774,0.01301));
#15378=CARTESIAN_POINT('',(0.015298071394213,-0.027659992076391,0.01301));
#15379=CARTESIAN_POINT('',(0.015298071394213,-0.027659992076391,0.01201));
#15380=CARTESIAN_POINT('',(0.015298071394213,-0.027659992076391,0.00701));
#15381=CARTESIAN_POINT('',(0.00570623471289534,-0.0271573052166774,0.01201));
#15382=CARTESIAN_POINT('',(0.00570623471289534,-0.0271573052166774,0.00701));
#15383=CARTESIAN_POINT('',(0.0152634676280772,-0.0283202712679392,0.01301));
#15384=CARTESIAN_POINT('',(0.0152288638619414,-0.0289805504594875,0.01301));
#15385=CARTESIAN_POINT('',(0.0152288638619414,-0.0289805504594875,0.01201));
#15386=CARTESIAN_POINT('',(0.0152288638619414,-0.0289805504594875,0.00701));
#15387=CARTESIAN_POINT('',(0.0152634676280772,-0.0283202712679392,0.01201));
#15388=CARTESIAN_POINT('',(0.0152634676280772,-0.0283202712679392,0.00701));
#15389=CARTESIAN_POINT('',(0.0250966320391455,-0.029670572029117,0.01301));
#15390=CARTESIAN_POINT('',(0.0349644002163496,-0.0303605935987465,0.01301));
#15391=CARTESIAN_POINT('',(0.0349644002163496,-0.0303605935987465,0.01201));
#15392=CARTESIAN_POINT('',(0.0349644002163496,-0.0303605935987465,0.00701));
#15393=CARTESIAN_POINT('',(0.0250966320391455,-0.029670572029117,0.01201));
#15394=CARTESIAN_POINT('',(0.0250966320391455,-0.029670572029117,0.00701));
#15395=CARTESIAN_POINT('',(0.0349046533316034,-0.0312150138573804,0.01301));
#15396=CARTESIAN_POINT('',(0.0348449064468572,-0.0320694341160142,0.01301));
#15397=CARTESIAN_POINT('',(0.0348449064468572,-0.0320694341160142,0.01201));
#15398=CARTESIAN_POINT('',(0.0348449064468572,-0.0320694341160142,0.00701));
#15399=CARTESIAN_POINT('',(0.0349046533316034,-0.0312150138573804,0.01201));
#15400=CARTESIAN_POINT('',(0.0349046533316034,-0.0312150138573804,0.00701));
#15401=CARTESIAN_POINT('',(0.0449785310261628,-0.0333136867603391,0.01301));
#15402=CARTESIAN_POINT('',(0.0551121556054684,-0.034557939404664,0.01301));
#15403=CARTESIAN_POINT('',(0.0551121556054684,-0.034557939404664,0.01201));
#15404=CARTESIAN_POINT('',(0.0551121556054684,-0.034557939404664,0.00701));
#15405=CARTESIAN_POINT('',(0.0449785310261628,-0.0333136867603391,0.01201));
#15406=CARTESIAN_POINT('',(0.0449785310261628,-0.0333136867603391,0.00701));
#15407=CARTESIAN_POINT('',(0.0550488193765901,-0.03507377159409,0.01301));
#15408=CARTESIAN_POINT('',(0.0549854831477119,-0.0355896037835158,0.01301));
#15409=CARTESIAN_POINT('',(0.0549854831477119,-0.0355896037835158,0.01201));
#15410=CARTESIAN_POINT('',(0.0549854831477119,-0.0355896037835158,0.00701));
#15411=CARTESIAN_POINT('',(0.0550488193765901,-0.03507377159409,0.01201));
#15412=CARTESIAN_POINT('',(0.0550488193765901,-0.03507377159409,0.00701));
#15413=CARTESIAN_POINT('',(0.0651252947190362,-0.0373775261428403,0.01301));
#15414=CARTESIAN_POINT('',(0.0752651062903605,-0.0391654485021646,0.01301));
#15415=CARTESIAN_POINT('',(0.0752651062903605,-0.0391654485021646,0.01201));
#15416=CARTESIAN_POINT('',(0.0752651062903605,-0.0391654485021646,0.00701));
#15417=CARTESIAN_POINT('',(0.0651252947190362,-0.0373775261428403,0.01201));
#15418=CARTESIAN_POINT('',(0.0651252947190362,-0.0373775261428403,0.00701));
#15419=CARTESIAN_POINT('',(0.0735876648940979,-0.0486786913962625,0.01301));
#15420=CARTESIAN_POINT('',(0.0719102234978354,-0.0581919342903605,0.01301));
#15421=CARTESIAN_POINT('',(0.0719102234978354,-0.0581919342903605,0.01201));
#15422=CARTESIAN_POINT('',(0.0719102234978354,-0.0581919342903605,0.00701));
#15423=CARTESIAN_POINT('',(0.0735876648940979,-0.0486786913962625,0.01201));
#15424=CARTESIAN_POINT('',(0.0735876648940979,-0.0486786913962625,0.00701));
#15425=CARTESIAN_POINT('',(0.0624511450301531,-0.0565240435438696,0.01301));
#15426=CARTESIAN_POINT('',(0.0529920665624709,-0.0548561527973787,0.01301));
#15427=CARTESIAN_POINT('',(0.0529920665624709,-0.0548561527973787,0.01201));
#15428=CARTESIAN_POINT('',(0.0529920665624709,-0.0548561527973787,0.00701));
#15429=CARTESIAN_POINT('',(0.0624511450301531,-0.0565240435438696,0.01201));
#15430=CARTESIAN_POINT('',(0.0624511450301531,-0.0565240435438696,0.00701));
#15431=CARTESIAN_POINT('',(0.0530864249711651,-0.0543210196696231,0.01301));
#15432=CARTESIAN_POINT('',(0.0531807833798594,-0.0537858865418675,0.01301));
#15433=CARTESIAN_POINT('',(0.0531807833798594,-0.0537858865418675,0.01201));
#15434=CARTESIAN_POINT('',(0.0531807833798594,-0.0537858865418675,0.00701));
#15435=CARTESIAN_POINT('',(0.0530864249711651,-0.0543210196696231,0.01201));
#15436=CARTESIAN_POINT('',(0.0530864249711651,-0.0543210196696231,0.00701));
#15437=CARTESIAN_POINT('',(0.0434903958871955,-0.0525960565686017,0.01301));
#15438=CARTESIAN_POINT('',(0.0338000083945317,-0.051406226595336,0.01301));
#15439=CARTESIAN_POINT('',(0.0338000083945317,-0.051406226595336,0.01201));
#15440=CARTESIAN_POINT('',(0.0338000083945317,-0.051406226595336,0.00701));
#15441=CARTESIAN_POINT('',(0.0434903958871955,-0.0525960565686017,0.01201));
#15442=CARTESIAN_POINT('',(0.0434903958871955,-0.0525960565686017,0.00701));
#15443=CARTESIAN_POINT('',(0.0339071315496918,-0.0505337785092546,0.01301));
#15444=CARTESIAN_POINT('',(0.0340142547048518,-0.0496613304231733,0.01301));
#15445=CARTESIAN_POINT('',(0.0340142547048518,-0.0496613304231733,0.01201));
#15446=CARTESIAN_POINT('',(0.0340142547048518,-0.0496613304231733,0.00701));
#15447=CARTESIAN_POINT('',(0.0339071315496918,-0.0505337785092546,0.01201));
#15448=CARTESIAN_POINT('',(0.0339071315496918,-0.0505337785092546,0.00701));
#15449=CARTESIAN_POINT('',(0.0242887432442512,-0.0489812564122134,0.01301));
#15450=CARTESIAN_POINT('',(0.0145632317836504,-0.0483011824012535,0.01301));
#15451=CARTESIAN_POINT('',(0.0145632317836504,-0.0483011824012535,0.01201));
#15452=CARTESIAN_POINT('',(0.0145632317836504,-0.0483011824012535,0.00701));
#15453=CARTESIAN_POINT('',(0.0242887432442512,-0.0489812564122134,0.01201));
#15454=CARTESIAN_POINT('',(0.0242887432442512,-0.0489812564122134,0.00701));
#15455=CARTESIAN_POINT('',(0.0146096743752848,-0.0476370223981944,0.01301));
#15456=CARTESIAN_POINT('',(0.0146561169669191,-0.0469728623951354,0.01301));
#15457=CARTESIAN_POINT('',(0.0146561169669191,-0.0469728623951354,0.01201));
#15458=CARTESIAN_POINT('',(0.0146561169669191,-0.0469728623951354,0.00701));
#15459=CARTESIAN_POINT('',(0.0146096743752848,-0.0476370223981944,0.01201));
#15460=CARTESIAN_POINT('',(0.0146096743752848,-0.0476370223981944,0.00701));
#15461=CARTESIAN_POINT('',(0.079847365,-0.025787329,0.01301));
#15462=CARTESIAN_POINT('',(0.079847365,-0.025787329,0.01301));
#15463=CARTESIAN_POINT('',(0.066793414,-0.025787329,0.01301));
#15464=CARTESIAN_POINT('',(0.090901316,-0.025787329,0.01301));
#15465=CARTESIAN_POINT('',(0.0853743405,-0.025787329,0.0185369755));
#15466=CARTESIAN_POINT('',(0.079847365,-0.025787329,0.00701));
#15467=CARTESIAN_POINT('',(0.066793414,-0.025787329,0.00701));
#15468=CARTESIAN_POINT('',(0.066793414,-0.025787329,0.01301));
#15469=CARTESIAN_POINT('',(0.066793414,-0.016805829,0.01301));
#15470=CARTESIAN_POINT('',(0.066793414,-0.016805829,0.00701));
#15471=CARTESIAN_POINT('',(0.066793414,-0.007824329,0.00701));
#15472=CARTESIAN_POINT('',(0.066793414,-0.007824329,0.01301));
#15473=CARTESIAN_POINT('',(0.066793414,-0.007824329,0.01301));
#15474=CARTESIAN_POINT('',(0.066793414,-0.016805829,0.01301));
#15475=CARTESIAN_POINT('',(0.079847365,-0.007824329,0.01301));
#15476=CARTESIAN_POINT('',(0.0853743405,-0.007824329,0.0185369755));
#15477=CARTESIAN_POINT('',(0.090901316,-0.007824329,0.01301));
#15478=CARTESIAN_POINT('',(0.079847365,-0.007824329,0.01301));
#15479=CARTESIAN_POINT('',(0.079847365,-0.007824329,0.00701));
#15480=CARTESIAN_POINT('',(0.00487969216194153,-0.0464605016817789,0.01301));
#15481=CARTESIAN_POINT('',(0.00487969216194153,-0.0464605016817789,0.01201));
#15482=CARTESIAN_POINT('',(0.00487969216194153,-0.0464605016817789,0.00701));
#15483=CARTESIAN_POINT('',(0.0337838778028038,0.0504049590307188,0.01301));
#15484=CARTESIAN_POINT('',(0.033853139394213,0.0517265489236091,0.01201));
#15485=CARTESIAN_POINT('',(0.0337838778028038,0.0504049590307188,0.00701));
#15486=CARTESIAN_POINT('',(-9.86839999999739E-5,-6.21442459024374E-5,0.01301));
#15487=CARTESIAN_POINT('',(-0.00433959834542403,-0.0241135646716618,0.01301));
#15488=CARTESIAN_POINT('',(0.0560936789880135,-0.0347695819981842,0.01301));
#15489=CARTESIAN_POINT('',(0.0764235622210396,-0.0383542889268194,0.01301));
#15490=CARTESIAN_POINT('',(0.0806644765664637,-0.01430286850106,0.01301));
#15491=CARTESIAN_POINT('',(0.0727213830731806,-0.0593503902210396,0.01301));
#15492=CARTESIAN_POINT('',(-0.00804177749328299,-0.0451096659658821,0.01301));
#15493=CARTESIAN_POINT('',(0.0518336106317918,-0.055667312372724,0.01301));
#15494=CARTESIAN_POINT('',(0.0597767041250747,-0.0106197906527441,0.01301));
#15495=CARTESIAN_POINT('',(0.0520129886284305,-0.0546500092015474,0.01301));
#15496=CARTESIAN_POINT('',(-0.00592771418941884,-0.0475357854476521,0.01301));
#15497=CARTESIAN_POINT('',(0.0326855928994852,-0.0522769034035722,0.01301));
#15498=CARTESIAN_POINT('',(0.038514623088904,-0.00480326220182253,0.01301));
#15499=CARTESIAN_POINT('',(0.0328932850612491,-0.0505853864877919,0.01301));
#15500=CARTESIAN_POINT('',(-0.00345388435918798,-0.04804374480705,0.01301));
#15501=CARTESIAN_POINT('',(0.0134959112596465,-0.0492289899777692,0.01301));
#15502=CARTESIAN_POINT('',(0.0168511116188346,-0.00124738941662163,0.01301));
#15503=CARTESIAN_POINT('',(0.0135875682132696,-0.0479182344738989,0.01301));
#15504=CARTESIAN_POINT('',(-0.00256235842394504,-0.0470718526832584,0.01301));
#15505=CARTESIAN_POINT('',(-0.00594769813403354,-0.046894434546934,0.01301));
#15506=CARTESIAN_POINT('',(-0.00348402371008845,0.000115273890421995,0.01301));
#15507=CARTESIAN_POINT('',(-0.00483189554693397,-0.0256036528659665,0.01301));
#15508=CARTESIAN_POINT('',(-0.00144655583684548,-0.0257810710022909,0.01301));
#15509=CARTESIAN_POINT('',(0.0163490368852106,-0.0267136984978793,0.01301));
#15510=CARTESIAN_POINT('',(0.0176969087220561,-0.000994771741490845,0.01301));
#15511=CARTESIAN_POINT('',(0.0162789237976584,-0.0280515359050606,0.01301));
#15512=CARTESIAN_POINT('',(-0.00196667633896323,-0.0267756792555106,0.01301));
#15513=CARTESIAN_POINT('',(0.0360317207403535,-0.0294327860222308,0.01301));
#15514=CARTESIAN_POINT('',(0.0378997130793168,-0.00271925101262267,0.01301));
#15515=CARTESIAN_POINT('',(0.0359086669189991,-0.0311925376530332,0.01301));
#15516=CARTESIAN_POINT('',(-0.00332945978802111,-0.0263747014946591,0.01301));
#15517=CARTESIAN_POINT('',(0.0562265711005148,-0.0336872625964279,0.01301));
#15518=CARTESIAN_POINT('',(0.059457346888536,-0.00737470534767115,0.01301));
#15519=CARTESIAN_POINT('',(0.0519316974515133,-0.0097032366900937,0.01301));
#15520=CARTESIAN_POINT('',(0.0533309226616953,0.0103066160586955,0.01301));
#15521=CARTESIAN_POINT('',(0.0520014539252575,-0.00870567263983388,0.01301));
#15522=CARTESIAN_POINT('',(0.0515415338378341,-0.00867351189437158,0.01301));
#15523=CARTESIAN_POINT('',(0.0525390978880939,-0.00874326836811571,0.01301));
#15524=CARTESIAN_POINT('',(0.0511294442394015,-0.0289022547356223,0.01301));
#15525=CARTESIAN_POINT('',(0.0510596877656574,-0.0298998187858821,0.01301));
#15526=CARTESIAN_POINT('',(0.0308989183099064,-0.0284900404515133,0.01301));
#15527=CARTESIAN_POINT('',(0.0299013542596465,-0.0284202839777691,0.01301));
#15528=CARTESIAN_POINT('',(0.0301676910977751,-0.024611489743824,0.01301));
#15529=CARTESIAN_POINT('',(0.0300967063943854,-0.0256266182963316,0.01301));
#15530=CARTESIAN_POINT('',(0.011242714649544,-0.0246385224583637,0.01301));
#15531=CARTESIAN_POINT('',(0.0102440851147895,-0.0245861865021207,0.01301));
#15532=CARTESIAN_POINT('',(0.0105370458104203,-0.0189961634246576,0.01301));
#15533=CARTESIAN_POINT('',(0.0104837883544292,-0.0200123762220642,0.01301));
#15534=CARTESIAN_POINT('',(-0.0083344604977861,-0.0193552284916576,0.01301));
#15535=CARTESIAN_POINT('',(-0.00731747300374294,-0.019390742477513,0.01301));
#15536=CARTESIAN_POINT('',(-0.00738597106228422,-0.0233149936231241,0.01301));
#15537=CARTESIAN_POINT('',(-0.0074034234687215,-0.0243148413182805,0.01301));
#15538=CARTESIAN_POINT('',(-0.0278735584064373,-0.0239575337838532,0.01301));
#15539=CARTESIAN_POINT('',(-0.026856106,-0.023975293481669,0.01301));
#15540=CARTESIAN_POINT('',(-0.026856106,-0.02769756,0.01301));
#15541=CARTESIAN_POINT('',(-0.026856106,-0.02869756,0.01301));
#15542=CARTESIAN_POINT('',(-0.073259856,-0.02869756,0.01301));
#15543=CARTESIAN_POINT('',(-0.074259856,-0.02869756,0.01301));
#15544=CARTESIAN_POINT('',(-0.074259856,-0.00848756,0.01301));
#15545=CARTESIAN_POINT('',(-0.074259856,-0.00748756,0.01301));
#15546=CARTESIAN_POINT('',(-0.070878606,-0.00748756,0.01301));
#15547=CARTESIAN_POINT('',(-0.071878606,-0.00748756,0.01301));
#15548=CARTESIAN_POINT('',(-0.071878606,0.01056244,0.01301));
#15549=CARTESIAN_POINT('',(-0.071878606,0.01156244,0.01301));
#15550=CARTESIAN_POINT('',(-0.068497356,0.01156244,0.01301));
#15551=CARTESIAN_POINT('',(-0.069497356,0.01156244,0.01301));
#15552=CARTESIAN_POINT('',(-0.069497356,0.02961244,0.01301));
#15553=CARTESIAN_POINT('',(-0.069497356,0.03061244,0.01301));
#15554=CARTESIAN_POINT('',(-0.066116106,0.03061244,0.01301));
#15555=CARTESIAN_POINT('',(-0.067116106,0.03061244,0.01301));
#15556=CARTESIAN_POINT('',(-0.067116106,0.04877244,0.01301));
#15557=CARTESIAN_POINT('',(-0.067116106,0.04977244,0.01301));
#15558=CARTESIAN_POINT('',(-0.0262305007299137,0.04977244,0.01301));
#15559=CARTESIAN_POINT('',(-0.0272131979930294,0.04977244,0.01301));
#15560=CARTESIAN_POINT('',(-0.0271484119377157,0.0534840306231241,0.01301));
#15561=CARTESIAN_POINT('',(-0.0271309595312784,0.0544838783182805,0.01301));
#15562=CARTESIAN_POINT('',(-0.00544745573589355,0.0541053913516608,0.01301));
#15563=CARTESIAN_POINT('',(-0.00643000332945626,0.0541225417837015,0.01301));
#15564=CARTESIAN_POINT('',(-0.00629147908690526,0.0580893570792159,0.01301));
#15565=CARTESIAN_POINT('',(-0.00625657959020276,0.059088747906235,0.01301));
#15566=CARTESIAN_POINT('',(0.0138311760328811,0.0583872680225147,0.01301));
#15567=CARTESIAN_POINT('',(0.0148305668599002,0.0583523685258122,0.01301));
#15568=CARTESIAN_POINT('',(0.0146349699845323,0.0527512068614331,0.01301));
#15569=CARTESIAN_POINT('',(0.014669265624426,0.0537333054919277,0.01301));
#15570=CARTESIAN_POINT('',(0.033905475350456,0.0527251784583636,0.01301));
#15571=CARTESIAN_POINT('',(0.0349041048852105,0.0526728425021207,0.01301));
#15572=CARTESIAN_POINT('',(0.034713245746149,0.0490310331815857,0.01301));
#15573=CARTESIAN_POINT('',(0.0347646761471115,0.0500123836922555,0.01301));
#15574=CARTESIAN_POINT('',(0.0539367707355422,0.0486717402394071,0.01301));
#15575=CARTESIAN_POINT('',(0.054934334785802,0.0486019837656629,0.01301));
#15576=CARTESIAN_POINT('',(0.0535245564514332,0.0284412143099119,0.01301));
#15577=CARTESIAN_POINT('',(0.0535943129251774,0.0294387783601717,0.01301));
#15578=CARTESIAN_POINT('',(0.0531266847007507,0.0294714781110807,0.01301));
#15579=CARTESIAN_POINT('',(0.0541242487510105,0.0294017216373366,0.01301));
#15580=CARTESIAN_POINT('',(0.0527218694515133,0.00934676330990632,0.01301));
#15581=CARTESIAN_POINT('',(0.0527916259252575,0.0103443273601661,0.01301));
#15582=CARTESIAN_POINT('',(0.0523333586114355,0.0103763725324396,0.01301));
#15583=CARTESIAN_POINT('',(0.0879013159999998,-0.0283095866484673,0.01301));
#15584=CARTESIAN_POINT('',(0.0907784596333329,-0.0291593186727972,0.01301));
#15585=CARTESIAN_POINT('',(0.090901316,-0.0283095866484673,0.01301));
#15586=CARTESIAN_POINT('',(0.090901316,-6.21442459024374E-5,0.01301));
#15587=CARTESIAN_POINT('',(0.090901316,-6.21442459024374E-5,0.01301));
#15588=CARTESIAN_POINT('',(0.090901316,0.0532465788442097,0.01301));
#15589=CARTESIAN_POINT('',(0.087901316,0.0532465788442098,0.01301));
#15590=CARTESIAN_POINT('',(0.0879782138125973,0.0562455931366761,0.01301));
#15591=CARTESIAN_POINT('',(0.0648981640077484,0.0568373893642191,0.01301));
#15592=CARTESIAN_POINT('',(0.0648981640077484,0.0568373893642191,0.01301));
#15593=CARTESIAN_POINT('',(0.065077592237142,0.063835089379974,0.01301));
#15594=CARTESIAN_POINT('',(0.0606133703887537,0.0584433620789719,0.01301));
#15595=CARTESIAN_POINT('',(0.0530949644308869,0.0646684232269871,0.01301));
#15596=CARTESIAN_POINT('',(0.0530949644308868,0.0646684232269872,0.01301));
#15597=CARTESIAN_POINT('',(0.0511817264958634,0.0623576829551293,0.01301));
#15598=CARTESIAN_POINT('',(0.0512469284647247,0.0653569743219783,0.01301));
#15599=CARTESIAN_POINT('',(-0.0177676396553368,0.0668572906204494,0.01301));
#15600=CARTESIAN_POINT('',(-0.0177676396553368,0.0668572906204494,0.01301));
#15601=CARTESIAN_POINT('',(-0.0178328416241982,0.0638579992536003,0.01301));
#15602=CARTESIAN_POINT('',(-0.0189221097371939,0.0666532622068857,0.01301));
#15603=CARTESIAN_POINT('',(-0.0383012202595396,0.0591015407756703,0.01301));
#15604=CARTESIAN_POINT('',(-0.0383012202595396,0.0591015407756703,0.01301));
#15605=CARTESIAN_POINT('',(-0.0408428458565294,0.0656238210000032,0.01301));
#15606=CARTESIAN_POINT('',(-0.0408428458565294,0.0586238210000034,0.01301));
#15607=CARTESIAN_POINT('',(-0.0775463194453226,0.0586238210000033,0.01301));
#15608=CARTESIAN_POINT('',(-0.0775463194453226,0.0586238210000033,0.01301));
#15609=CARTESIAN_POINT('',(-0.0775463194453226,0.0556238210000034,0.01301));
#15610=CARTESIAN_POINT('',(-0.0805460565770317,0.0556635342301074,0.01301));
#15611=CARTESIAN_POINT('',(-0.0809644488270786,0.024060293577141,0.01301));
#15612=CARTESIAN_POINT('',(-0.0809644488270786,0.024060293577141,0.01301));
#15613=CARTESIAN_POINT('',(-0.087963835467733,0.024152957780717,0.01301));
#15614=CARTESIAN_POINT('',(-0.082218925692277,0.0201534563528056,0.01301));
#15615=CARTESIAN_POINT('',(-0.0850607881894813,0.0160713866411274,0.01301));
#15616=CARTESIAN_POINT('',(-0.0850607881894813,0.0160713866411274,0.01301));
#15617=CARTESIAN_POINT('',(-0.0825986840000002,0.014357314600594,0.01301));
#15618=CARTESIAN_POINT('',(-0.0855986839999999,0.0143573146005938,0.01301));
#15619=CARTESIAN_POINT('',(-0.085598684,0.005904882228719,0.01301));
#15620=CARTESIAN_POINT('',(-0.085598684,0.00590488222871897,0.01301));
#15621=CARTESIAN_POINT('',(-0.092598684,0.00590488222871907,0.01301));
#15622=CARTESIAN_POINT('',(-0.0868985194626219,0.00184186312381471,0.01301));
#15623=CARTESIAN_POINT('',(-0.0905416116588763,-0.00326916993001024,0.01301));
#15624=CARTESIAN_POINT('',(-0.0905416116588763,-0.00326916993001025,0.01301));
#15625=CARTESIAN_POINT('',(-0.088098684,-0.0050104638321121,0.01301));
#15626=CARTESIAN_POINT('',(-0.091098684,-0.0050104638321121,0.01301));
#15627=CARTESIAN_POINT('',(-0.091098684,-0.0412333913141541,0.01301));
#15628=CARTESIAN_POINT('',(-0.091098684,-0.0412333913141541,0.01301));
#15629=CARTESIAN_POINT('',(-0.088098684,-0.0412333913141541,0.01301));
#15630=CARTESIAN_POINT('',(-0.0880791478026243,-0.0442333277029783,0.01301));
#15631=CARTESIAN_POINT('',(0.000185224566013242,-0.0436585321152258,0.01301));
#15632=CARTESIAN_POINT('',(-0.0337044333211278,-0.0438792284766366,0.01301));
#15633=CARTESIAN_POINT('',(-0.0336588488605846,-0.05087908005056,0.01301));
#15634=CARTESIAN_POINT('',(-0.0295823820260054,-0.0451885248802294,0.01301));
#15635=CARTESIAN_POINT('',(-0.0171412421575638,-0.0541008177128312,0.01301));
#15636=CARTESIAN_POINT('',(-0.0171412421575638,-0.0541008177128313,0.01301));
#15637=CARTESIAN_POINT('',(-0.0153941849427442,-0.0516620083541182,0.01301));
#15638=CARTESIAN_POINT('',(-0.0157995189328637,-0.0546344996251657,0.01301));
#15639=CARTESIAN_POINT('',(-0.0076910369469786,-0.0557401860872802,0.01301));
#15640=CARTESIAN_POINT('',(0.0745504735182267,-0.0669547790164525,0.01301));
#15641=CARTESIAN_POINT('',(0.0749558075083462,-0.063982287745405,0.01301));
#15642=CARTESIAN_POINT('',(0.0777337552672649,-0.0651149864029121,0.01301));
#15643=CARTESIAN_POINT('',(0.089382012637788,-0.0365475909678649,0.01301));
#15644=CARTESIAN_POINT('',(0.0864756743318107,-0.0436753966999896,0.01301));
#15645=CARTESIAN_POINT('',(0.0836977265728813,-0.0425426980424784,0.01301));
#15646=CARTESIAN_POINT('',(0.086574870206225,-0.0433924300668121,0.01301));
#15647=CARTESIAN_POINT('',(0.0913917330380415,-0.0270828102897676,0.01301));
#15648=CARTESIAN_POINT('',(-9.86839999999739E-5,-6.21442459024374E-5,0.00701));
#15649=CARTESIAN_POINT('',(0.083951316,0.0493965626341352,0.00701));
#15650=CARTESIAN_POINT('',(0.082201316,0.0493965626341352,0.00701));
#15651=CARTESIAN_POINT('',(0.0778687283863542,-0.0461117430150714,0.00701));
#15652=CARTESIAN_POINT('',(0.0761187283863542,-0.0461117430150714,0.00701));
#15653=CARTESIAN_POINT('',(-0.00801999302470058,-0.0273945497503038,0.00701));
#15654=CARTESIAN_POINT('',(-0.00976999302470058,-0.0273945497503038,0.00701));
#15655=CARTESIAN_POINT('',(-0.081098684,-0.0338566504392242,0.00701));
#15656=CARTESIAN_POINT('',(-0.082848684,-0.0338566504392242,0.00701));
#15657=CARTESIAN_POINT('',(-0.0710144113050558,0.0486238210000033,0.00701));
#15658=CARTESIAN_POINT('',(-0.0727644113050558,0.0486238210000033,0.00701));
#15659=CARTESIAN_POINT('',(-0.032156106,0.052641925602384,0.00701));
#15660=CARTESIAN_POINT('',(-0.033906106,0.052641925602384,0.00701));
#15661=CARTESIAN_POINT('',(0.028596870691955,0.0555969450157419,0.00701));
#15662=CARTESIAN_POINT('',(0.026846870691955,0.0555969450157419,0.00701));
#15663=CARTESIAN_POINT('',(0.01149748595417,-0.000669873761389231,0.01201));
#15664=CARTESIAN_POINT('',(0.0102440851147895,-0.0245861865021207,0.01201));
#15665=CARTESIAN_POINT('',(0.0104837883544292,-0.0200123762220642,0.01201));
#15666=CARTESIAN_POINT('',(-0.000781623731126076,-0.019618979363395,0.01201));
#15667=CARTESIAN_POINT('',(-0.00731747300374294,-0.019390742477513,0.01201));
#15668=CARTESIAN_POINT('',(-0.00135208483938045,-0.0239784569866339,0.01201));
#15669=CARTESIAN_POINT('',(0.0300967063943854,-0.0256266182963316,0.01201));
#15670=CARTESIAN_POINT('',(-0.00697799508301094,5.79345757129295E-5,0.01201));
#15671=CARTESIAN_POINT('',(-0.00740342346872151,-0.0243148413182805,0.01201));
#15672=CARTESIAN_POINT('',(0.0317287202265713,-0.00228773315590404,0.01201));
#15673=CARTESIAN_POINT('',(0.0299013542596465,-0.0284202839777692,0.01201));
#15674=CARTESIAN_POINT('',(-0.000524112385710538,-0.0244349201398959,0.01201));
#15675=CARTESIAN_POINT('',(-0.026856106,-0.023975293481669,0.01201));
#15676=CARTESIAN_POINT('',(-0.00192604996692481,-0.0261946950677676,0.01201));
#15677=CARTESIAN_POINT('',(0.0510596877656574,-0.0298998187858821,0.01201));
#15678=CARTESIAN_POINT('',(-0.026856106,-6.21442459024178E-5,0.01201));
#15679=CARTESIAN_POINT('',(-0.026856106,-0.02869756,0.01201));
#15680=CARTESIAN_POINT('',(0.0528870537325822,-0.00376726796401696,0.01201));
#15681=CARTESIAN_POINT('',(0.0525390978880939,-0.00874326836811571,0.01201));
#15682=CARTESIAN_POINT('',(-9.86839999999739E-5,-0.02869756,0.01201));
#15683=CARTESIAN_POINT('',(-0.074259856,-0.02869756,0.01201));
#15684=CARTESIAN_POINT('',(-0.000446639844488225,-0.00503814465000128,0.01201));
#15685=CARTESIAN_POINT('',(0.0520014539252575,-0.00870567263983388,0.01201));
#15686=CARTESIAN_POINT('',(-0.074259856,-6.21442459024374E-5,0.01201));
#15687=CARTESIAN_POINT('',(-0.074259856,-0.00748756,0.01201));
#15688=CARTESIAN_POINT('',(0.0523494097697457,-0.00372967223573512,0.01201));
#15689=CARTESIAN_POINT('',(0.0533309226616953,0.0103066160586955,0.01201));
#15690=CARTESIAN_POINT('',(-9.86839999999739E-5,-0.00748756,0.01201));
#15691=CARTESIAN_POINT('',(-0.071878606,-0.00748756,0.01201));
#15692=CARTESIAN_POINT('',(0.000882828891949622,0.0139741440485283,0.01201));
#15693=CARTESIAN_POINT('',(0.0527916259252575,0.0103443273601661,0.01201));
#15694=CARTESIAN_POINT('',(-0.071878606,-6.21442459024374E-5,0.01201));
#15695=CARTESIAN_POINT('',(-0.071878606,0.01156244,0.01201));
#15696=CARTESIAN_POINT('',(0.0518101130333079,-0.00369196093426448,0.01201));
#15697=CARTESIAN_POINT('',(0.0541242487510105,0.0294017216373366,0.01201));
#15698=CARTESIAN_POINT('',(-9.86839999999739E-5,0.01156244,0.01201));
#15699=CARTESIAN_POINT('',(-0.069497356,0.01156244,0.01201));
#15700=CARTESIAN_POINT('',(0.0022154517177026,0.0330315383256986,0.01201));
#15701=CARTESIAN_POINT('',(0.0535943129251774,0.0294387783601717,0.01201));
#15702=CARTESIAN_POINT('',(-0.069497356,-6.21442459024374E-5,0.01201));
#15703=CARTESIAN_POINT('',(-0.069497356,0.03061244,0.01201));
#15704=CARTESIAN_POINT('',(0.0512801772074747,-0.00365490421142933,0.01201));
#15705=CARTESIAN_POINT('',(0.0549343347858021,0.0486019837656629,0.01201));
#15706=CARTESIAN_POINT('',(-9.86839999999739E-5,0.03061244,0.01201));
#15707=CARTESIAN_POINT('',(-0.067116106,0.03061244,0.01201));
#15708=CARTESIAN_POINT('',(0.00355547357832731,0.0521947437311898,0.01201));
#15709=CARTESIAN_POINT('',(0.0347646761471115,0.0500123836922555,0.01201));
#15710=CARTESIAN_POINT('',(-0.067116106,-6.21442459024374E-5,0.01201));
#15711=CARTESIAN_POINT('',(-0.067116106,0.04977244,0.01201));
#15712=CARTESIAN_POINT('',(0.0320520768526472,-0.00174709422444994,0.01201));
#15713=CARTESIAN_POINT('',(0.0349041048852105,0.0526728425021207,0.01201));
#15714=CARTESIAN_POINT('',(-9.86839999999566E-5,0.04977244,0.01201));
#15715=CARTESIAN_POINT('',(-0.0272131979930294,0.04977244,0.01201));
#15716=CARTESIAN_POINT('',(0.00275334403256329,0.0543577924806681,0.01201));
#15717=CARTESIAN_POINT('',(0.014669265624426,0.0537333054919277,0.01201));
#15718=CARTESIAN_POINT('',(-0.0280745402326521,0.000426176141061015,0.01201));
#15719=CARTESIAN_POINT('',(-0.0271309595312784,0.0544838783182805,0.01201));
#15720=CARTESIAN_POINT('',(0.0127749881943055,-0.000511702785112121,0.01201));
#15721=CARTESIAN_POINT('',(0.0148305668599002,0.0583523685258122,0.01201));
#15722=CARTESIAN_POINT('',(0.000844896701373689,0.053995557931317,0.01201));
#15723=CARTESIAN_POINT('',(-0.00643000332945626,0.0541225417837015,0.01201));
#15724=CARTESIAN_POINT('',(0.00195689466559471,0.0588019270650218,0.01201));
#15725=CARTESIAN_POINT('',(-0.00625657959020276,0.059088747906235,0.01201));
#15726=CARTESIAN_POINT('',(-0.00831215825579745,0.000224676595310684,0.01201));
#15727=CARTESIAN_POINT('',(0.0162620971628317,-0.0283726072241821,0.01201));
#15728=CARTESIAN_POINT('',(0.0162789237976584,-0.0280515359050606,0.01201));
#15729=CARTESIAN_POINT('',(0.0163490368852106,-0.0267136984978793,0.01201));
#15730=CARTESIAN_POINT('',(0.00575857066913828,-0.0261586756819229,0.01201));
#15731=CARTESIAN_POINT('',(-0.00483189554693397,-0.0256036528659665,0.01201));
#15732=CARTESIAN_POINT('',(0.0251663885128896,-0.0286730079788572,0.01201));
#15733=CARTESIAN_POINT('',(0.0360317207403535,-0.0294327860222308,0.01201));
#15734=CARTESIAN_POINT('',(-0.00538979684048375,-0.0362490437064502,0.01201));
#15735=CARTESIAN_POINT('',(-0.00594769813403354,-0.046894434546934,0.01201));
#15736=CARTESIAN_POINT('',(0.0359022173818632,-0.0312847703311245,0.01201));
#15737=CARTESIAN_POINT('',(0.0359086669189991,-0.0311925376530332,0.01201));
#15738=CARTESIAN_POINT('',(0.00482735620569858,-0.0474591312165334,0.01201));
#15739=CARTESIAN_POINT('',(0.0135875682132696,-0.0479182344738989,0.01201));
#15740=CARTESIAN_POINT('',(0.0451004003695679,-0.0323211406086978,0.01201));
#15741=CARTESIAN_POINT('',(0.0562265711005148,-0.0336872625964279,0.01201));
#15742=CARTESIAN_POINT('',(0.0136121103250249,-0.0475672659244503,0.01201));
#15743=CARTESIAN_POINT('',(0.0134959112596465,-0.0492289899777692,0.01201));
#15744=CARTESIAN_POINT('',(0.0560413655282314,-0.0351956409374951,0.01201));
#15745=CARTESIAN_POINT('',(0.0560936789880135,-0.0347695819981842,0.01201));
#15746=CARTESIAN_POINT('',(0.024218986770507,-0.0499788204624732,0.01201));
#15747=CARTESIAN_POINT('',(0.0328932850612491,-0.0505853864877919,0.01201));
#15748=CARTESIAN_POINT('',(0.0652989428967031,-0.036392718389828,0.01201));
#15749=CARTESIAN_POINT('',(0.0764235622210396,-0.0383542889268194,0.01201));
#15750=CARTESIAN_POINT('',(0.0329145853980504,-0.0504119091658495,0.01201));
#15751=CARTESIAN_POINT('',(0.0326855928994852,-0.0522769034035722,0.01201));
#15752=CARTESIAN_POINT('',(0.0745724726471101,-0.0488523395739295,0.01201));
#15753=CARTESIAN_POINT('',(0.0727213830731807,-0.0593503902210396,0.01201));
#15754=CARTESIAN_POINT('',(0.0433685265437904,-0.0535886027202431,0.01201));
#15755=CARTESIAN_POINT('',(0.0520129886284305,-0.0546500092015474,0.01201));
#15756=CARTESIAN_POINT('',(0.0622774968524862,-0.0575088512968818,0.01201));
#15757=CARTESIAN_POINT('',(0.0518336106317918,-0.055667312372724,0.01201));
#15758=CARTESIAN_POINT('',(0.0521016172181529,-0.0541473714919562,0.01201));
#15759=CARTESIAN_POINT('',(0.092901316,0.0124684960978712,0.01101));
#15760=CARTESIAN_POINT('',(0.090901316,0.0532465788442097,0.01301));
#15761=CARTESIAN_POINT('',(0.087901316,0.0532465788442098,0.01301));
#15762=CARTESIAN_POINT('',(0.0879782138125973,0.0562455931366761,0.01301));
#15763=CARTESIAN_POINT('',(0.00140202491642425,0.0584654957112813,0.01301));
#15764=CARTESIAN_POINT('',(0.0648981640077484,0.0568373893642191,0.01301));
#15765=CARTESIAN_POINT('',(0.065077592237142,0.063835089379974,0.01101));
#15766=CARTESIAN_POINT('',(0.0606133703887537,0.0584433620789719,0.01301));
#15767=CARTESIAN_POINT('',(0.0533332971629769,0.0644710893986266,0.01301));
#15768=CARTESIAN_POINT('',(0.0530949644308868,0.0646684232269872,0.01301));
#15769=CARTESIAN_POINT('',(0.0511817264958634,0.0623576829551293,0.01301));
#15770=CARTESIAN_POINT('',(0.0512469284647247,0.0653569743219783,0.01301));
#15771=CARTESIAN_POINT('',(0.00134705253193545,0.0664417539444981,0.01301));
#15772=CARTESIAN_POINT('',(-0.0177676396553368,0.0668572906204494,0.01301));
#15773=CARTESIAN_POINT('',(-0.0178328416241982,0.0638579992536003,0.01301));
#15774=CARTESIAN_POINT('',(-0.0189221097371939,0.0666532622068857,0.01301));
#15775=CARTESIAN_POINT('',(-0.0251507445686129,0.0642260654018825,0.01301));
#15776=CARTESIAN_POINT('',(-0.0383012202595396,0.0591015407756703,0.01301));
#15777=CARTESIAN_POINT('',(-0.0408428458565294,0.0656238210000032,0.01101));
#15778=CARTESIAN_POINT('',(-0.0408428458565294,0.0586238210000034,0.01301));
#15779=CARTESIAN_POINT('',(-9.8683999999985E-5,0.0586238210000034,0.01301));
#15780=CARTESIAN_POINT('',(-0.0775463194453226,0.0586238210000033,0.01301));
#15781=CARTESIAN_POINT('',(-0.0775463194453226,0.0556238210000034,0.01301));
#15782=CARTESIAN_POINT('',(-0.0805460565770317,0.0556635342301074,0.01301));
#15783=CARTESIAN_POINT('',(-0.0812695767453836,0.00101246936182791,0.01301));
#15784=CARTESIAN_POINT('',(-0.0809644488270786,0.024060293577141,0.01301));
#15785=CARTESIAN_POINT('',(-0.087963835467733,0.024152957780717,0.01101));
#15786=CARTESIAN_POINT('',(-0.082218925692277,0.0201534563528056,0.01301));
#15787=CARTESIAN_POINT('',(-0.0648902105659734,0.0450445350833821,0.01301));
#15788=CARTESIAN_POINT('',(-0.0850607881894813,0.0160713866411274,0.01301));
#15789=CARTESIAN_POINT('',(-0.0825986840000002,0.014357314600594,0.01301));
#15790=CARTESIAN_POINT('',(-0.0855986839999999,0.0143573146005938,0.01301));
#15791=CARTESIAN_POINT('',(-0.085598684,-6.21442459024374E-5,0.01301));
#15792=CARTESIAN_POINT('',(-0.085598684,0.00590488222871897,0.01301));
#15793=CARTESIAN_POINT('',(-0.092598684,0.00590488222871907,0.01101));
#15794=CARTESIAN_POINT('',(-0.0868985194626219,0.00184186312381471,0.01301));
#15795=CARTESIAN_POINT('',(-0.0585555420924672,0.0416053075767469,0.01301));
#15796=CARTESIAN_POINT('',(-0.0905416116588763,-0.00326916993001025,0.01301));
#15797=CARTESIAN_POINT('',(-0.088098684,-0.0050104638321121,0.01301));
#15798=CARTESIAN_POINT('',(-0.091098684,-0.0050104638321121,0.01301));
#15799=CARTESIAN_POINT('',(-0.091098684,-6.21442459024374E-5,0.01301));
#15800=CARTESIAN_POINT('',(-0.091098684,-0.0412333913141541,0.01301));
#15801=CARTESIAN_POINT('',(-0.088098684,-0.0412333913141541,0.01301));
#15802=CARTESIAN_POINT('',(-0.0880791478026243,-0.0442333277029783,0.01301));
#15803=CARTESIAN_POINT('',(-0.0608787664302923,-0.046056235682357,0.01101));
#15804=CARTESIAN_POINT('',(-0.0337044333211278,-0.0438792284766366,0.01301));
#15805=CARTESIAN_POINT('',(-0.0336588488605846,-0.05087908005056,0.01101));
#15806=CARTESIAN_POINT('',(-0.0295823820260054,-0.0451885248802294,0.01301));
#15807=CARTESIAN_POINT('',(-0.0314611459650219,-0.0438426599060463,0.01301));
#15808=CARTESIAN_POINT('',(-0.0171412421575638,-0.0541008177128313,0.01301));
#15809=CARTESIAN_POINT('',(-0.0153941849427442,-0.0516620083541182,0.01301));
#15810=CARTESIAN_POINT('',(-0.0157995189328637,-0.0546344996251657,0.01301));
#15811=CARTESIAN_POINT('',(0.0291052546326018,-0.0627763001681741,0.01101));
#15812=CARTESIAN_POINT('',(0.0745504735182267,-0.0669547790164525,0.01301));
#15813=CARTESIAN_POINT('',(0.0749558075083462,-0.063982287745405,0.01301));
#15814=CARTESIAN_POINT('',(0.0777337552672649,-0.0651149864029121,0.01301));
#15815=CARTESIAN_POINT('',(0.0839566799721503,-0.0551503239897888,0.01101));
#15816=CARTESIAN_POINT('',(0.0864756743318107,-0.0436753966999896,0.01301));
#15817=CARTESIAN_POINT('',(0.0836977265728813,-0.0425426980424784,0.01301));
#15818=CARTESIAN_POINT('',(0.086574870206225,-0.0433924300668121,0.01301));
#15819=CARTESIAN_POINT('',(0.0905947606753343,-0.0368423623860246,0.01101));
#15820=CARTESIAN_POINT('',(0.0907784596333329,-0.0291593186727972,0.01301));
#15821=CARTESIAN_POINT('',(0.0879013159999998,-0.0283095866484673,0.01301));
#15822=CARTESIAN_POINT('',(0.090901316,-0.0283095866484673,0.01301));
#15823=CARTESIAN_POINT('',(0.092901316,0.0124684960978712,0.01101));
#15824=CARTESIAN_POINT('',(0.0649550086067781,0.0338283722352698,0.00526));
#15825=CARTESIAN_POINT('',(0.0649550086067781,0.0338283722352698,0.00551));
#15826=CARTESIAN_POINT('',(0.0659546800376003,0.0338027396310707,0.00551));
#15827=CARTESIAN_POINT('',(0.0659546800376003,0.0338027396310707,0.00651));
#15828=CARTESIAN_POINT('',(0.0699533657608888,0.0337002092142743,0.00651));
#15829=CARTESIAN_POINT('',(0.0739520514841773,0.033597678797478,0.00651));
#15830=CARTESIAN_POINT('',(0.0739520514841773,0.033597678797478,0.00551));
#15831=CARTESIAN_POINT('',(0.0749517229149995,0.0335720461932789,0.00551));
#15832=CARTESIAN_POINT('',(0.0749517229149995,0.0335720461932789,0.00526));
#15833=CARTESIAN_POINT('',(0.0167722453891246,0.0653567781546385,0.01051));
#15834=CARTESIAN_POINT('',(0.0167722453891246,0.0653567781546385,0.01051));
#15835=CARTESIAN_POINT('',(0.0185222453891246,0.0653567781546385,0.01051));
#15836=CARTESIAN_POINT('',(-9.86839999999739E-5,-6.21442459024374E-5,0.01051));
#15837=CARTESIAN_POINT('',(-0.078812234177829,0.0572738210000033,0.01051));
#15838=CARTESIAN_POINT('',(-0.078812234177829,0.0572738210000033,0.01051));
#15839=CARTESIAN_POINT('',(-0.077062234177829,0.0572738210000033,0.01051));
#15840=CARTESIAN_POINT('',(-9.86839999999739E-5,-6.21442459024374E-5,0.01051));
#15841=CARTESIAN_POINT('',(-0.0893600217698532,-0.0428916403897549,0.01051));
#15842=CARTESIAN_POINT('',(-0.0893600217698532,-0.0428916403897549,0.01051));
#15843=CARTESIAN_POINT('',(-0.0876100217698532,-0.0428916403897549,0.01051));
#15844=CARTESIAN_POINT('',(-9.86839999999739E-5,-6.21442459024374E-5,0.01051));
#15845=CARTESIAN_POINT('',(-0.0163815649038289,-0.0536972645715325,0.01051));
#15846=CARTESIAN_POINT('',(-0.0163815649038289,-0.0536972645715325,0.01051));
#15847=CARTESIAN_POINT('',(-0.0146315649038289,-0.0536972645715325,0.01051));
#15848=CARTESIAN_POINT('',(-9.86839999999739E-5,-6.21442459024374E-5,0.01051));
#15849=CARTESIAN_POINT('',(0.075940016235186,-0.0657817659482377,0.01051));
#15850=CARTESIAN_POINT('',(0.075940016235186,-0.0657817659482377,0.01051));
#15851=CARTESIAN_POINT('',(0.077690016235186,-0.0657817659482377,0.01051));
#15852=CARTESIAN_POINT('',(-9.86839999999739E-5,-6.21442459024374E-5,0.01051));
#15853=CARTESIAN_POINT('',(0.0892053715123216,0.0548636838362665,0.01051));
#15854=CARTESIAN_POINT('',(0.0892053715123216,0.0548636838362665,0.01051));
#15855=CARTESIAN_POINT('',(0.0909553715123216,0.0548636838362665,0.01051));
#15856=CARTESIAN_POINT('',(-9.86839999999739E-5,-6.21442459024374E-5,0.01051));
#15857=CARTESIAN_POINT('',(0.028596870691955,0.0555969450157419,0.01201));
#15858=CARTESIAN_POINT('',(0.028596870691955,0.0555969450157419,0.01201));
#15859=CARTESIAN_POINT('',(0.026846870691955,0.0555969450157419,0.01201));
#15860=CARTESIAN_POINT('',(-9.86839999999878E-5,2.93614390207419E-5,0.01201));
#15861=CARTESIAN_POINT('',(-0.032156106,0.052641925602384,0.01201));
#15862=CARTESIAN_POINT('',(-0.032156106,0.052641925602384,0.01201));
#15863=CARTESIAN_POINT('',(-0.033906106,0.052641925602384,0.01201));
#15864=CARTESIAN_POINT('',(-9.86839999999878E-5,2.93614390207419E-5,0.01201));
#15865=CARTESIAN_POINT('',(-0.0710144113050558,0.0486238210000033,0.01201));
#15866=CARTESIAN_POINT('',(-0.0710144113050558,0.0486238210000033,0.01201));
#15867=CARTESIAN_POINT('',(-0.0727644113050558,0.0486238210000033,0.01201));
#15868=CARTESIAN_POINT('',(-9.86839999999878E-5,2.93614390207419E-5,0.01201));
#15869=CARTESIAN_POINT('',(-0.081098684,-0.0338566504392242,0.01201));
#15870=CARTESIAN_POINT('',(-0.081098684,-0.0338566504392242,0.01201));
#15871=CARTESIAN_POINT('',(-0.082848684,-0.0338566504392242,0.01201));
#15872=CARTESIAN_POINT('',(-9.86839999999878E-5,2.93614390207419E-5,0.01201));
#15873=CARTESIAN_POINT('',(-0.00801999302470058,-0.0273945497503038,0.01201));
#15874=CARTESIAN_POINT('',(-0.00801999302470058,-0.0273945497503038,0.01201));
#15875=CARTESIAN_POINT('',(-0.00976999302470058,-0.0273945497503038,0.01201));
#15876=CARTESIAN_POINT('',(-9.86839999999878E-5,2.93614390207419E-5,0.01201));
#15877=CARTESIAN_POINT('',(0.0778687283863542,-0.0461117430150714,0.01201));
#15878=CARTESIAN_POINT('',(0.0778687283863542,-0.0461117430150714,0.01201));
#15879=CARTESIAN_POINT('',(0.0761187283863542,-0.0461117430150714,0.01201));
#15880=CARTESIAN_POINT('',(-9.86839999999878E-5,2.93614390207419E-5,0.01201));
#15881=CARTESIAN_POINT('',(0.083951316,0.0493965626341352,0.01201));
#15882=CARTESIAN_POINT('',(0.083951316,0.0493965626341352,0.01201));
#15883=CARTESIAN_POINT('',(0.082201316,0.0493965626341352,0.01201));
#15884=CARTESIAN_POINT('',(-9.86839999999878E-5,2.93614390207419E-5,0.01201));
#15885=MECHANICAL_DESIGN_GEOMETRIC_PRESENTATION_REPRESENTATION('',(#9556),
#15888);
#15886=MECHANICAL_DESIGN_GEOMETRIC_PRESENTATION_REPRESENTATION('',(#9557),
#15889);
#15887=MECHANICAL_DESIGN_GEOMETRIC_PRESENTATION_REPRESENTATION('',(#9558),
#15890);
#15888=(
GEOMETRIC_REPRESENTATION_CONTEXT(3)
GLOBAL_UNCERTAINTY_ASSIGNED_CONTEXT((#15891))
GLOBAL_UNIT_ASSIGNED_CONTEXT((#15900,#15897,#15894))
REPRESENTATION_CONTEXT('Part 55','TOP_LEVEL_ASSEMBLY_PART')
);
#15889=(
GEOMETRIC_REPRESENTATION_CONTEXT(3)
GLOBAL_UNCERTAINTY_ASSIGNED_CONTEXT((#15892))
GLOBAL_UNIT_ASSIGNED_CONTEXT((#15901,#15898,#15895))
REPRESENTATION_CONTEXT('Part 56','TOP_LEVEL_ASSEMBLY_PART')
);
#15890=(
GEOMETRIC_REPRESENTATION_CONTEXT(3)
GLOBAL_UNCERTAINTY_ASSIGNED_CONTEXT((#15893))
GLOBAL_UNIT_ASSIGNED_CONTEXT((#15902,#15899,#15896))
REPRESENTATION_CONTEXT('Part 57','TOP_LEVEL_ASSEMBLY_PART')
);
#15891=UNCERTAINTY_MEASURE_WITH_UNIT(LENGTH_MEASURE(1.E-8),#15900,
'DISTANCE_ACCURACY_VALUE','Maximum Tolerance applied to model');
#15892=UNCERTAINTY_MEASURE_WITH_UNIT(LENGTH_MEASURE(1.E-8),#15901,
'DISTANCE_ACCURACY_VALUE','Maximum Tolerance applied to model');
#15893=UNCERTAINTY_MEASURE_WITH_UNIT(LENGTH_MEASURE(1.E-8),#15902,
'DISTANCE_ACCURACY_VALUE','Maximum Tolerance applied to model');
#15894=(
NAMED_UNIT(*)
SI_UNIT($,.STERADIAN.)
SOLID_ANGLE_UNIT()
);
#15895=(
NAMED_UNIT(*)
SI_UNIT($,.STERADIAN.)
SOLID_ANGLE_UNIT()
);
#15896=(
NAMED_UNIT(*)
SI_UNIT($,.STERADIAN.)
SOLID_ANGLE_UNIT()
);
#15897=(
NAMED_UNIT(*)
PLANE_ANGLE_UNIT()
SI_UNIT($,.RADIAN.)
);
#15898=(
NAMED_UNIT(*)
PLANE_ANGLE_UNIT()
SI_UNIT($,.RADIAN.)
);
#15899=(
NAMED_UNIT(*)
PLANE_ANGLE_UNIT()
SI_UNIT($,.RADIAN.)
);
#15900=(
LENGTH_UNIT()
NAMED_UNIT(*)
SI_UNIT($,.METRE.)
);
#15901=(
LENGTH_UNIT()
NAMED_UNIT(*)
SI_UNIT($,.METRE.)
);
#15902=(
LENGTH_UNIT()
NAMED_UNIT(*)
SI_UNIT($,.METRE.)
);
#15903=PRODUCT_DEFINITION_SHAPE('','',#15906);
#15904=PRODUCT_DEFINITION_SHAPE('','',#15907);
#15905=PRODUCT_DEFINITION_SHAPE('','',#15908);
#15906=PRODUCT_DEFINITION('','',#15912,#15909);
#15907=PRODUCT_DEFINITION('','',#15913,#15910);
#15908=PRODUCT_DEFINITION('','',#15914,#15911);
#15909=PRODUCT_DEFINITION_CONTEXT('',#15930,'design');
#15910=PRODUCT_DEFINITION_CONTEXT('',#15931,'design');
#15911=PRODUCT_DEFINITION_CONTEXT('',#15932,'design');
#15912=PRODUCT_DEFINITION_FORMATION_WITH_SPECIFIED_SOURCE('','',#15918,
 .NOT_KNOWN.);
#15913=PRODUCT_DEFINITION_FORMATION_WITH_SPECIFIED_SOURCE('','',#15919,
 .NOT_KNOWN.);
#15914=PRODUCT_DEFINITION_FORMATION_WITH_SPECIFIED_SOURCE('','',#15920,
 .NOT_KNOWN.);
#15915=PRODUCT_RELATED_PRODUCT_CATEGORY('','',(#15918));
#15916=PRODUCT_RELATED_PRODUCT_CATEGORY('','',(#15919));
#15917=PRODUCT_RELATED_PRODUCT_CATEGORY('','',(#15920));
#15918=PRODUCT('Part 55','Part 55','Part 55',(#15924));
#15919=PRODUCT('Part 56','Part 56','Part 56',(#15925));
#15920=PRODUCT('Part 57','Part 57','Part 57',(#15926));
#15921=PRODUCT_CATEGORY('','');
#15922=PRODUCT_CATEGORY('','');
#15923=PRODUCT_CATEGORY('','');
#15924=PRODUCT_CONTEXT('',#15930,'mechanical');
#15925=PRODUCT_CONTEXT('',#15931,'mechanical');
#15926=PRODUCT_CONTEXT('',#15932,'mechanical');
#15927=APPLICATION_PROTOCOL_DEFINITION('international standard',
'ap242_managed_model_based_3d_engineering',2020,#15930);
#15928=APPLICATION_PROTOCOL_DEFINITION('international standard',
'ap242_managed_model_based_3d_engineering',2020,#15931);
#15929=APPLICATION_PROTOCOL_DEFINITION('international standard',
'ap242_managed_model_based_3d_engineering',2020,#15932);
#15930=APPLICATION_CONTEXT('managed model based 3d engineering');
#15931=APPLICATION_CONTEXT('managed model based 3d engineering');
#15932=APPLICATION_CONTEXT('managed model based 3d engineering');
ENDSEC;
END-ISO-10303-21;
