ISO-10303-21;
HEADER;
/* Generated by software containing ST-Developer
 * from STEP Tools, Inc. (www.steptools.com) 
 */
/* OPTION: using custom renumber hook */

FILE_DESCRIPTION(
/* description */ ('STEP AP242 Edition 2',
'CAx-IF Rec.Pracs.---Representation and Presentation of Product Manufa
cturing Information (PMI)---4.0---2014-10-13',
'CAx-IF Rec.Pracs.---3D Tessellated Geometry---0.4---2014-09-14','2;1',
'CAx-IF Rec.Pracs.---User Defined Attributes---1.5---2016-08-15'),
/* implementation_level */ '2;1');

FILE_NAME(
/* name */ 'Part Studio 1',
/* time_stamp */ '2026-09-21T13:52:00Z',
/* author */ (''),
/* organization */ (''),
/* preprocessor_version */ 'ST-DEVELOPER v20',
/* originating_system */ 'ONSHAPE BY PTC INC, 1.221',
/* authorisation */ '  ');

FILE_SCHEMA (('AP242_MANAGED_MODEL_BASED_3D_ENGINEERING_MIM_LF { 1 0 10303 442 3 1 4 }'));
ENDSEC;

DATA;
#10=CONICAL_SURFACE('',#10193,0.00299999999999956,0.785398163397448);
#11=CONICAL_SURFACE('',#10195,0.0029999999998577,0.785398163397448);
#12=CONICAL_SURFACE('',#10197,0.003,0.785398163397448);
#13=CONICAL_SURFACE('',#10199,0.00300000000000007,0.785398163397448);
#14=CONICAL_SURFACE('',#10201,0.00500000000000012,0.785398163397448);
#15=CONICAL_SURFACE('',#10203,0.003,0.785398163397446);
#16=CONICAL_SURFACE('',#10205,0.003,0.785398163397447);
#17=CONICAL_SURFACE('',#10207,0.005,0.785398163397448);
#18=CONICAL_SURFACE('',#10209,0.003,0.785398163397446);
#19=CONICAL_SURFACE('',#10211,0.00500000000000014,0.785398163397448);
#20=CONICAL_SURFACE('',#10213,0.00300000000000005,0.785398163397448);
#21=CONICAL_SURFACE('',#10215,0.00500000000000018,0.785398163397448);
#22=CONICAL_SURFACE('',#10217,0.00300000000000032,0.785398163397448);
#23=CONICAL_SURFACE('',#10219,0.00299999999999979,0.785398163397446);
#24=CONICAL_SURFACE('',#10221,0.005,0.785398163397447);
#25=CONICAL_SURFACE('',#10223,0.003,0.785398163397448);
#26=ELLIPSE('',#10027,0.00100015232804391,0.001);
#27=ELLIPSE('',#10087,0.00142671819439983,0.001);
#28=ELLIPSE('',#10089,0.00141421356237309,0.001);
#29=ELLIPSE('',#10091,0.00141421356237309,0.001);
#30=ELLIPSE('',#10093,0.00141421356237309,0.001);
#31=ELLIPSE('',#10095,0.00141421356237309,0.001);
#32=ELLIPSE('',#10097,0.00141421356237309,0.001);
#33=ELLIPSE('',#10099,0.00141421356237309,0.001);
#34=ELLIPSE('',#10101,0.00141421356237309,0.001);
#35=ELLIPSE('',#10103,0.00141421356237309,0.001);
#36=ELLIPSE('',#10105,0.00141421356237309,0.001);
#37=ELLIPSE('',#10107,0.00140203206487408,0.001);
#38=ELLIPSE('',#10109,0.00141421356237309,0.001);
#39=ELLIPSE('',#10111,0.00140203206487408,0.001);
#40=ELLIPSE('',#10113,0.00141421356237309,0.001);
#41=ELLIPSE('',#10115,0.00141421356237321,0.001);
#42=ELLIPSE('',#10117,0.00140203206487419,0.001);
#43=ELLIPSE('',#10119,0.00141421356237309,0.001);
#44=ELLIPSE('',#10121,0.00140203206487408,0.001);
#45=ELLIPSE('',#10123,0.00141421356237309,0.001);
#46=ELLIPSE('',#10125,0.00141421356237309,0.001);
#47=ELLIPSE('',#10127,0.00141421356237309,0.001);
#48=ELLIPSE('',#10129,0.00141421356237309,0.001);
#49=ELLIPSE('',#10131,0.00141421356237309,0.001);
#50=ELLIPSE('',#10133,0.00141421356237309,0.001);
#51=ELLIPSE('',#10135,0.00141421356237309,0.001);
#52=ELLIPSE('',#10137,0.00141421356237309,0.001);
#53=ELLIPSE('',#10139,0.00141421356237309,0.001);
#54=ELLIPSE('',#10141,0.00142671819439983,0.001);
#55=ELLIPSE('',#10143,0.00141421356237309,0.001);
#56=ELLIPSE('',#10145,0.00142671819439983,0.001);
#57=ELLIPSE('',#10148,0.00141421356237309,0.001);
#58=ELLIPSE('',#10149,0.00141421356237309,0.001);
#59=ELLIPSE('',#10151,0.00141421356237309,0.001);
#60=ELLIPSE('',#10153,0.00145273967125468,0.001);
#61=ELLIPSE('',#10155,0.00137859847268172,0.001);
#62=ELLIPSE('',#10157,0.0014142135623731,0.001);
#63=ELLIPSE('',#10159,0.00141421356237309,0.001);
#64=ELLIPSE('',#10161,0.00143955653962573,0.001);
#65=ELLIPSE('',#10163,0.00139016359101668,0.001);
#66=ELLIPSE('',#10165,0.0014142135623731,0.001);
#67=ELLIPSE('',#10167,0.00141421356237309,0.001);
#68=ELLIPSE('',#10169,0.00141421356237309,0.001);
#69=TOROIDAL_SURFACE('',#9738,0.0055,0.0005);
#70=TOROIDAL_SURFACE('',#9745,0.0045,0.0005);
#71=TOROIDAL_SURFACE('',#9747,0.00449999999999978,0.0005);
#72=TOROIDAL_SURFACE('',#9753,0.00449999999999955,0.0005);
#73=TOROIDAL_SURFACE('',#9755,0.00450000000000032,0.0005);
#74=TOROIDAL_SURFACE('',#9761,0.0044999999998577,0.0005);
#75=TOROIDAL_SURFACE('',#9763,0.00550000000000018,0.0005);
#76=TOROIDAL_SURFACE('',#9769,0.0045,0.0005);
#77=TOROIDAL_SURFACE('',#9771,0.0045,0.0005);
#78=TOROIDAL_SURFACE('',#9777,0.00450000000000006,0.0005);
#79=TOROIDAL_SURFACE('',#9779,0.00550000000000014,0.0005);
#80=TOROIDAL_SURFACE('',#9785,0.00550000000000012,0.0005);
#81=TOROIDAL_SURFACE('',#9787,0.0045,0.0005);
#82=TOROIDAL_SURFACE('',#9793,0.0045,0.0005);
#83=TOROIDAL_SURFACE('',#9795,0.0055,0.0005);
#84=TOROIDAL_SURFACE('',#9801,0.0045,0.0005);
#85=SHAPE_REPRESENTATION_RELATIONSHIP('','',#9406,#88);
#86=SHAPE_REPRESENTATION_RELATIONSHIP('','',#9407,#89);
#87=SHAPE_REPRESENTATION_RELATIONSHIP('','',#9408,#90);
#88=ADVANCED_BREP_SHAPE_REPRESENTATION('',(#9400),#15595);
#89=ADVANCED_BREP_SHAPE_REPRESENTATION('',(#9401),#15596);
#90=ADVANCED_BREP_SHAPE_REPRESENTATION('',(#9402),#15597);
#91=CYLINDRICAL_SURFACE('',#9521,0.001);
#92=CYLINDRICAL_SURFACE('',#9524,0.00199999999999953);
#93=CYLINDRICAL_SURFACE('',#9527,0.00200000000000036);
#94=CYLINDRICAL_SURFACE('',#9530,0.002);
#95=CYLINDRICAL_SURFACE('',#9533,0.00199999999999994);
#96=CYLINDRICAL_SURFACE('',#9536,0.00199999999999984);
#97=CYLINDRICAL_SURFACE('',#9539,0.002);
#98=CYLINDRICAL_SURFACE('',#9542,0.00199999999999976);
#99=CYLINDRICAL_SURFACE('',#9545,0.00199999999999981);
#100=CYLINDRICAL_SURFACE('',#9548,0.00199999999999994);
#101=CYLINDRICAL_SURFACE('',#9551,0.00199999999999977);
#102=CYLINDRICAL_SURFACE('',#9554,0.002);
#103=CYLINDRICAL_SURFACE('',#9557,0.00199999999999975);
#104=CYLINDRICAL_SURFACE('',#9560,0.00199999999999993);
#105=CYLINDRICAL_SURFACE('',#9563,0.00200000000000005);
#106=CYLINDRICAL_SURFACE('',#9566,0.0019999999999998);
#107=CYLINDRICAL_SURFACE('',#9569,0.002);
#108=CYLINDRICAL_SURFACE('',#9572,0.00175);
#109=CYLINDRICAL_SURFACE('',#9574,0.00175);
#110=CYLINDRICAL_SURFACE('',#9576,0.00175);
#111=CYLINDRICAL_SURFACE('',#9578,0.00175);
#112=CYLINDRICAL_SURFACE('',#9580,0.00175);
#113=CYLINDRICAL_SURFACE('',#9582,0.00175);
#114=CYLINDRICAL_SURFACE('',#9611,0.001);
#115=CYLINDRICAL_SURFACE('',#9613,0.00175);
#116=CYLINDRICAL_SURFACE('',#9664,0.005);
#117=CYLINDRICAL_SURFACE('',#9667,0.005);
#118=CYLINDRICAL_SURFACE('',#9670,0.005);
#119=CYLINDRICAL_SURFACE('',#9673,0.005);
#120=CYLINDRICAL_SURFACE('',#9676,0.00500000000000014);
#121=CYLINDRICAL_SURFACE('',#9679,0.005);
#122=CYLINDRICAL_SURFACE('',#9682,0.00500000000000018);
#123=CYLINDRICAL_SURFACE('',#9685,0.00500000000000032);
#124=CYLINDRICAL_SURFACE('',#9688,0.00499999999999978);
#125=CYLINDRICAL_SURFACE('',#9691,0.005);
#126=CYLINDRICAL_SURFACE('',#9696,0.005);
#127=CYLINDRICAL_SURFACE('',#9701,0.00499999999999956);
#128=CYLINDRICAL_SURFACE('',#9704,0.00499999999985769);
#129=CYLINDRICAL_SURFACE('',#9707,0.005);
#130=CYLINDRICAL_SURFACE('',#9710,0.00500000000000006);
#131=CYLINDRICAL_SURFACE('',#9713,0.00500000000000012);
#132=CYLINDRICAL_SURFACE('',#9741,0.0005);
#133=CYLINDRICAL_SURFACE('',#9743,0.0005);
#134=CYLINDRICAL_SURFACE('',#9749,0.0005);
#135=CYLINDRICAL_SURFACE('',#9751,0.0005);
#136=CYLINDRICAL_SURFACE('',#9757,0.0005);
#137=CYLINDRICAL_SURFACE('',#9759,0.0005);
#138=CYLINDRICAL_SURFACE('',#9765,0.0005);
#139=CYLINDRICAL_SURFACE('',#9767,0.0005);
#140=CYLINDRICAL_SURFACE('',#9773,0.0005);
#141=CYLINDRICAL_SURFACE('',#9775,0.0005);
#142=CYLINDRICAL_SURFACE('',#9781,0.0005);
#143=CYLINDRICAL_SURFACE('',#9783,0.0005);
#144=CYLINDRICAL_SURFACE('',#9789,0.0005);
#145=CYLINDRICAL_SURFACE('',#9791,0.0005);
#146=CYLINDRICAL_SURFACE('',#9797,0.0005);
#147=CYLINDRICAL_SURFACE('',#9799,0.0005);
#148=CYLINDRICAL_SURFACE('',#9802,0.000999999999999782);
#149=CYLINDRICAL_SURFACE('',#9805,0.00099999999999989);
#150=CYLINDRICAL_SURFACE('',#9808,0.00099999999999989);
#151=CYLINDRICAL_SURFACE('',#9811,0.000999999999999847);
#152=CYLINDRICAL_SURFACE('',#9814,0.000999999999999926);
#153=CYLINDRICAL_SURFACE('',#9817,0.000999999999999722);
#154=CYLINDRICAL_SURFACE('',#9820,0.000999999999999886);
#155=CYLINDRICAL_SURFACE('',#9823,0.00100000000000274);
#156=CYLINDRICAL_SURFACE('',#9826,0.000999999999999627);
#157=CYLINDRICAL_SURFACE('',#9831,0.001);
#158=CYLINDRICAL_SURFACE('',#9833,0.000999999999999798);
#159=CYLINDRICAL_SURFACE('',#9836,0.001);
#160=CYLINDRICAL_SURFACE('',#9839,0.00099999999999968);
#161=CYLINDRICAL_SURFACE('',#9842,0.00100000000000017);
#162=CYLINDRICAL_SURFACE('',#9845,0.000999999999999889);
#163=CYLINDRICAL_SURFACE('',#9848,0.000999999999999916);
#164=CYLINDRICAL_SURFACE('',#9852,0.001);
#165=CYLINDRICAL_SURFACE('',#9854,0.001);
#166=CYLINDRICAL_SURFACE('',#9858,0.0005);
#167=CYLINDRICAL_SURFACE('',#9860,0.0005);
#168=CYLINDRICAL_SURFACE('',#9862,0.00175);
#169=CYLINDRICAL_SURFACE('',#9863,0.00175);
#170=CYLINDRICAL_SURFACE('',#9864,0.00175);
#171=CYLINDRICAL_SURFACE('',#9865,0.00175);
#172=CYLINDRICAL_SURFACE('',#9866,0.00175);
#173=CYLINDRICAL_SURFACE('',#9867,0.00175);
#174=CYLINDRICAL_SURFACE('',#9909,0.002);
#175=CYLINDRICAL_SURFACE('',#9912,0.00200000000000004);
#176=CYLINDRICAL_SURFACE('',#9915,0.00200000000000018);
#177=CYLINDRICAL_SURFACE('',#9918,0.00200000000000003);
#178=CYLINDRICAL_SURFACE('',#9921,0.002);
#179=CYLINDRICAL_SURFACE('',#9924,0.000999999999999896);
#180=CYLINDRICAL_SURFACE('',#9927,0.00100000000000012);
#181=CYLINDRICAL_SURFACE('',#9930,0.00199999999999994);
#182=CYLINDRICAL_SURFACE('',#9933,0.00200000000000538);
#183=CYLINDRICAL_SURFACE('',#9936,0.000999999999998914);
#184=CYLINDRICAL_SURFACE('',#9939,0.002);
#185=CYLINDRICAL_SURFACE('',#9945,0.00200000000000013);
#186=CYLINDRICAL_SURFACE('',#9948,0.00200000000000003);
#187=CYLINDRICAL_SURFACE('',#9951,0.00200000000000047);
#188=CYLINDRICAL_SURFACE('',#9954,0.00200000000000013);
#189=CYLINDRICAL_SURFACE('',#9957,0.00500000000000012);
#190=CYLINDRICAL_SURFACE('',#9960,0.005);
#191=CYLINDRICAL_SURFACE('',#9963,0.005);
#192=CYLINDRICAL_SURFACE('',#9966,0.005);
#193=CYLINDRICAL_SURFACE('',#9969,0.005);
#194=CYLINDRICAL_SURFACE('',#9972,0.00500000000000014);
#195=CYLINDRICAL_SURFACE('',#9975,0.005);
#196=CYLINDRICAL_SURFACE('',#9978,0.00500000000000018);
#197=CYLINDRICAL_SURFACE('',#9981,0.00500000000000032);
#198=CYLINDRICAL_SURFACE('',#9984,0.00499999999999978);
#199=CYLINDRICAL_SURFACE('',#9987,0.005);
#200=CYLINDRICAL_SURFACE('',#9992,0.005);
#201=CYLINDRICAL_SURFACE('',#9996,0.00499999999999956);
#202=CYLINDRICAL_SURFACE('',#9999,0.00499999999985769);
#203=CYLINDRICAL_SURFACE('',#10002,0.005);
#204=CYLINDRICAL_SURFACE('',#10005,0.00500000000000006);
#205=CYLINDRICAL_SURFACE('',#10008,0.002);
#206=CYLINDRICAL_SURFACE('',#10086,0.001);
#207=CYLINDRICAL_SURFACE('',#10088,0.001);
#208=CYLINDRICAL_SURFACE('',#10090,0.001);
#209=CYLINDRICAL_SURFACE('',#10092,0.001);
#210=CYLINDRICAL_SURFACE('',#10094,0.001);
#211=CYLINDRICAL_SURFACE('',#10096,0.001);
#212=CYLINDRICAL_SURFACE('',#10098,0.001);
#213=CYLINDRICAL_SURFACE('',#10100,0.001);
#214=CYLINDRICAL_SURFACE('',#10102,0.001);
#215=CYLINDRICAL_SURFACE('',#10104,0.001);
#216=CYLINDRICAL_SURFACE('',#10106,0.001);
#217=CYLINDRICAL_SURFACE('',#10108,0.001);
#218=CYLINDRICAL_SURFACE('',#10110,0.001);
#219=CYLINDRICAL_SURFACE('',#10112,0.001);
#220=CYLINDRICAL_SURFACE('',#10114,0.001);
#221=CYLINDRICAL_SURFACE('',#10116,0.001);
#222=CYLINDRICAL_SURFACE('',#10118,0.001);
#223=CYLINDRICAL_SURFACE('',#10120,0.001);
#224=CYLINDRICAL_SURFACE('',#10122,0.001);
#225=CYLINDRICAL_SURFACE('',#10124,0.001);
#226=CYLINDRICAL_SURFACE('',#10126,0.001);
#227=CYLINDRICAL_SURFACE('',#10128,0.001);
#228=CYLINDRICAL_SURFACE('',#10130,0.001);
#229=CYLINDRICAL_SURFACE('',#10132,0.001);
#230=CYLINDRICAL_SURFACE('',#10134,0.001);
#231=CYLINDRICAL_SURFACE('',#10136,0.001);
#232=CYLINDRICAL_SURFACE('',#10138,0.001);
#233=CYLINDRICAL_SURFACE('',#10140,0.001);
#234=CYLINDRICAL_SURFACE('',#10142,0.001);
#235=CYLINDRICAL_SURFACE('',#10144,0.001);
#236=CYLINDRICAL_SURFACE('',#10146,0.001);
#237=CYLINDRICAL_SURFACE('',#10147,0.001);
#238=CYLINDRICAL_SURFACE('',#10150,0.001);
#239=CYLINDRICAL_SURFACE('',#10152,0.001);
#240=CYLINDRICAL_SURFACE('',#10154,0.001);
#241=CYLINDRICAL_SURFACE('',#10156,0.001);
#242=CYLINDRICAL_SURFACE('',#10158,0.001);
#243=CYLINDRICAL_SURFACE('',#10160,0.001);
#244=CYLINDRICAL_SURFACE('',#10162,0.001);
#245=CYLINDRICAL_SURFACE('',#10164,0.001);
#246=CYLINDRICAL_SURFACE('',#10166,0.001);
#247=CYLINDRICAL_SURFACE('',#10168,0.001);
#248=CYLINDRICAL_SURFACE('',#10170,0.001);
#249=CYLINDRICAL_SURFACE('',#10171,0.00175);
#250=CYLINDRICAL_SURFACE('',#10174,0.00175);
#251=CYLINDRICAL_SURFACE('',#10177,0.00175);
#252=CYLINDRICAL_SURFACE('',#10180,0.00175);
#253=CYLINDRICAL_SURFACE('',#10183,0.00175);
#254=CYLINDRICAL_SURFACE('',#10186,0.00175);
#255=CYLINDRICAL_SURFACE('',#10189,0.00175);
#256=CYLINDRICAL_SURFACE('',#10225,0.001);
#257=CYLINDRICAL_SURFACE('',#10226,0.00100000000000001);
#258=CYLINDRICAL_SURFACE('',#10232,0.00175);
#259=CYLINDRICAL_SURFACE('',#10234,0.00175);
#260=CYLINDRICAL_SURFACE('',#10236,0.00175);
#261=CYLINDRICAL_SURFACE('',#10238,0.00175);
#262=CYLINDRICAL_SURFACE('',#10240,0.00175);
#263=CYLINDRICAL_SURFACE('',#10242,0.00175);
#264=CIRCLE('',#9412,0.00175);
#265=CIRCLE('',#9413,0.00175);
#266=CIRCLE('',#9414,0.00175);
#267=CIRCLE('',#9415,0.00175);
#268=CIRCLE('',#9416,0.00175);
#269=CIRCLE('',#9417,0.00175);
#270=CIRCLE('',#9418,0.00175);
#271=CIRCLE('',#9419,0.002);
#272=CIRCLE('',#9420,0.001);
#273=CIRCLE('',#9421,0.001);
#274=CIRCLE('',#9422,0.00199999999999953);
#275=CIRCLE('',#9423,0.00200000000000036);
#276=CIRCLE('',#9424,0.002);
#277=CIRCLE('',#9425,0.00199999999999994);
#278=CIRCLE('',#9426,0.00199999999999984);
#279=CIRCLE('',#9427,0.002);
#280=CIRCLE('',#9428,0.00199999999999976);
#281=CIRCLE('',#9429,0.00199999999999981);
#282=CIRCLE('',#9430,0.00199999999999994);
#283=CIRCLE('',#9431,0.00199999999999977);
#284=CIRCLE('',#9432,0.002);
#285=CIRCLE('',#9433,0.00199999999999975);
#286=CIRCLE('',#9434,0.00199999999999993);
#287=CIRCLE('',#9435,0.00200000000000005);
#288=CIRCLE('',#9436,0.0019999999999998);
#289=CIRCLE('',#9522,0.001);
#290=CIRCLE('',#9525,0.00199999999999953);
#291=CIRCLE('',#9528,0.00200000000000036);
#292=CIRCLE('',#9531,0.002);
#293=CIRCLE('',#9534,0.00199999999999994);
#294=CIRCLE('',#9537,0.00199999999999984);
#295=CIRCLE('',#9540,0.002);
#296=CIRCLE('',#9543,0.00199999999999976);
#297=CIRCLE('',#9546,0.00199999999999981);
#298=CIRCLE('',#9549,0.00199999999999994);
#299=CIRCLE('',#9552,0.00199999999999977);
#300=CIRCLE('',#9555,0.002);
#301=CIRCLE('',#9558,0.00199999999999975);
#302=CIRCLE('',#9561,0.00199999999999993);
#303=CIRCLE('',#9564,0.00200000000000005);
#304=CIRCLE('',#9567,0.0019999999999998);
#305=CIRCLE('',#9570,0.002);
#306=CIRCLE('',#9573,0.00175);
#307=CIRCLE('',#9575,0.00175);
#308=CIRCLE('',#9577,0.00175);
#309=CIRCLE('',#9579,0.00175);
#310=CIRCLE('',#9581,0.00175);
#311=CIRCLE('',#9583,0.00175);
#312=CIRCLE('',#9612,0.001);
#313=CIRCLE('',#9614,0.00175);
#314=CIRCLE('',#9621,0.00175);
#315=CIRCLE('',#9622,0.00175);
#316=CIRCLE('',#9623,0.00175);
#317=CIRCLE('',#9624,0.00175);
#318=CIRCLE('',#9625,0.00175);
#319=CIRCLE('',#9626,0.00499999999999956);
#320=CIRCLE('',#9627,0.00499999999985769);
#321=CIRCLE('',#9628,0.005);
#322=CIRCLE('',#9629,0.00500000000000006);
#323=CIRCLE('',#9630,0.00500000000000012);
#324=CIRCLE('',#9631,0.005);
#325=CIRCLE('',#9632,0.005);
#326=CIRCLE('',#9633,0.005);
#327=CIRCLE('',#9634,0.005);
#328=CIRCLE('',#9635,0.00500000000000014);
#329=CIRCLE('',#9636,0.005);
#330=CIRCLE('',#9637,0.00500000000000018);
#331=CIRCLE('',#9638,0.00500000000000032);
#332=CIRCLE('',#9639,0.00499999999999978);
#333=CIRCLE('',#9640,0.005);
#334=CIRCLE('',#9641,0.000999999999999798);
#335=CIRCLE('',#9642,0.001);
#336=CIRCLE('',#9643,0.00099999999999968);
#337=CIRCLE('',#9644,0.00100000000000017);
#338=CIRCLE('',#9645,0.000999999999999889);
#339=CIRCLE('',#9646,0.000999999999999916);
#340=CIRCLE('',#9647,0.000999999999999782);
#341=CIRCLE('',#9648,0.00099999999999989);
#342=CIRCLE('',#9649,0.00099999999999989);
#343=CIRCLE('',#9650,0.000999999999999847);
#344=CIRCLE('',#9651,0.000999999999999926);
#345=CIRCLE('',#9652,0.000999999999999722);
#346=CIRCLE('',#9653,0.000999999999999886);
#347=CIRCLE('',#9654,0.00100000000000274);
#348=CIRCLE('',#9655,0.000999999999999627);
#349=CIRCLE('',#9657,0.001);
#350=CIRCLE('',#9658,0.001);
#351=CIRCLE('',#9660,0.00175);
#352=CIRCLE('',#9661,0.001);
#353=CIRCLE('',#9662,0.005);
#354=CIRCLE('',#9665,0.005);
#355=CIRCLE('',#9668,0.005);
#356=CIRCLE('',#9671,0.005);
#357=CIRCLE('',#9674,0.005);
#358=CIRCLE('',#9677,0.00500000000000014);
#359=CIRCLE('',#9680,0.005);
#360=CIRCLE('',#9683,0.00500000000000018);
#361=CIRCLE('',#9686,0.00500000000000032);
#362=CIRCLE('',#9689,0.00499999999999978);
#363=CIRCLE('',#9692,0.005);
#364=CIRCLE('',#9694,0.001);
#365=CIRCLE('',#9695,0.001);
#366=CIRCLE('',#9697,0.005);
#367=CIRCLE('',#9699,0.0005);
#368=CIRCLE('',#9700,0.0005);
#369=CIRCLE('',#9702,0.00499999999999956);
#370=CIRCLE('',#9705,0.00499999999985769);
#371=CIRCLE('',#9708,0.005);
#372=CIRCLE('',#9711,0.00500000000000006);
#373=CIRCLE('',#9714,0.00500000000000012);
#374=CIRCLE('',#9716,0.00175);
#375=CIRCLE('',#9717,0.00175);
#376=CIRCLE('',#9718,0.00175);
#377=CIRCLE('',#9719,0.00175);
#378=CIRCLE('',#9720,0.00175);
#379=CIRCLE('',#9721,0.00175);
#380=CIRCLE('',#9722,0.0045);
#381=CIRCLE('',#9723,0.0045);
#382=CIRCLE('',#9724,0.00550000000000012);
#383=CIRCLE('',#9725,0.00450000000000006);
#384=CIRCLE('',#9726,0.0045);
#385=CIRCLE('',#9727,0.0044999999998577);
#386=CIRCLE('',#9728,0.00449999999999955);
#387=CIRCLE('',#9729,0.0045);
#388=CIRCLE('',#9730,0.0055);
#389=CIRCLE('',#9731,0.00449999999999978);
#390=CIRCLE('',#9732,0.00450000000000032);
#391=CIRCLE('',#9733,0.00550000000000018);
#392=CIRCLE('',#9734,0.0045);
#393=CIRCLE('',#9735,0.00550000000000014);
#394=CIRCLE('',#9736,0.0045);
#395=CIRCLE('',#9737,0.0055);
#396=CIRCLE('',#9739,0.0005);
#397=CIRCLE('',#9740,0.0005);
#398=CIRCLE('',#9742,0.0005);
#399=CIRCLE('',#9744,0.0005);
#400=CIRCLE('',#9746,0.0005);
#401=CIRCLE('',#9748,0.0005);
#402=CIRCLE('',#9750,0.0005);
#403=CIRCLE('',#9752,0.0005);
#404=CIRCLE('',#9754,0.0005);
#405=CIRCLE('',#9756,0.0005);
#406=CIRCLE('',#9758,0.0005);
#407=CIRCLE('',#9760,0.0005);
#408=CIRCLE('',#9762,0.0005);
#409=CIRCLE('',#9764,0.0005);
#410=CIRCLE('',#9766,0.0005);
#411=CIRCLE('',#9768,0.0005);
#412=CIRCLE('',#9770,0.0005);
#413=CIRCLE('',#9772,0.0005);
#414=CIRCLE('',#9774,0.0005);
#415=CIRCLE('',#9776,0.0005);
#416=CIRCLE('',#9778,0.0005);
#417=CIRCLE('',#9780,0.0005);
#418=CIRCLE('',#9782,0.0005);
#419=CIRCLE('',#9784,0.0005);
#420=CIRCLE('',#9786,0.0005);
#421=CIRCLE('',#9788,0.0005);
#422=CIRCLE('',#9790,0.0005);
#423=CIRCLE('',#9792,0.0005);
#424=CIRCLE('',#9794,0.0005);
#425=CIRCLE('',#9796,0.0005);
#426=CIRCLE('',#9798,0.0005);
#427=CIRCLE('',#9800,0.0005);
#428=CIRCLE('',#9803,0.000999999999999782);
#429=CIRCLE('',#9806,0.00099999999999989);
#430=CIRCLE('',#9809,0.00099999999999989);
#431=CIRCLE('',#9812,0.000999999999999847);
#432=CIRCLE('',#9815,0.000999999999999926);
#433=CIRCLE('',#9818,0.000999999999999722);
#434=CIRCLE('',#9821,0.000999999999999886);
#435=CIRCLE('',#9824,0.00100000000000274);
#436=CIRCLE('',#9827,0.000999999999999627);
#437=CIRCLE('',#9829,0.0005);
#438=CIRCLE('',#9830,0.0005);
#439=CIRCLE('',#9832,0.001);
#440=CIRCLE('',#9834,0.000999999999999798);
#441=CIRCLE('',#9837,0.001);
#442=CIRCLE('',#9840,0.00099999999999968);
#443=CIRCLE('',#9843,0.00100000000000017);
#444=CIRCLE('',#9846,0.000999999999999889);
#445=CIRCLE('',#9849,0.000999999999999916);
#446=CIRCLE('',#9873,0.00175);
#447=CIRCLE('',#9874,0.00175);
#448=CIRCLE('',#9875,0.00175);
#449=CIRCLE('',#9876,0.00175);
#450=CIRCLE('',#9877,0.00175);
#451=CIRCLE('',#9878,0.000999999999998914);
#452=CIRCLE('',#9879,0.00200000000000538);
#453=CIRCLE('',#9880,0.00199999999999994);
#454=CIRCLE('',#9881,0.00100000000000012);
#455=CIRCLE('',#9882,0.000999999999999896);
#456=CIRCLE('',#9883,0.002);
#457=CIRCLE('',#9884,0.00200000000000003);
#458=CIRCLE('',#9885,0.00200000000000018);
#459=CIRCLE('',#9886,0.00200000000000004);
#460=CIRCLE('',#9887,0.002);
#461=CIRCLE('',#9888,0.002);
#462=CIRCLE('',#9889,0.00200000000000013);
#463=CIRCLE('',#9890,0.00200000000000047);
#464=CIRCLE('',#9891,0.00200000000000003);
#465=CIRCLE('',#9892,0.00200000000000013);
#466=CIRCLE('',#9893,0.005);
#467=CIRCLE('',#9894,0.00499999999999978);
#468=CIRCLE('',#9895,0.00500000000000032);
#469=CIRCLE('',#9896,0.00500000000000018);
#470=CIRCLE('',#9897,0.005);
#471=CIRCLE('',#9898,0.00500000000000014);
#472=CIRCLE('',#9899,0.005);
#473=CIRCLE('',#9900,0.005);
#474=CIRCLE('',#9901,0.005);
#475=CIRCLE('',#9902,0.005);
#476=CIRCLE('',#9903,0.00500000000000012);
#477=CIRCLE('',#9904,0.00500000000000006);
#478=CIRCLE('',#9905,0.005);
#479=CIRCLE('',#9906,0.00499999999985769);
#480=CIRCLE('',#9907,0.00499999999999956);
#481=CIRCLE('',#9910,0.002);
#482=CIRCLE('',#9913,0.00200000000000004);
#483=CIRCLE('',#9916,0.00200000000000018);
#484=CIRCLE('',#9919,0.00200000000000003);
#485=CIRCLE('',#9922,0.002);
#486=CIRCLE('',#9925,0.000999999999999896);
#487=CIRCLE('',#9928,0.00100000000000012);
#488=CIRCLE('',#9931,0.00199999999999994);
#489=CIRCLE('',#9934,0.00200000000000538);
#490=CIRCLE('',#9937,0.000999999999998914);
#491=CIRCLE('',#9940,0.002);
#492=CIRCLE('',#9941,0.002);
#493=CIRCLE('',#9943,0.001);
#494=CIRCLE('',#9944,0.00100000000000001);
#495=CIRCLE('',#9946,0.00200000000000013);
#496=CIRCLE('',#9949,0.00200000000000003);
#497=CIRCLE('',#9952,0.00200000000000047);
#498=CIRCLE('',#9955,0.00200000000000013);
#499=CIRCLE('',#9958,0.00500000000000012);
#500=CIRCLE('',#9961,0.005);
#501=CIRCLE('',#9964,0.005);
#502=CIRCLE('',#9967,0.005);
#503=CIRCLE('',#9970,0.005);
#504=CIRCLE('',#9973,0.00500000000000014);
#505=CIRCLE('',#9976,0.005);
#506=CIRCLE('',#9979,0.00500000000000018);
#507=CIRCLE('',#9982,0.00500000000000032);
#508=CIRCLE('',#9985,0.00499999999999978);
#509=CIRCLE('',#9988,0.005);
#510=CIRCLE('',#9990,0.001);
#511=CIRCLE('',#9991,0.00100000000000001);
#512=CIRCLE('',#9993,0.005);
#513=CIRCLE('',#9994,0.005);
#514=CIRCLE('',#9997,0.00499999999999956);
#515=CIRCLE('',#10000,0.00499999999985769);
#516=CIRCLE('',#10003,0.005);
#517=CIRCLE('',#10006,0.00500000000000006);
#518=CIRCLE('',#10009,0.002);
#519=CIRCLE('',#10011,0.00175);
#520=CIRCLE('',#10028,0.001);
#521=CIRCLE('',#10062,0.003);
#522=CIRCLE('',#10063,0.00299999999999956);
#523=CIRCLE('',#10064,0.0029999999998577);
#524=CIRCLE('',#10065,0.003);
#525=CIRCLE('',#10066,0.00300000000000007);
#526=CIRCLE('',#10067,0.00700000000000011);
#527=CIRCLE('',#10068,0.003);
#528=CIRCLE('',#10069,0.003);
#529=CIRCLE('',#10070,0.007);
#530=CIRCLE('',#10071,0.003);
#531=CIRCLE('',#10072,0.00700000000000014);
#532=CIRCLE('',#10073,0.00300000000000005);
#533=CIRCLE('',#10074,0.00700000000000018);
#534=CIRCLE('',#10075,0.00300000000000032);
#535=CIRCLE('',#10076,0.00299999999999979);
#536=CIRCLE('',#10077,0.007);
#537=CIRCLE('',#10079,0.00175);
#538=CIRCLE('',#10080,0.00175);
#539=CIRCLE('',#10081,0.00175);
#540=CIRCLE('',#10082,0.00175);
#541=CIRCLE('',#10083,0.00175);
#542=CIRCLE('',#10084,0.00175);
#543=CIRCLE('',#10085,0.00175);
#544=CIRCLE('',#10172,0.00175);
#545=CIRCLE('',#10175,0.00175);
#546=CIRCLE('',#10178,0.00175);
#547=CIRCLE('',#10181,0.00175);
#548=CIRCLE('',#10184,0.00175);
#549=CIRCLE('',#10187,0.00175);
#550=CIRCLE('',#10190,0.00175);
#551=CIRCLE('',#10233,0.00175);
#552=CIRCLE('',#10235,0.00175);
#553=CIRCLE('',#10237,0.00175);
#554=CIRCLE('',#10239,0.00175);
#555=CIRCLE('',#10241,0.00175);
#556=CIRCLE('',#10243,0.00175);
#557=ORIENTED_EDGE('',*,*,#3189,.F.);
#558=ORIENTED_EDGE('',*,*,#3190,.T.);
#559=ORIENTED_EDGE('',*,*,#3191,.T.);
#560=ORIENTED_EDGE('',*,*,#3192,.T.);
#561=ORIENTED_EDGE('',*,*,#3193,.F.);
#562=ORIENTED_EDGE('',*,*,#3194,.T.);
#563=ORIENTED_EDGE('',*,*,#3195,.T.);
#564=ORIENTED_EDGE('',*,*,#3196,.F.);
#565=ORIENTED_EDGE('',*,*,#3197,.F.);
#566=ORIENTED_EDGE('',*,*,#3198,.T.);
#567=ORIENTED_EDGE('',*,*,#3199,.T.);
#568=ORIENTED_EDGE('',*,*,#3200,.F.);
#569=ORIENTED_EDGE('',*,*,#3201,.F.);
#570=ORIENTED_EDGE('',*,*,#3202,.T.);
#571=ORIENTED_EDGE('',*,*,#3203,.T.);
#572=ORIENTED_EDGE('',*,*,#3204,.F.);
#573=ORIENTED_EDGE('',*,*,#3205,.F.);
#574=ORIENTED_EDGE('',*,*,#3206,.T.);
#575=ORIENTED_EDGE('',*,*,#3207,.T.);
#576=ORIENTED_EDGE('',*,*,#3208,.F.);
#577=ORIENTED_EDGE('',*,*,#3209,.F.);
#578=ORIENTED_EDGE('',*,*,#3210,.T.);
#579=ORIENTED_EDGE('',*,*,#3211,.T.);
#580=ORIENTED_EDGE('',*,*,#3212,.F.);
#581=ORIENTED_EDGE('',*,*,#3213,.F.);
#582=ORIENTED_EDGE('',*,*,#3214,.T.);
#583=ORIENTED_EDGE('',*,*,#3215,.T.);
#584=ORIENTED_EDGE('',*,*,#3216,.F.);
#585=ORIENTED_EDGE('',*,*,#3217,.F.);
#586=ORIENTED_EDGE('',*,*,#3218,.T.);
#587=ORIENTED_EDGE('',*,*,#3219,.T.);
#588=ORIENTED_EDGE('',*,*,#3220,.F.);
#589=ORIENTED_EDGE('',*,*,#3221,.F.);
#590=ORIENTED_EDGE('',*,*,#3222,.T.);
#591=ORIENTED_EDGE('',*,*,#3223,.T.);
#592=ORIENTED_EDGE('',*,*,#3224,.F.);
#593=ORIENTED_EDGE('',*,*,#3225,.F.);
#594=ORIENTED_EDGE('',*,*,#3226,.T.);
#595=ORIENTED_EDGE('',*,*,#3227,.T.);
#596=ORIENTED_EDGE('',*,*,#3228,.F.);
#597=ORIENTED_EDGE('',*,*,#3229,.F.);
#598=ORIENTED_EDGE('',*,*,#3230,.T.);
#599=ORIENTED_EDGE('',*,*,#3231,.T.);
#600=ORIENTED_EDGE('',*,*,#3232,.F.);
#601=ORIENTED_EDGE('',*,*,#3233,.F.);
#602=ORIENTED_EDGE('',*,*,#3234,.T.);
#603=ORIENTED_EDGE('',*,*,#3235,.T.);
#604=ORIENTED_EDGE('',*,*,#3236,.F.);
#605=ORIENTED_EDGE('',*,*,#3237,.F.);
#606=ORIENTED_EDGE('',*,*,#3238,.T.);
#607=ORIENTED_EDGE('',*,*,#3239,.T.);
#608=ORIENTED_EDGE('',*,*,#3240,.F.);
#609=ORIENTED_EDGE('',*,*,#3241,.F.);
#610=ORIENTED_EDGE('',*,*,#3242,.T.);
#611=ORIENTED_EDGE('',*,*,#3243,.T.);
#612=ORIENTED_EDGE('',*,*,#3244,.F.);
#613=ORIENTED_EDGE('',*,*,#3245,.F.);
#614=ORIENTED_EDGE('',*,*,#3246,.T.);
#615=ORIENTED_EDGE('',*,*,#3247,.T.);
#616=ORIENTED_EDGE('',*,*,#3248,.F.);
#617=ORIENTED_EDGE('',*,*,#3249,.F.);
#618=ORIENTED_EDGE('',*,*,#3250,.T.);
#619=ORIENTED_EDGE('',*,*,#3251,.T.);
#620=ORIENTED_EDGE('',*,*,#3252,.F.);
#621=ORIENTED_EDGE('',*,*,#3253,.F.);
#622=ORIENTED_EDGE('',*,*,#3254,.T.);
#623=ORIENTED_EDGE('',*,*,#3255,.T.);
#624=ORIENTED_EDGE('',*,*,#3256,.F.);
#625=ORIENTED_EDGE('',*,*,#3257,.F.);
#626=ORIENTED_EDGE('',*,*,#3258,.T.);
#627=ORIENTED_EDGE('',*,*,#3259,.T.);
#628=ORIENTED_EDGE('',*,*,#3260,.F.);
#629=ORIENTED_EDGE('',*,*,#3261,.F.);
#630=ORIENTED_EDGE('',*,*,#3262,.T.);
#631=ORIENTED_EDGE('',*,*,#3263,.T.);
#632=ORIENTED_EDGE('',*,*,#3264,.F.);
#633=ORIENTED_EDGE('',*,*,#3265,.F.);
#634=ORIENTED_EDGE('',*,*,#3266,.T.);
#635=ORIENTED_EDGE('',*,*,#3267,.T.);
#636=ORIENTED_EDGE('',*,*,#3268,.F.);
#637=ORIENTED_EDGE('',*,*,#3269,.F.);
#638=ORIENTED_EDGE('',*,*,#3270,.T.);
#639=ORIENTED_EDGE('',*,*,#3271,.T.);
#640=ORIENTED_EDGE('',*,*,#3272,.F.);
#641=ORIENTED_EDGE('',*,*,#3273,.F.);
#642=ORIENTED_EDGE('',*,*,#3274,.T.);
#643=ORIENTED_EDGE('',*,*,#3275,.T.);
#644=ORIENTED_EDGE('',*,*,#3276,.F.);
#645=ORIENTED_EDGE('',*,*,#3277,.F.);
#646=ORIENTED_EDGE('',*,*,#3278,.T.);
#647=ORIENTED_EDGE('',*,*,#3279,.T.);
#648=ORIENTED_EDGE('',*,*,#3280,.F.);
#649=ORIENTED_EDGE('',*,*,#3281,.F.);
#650=ORIENTED_EDGE('',*,*,#3282,.T.);
#651=ORIENTED_EDGE('',*,*,#3283,.T.);
#652=ORIENTED_EDGE('',*,*,#3284,.F.);
#653=ORIENTED_EDGE('',*,*,#3285,.F.);
#654=ORIENTED_EDGE('',*,*,#3286,.T.);
#655=ORIENTED_EDGE('',*,*,#3287,.T.);
#656=ORIENTED_EDGE('',*,*,#3288,.F.);
#657=ORIENTED_EDGE('',*,*,#3289,.F.);
#658=ORIENTED_EDGE('',*,*,#3290,.T.);
#659=ORIENTED_EDGE('',*,*,#3291,.T.);
#660=ORIENTED_EDGE('',*,*,#3292,.F.);
#661=ORIENTED_EDGE('',*,*,#3293,.F.);
#662=ORIENTED_EDGE('',*,*,#3294,.T.);
#663=ORIENTED_EDGE('',*,*,#3295,.T.);
#664=ORIENTED_EDGE('',*,*,#3296,.F.);
#665=ORIENTED_EDGE('',*,*,#3297,.F.);
#666=ORIENTED_EDGE('',*,*,#3298,.T.);
#667=ORIENTED_EDGE('',*,*,#3299,.T.);
#668=ORIENTED_EDGE('',*,*,#3300,.F.);
#669=ORIENTED_EDGE('',*,*,#3301,.F.);
#670=ORIENTED_EDGE('',*,*,#3302,.F.);
#671=ORIENTED_EDGE('',*,*,#3303,.F.);
#672=ORIENTED_EDGE('',*,*,#3304,.F.);
#673=ORIENTED_EDGE('',*,*,#3305,.F.);
#674=ORIENTED_EDGE('',*,*,#3306,.F.);
#675=ORIENTED_EDGE('',*,*,#3307,.F.);
#676=ORIENTED_EDGE('',*,*,#3308,.F.);
#677=ORIENTED_EDGE('',*,*,#3309,.T.);
#678=ORIENTED_EDGE('',*,*,#3310,.F.);
#679=ORIENTED_EDGE('',*,*,#3311,.T.);
#680=ORIENTED_EDGE('',*,*,#3312,.T.);
#681=ORIENTED_EDGE('',*,*,#3313,.T.);
#682=ORIENTED_EDGE('',*,*,#3314,.F.);
#683=ORIENTED_EDGE('',*,*,#3315,.F.);
#684=ORIENTED_EDGE('',*,*,#3316,.T.);
#685=ORIENTED_EDGE('',*,*,#3317,.T.);
#686=ORIENTED_EDGE('',*,*,#3318,.F.);
#687=ORIENTED_EDGE('',*,*,#3319,.T.);
#688=ORIENTED_EDGE('',*,*,#3320,.T.);
#689=ORIENTED_EDGE('',*,*,#3321,.T.);
#690=ORIENTED_EDGE('',*,*,#3322,.T.);
#691=ORIENTED_EDGE('',*,*,#3323,.T.);
#692=ORIENTED_EDGE('',*,*,#3324,.T.);
#693=ORIENTED_EDGE('',*,*,#3325,.T.);
#694=ORIENTED_EDGE('',*,*,#3326,.F.);
#695=ORIENTED_EDGE('',*,*,#3327,.F.);
#696=ORIENTED_EDGE('',*,*,#3328,.T.);
#697=ORIENTED_EDGE('',*,*,#3329,.T.);
#698=ORIENTED_EDGE('',*,*,#3330,.F.);
#699=ORIENTED_EDGE('',*,*,#3331,.T.);
#700=ORIENTED_EDGE('',*,*,#3332,.F.);
#701=ORIENTED_EDGE('',*,*,#3333,.F.);
#702=ORIENTED_EDGE('',*,*,#3334,.F.);
#703=ORIENTED_EDGE('',*,*,#3335,.T.);
#704=ORIENTED_EDGE('',*,*,#3336,.F.);
#705=ORIENTED_EDGE('',*,*,#3337,.F.);
#706=ORIENTED_EDGE('',*,*,#3338,.F.);
#707=ORIENTED_EDGE('',*,*,#3339,.T.);
#708=ORIENTED_EDGE('',*,*,#3340,.F.);
#709=ORIENTED_EDGE('',*,*,#3341,.F.);
#710=ORIENTED_EDGE('',*,*,#3342,.T.);
#711=ORIENTED_EDGE('',*,*,#3343,.T.);
#712=ORIENTED_EDGE('',*,*,#3344,.F.);
#713=ORIENTED_EDGE('',*,*,#3345,.T.);
#714=ORIENTED_EDGE('',*,*,#3346,.F.);
#715=ORIENTED_EDGE('',*,*,#3347,.F.);
#716=ORIENTED_EDGE('',*,*,#3191,.F.);
#717=ORIENTED_EDGE('',*,*,#3348,.F.);
#718=ORIENTED_EDGE('',*,*,#3349,.F.);
#719=ORIENTED_EDGE('',*,*,#3350,.F.);
#720=ORIENTED_EDGE('',*,*,#3297,.T.);
#721=ORIENTED_EDGE('',*,*,#3351,.T.);
#722=ORIENTED_EDGE('',*,*,#3352,.T.);
#723=ORIENTED_EDGE('',*,*,#3353,.F.);
#724=ORIENTED_EDGE('',*,*,#3298,.F.);
#725=ORIENTED_EDGE('',*,*,#3350,.T.);
#726=ORIENTED_EDGE('',*,*,#3354,.T.);
#727=ORIENTED_EDGE('',*,*,#3355,.F.);
#728=ORIENTED_EDGE('',*,*,#3299,.F.);
#729=ORIENTED_EDGE('',*,*,#3353,.T.);
#730=ORIENTED_EDGE('',*,*,#3356,.F.);
#731=ORIENTED_EDGE('',*,*,#3357,.F.);
#732=ORIENTED_EDGE('',*,*,#3293,.T.);
#733=ORIENTED_EDGE('',*,*,#3358,.T.);
#734=ORIENTED_EDGE('',*,*,#3359,.T.);
#735=ORIENTED_EDGE('',*,*,#3360,.F.);
#736=ORIENTED_EDGE('',*,*,#3294,.F.);
#737=ORIENTED_EDGE('',*,*,#3357,.T.);
#738=ORIENTED_EDGE('',*,*,#3361,.T.);
#739=ORIENTED_EDGE('',*,*,#3362,.F.);
#740=ORIENTED_EDGE('',*,*,#3295,.F.);
#741=ORIENTED_EDGE('',*,*,#3360,.T.);
#742=ORIENTED_EDGE('',*,*,#3363,.F.);
#743=ORIENTED_EDGE('',*,*,#3364,.F.);
#744=ORIENTED_EDGE('',*,*,#3289,.T.);
#745=ORIENTED_EDGE('',*,*,#3365,.T.);
#746=ORIENTED_EDGE('',*,*,#3366,.T.);
#747=ORIENTED_EDGE('',*,*,#3367,.F.);
#748=ORIENTED_EDGE('',*,*,#3290,.F.);
#749=ORIENTED_EDGE('',*,*,#3364,.T.);
#750=ORIENTED_EDGE('',*,*,#3368,.T.);
#751=ORIENTED_EDGE('',*,*,#3369,.F.);
#752=ORIENTED_EDGE('',*,*,#3291,.F.);
#753=ORIENTED_EDGE('',*,*,#3367,.T.);
#754=ORIENTED_EDGE('',*,*,#3370,.F.);
#755=ORIENTED_EDGE('',*,*,#3371,.F.);
#756=ORIENTED_EDGE('',*,*,#3285,.T.);
#757=ORIENTED_EDGE('',*,*,#3372,.T.);
#758=ORIENTED_EDGE('',*,*,#3373,.T.);
#759=ORIENTED_EDGE('',*,*,#3374,.F.);
#760=ORIENTED_EDGE('',*,*,#3286,.F.);
#761=ORIENTED_EDGE('',*,*,#3371,.T.);
#762=ORIENTED_EDGE('',*,*,#3375,.T.);
#763=ORIENTED_EDGE('',*,*,#3376,.F.);
#764=ORIENTED_EDGE('',*,*,#3287,.F.);
#765=ORIENTED_EDGE('',*,*,#3374,.T.);
#766=ORIENTED_EDGE('',*,*,#3377,.F.);
#767=ORIENTED_EDGE('',*,*,#3378,.F.);
#768=ORIENTED_EDGE('',*,*,#3281,.T.);
#769=ORIENTED_EDGE('',*,*,#3379,.T.);
#770=ORIENTED_EDGE('',*,*,#3380,.T.);
#771=ORIENTED_EDGE('',*,*,#3381,.F.);
#772=ORIENTED_EDGE('',*,*,#3282,.F.);
#773=ORIENTED_EDGE('',*,*,#3378,.T.);
#774=ORIENTED_EDGE('',*,*,#3382,.T.);
#775=ORIENTED_EDGE('',*,*,#3383,.F.);
#776=ORIENTED_EDGE('',*,*,#3283,.F.);
#777=ORIENTED_EDGE('',*,*,#3381,.T.);
#778=ORIENTED_EDGE('',*,*,#3384,.F.);
#779=ORIENTED_EDGE('',*,*,#3385,.F.);
#780=ORIENTED_EDGE('',*,*,#3277,.T.);
#781=ORIENTED_EDGE('',*,*,#3386,.T.);
#782=ORIENTED_EDGE('',*,*,#3387,.T.);
#783=ORIENTED_EDGE('',*,*,#3388,.F.);
#784=ORIENTED_EDGE('',*,*,#3278,.F.);
#785=ORIENTED_EDGE('',*,*,#3385,.T.);
#786=ORIENTED_EDGE('',*,*,#3389,.T.);
#787=ORIENTED_EDGE('',*,*,#3390,.F.);
#788=ORIENTED_EDGE('',*,*,#3279,.F.);
#789=ORIENTED_EDGE('',*,*,#3388,.T.);
#790=ORIENTED_EDGE('',*,*,#3391,.F.);
#791=ORIENTED_EDGE('',*,*,#3392,.F.);
#792=ORIENTED_EDGE('',*,*,#3273,.T.);
#793=ORIENTED_EDGE('',*,*,#3393,.T.);
#794=ORIENTED_EDGE('',*,*,#3394,.T.);
#795=ORIENTED_EDGE('',*,*,#3395,.F.);
#796=ORIENTED_EDGE('',*,*,#3274,.F.);
#797=ORIENTED_EDGE('',*,*,#3392,.T.);
#798=ORIENTED_EDGE('',*,*,#3396,.T.);
#799=ORIENTED_EDGE('',*,*,#3397,.F.);
#800=ORIENTED_EDGE('',*,*,#3275,.F.);
#801=ORIENTED_EDGE('',*,*,#3395,.T.);
#802=ORIENTED_EDGE('',*,*,#3398,.F.);
#803=ORIENTED_EDGE('',*,*,#3399,.F.);
#804=ORIENTED_EDGE('',*,*,#3269,.T.);
#805=ORIENTED_EDGE('',*,*,#3400,.T.);
#806=ORIENTED_EDGE('',*,*,#3401,.T.);
#807=ORIENTED_EDGE('',*,*,#3402,.F.);
#808=ORIENTED_EDGE('',*,*,#3270,.F.);
#809=ORIENTED_EDGE('',*,*,#3399,.T.);
#810=ORIENTED_EDGE('',*,*,#3403,.T.);
#811=ORIENTED_EDGE('',*,*,#3404,.F.);
#812=ORIENTED_EDGE('',*,*,#3271,.F.);
#813=ORIENTED_EDGE('',*,*,#3402,.T.);
#814=ORIENTED_EDGE('',*,*,#3405,.F.);
#815=ORIENTED_EDGE('',*,*,#3406,.F.);
#816=ORIENTED_EDGE('',*,*,#3265,.T.);
#817=ORIENTED_EDGE('',*,*,#3407,.T.);
#818=ORIENTED_EDGE('',*,*,#3408,.T.);
#819=ORIENTED_EDGE('',*,*,#3409,.F.);
#820=ORIENTED_EDGE('',*,*,#3266,.F.);
#821=ORIENTED_EDGE('',*,*,#3406,.T.);
#822=ORIENTED_EDGE('',*,*,#3410,.T.);
#823=ORIENTED_EDGE('',*,*,#3411,.F.);
#824=ORIENTED_EDGE('',*,*,#3267,.F.);
#825=ORIENTED_EDGE('',*,*,#3409,.T.);
#826=ORIENTED_EDGE('',*,*,#3412,.F.);
#827=ORIENTED_EDGE('',*,*,#3413,.F.);
#828=ORIENTED_EDGE('',*,*,#3261,.T.);
#829=ORIENTED_EDGE('',*,*,#3414,.T.);
#830=ORIENTED_EDGE('',*,*,#3415,.T.);
#831=ORIENTED_EDGE('',*,*,#3416,.F.);
#832=ORIENTED_EDGE('',*,*,#3262,.F.);
#833=ORIENTED_EDGE('',*,*,#3413,.T.);
#834=ORIENTED_EDGE('',*,*,#3417,.T.);
#835=ORIENTED_EDGE('',*,*,#3418,.F.);
#836=ORIENTED_EDGE('',*,*,#3263,.F.);
#837=ORIENTED_EDGE('',*,*,#3416,.T.);
#838=ORIENTED_EDGE('',*,*,#3419,.F.);
#839=ORIENTED_EDGE('',*,*,#3420,.F.);
#840=ORIENTED_EDGE('',*,*,#3257,.T.);
#841=ORIENTED_EDGE('',*,*,#3421,.T.);
#842=ORIENTED_EDGE('',*,*,#3422,.T.);
#843=ORIENTED_EDGE('',*,*,#3423,.F.);
#844=ORIENTED_EDGE('',*,*,#3258,.F.);
#845=ORIENTED_EDGE('',*,*,#3420,.T.);
#846=ORIENTED_EDGE('',*,*,#3424,.T.);
#847=ORIENTED_EDGE('',*,*,#3425,.F.);
#848=ORIENTED_EDGE('',*,*,#3259,.F.);
#849=ORIENTED_EDGE('',*,*,#3423,.T.);
#850=ORIENTED_EDGE('',*,*,#3426,.F.);
#851=ORIENTED_EDGE('',*,*,#3427,.F.);
#852=ORIENTED_EDGE('',*,*,#3253,.T.);
#853=ORIENTED_EDGE('',*,*,#3428,.T.);
#854=ORIENTED_EDGE('',*,*,#3429,.T.);
#855=ORIENTED_EDGE('',*,*,#3430,.F.);
#856=ORIENTED_EDGE('',*,*,#3254,.F.);
#857=ORIENTED_EDGE('',*,*,#3427,.T.);
#858=ORIENTED_EDGE('',*,*,#3431,.T.);
#859=ORIENTED_EDGE('',*,*,#3432,.F.);
#860=ORIENTED_EDGE('',*,*,#3255,.F.);
#861=ORIENTED_EDGE('',*,*,#3430,.T.);
#862=ORIENTED_EDGE('',*,*,#3433,.F.);
#863=ORIENTED_EDGE('',*,*,#3434,.F.);
#864=ORIENTED_EDGE('',*,*,#3249,.T.);
#865=ORIENTED_EDGE('',*,*,#3435,.T.);
#866=ORIENTED_EDGE('',*,*,#3436,.T.);
#867=ORIENTED_EDGE('',*,*,#3437,.F.);
#868=ORIENTED_EDGE('',*,*,#3250,.F.);
#869=ORIENTED_EDGE('',*,*,#3434,.T.);
#870=ORIENTED_EDGE('',*,*,#3438,.T.);
#871=ORIENTED_EDGE('',*,*,#3439,.F.);
#872=ORIENTED_EDGE('',*,*,#3251,.F.);
#873=ORIENTED_EDGE('',*,*,#3437,.T.);
#874=ORIENTED_EDGE('',*,*,#3440,.F.);
#875=ORIENTED_EDGE('',*,*,#3441,.F.);
#876=ORIENTED_EDGE('',*,*,#3245,.T.);
#877=ORIENTED_EDGE('',*,*,#3442,.T.);
#878=ORIENTED_EDGE('',*,*,#3443,.T.);
#879=ORIENTED_EDGE('',*,*,#3444,.F.);
#880=ORIENTED_EDGE('',*,*,#3246,.F.);
#881=ORIENTED_EDGE('',*,*,#3441,.T.);
#882=ORIENTED_EDGE('',*,*,#3445,.T.);
#883=ORIENTED_EDGE('',*,*,#3446,.F.);
#884=ORIENTED_EDGE('',*,*,#3247,.F.);
#885=ORIENTED_EDGE('',*,*,#3444,.T.);
#886=ORIENTED_EDGE('',*,*,#3447,.F.);
#887=ORIENTED_EDGE('',*,*,#3448,.F.);
#888=ORIENTED_EDGE('',*,*,#3241,.T.);
#889=ORIENTED_EDGE('',*,*,#3449,.T.);
#890=ORIENTED_EDGE('',*,*,#3450,.T.);
#891=ORIENTED_EDGE('',*,*,#3451,.F.);
#892=ORIENTED_EDGE('',*,*,#3242,.F.);
#893=ORIENTED_EDGE('',*,*,#3448,.T.);
#894=ORIENTED_EDGE('',*,*,#3452,.T.);
#895=ORIENTED_EDGE('',*,*,#3453,.F.);
#896=ORIENTED_EDGE('',*,*,#3243,.F.);
#897=ORIENTED_EDGE('',*,*,#3451,.T.);
#898=ORIENTED_EDGE('',*,*,#3454,.F.);
#899=ORIENTED_EDGE('',*,*,#3455,.F.);
#900=ORIENTED_EDGE('',*,*,#3237,.T.);
#901=ORIENTED_EDGE('',*,*,#3456,.T.);
#902=ORIENTED_EDGE('',*,*,#3457,.T.);
#903=ORIENTED_EDGE('',*,*,#3458,.F.);
#904=ORIENTED_EDGE('',*,*,#3238,.F.);
#905=ORIENTED_EDGE('',*,*,#3455,.T.);
#906=ORIENTED_EDGE('',*,*,#3459,.T.);
#907=ORIENTED_EDGE('',*,*,#3460,.F.);
#908=ORIENTED_EDGE('',*,*,#3239,.F.);
#909=ORIENTED_EDGE('',*,*,#3458,.T.);
#910=ORIENTED_EDGE('',*,*,#3461,.F.);
#911=ORIENTED_EDGE('',*,*,#3462,.F.);
#912=ORIENTED_EDGE('',*,*,#3233,.T.);
#913=ORIENTED_EDGE('',*,*,#3463,.T.);
#914=ORIENTED_EDGE('',*,*,#3464,.T.);
#915=ORIENTED_EDGE('',*,*,#3465,.F.);
#916=ORIENTED_EDGE('',*,*,#3234,.F.);
#917=ORIENTED_EDGE('',*,*,#3462,.T.);
#918=ORIENTED_EDGE('',*,*,#3466,.T.);
#919=ORIENTED_EDGE('',*,*,#3467,.F.);
#920=ORIENTED_EDGE('',*,*,#3235,.F.);
#921=ORIENTED_EDGE('',*,*,#3465,.T.);
#922=ORIENTED_EDGE('',*,*,#3468,.F.);
#923=ORIENTED_EDGE('',*,*,#3469,.F.);
#924=ORIENTED_EDGE('',*,*,#3229,.T.);
#925=ORIENTED_EDGE('',*,*,#3470,.T.);
#926=ORIENTED_EDGE('',*,*,#3471,.T.);
#927=ORIENTED_EDGE('',*,*,#3472,.F.);
#928=ORIENTED_EDGE('',*,*,#3230,.F.);
#929=ORIENTED_EDGE('',*,*,#3469,.T.);
#930=ORIENTED_EDGE('',*,*,#3473,.T.);
#931=ORIENTED_EDGE('',*,*,#3474,.F.);
#932=ORIENTED_EDGE('',*,*,#3231,.F.);
#933=ORIENTED_EDGE('',*,*,#3472,.T.);
#934=ORIENTED_EDGE('',*,*,#3475,.F.);
#935=ORIENTED_EDGE('',*,*,#3476,.F.);
#936=ORIENTED_EDGE('',*,*,#3225,.T.);
#937=ORIENTED_EDGE('',*,*,#3477,.T.);
#938=ORIENTED_EDGE('',*,*,#3478,.T.);
#939=ORIENTED_EDGE('',*,*,#3479,.F.);
#940=ORIENTED_EDGE('',*,*,#3226,.F.);
#941=ORIENTED_EDGE('',*,*,#3476,.T.);
#942=ORIENTED_EDGE('',*,*,#3480,.T.);
#943=ORIENTED_EDGE('',*,*,#3481,.F.);
#944=ORIENTED_EDGE('',*,*,#3227,.F.);
#945=ORIENTED_EDGE('',*,*,#3479,.T.);
#946=ORIENTED_EDGE('',*,*,#3482,.F.);
#947=ORIENTED_EDGE('',*,*,#3483,.F.);
#948=ORIENTED_EDGE('',*,*,#3221,.T.);
#949=ORIENTED_EDGE('',*,*,#3484,.T.);
#950=ORIENTED_EDGE('',*,*,#3485,.T.);
#951=ORIENTED_EDGE('',*,*,#3486,.F.);
#952=ORIENTED_EDGE('',*,*,#3222,.F.);
#953=ORIENTED_EDGE('',*,*,#3483,.T.);
#954=ORIENTED_EDGE('',*,*,#3487,.T.);
#955=ORIENTED_EDGE('',*,*,#3488,.F.);
#956=ORIENTED_EDGE('',*,*,#3223,.F.);
#957=ORIENTED_EDGE('',*,*,#3486,.T.);
#958=ORIENTED_EDGE('',*,*,#3489,.F.);
#959=ORIENTED_EDGE('',*,*,#3490,.F.);
#960=ORIENTED_EDGE('',*,*,#3217,.T.);
#961=ORIENTED_EDGE('',*,*,#3491,.T.);
#962=ORIENTED_EDGE('',*,*,#3492,.T.);
#963=ORIENTED_EDGE('',*,*,#3493,.F.);
#964=ORIENTED_EDGE('',*,*,#3218,.F.);
#965=ORIENTED_EDGE('',*,*,#3490,.T.);
#966=ORIENTED_EDGE('',*,*,#3494,.T.);
#967=ORIENTED_EDGE('',*,*,#3495,.F.);
#968=ORIENTED_EDGE('',*,*,#3219,.F.);
#969=ORIENTED_EDGE('',*,*,#3493,.T.);
#970=ORIENTED_EDGE('',*,*,#3496,.F.);
#971=ORIENTED_EDGE('',*,*,#3497,.F.);
#972=ORIENTED_EDGE('',*,*,#3213,.T.);
#973=ORIENTED_EDGE('',*,*,#3498,.T.);
#974=ORIENTED_EDGE('',*,*,#3499,.T.);
#975=ORIENTED_EDGE('',*,*,#3500,.F.);
#976=ORIENTED_EDGE('',*,*,#3214,.F.);
#977=ORIENTED_EDGE('',*,*,#3497,.T.);
#978=ORIENTED_EDGE('',*,*,#3501,.T.);
#979=ORIENTED_EDGE('',*,*,#3502,.F.);
#980=ORIENTED_EDGE('',*,*,#3215,.F.);
#981=ORIENTED_EDGE('',*,*,#3500,.T.);
#982=ORIENTED_EDGE('',*,*,#3503,.F.);
#983=ORIENTED_EDGE('',*,*,#3504,.F.);
#984=ORIENTED_EDGE('',*,*,#3209,.T.);
#985=ORIENTED_EDGE('',*,*,#3505,.T.);
#986=ORIENTED_EDGE('',*,*,#3506,.T.);
#987=ORIENTED_EDGE('',*,*,#3507,.F.);
#988=ORIENTED_EDGE('',*,*,#3210,.F.);
#989=ORIENTED_EDGE('',*,*,#3504,.T.);
#990=ORIENTED_EDGE('',*,*,#3508,.T.);
#991=ORIENTED_EDGE('',*,*,#3509,.F.);
#992=ORIENTED_EDGE('',*,*,#3211,.F.);
#993=ORIENTED_EDGE('',*,*,#3507,.T.);
#994=ORIENTED_EDGE('',*,*,#3510,.F.);
#995=ORIENTED_EDGE('',*,*,#3511,.F.);
#996=ORIENTED_EDGE('',*,*,#3205,.T.);
#997=ORIENTED_EDGE('',*,*,#3512,.T.);
#998=ORIENTED_EDGE('',*,*,#3513,.T.);
#999=ORIENTED_EDGE('',*,*,#3514,.F.);
#1000=ORIENTED_EDGE('',*,*,#3206,.F.);
#1001=ORIENTED_EDGE('',*,*,#3511,.T.);
#1002=ORIENTED_EDGE('',*,*,#3515,.T.);
#1003=ORIENTED_EDGE('',*,*,#3516,.F.);
#1004=ORIENTED_EDGE('',*,*,#3207,.F.);
#1005=ORIENTED_EDGE('',*,*,#3514,.T.);
#1006=ORIENTED_EDGE('',*,*,#3517,.F.);
#1007=ORIENTED_EDGE('',*,*,#3518,.F.);
#1008=ORIENTED_EDGE('',*,*,#3201,.T.);
#1009=ORIENTED_EDGE('',*,*,#3519,.T.);
#1010=ORIENTED_EDGE('',*,*,#3520,.T.);
#1011=ORIENTED_EDGE('',*,*,#3521,.F.);
#1012=ORIENTED_EDGE('',*,*,#3202,.F.);
#1013=ORIENTED_EDGE('',*,*,#3518,.T.);
#1014=ORIENTED_EDGE('',*,*,#3522,.T.);
#1015=ORIENTED_EDGE('',*,*,#3523,.F.);
#1016=ORIENTED_EDGE('',*,*,#3203,.F.);
#1017=ORIENTED_EDGE('',*,*,#3521,.T.);
#1018=ORIENTED_EDGE('',*,*,#3524,.F.);
#1019=ORIENTED_EDGE('',*,*,#3525,.F.);
#1020=ORIENTED_EDGE('',*,*,#3197,.T.);
#1021=ORIENTED_EDGE('',*,*,#3526,.T.);
#1022=ORIENTED_EDGE('',*,*,#3527,.T.);
#1023=ORIENTED_EDGE('',*,*,#3528,.F.);
#1024=ORIENTED_EDGE('',*,*,#3198,.F.);
#1025=ORIENTED_EDGE('',*,*,#3525,.T.);
#1026=ORIENTED_EDGE('',*,*,#3529,.T.);
#1027=ORIENTED_EDGE('',*,*,#3530,.F.);
#1028=ORIENTED_EDGE('',*,*,#3199,.F.);
#1029=ORIENTED_EDGE('',*,*,#3528,.T.);
#1030=ORIENTED_EDGE('',*,*,#3531,.F.);
#1031=ORIENTED_EDGE('',*,*,#3532,.F.);
#1032=ORIENTED_EDGE('',*,*,#3193,.T.);
#1033=ORIENTED_EDGE('',*,*,#3533,.T.);
#1034=ORIENTED_EDGE('',*,*,#3534,.T.);
#1035=ORIENTED_EDGE('',*,*,#3535,.F.);
#1036=ORIENTED_EDGE('',*,*,#3194,.F.);
#1037=ORIENTED_EDGE('',*,*,#3532,.T.);
#1038=ORIENTED_EDGE('',*,*,#3536,.T.);
#1039=ORIENTED_EDGE('',*,*,#3537,.F.);
#1040=ORIENTED_EDGE('',*,*,#3195,.F.);
#1041=ORIENTED_EDGE('',*,*,#3535,.T.);
#1042=ORIENTED_EDGE('',*,*,#3538,.F.);
#1043=ORIENTED_EDGE('',*,*,#3539,.F.);
#1044=ORIENTED_EDGE('',*,*,#3314,.T.);
#1045=ORIENTED_EDGE('',*,*,#3540,.T.);
#1046=ORIENTED_EDGE('',*,*,#3541,.F.);
#1047=ORIENTED_EDGE('',*,*,#3542,.F.);
#1048=ORIENTED_EDGE('',*,*,#3315,.T.);
#1049=ORIENTED_EDGE('',*,*,#3539,.T.);
#1050=ORIENTED_EDGE('',*,*,#3543,.T.);
#1051=ORIENTED_EDGE('',*,*,#3544,.F.);
#1052=ORIENTED_EDGE('',*,*,#3316,.F.);
#1053=ORIENTED_EDGE('',*,*,#3542,.T.);
#1054=ORIENTED_EDGE('',*,*,#3545,.T.);
#1055=ORIENTED_EDGE('',*,*,#3546,.F.);
#1056=ORIENTED_EDGE('',*,*,#3317,.F.);
#1057=ORIENTED_EDGE('',*,*,#3544,.T.);
#1058=ORIENTED_EDGE('',*,*,#3547,.F.);
#1059=ORIENTED_EDGE('',*,*,#3548,.F.);
#1060=ORIENTED_EDGE('',*,*,#3318,.T.);
#1061=ORIENTED_EDGE('',*,*,#3546,.T.);
#1062=ORIENTED_EDGE('',*,*,#3549,.T.);
#1063=ORIENTED_EDGE('',*,*,#3550,.F.);
#1064=ORIENTED_EDGE('',*,*,#3319,.F.);
#1065=ORIENTED_EDGE('',*,*,#3548,.T.);
#1066=ORIENTED_EDGE('',*,*,#3551,.T.);
#1067=ORIENTED_EDGE('',*,*,#3552,.F.);
#1068=ORIENTED_EDGE('',*,*,#3320,.F.);
#1069=ORIENTED_EDGE('',*,*,#3550,.T.);
#1070=ORIENTED_EDGE('',*,*,#3553,.T.);
#1071=ORIENTED_EDGE('',*,*,#3554,.F.);
#1072=ORIENTED_EDGE('',*,*,#3321,.F.);
#1073=ORIENTED_EDGE('',*,*,#3552,.T.);
#1074=ORIENTED_EDGE('',*,*,#3555,.T.);
#1075=ORIENTED_EDGE('',*,*,#3556,.F.);
#1076=ORIENTED_EDGE('',*,*,#3322,.F.);
#1077=ORIENTED_EDGE('',*,*,#3554,.T.);
#1078=ORIENTED_EDGE('',*,*,#3557,.T.);
#1079=ORIENTED_EDGE('',*,*,#3558,.F.);
#1080=ORIENTED_EDGE('',*,*,#3323,.F.);
#1081=ORIENTED_EDGE('',*,*,#3556,.T.);
#1082=ORIENTED_EDGE('',*,*,#3559,.T.);
#1083=ORIENTED_EDGE('',*,*,#3560,.F.);
#1084=ORIENTED_EDGE('',*,*,#3324,.F.);
#1085=ORIENTED_EDGE('',*,*,#3558,.T.);
#1086=ORIENTED_EDGE('',*,*,#3561,.T.);
#1087=ORIENTED_EDGE('',*,*,#3562,.F.);
#1088=ORIENTED_EDGE('',*,*,#3325,.F.);
#1089=ORIENTED_EDGE('',*,*,#3560,.T.);
#1090=ORIENTED_EDGE('',*,*,#3563,.F.);
#1091=ORIENTED_EDGE('',*,*,#3564,.F.);
#1092=ORIENTED_EDGE('',*,*,#3326,.T.);
#1093=ORIENTED_EDGE('',*,*,#3562,.T.);
#1094=ORIENTED_EDGE('',*,*,#3565,.F.);
#1095=ORIENTED_EDGE('',*,*,#3566,.F.);
#1096=ORIENTED_EDGE('',*,*,#3327,.T.);
#1097=ORIENTED_EDGE('',*,*,#3564,.T.);
#1098=ORIENTED_EDGE('',*,*,#3567,.T.);
#1099=ORIENTED_EDGE('',*,*,#3568,.F.);
#1100=ORIENTED_EDGE('',*,*,#3328,.F.);
#1101=ORIENTED_EDGE('',*,*,#3566,.T.);
#1102=ORIENTED_EDGE('',*,*,#3569,.T.);
#1103=ORIENTED_EDGE('',*,*,#3570,.F.);
#1104=ORIENTED_EDGE('',*,*,#3329,.F.);
#1105=ORIENTED_EDGE('',*,*,#3568,.T.);
#1106=ORIENTED_EDGE('',*,*,#3571,.F.);
#1107=ORIENTED_EDGE('',*,*,#3572,.F.);
#1108=ORIENTED_EDGE('',*,*,#3330,.T.);
#1109=ORIENTED_EDGE('',*,*,#3570,.T.);
#1110=ORIENTED_EDGE('',*,*,#3573,.T.);
#1111=ORIENTED_EDGE('',*,*,#3574,.F.);
#1112=ORIENTED_EDGE('',*,*,#3331,.F.);
#1113=ORIENTED_EDGE('',*,*,#3572,.T.);
#1114=ORIENTED_EDGE('',*,*,#3575,.F.);
#1115=ORIENTED_EDGE('',*,*,#3576,.F.);
#1116=ORIENTED_EDGE('',*,*,#3332,.T.);
#1117=ORIENTED_EDGE('',*,*,#3574,.T.);
#1118=ORIENTED_EDGE('',*,*,#3577,.F.);
#1119=ORIENTED_EDGE('',*,*,#3578,.F.);
#1120=ORIENTED_EDGE('',*,*,#3333,.T.);
#1121=ORIENTED_EDGE('',*,*,#3576,.T.);
#1122=ORIENTED_EDGE('',*,*,#3579,.F.);
#1123=ORIENTED_EDGE('',*,*,#3580,.F.);
#1124=ORIENTED_EDGE('',*,*,#3334,.T.);
#1125=ORIENTED_EDGE('',*,*,#3578,.T.);
#1126=ORIENTED_EDGE('',*,*,#3581,.T.);
#1127=ORIENTED_EDGE('',*,*,#3582,.F.);
#1128=ORIENTED_EDGE('',*,*,#3335,.F.);
#1129=ORIENTED_EDGE('',*,*,#3580,.T.);
#1130=ORIENTED_EDGE('',*,*,#3583,.F.);
#1131=ORIENTED_EDGE('',*,*,#3584,.F.);
#1132=ORIENTED_EDGE('',*,*,#3336,.T.);
#1133=ORIENTED_EDGE('',*,*,#3582,.T.);
#1134=ORIENTED_EDGE('',*,*,#3585,.F.);
#1135=ORIENTED_EDGE('',*,*,#3586,.F.);
#1136=ORIENTED_EDGE('',*,*,#3337,.T.);
#1137=ORIENTED_EDGE('',*,*,#3584,.T.);
#1138=ORIENTED_EDGE('',*,*,#3587,.F.);
#1139=ORIENTED_EDGE('',*,*,#3588,.F.);
#1140=ORIENTED_EDGE('',*,*,#3338,.T.);
#1141=ORIENTED_EDGE('',*,*,#3586,.T.);
#1142=ORIENTED_EDGE('',*,*,#3589,.T.);
#1143=ORIENTED_EDGE('',*,*,#3590,.F.);
#1144=ORIENTED_EDGE('',*,*,#3339,.F.);
#1145=ORIENTED_EDGE('',*,*,#3588,.T.);
#1146=ORIENTED_EDGE('',*,*,#3591,.F.);
#1147=ORIENTED_EDGE('',*,*,#3592,.F.);
#1148=ORIENTED_EDGE('',*,*,#3340,.T.);
#1149=ORIENTED_EDGE('',*,*,#3590,.T.);
#1150=ORIENTED_EDGE('',*,*,#3593,.F.);
#1151=ORIENTED_EDGE('',*,*,#3594,.F.);
#1152=ORIENTED_EDGE('',*,*,#3341,.T.);
#1153=ORIENTED_EDGE('',*,*,#3592,.T.);
#1154=ORIENTED_EDGE('',*,*,#3595,.T.);
#1155=ORIENTED_EDGE('',*,*,#3596,.F.);
#1156=ORIENTED_EDGE('',*,*,#3342,.F.);
#1157=ORIENTED_EDGE('',*,*,#3594,.T.);
#1158=ORIENTED_EDGE('',*,*,#3597,.T.);
#1159=ORIENTED_EDGE('',*,*,#3598,.F.);
#1160=ORIENTED_EDGE('',*,*,#3343,.F.);
#1161=ORIENTED_EDGE('',*,*,#3596,.T.);
#1162=ORIENTED_EDGE('',*,*,#3599,.F.);
#1163=ORIENTED_EDGE('',*,*,#3600,.F.);
#1164=ORIENTED_EDGE('',*,*,#3344,.T.);
#1165=ORIENTED_EDGE('',*,*,#3598,.T.);
#1166=ORIENTED_EDGE('',*,*,#3601,.T.);
#1167=ORIENTED_EDGE('',*,*,#3602,.F.);
#1168=ORIENTED_EDGE('',*,*,#3345,.F.);
#1169=ORIENTED_EDGE('',*,*,#3600,.T.);
#1170=ORIENTED_EDGE('',*,*,#3603,.F.);
#1171=ORIENTED_EDGE('',*,*,#3604,.F.);
#1172=ORIENTED_EDGE('',*,*,#3346,.T.);
#1173=ORIENTED_EDGE('',*,*,#3602,.T.);
#1174=ORIENTED_EDGE('',*,*,#3605,.F.);
#1175=ORIENTED_EDGE('',*,*,#3192,.F.);
#1176=ORIENTED_EDGE('',*,*,#3347,.T.);
#1177=ORIENTED_EDGE('',*,*,#3604,.T.);
#1178=ORIENTED_EDGE('',*,*,#3606,.F.);
#1179=ORIENTED_EDGE('',*,*,#3607,.F.);
#1180=ORIENTED_EDGE('',*,*,#3608,.F.);
#1181=ORIENTED_EDGE('',*,*,#3310,.T.);
#1182=ORIENTED_EDGE('',*,*,#3609,.T.);
#1183=ORIENTED_EDGE('',*,*,#3610,.F.);
#1184=ORIENTED_EDGE('',*,*,#3311,.F.);
#1185=ORIENTED_EDGE('',*,*,#3608,.T.);
#1186=ORIENTED_EDGE('',*,*,#3611,.T.);
#1187=ORIENTED_EDGE('',*,*,#3612,.F.);
#1188=ORIENTED_EDGE('',*,*,#3312,.F.);
#1189=ORIENTED_EDGE('',*,*,#3610,.T.);
#1190=ORIENTED_EDGE('',*,*,#3306,.T.);
#1191=ORIENTED_EDGE('',*,*,#3613,.F.);
#1192=ORIENTED_EDGE('',*,*,#3305,.T.);
#1193=ORIENTED_EDGE('',*,*,#3614,.F.);
#1194=ORIENTED_EDGE('',*,*,#3304,.T.);
#1195=ORIENTED_EDGE('',*,*,#3615,.F.);
#1196=ORIENTED_EDGE('',*,*,#3303,.T.);
#1197=ORIENTED_EDGE('',*,*,#3616,.F.);
#1198=ORIENTED_EDGE('',*,*,#3302,.T.);
#1199=ORIENTED_EDGE('',*,*,#3617,.F.);
#1200=ORIENTED_EDGE('',*,*,#3301,.T.);
#1201=ORIENTED_EDGE('',*,*,#3618,.F.);
#1202=ORIENTED_EDGE('',*,*,#3619,.F.);
#1203=ORIENTED_EDGE('',*,*,#3351,.F.);
#1204=ORIENTED_EDGE('',*,*,#3300,.T.);
#1205=ORIENTED_EDGE('',*,*,#3355,.T.);
#1206=ORIENTED_EDGE('',*,*,#3620,.F.);
#1207=ORIENTED_EDGE('',*,*,#3358,.F.);
#1208=ORIENTED_EDGE('',*,*,#3296,.T.);
#1209=ORIENTED_EDGE('',*,*,#3362,.T.);
#1210=ORIENTED_EDGE('',*,*,#3621,.F.);
#1211=ORIENTED_EDGE('',*,*,#3365,.F.);
#1212=ORIENTED_EDGE('',*,*,#3292,.T.);
#1213=ORIENTED_EDGE('',*,*,#3369,.T.);
#1214=ORIENTED_EDGE('',*,*,#3622,.F.);
#1215=ORIENTED_EDGE('',*,*,#3372,.F.);
#1216=ORIENTED_EDGE('',*,*,#3288,.T.);
#1217=ORIENTED_EDGE('',*,*,#3376,.T.);
#1218=ORIENTED_EDGE('',*,*,#3623,.F.);
#1219=ORIENTED_EDGE('',*,*,#3379,.F.);
#1220=ORIENTED_EDGE('',*,*,#3284,.T.);
#1221=ORIENTED_EDGE('',*,*,#3383,.T.);
#1222=ORIENTED_EDGE('',*,*,#3624,.F.);
#1223=ORIENTED_EDGE('',*,*,#3386,.F.);
#1224=ORIENTED_EDGE('',*,*,#3280,.T.);
#1225=ORIENTED_EDGE('',*,*,#3390,.T.);
#1226=ORIENTED_EDGE('',*,*,#3625,.F.);
#1227=ORIENTED_EDGE('',*,*,#3393,.F.);
#1228=ORIENTED_EDGE('',*,*,#3276,.T.);
#1229=ORIENTED_EDGE('',*,*,#3397,.T.);
#1230=ORIENTED_EDGE('',*,*,#3626,.F.);
#1231=ORIENTED_EDGE('',*,*,#3400,.F.);
#1232=ORIENTED_EDGE('',*,*,#3272,.T.);
#1233=ORIENTED_EDGE('',*,*,#3404,.T.);
#1234=ORIENTED_EDGE('',*,*,#3627,.F.);
#1235=ORIENTED_EDGE('',*,*,#3407,.F.);
#1236=ORIENTED_EDGE('',*,*,#3268,.T.);
#1237=ORIENTED_EDGE('',*,*,#3411,.T.);
#1238=ORIENTED_EDGE('',*,*,#3628,.F.);
#1239=ORIENTED_EDGE('',*,*,#3414,.F.);
#1240=ORIENTED_EDGE('',*,*,#3264,.T.);
#1241=ORIENTED_EDGE('',*,*,#3418,.T.);
#1242=ORIENTED_EDGE('',*,*,#3629,.F.);
#1243=ORIENTED_EDGE('',*,*,#3421,.F.);
#1244=ORIENTED_EDGE('',*,*,#3260,.T.);
#1245=ORIENTED_EDGE('',*,*,#3425,.T.);
#1246=ORIENTED_EDGE('',*,*,#3630,.F.);
#1247=ORIENTED_EDGE('',*,*,#3428,.F.);
#1248=ORIENTED_EDGE('',*,*,#3256,.T.);
#1249=ORIENTED_EDGE('',*,*,#3432,.T.);
#1250=ORIENTED_EDGE('',*,*,#3631,.F.);
#1251=ORIENTED_EDGE('',*,*,#3435,.F.);
#1252=ORIENTED_EDGE('',*,*,#3252,.T.);
#1253=ORIENTED_EDGE('',*,*,#3439,.T.);
#1254=ORIENTED_EDGE('',*,*,#3632,.F.);
#1255=ORIENTED_EDGE('',*,*,#3442,.F.);
#1256=ORIENTED_EDGE('',*,*,#3248,.T.);
#1257=ORIENTED_EDGE('',*,*,#3446,.T.);
#1258=ORIENTED_EDGE('',*,*,#3633,.F.);
#1259=ORIENTED_EDGE('',*,*,#3449,.F.);
#1260=ORIENTED_EDGE('',*,*,#3244,.T.);
#1261=ORIENTED_EDGE('',*,*,#3453,.T.);
#1262=ORIENTED_EDGE('',*,*,#3634,.F.);
#1263=ORIENTED_EDGE('',*,*,#3456,.F.);
#1264=ORIENTED_EDGE('',*,*,#3240,.T.);
#1265=ORIENTED_EDGE('',*,*,#3460,.T.);
#1266=ORIENTED_EDGE('',*,*,#3635,.F.);
#1267=ORIENTED_EDGE('',*,*,#3463,.F.);
#1268=ORIENTED_EDGE('',*,*,#3236,.T.);
#1269=ORIENTED_EDGE('',*,*,#3467,.T.);
#1270=ORIENTED_EDGE('',*,*,#3636,.F.);
#1271=ORIENTED_EDGE('',*,*,#3470,.F.);
#1272=ORIENTED_EDGE('',*,*,#3232,.T.);
#1273=ORIENTED_EDGE('',*,*,#3474,.T.);
#1274=ORIENTED_EDGE('',*,*,#3637,.F.);
#1275=ORIENTED_EDGE('',*,*,#3477,.F.);
#1276=ORIENTED_EDGE('',*,*,#3228,.T.);
#1277=ORIENTED_EDGE('',*,*,#3481,.T.);
#1278=ORIENTED_EDGE('',*,*,#3638,.F.);
#1279=ORIENTED_EDGE('',*,*,#3484,.F.);
#1280=ORIENTED_EDGE('',*,*,#3224,.T.);
#1281=ORIENTED_EDGE('',*,*,#3488,.T.);
#1282=ORIENTED_EDGE('',*,*,#3639,.F.);
#1283=ORIENTED_EDGE('',*,*,#3491,.F.);
#1284=ORIENTED_EDGE('',*,*,#3220,.T.);
#1285=ORIENTED_EDGE('',*,*,#3495,.T.);
#1286=ORIENTED_EDGE('',*,*,#3640,.F.);
#1287=ORIENTED_EDGE('',*,*,#3498,.F.);
#1288=ORIENTED_EDGE('',*,*,#3216,.T.);
#1289=ORIENTED_EDGE('',*,*,#3502,.T.);
#1290=ORIENTED_EDGE('',*,*,#3641,.F.);
#1291=ORIENTED_EDGE('',*,*,#3505,.F.);
#1292=ORIENTED_EDGE('',*,*,#3212,.T.);
#1293=ORIENTED_EDGE('',*,*,#3509,.T.);
#1294=ORIENTED_EDGE('',*,*,#3642,.F.);
#1295=ORIENTED_EDGE('',*,*,#3512,.F.);
#1296=ORIENTED_EDGE('',*,*,#3208,.T.);
#1297=ORIENTED_EDGE('',*,*,#3516,.T.);
#1298=ORIENTED_EDGE('',*,*,#3643,.F.);
#1299=ORIENTED_EDGE('',*,*,#3519,.F.);
#1300=ORIENTED_EDGE('',*,*,#3204,.T.);
#1301=ORIENTED_EDGE('',*,*,#3523,.T.);
#1302=ORIENTED_EDGE('',*,*,#3644,.F.);
#1303=ORIENTED_EDGE('',*,*,#3526,.F.);
#1304=ORIENTED_EDGE('',*,*,#3200,.T.);
#1305=ORIENTED_EDGE('',*,*,#3530,.T.);
#1306=ORIENTED_EDGE('',*,*,#3645,.F.);
#1307=ORIENTED_EDGE('',*,*,#3533,.F.);
#1308=ORIENTED_EDGE('',*,*,#3196,.T.);
#1309=ORIENTED_EDGE('',*,*,#3537,.T.);
#1310=ORIENTED_EDGE('',*,*,#3646,.T.);
#1311=ORIENTED_EDGE('',*,*,#3540,.F.);
#1312=ORIENTED_EDGE('',*,*,#3313,.F.);
#1313=ORIENTED_EDGE('',*,*,#3612,.T.);
#1314=ORIENTED_EDGE('',*,*,#3307,.T.);
#1315=ORIENTED_EDGE('',*,*,#3647,.F.);
#1316=ORIENTED_EDGE('',*,*,#3648,.T.);
#1317=ORIENTED_EDGE('',*,*,#3649,.T.);
#1318=ORIENTED_EDGE('',*,*,#3189,.T.);
#1319=ORIENTED_EDGE('',*,*,#3605,.T.);
#1320=ORIENTED_EDGE('',*,*,#3603,.T.);
#1321=ORIENTED_EDGE('',*,*,#3601,.F.);
#1322=ORIENTED_EDGE('',*,*,#3599,.T.);
#1323=ORIENTED_EDGE('',*,*,#3597,.F.);
#1324=ORIENTED_EDGE('',*,*,#3595,.F.);
#1325=ORIENTED_EDGE('',*,*,#3593,.T.);
#1326=ORIENTED_EDGE('',*,*,#3591,.T.);
#1327=ORIENTED_EDGE('',*,*,#3589,.F.);
#1328=ORIENTED_EDGE('',*,*,#3587,.T.);
#1329=ORIENTED_EDGE('',*,*,#3585,.T.);
#1330=ORIENTED_EDGE('',*,*,#3583,.T.);
#1331=ORIENTED_EDGE('',*,*,#3581,.F.);
#1332=ORIENTED_EDGE('',*,*,#3579,.T.);
#1333=ORIENTED_EDGE('',*,*,#3577,.T.);
#1334=ORIENTED_EDGE('',*,*,#3575,.T.);
#1335=ORIENTED_EDGE('',*,*,#3573,.F.);
#1336=ORIENTED_EDGE('',*,*,#3571,.T.);
#1337=ORIENTED_EDGE('',*,*,#3569,.F.);
#1338=ORIENTED_EDGE('',*,*,#3567,.F.);
#1339=ORIENTED_EDGE('',*,*,#3565,.T.);
#1340=ORIENTED_EDGE('',*,*,#3563,.T.);
#1341=ORIENTED_EDGE('',*,*,#3561,.F.);
#1342=ORIENTED_EDGE('',*,*,#3559,.F.);
#1343=ORIENTED_EDGE('',*,*,#3557,.F.);
#1344=ORIENTED_EDGE('',*,*,#3555,.F.);
#1345=ORIENTED_EDGE('',*,*,#3553,.F.);
#1346=ORIENTED_EDGE('',*,*,#3551,.F.);
#1347=ORIENTED_EDGE('',*,*,#3549,.F.);
#1348=ORIENTED_EDGE('',*,*,#3547,.T.);
#1349=ORIENTED_EDGE('',*,*,#3545,.F.);
#1350=ORIENTED_EDGE('',*,*,#3543,.F.);
#1351=ORIENTED_EDGE('',*,*,#3541,.T.);
#1352=ORIENTED_EDGE('',*,*,#3538,.T.);
#1353=ORIENTED_EDGE('',*,*,#3646,.F.);
#1354=ORIENTED_EDGE('',*,*,#3611,.F.);
#1355=ORIENTED_EDGE('',*,*,#3609,.F.);
#1356=ORIENTED_EDGE('',*,*,#3607,.T.);
#1357=ORIENTED_EDGE('',*,*,#3650,.F.);
#1358=ORIENTED_EDGE('',*,*,#3531,.T.);
#1359=ORIENTED_EDGE('',*,*,#3645,.T.);
#1360=ORIENTED_EDGE('',*,*,#3536,.F.);
#1361=ORIENTED_EDGE('',*,*,#3534,.F.);
#1362=ORIENTED_EDGE('',*,*,#3524,.T.);
#1363=ORIENTED_EDGE('',*,*,#3644,.T.);
#1364=ORIENTED_EDGE('',*,*,#3529,.F.);
#1365=ORIENTED_EDGE('',*,*,#3527,.F.);
#1366=ORIENTED_EDGE('',*,*,#3517,.T.);
#1367=ORIENTED_EDGE('',*,*,#3643,.T.);
#1368=ORIENTED_EDGE('',*,*,#3522,.F.);
#1369=ORIENTED_EDGE('',*,*,#3520,.F.);
#1370=ORIENTED_EDGE('',*,*,#3510,.T.);
#1371=ORIENTED_EDGE('',*,*,#3642,.T.);
#1372=ORIENTED_EDGE('',*,*,#3515,.F.);
#1373=ORIENTED_EDGE('',*,*,#3513,.F.);
#1374=ORIENTED_EDGE('',*,*,#3503,.T.);
#1375=ORIENTED_EDGE('',*,*,#3641,.T.);
#1376=ORIENTED_EDGE('',*,*,#3508,.F.);
#1377=ORIENTED_EDGE('',*,*,#3506,.F.);
#1378=ORIENTED_EDGE('',*,*,#3496,.T.);
#1379=ORIENTED_EDGE('',*,*,#3640,.T.);
#1380=ORIENTED_EDGE('',*,*,#3501,.F.);
#1381=ORIENTED_EDGE('',*,*,#3499,.F.);
#1382=ORIENTED_EDGE('',*,*,#3489,.T.);
#1383=ORIENTED_EDGE('',*,*,#3639,.T.);
#1384=ORIENTED_EDGE('',*,*,#3494,.F.);
#1385=ORIENTED_EDGE('',*,*,#3492,.F.);
#1386=ORIENTED_EDGE('',*,*,#3482,.T.);
#1387=ORIENTED_EDGE('',*,*,#3638,.T.);
#1388=ORIENTED_EDGE('',*,*,#3487,.F.);
#1389=ORIENTED_EDGE('',*,*,#3485,.F.);
#1390=ORIENTED_EDGE('',*,*,#3475,.T.);
#1391=ORIENTED_EDGE('',*,*,#3637,.T.);
#1392=ORIENTED_EDGE('',*,*,#3480,.F.);
#1393=ORIENTED_EDGE('',*,*,#3478,.F.);
#1394=ORIENTED_EDGE('',*,*,#3468,.T.);
#1395=ORIENTED_EDGE('',*,*,#3636,.T.);
#1396=ORIENTED_EDGE('',*,*,#3473,.F.);
#1397=ORIENTED_EDGE('',*,*,#3471,.F.);
#1398=ORIENTED_EDGE('',*,*,#3461,.T.);
#1399=ORIENTED_EDGE('',*,*,#3635,.T.);
#1400=ORIENTED_EDGE('',*,*,#3466,.F.);
#1401=ORIENTED_EDGE('',*,*,#3464,.F.);
#1402=ORIENTED_EDGE('',*,*,#3454,.T.);
#1403=ORIENTED_EDGE('',*,*,#3634,.T.);
#1404=ORIENTED_EDGE('',*,*,#3459,.F.);
#1405=ORIENTED_EDGE('',*,*,#3457,.F.);
#1406=ORIENTED_EDGE('',*,*,#3447,.T.);
#1407=ORIENTED_EDGE('',*,*,#3633,.T.);
#1408=ORIENTED_EDGE('',*,*,#3452,.F.);
#1409=ORIENTED_EDGE('',*,*,#3450,.F.);
#1410=ORIENTED_EDGE('',*,*,#3440,.T.);
#1411=ORIENTED_EDGE('',*,*,#3632,.T.);
#1412=ORIENTED_EDGE('',*,*,#3445,.F.);
#1413=ORIENTED_EDGE('',*,*,#3443,.F.);
#1414=ORIENTED_EDGE('',*,*,#3433,.T.);
#1415=ORIENTED_EDGE('',*,*,#3631,.T.);
#1416=ORIENTED_EDGE('',*,*,#3438,.F.);
#1417=ORIENTED_EDGE('',*,*,#3436,.F.);
#1418=ORIENTED_EDGE('',*,*,#3426,.T.);
#1419=ORIENTED_EDGE('',*,*,#3630,.T.);
#1420=ORIENTED_EDGE('',*,*,#3431,.F.);
#1421=ORIENTED_EDGE('',*,*,#3429,.F.);
#1422=ORIENTED_EDGE('',*,*,#3419,.T.);
#1423=ORIENTED_EDGE('',*,*,#3629,.T.);
#1424=ORIENTED_EDGE('',*,*,#3424,.F.);
#1425=ORIENTED_EDGE('',*,*,#3422,.F.);
#1426=ORIENTED_EDGE('',*,*,#3412,.T.);
#1427=ORIENTED_EDGE('',*,*,#3628,.T.);
#1428=ORIENTED_EDGE('',*,*,#3417,.F.);
#1429=ORIENTED_EDGE('',*,*,#3415,.F.);
#1430=ORIENTED_EDGE('',*,*,#3405,.T.);
#1431=ORIENTED_EDGE('',*,*,#3627,.T.);
#1432=ORIENTED_EDGE('',*,*,#3410,.F.);
#1433=ORIENTED_EDGE('',*,*,#3408,.F.);
#1434=ORIENTED_EDGE('',*,*,#3398,.T.);
#1435=ORIENTED_EDGE('',*,*,#3626,.T.);
#1436=ORIENTED_EDGE('',*,*,#3403,.F.);
#1437=ORIENTED_EDGE('',*,*,#3401,.F.);
#1438=ORIENTED_EDGE('',*,*,#3391,.T.);
#1439=ORIENTED_EDGE('',*,*,#3625,.T.);
#1440=ORIENTED_EDGE('',*,*,#3396,.F.);
#1441=ORIENTED_EDGE('',*,*,#3394,.F.);
#1442=ORIENTED_EDGE('',*,*,#3384,.T.);
#1443=ORIENTED_EDGE('',*,*,#3624,.T.);
#1444=ORIENTED_EDGE('',*,*,#3389,.F.);
#1445=ORIENTED_EDGE('',*,*,#3387,.F.);
#1446=ORIENTED_EDGE('',*,*,#3377,.T.);
#1447=ORIENTED_EDGE('',*,*,#3623,.T.);
#1448=ORIENTED_EDGE('',*,*,#3382,.F.);
#1449=ORIENTED_EDGE('',*,*,#3380,.F.);
#1450=ORIENTED_EDGE('',*,*,#3370,.T.);
#1451=ORIENTED_EDGE('',*,*,#3622,.T.);
#1452=ORIENTED_EDGE('',*,*,#3375,.F.);
#1453=ORIENTED_EDGE('',*,*,#3373,.F.);
#1454=ORIENTED_EDGE('',*,*,#3363,.T.);
#1455=ORIENTED_EDGE('',*,*,#3621,.T.);
#1456=ORIENTED_EDGE('',*,*,#3368,.F.);
#1457=ORIENTED_EDGE('',*,*,#3366,.F.);
#1458=ORIENTED_EDGE('',*,*,#3356,.T.);
#1459=ORIENTED_EDGE('',*,*,#3620,.T.);
#1460=ORIENTED_EDGE('',*,*,#3361,.F.);
#1461=ORIENTED_EDGE('',*,*,#3359,.F.);
#1462=ORIENTED_EDGE('',*,*,#3349,.T.);
#1463=ORIENTED_EDGE('',*,*,#3619,.T.);
#1464=ORIENTED_EDGE('',*,*,#3354,.F.);
#1465=ORIENTED_EDGE('',*,*,#3352,.F.);
#1466=ORIENTED_EDGE('',*,*,#3618,.T.);
#1467=ORIENTED_EDGE('',*,*,#3617,.T.);
#1468=ORIENTED_EDGE('',*,*,#3616,.T.);
#1469=ORIENTED_EDGE('',*,*,#3615,.T.);
#1470=ORIENTED_EDGE('',*,*,#3614,.T.);
#1471=ORIENTED_EDGE('',*,*,#3613,.T.);
#1472=ORIENTED_EDGE('',*,*,#3647,.T.);
#1473=ORIENTED_EDGE('',*,*,#3606,.T.);
#1474=ORIENTED_EDGE('',*,*,#3309,.F.);
#1475=ORIENTED_EDGE('',*,*,#3651,.F.);
#1476=ORIENTED_EDGE('',*,*,#3650,.T.);
#1477=ORIENTED_EDGE('',*,*,#3190,.F.);
#1478=ORIENTED_EDGE('',*,*,#3649,.F.);
#1479=ORIENTED_EDGE('',*,*,#3652,.T.);
#1480=ORIENTED_EDGE('',*,*,#3348,.T.);
#1481=ORIENTED_EDGE('',*,*,#3648,.F.);
#1482=ORIENTED_EDGE('',*,*,#3651,.T.);
#1483=ORIENTED_EDGE('',*,*,#3308,.T.);
#1484=ORIENTED_EDGE('',*,*,#3652,.F.);
#1485=ORIENTED_EDGE('',*,*,#3653,.F.);
#1486=ORIENTED_EDGE('',*,*,#3654,.F.);
#1487=ORIENTED_EDGE('',*,*,#3655,.F.);
#1488=ORIENTED_EDGE('',*,*,#3656,.F.);
#1489=ORIENTED_EDGE('',*,*,#3657,.F.);
#1490=ORIENTED_EDGE('',*,*,#3658,.F.);
#1491=ORIENTED_EDGE('',*,*,#3659,.T.);
#1492=ORIENTED_EDGE('',*,*,#3660,.T.);
#1493=ORIENTED_EDGE('',*,*,#3661,.T.);
#1494=ORIENTED_EDGE('',*,*,#3662,.T.);
#1495=ORIENTED_EDGE('',*,*,#3663,.T.);
#1496=ORIENTED_EDGE('',*,*,#3664,.T.);
#1497=ORIENTED_EDGE('',*,*,#3665,.T.);
#1498=ORIENTED_EDGE('',*,*,#3666,.T.);
#1499=ORIENTED_EDGE('',*,*,#3667,.T.);
#1500=ORIENTED_EDGE('',*,*,#3668,.F.);
#1501=ORIENTED_EDGE('',*,*,#3669,.F.);
#1502=ORIENTED_EDGE('',*,*,#3670,.T.);
#1503=ORIENTED_EDGE('',*,*,#3671,.T.);
#1504=ORIENTED_EDGE('',*,*,#3672,.F.);
#1505=ORIENTED_EDGE('',*,*,#3673,.T.);
#1506=ORIENTED_EDGE('',*,*,#3674,.F.);
#1507=ORIENTED_EDGE('',*,*,#3675,.F.);
#1508=ORIENTED_EDGE('',*,*,#3676,.F.);
#1509=ORIENTED_EDGE('',*,*,#3677,.T.);
#1510=ORIENTED_EDGE('',*,*,#3678,.F.);
#1511=ORIENTED_EDGE('',*,*,#3679,.F.);
#1512=ORIENTED_EDGE('',*,*,#3680,.F.);
#1513=ORIENTED_EDGE('',*,*,#3681,.T.);
#1514=ORIENTED_EDGE('',*,*,#3682,.F.);
#1515=ORIENTED_EDGE('',*,*,#3683,.F.);
#1516=ORIENTED_EDGE('',*,*,#3684,.F.);
#1517=ORIENTED_EDGE('',*,*,#3685,.T.);
#1518=ORIENTED_EDGE('',*,*,#3686,.F.);
#1519=ORIENTED_EDGE('',*,*,#3687,.T.);
#1520=ORIENTED_EDGE('',*,*,#3688,.F.);
#1521=ORIENTED_EDGE('',*,*,#3689,.F.);
#1522=ORIENTED_EDGE('',*,*,#3690,.F.);
#1523=ORIENTED_EDGE('',*,*,#3691,.F.);
#1524=ORIENTED_EDGE('',*,*,#3692,.T.);
#1525=ORIENTED_EDGE('',*,*,#3693,.T.);
#1526=ORIENTED_EDGE('',*,*,#3694,.T.);
#1527=ORIENTED_EDGE('',*,*,#3695,.F.);
#1528=ORIENTED_EDGE('',*,*,#3696,.T.);
#1529=ORIENTED_EDGE('',*,*,#3697,.F.);
#1530=ORIENTED_EDGE('',*,*,#3698,.T.);
#1531=ORIENTED_EDGE('',*,*,#3699,.T.);
#1532=ORIENTED_EDGE('',*,*,#3700,.T.);
#1533=ORIENTED_EDGE('',*,*,#3701,.F.);
#1534=ORIENTED_EDGE('',*,*,#3702,.T.);
#1535=ORIENTED_EDGE('',*,*,#3703,.T.);
#1536=ORIENTED_EDGE('',*,*,#3704,.T.);
#1537=ORIENTED_EDGE('',*,*,#3705,.F.);
#1538=ORIENTED_EDGE('',*,*,#3706,.T.);
#1539=ORIENTED_EDGE('',*,*,#3707,.T.);
#1540=ORIENTED_EDGE('',*,*,#3708,.T.);
#1541=ORIENTED_EDGE('',*,*,#3709,.F.);
#1542=ORIENTED_EDGE('',*,*,#3710,.T.);
#1543=ORIENTED_EDGE('',*,*,#3711,.F.);
#1544=ORIENTED_EDGE('',*,*,#3712,.F.);
#1545=ORIENTED_EDGE('',*,*,#3713,.T.);
#1546=ORIENTED_EDGE('',*,*,#3714,.F.);
#1547=ORIENTED_EDGE('',*,*,#3715,.F.);
#1548=ORIENTED_EDGE('',*,*,#3716,.F.);
#1549=ORIENTED_EDGE('',*,*,#3717,.F.);
#1550=ORIENTED_EDGE('',*,*,#3718,.F.);
#1551=ORIENTED_EDGE('',*,*,#3719,.F.);
#1552=ORIENTED_EDGE('',*,*,#3720,.F.);
#1553=ORIENTED_EDGE('',*,*,#3721,.F.);
#1554=ORIENTED_EDGE('',*,*,#3722,.F.);
#1555=ORIENTED_EDGE('',*,*,#3723,.T.);
#1556=ORIENTED_EDGE('',*,*,#3724,.F.);
#1557=ORIENTED_EDGE('',*,*,#3725,.T.);
#1558=ORIENTED_EDGE('',*,*,#3726,.T.);
#1559=ORIENTED_EDGE('',*,*,#3727,.F.);
#1560=ORIENTED_EDGE('',*,*,#3728,.T.);
#1561=ORIENTED_EDGE('',*,*,#3729,.T.);
#1562=ORIENTED_EDGE('',*,*,#3730,.F.);
#1563=ORIENTED_EDGE('',*,*,#3692,.F.);
#1564=ORIENTED_EDGE('',*,*,#3731,.F.);
#1565=ORIENTED_EDGE('',*,*,#3732,.F.);
#1566=ORIENTED_EDGE('',*,*,#3733,.F.);
#1567=ORIENTED_EDGE('',*,*,#3734,.F.);
#1568=ORIENTED_EDGE('',*,*,#3727,.T.);
#1569=ORIENTED_EDGE('',*,*,#3735,.T.);
#1570=ORIENTED_EDGE('',*,*,#3736,.F.);
#1571=ORIENTED_EDGE('',*,*,#3737,.T.);
#1572=ORIENTED_EDGE('',*,*,#3738,.T.);
#1573=ORIENTED_EDGE('',*,*,#3739,.F.);
#1574=ORIENTED_EDGE('',*,*,#3740,.T.);
#1575=ORIENTED_EDGE('',*,*,#3741,.T.);
#1576=ORIENTED_EDGE('',*,*,#3670,.F.);
#1577=ORIENTED_EDGE('',*,*,#3741,.F.);
#1578=ORIENTED_EDGE('',*,*,#3742,.T.);
#1579=ORIENTED_EDGE('',*,*,#3743,.T.);
#1580=ORIENTED_EDGE('',*,*,#3671,.F.);
#1581=ORIENTED_EDGE('',*,*,#3743,.F.);
#1582=ORIENTED_EDGE('',*,*,#3744,.T.);
#1583=ORIENTED_EDGE('',*,*,#3745,.T.);
#1584=ORIENTED_EDGE('',*,*,#3672,.T.);
#1585=ORIENTED_EDGE('',*,*,#3745,.F.);
#1586=ORIENTED_EDGE('',*,*,#3746,.T.);
#1587=ORIENTED_EDGE('',*,*,#3747,.T.);
#1588=ORIENTED_EDGE('',*,*,#3673,.F.);
#1589=ORIENTED_EDGE('',*,*,#3747,.F.);
#1590=ORIENTED_EDGE('',*,*,#3748,.T.);
#1591=ORIENTED_EDGE('',*,*,#3749,.T.);
#1592=ORIENTED_EDGE('',*,*,#3674,.T.);
#1593=ORIENTED_EDGE('',*,*,#3749,.F.);
#1594=ORIENTED_EDGE('',*,*,#3750,.T.);
#1595=ORIENTED_EDGE('',*,*,#3751,.T.);
#1596=ORIENTED_EDGE('',*,*,#3675,.T.);
#1597=ORIENTED_EDGE('',*,*,#3751,.F.);
#1598=ORIENTED_EDGE('',*,*,#3752,.T.);
#1599=ORIENTED_EDGE('',*,*,#3753,.T.);
#1600=ORIENTED_EDGE('',*,*,#3676,.T.);
#1601=ORIENTED_EDGE('',*,*,#3753,.F.);
#1602=ORIENTED_EDGE('',*,*,#3754,.T.);
#1603=ORIENTED_EDGE('',*,*,#3755,.T.);
#1604=ORIENTED_EDGE('',*,*,#3677,.F.);
#1605=ORIENTED_EDGE('',*,*,#3755,.F.);
#1606=ORIENTED_EDGE('',*,*,#3756,.T.);
#1607=ORIENTED_EDGE('',*,*,#3757,.T.);
#1608=ORIENTED_EDGE('',*,*,#3678,.T.);
#1609=ORIENTED_EDGE('',*,*,#3757,.F.);
#1610=ORIENTED_EDGE('',*,*,#3758,.T.);
#1611=ORIENTED_EDGE('',*,*,#3759,.T.);
#1612=ORIENTED_EDGE('',*,*,#3679,.T.);
#1613=ORIENTED_EDGE('',*,*,#3759,.F.);
#1614=ORIENTED_EDGE('',*,*,#3760,.T.);
#1615=ORIENTED_EDGE('',*,*,#3761,.T.);
#1616=ORIENTED_EDGE('',*,*,#3680,.T.);
#1617=ORIENTED_EDGE('',*,*,#3761,.F.);
#1618=ORIENTED_EDGE('',*,*,#3762,.T.);
#1619=ORIENTED_EDGE('',*,*,#3763,.T.);
#1620=ORIENTED_EDGE('',*,*,#3681,.F.);
#1621=ORIENTED_EDGE('',*,*,#3763,.F.);
#1622=ORIENTED_EDGE('',*,*,#3764,.T.);
#1623=ORIENTED_EDGE('',*,*,#3765,.T.);
#1624=ORIENTED_EDGE('',*,*,#3682,.T.);
#1625=ORIENTED_EDGE('',*,*,#3765,.F.);
#1626=ORIENTED_EDGE('',*,*,#3766,.T.);
#1627=ORIENTED_EDGE('',*,*,#3767,.T.);
#1628=ORIENTED_EDGE('',*,*,#3683,.T.);
#1629=ORIENTED_EDGE('',*,*,#3767,.F.);
#1630=ORIENTED_EDGE('',*,*,#3768,.T.);
#1631=ORIENTED_EDGE('',*,*,#3769,.T.);
#1632=ORIENTED_EDGE('',*,*,#3684,.T.);
#1633=ORIENTED_EDGE('',*,*,#3769,.F.);
#1634=ORIENTED_EDGE('',*,*,#3770,.T.);
#1635=ORIENTED_EDGE('',*,*,#3771,.T.);
#1636=ORIENTED_EDGE('',*,*,#3685,.F.);
#1637=ORIENTED_EDGE('',*,*,#3771,.F.);
#1638=ORIENTED_EDGE('',*,*,#3772,.T.);
#1639=ORIENTED_EDGE('',*,*,#3773,.T.);
#1640=ORIENTED_EDGE('',*,*,#3686,.T.);
#1641=ORIENTED_EDGE('',*,*,#3773,.F.);
#1642=ORIENTED_EDGE('',*,*,#3774,.T.);
#1643=ORIENTED_EDGE('',*,*,#3775,.T.);
#1644=ORIENTED_EDGE('',*,*,#3687,.F.);
#1645=ORIENTED_EDGE('',*,*,#3775,.F.);
#1646=ORIENTED_EDGE('',*,*,#3776,.T.);
#1647=ORIENTED_EDGE('',*,*,#3777,.T.);
#1648=ORIENTED_EDGE('',*,*,#3688,.T.);
#1649=ORIENTED_EDGE('',*,*,#3777,.F.);
#1650=ORIENTED_EDGE('',*,*,#3778,.T.);
#1651=ORIENTED_EDGE('',*,*,#3779,.T.);
#1652=ORIENTED_EDGE('',*,*,#3689,.T.);
#1653=ORIENTED_EDGE('',*,*,#3780,.F.);
#1654=ORIENTED_EDGE('',*,*,#3781,.T.);
#1655=ORIENTED_EDGE('',*,*,#3690,.T.);
#1656=ORIENTED_EDGE('',*,*,#3779,.F.);
#1657=ORIENTED_EDGE('',*,*,#3782,.T.);
#1658=ORIENTED_EDGE('',*,*,#3783,.T.);
#1659=ORIENTED_EDGE('',*,*,#3736,.T.);
#1660=ORIENTED_EDGE('',*,*,#3784,.F.);
#1661=ORIENTED_EDGE('',*,*,#3785,.F.);
#1662=ORIENTED_EDGE('',*,*,#3786,.T.);
#1663=ORIENTED_EDGE('',*,*,#3783,.F.);
#1664=ORIENTED_EDGE('',*,*,#3787,.T.);
#1665=ORIENTED_EDGE('',*,*,#3788,.T.);
#1666=ORIENTED_EDGE('',*,*,#3737,.F.);
#1667=ORIENTED_EDGE('',*,*,#3789,.F.);
#1668=ORIENTED_EDGE('',*,*,#3738,.F.);
#1669=ORIENTED_EDGE('',*,*,#3788,.F.);
#1670=ORIENTED_EDGE('',*,*,#3790,.T.);
#1671=ORIENTED_EDGE('',*,*,#3791,.T.);
#1672=ORIENTED_EDGE('',*,*,#3660,.F.);
#1673=ORIENTED_EDGE('',*,*,#3792,.T.);
#1674=ORIENTED_EDGE('',*,*,#3793,.F.);
#1675=ORIENTED_EDGE('',*,*,#3794,.F.);
#1676=ORIENTED_EDGE('',*,*,#3795,.F.);
#1677=ORIENTED_EDGE('',*,*,#3791,.F.);
#1678=ORIENTED_EDGE('',*,*,#3796,.T.);
#1679=ORIENTED_EDGE('',*,*,#3797,.T.);
#1680=ORIENTED_EDGE('',*,*,#3661,.F.);
#1681=ORIENTED_EDGE('',*,*,#3797,.F.);
#1682=ORIENTED_EDGE('',*,*,#3798,.T.);
#1683=ORIENTED_EDGE('',*,*,#3799,.T.);
#1684=ORIENTED_EDGE('',*,*,#3662,.F.);
#1685=ORIENTED_EDGE('',*,*,#3799,.F.);
#1686=ORIENTED_EDGE('',*,*,#3800,.T.);
#1687=ORIENTED_EDGE('',*,*,#3801,.T.);
#1688=ORIENTED_EDGE('',*,*,#3663,.F.);
#1689=ORIENTED_EDGE('',*,*,#3801,.F.);
#1690=ORIENTED_EDGE('',*,*,#3802,.T.);
#1691=ORIENTED_EDGE('',*,*,#3803,.T.);
#1692=ORIENTED_EDGE('',*,*,#3664,.F.);
#1693=ORIENTED_EDGE('',*,*,#3803,.F.);
#1694=ORIENTED_EDGE('',*,*,#3804,.T.);
#1695=ORIENTED_EDGE('',*,*,#3805,.T.);
#1696=ORIENTED_EDGE('',*,*,#3665,.F.);
#1697=ORIENTED_EDGE('',*,*,#3805,.F.);
#1698=ORIENTED_EDGE('',*,*,#3806,.T.);
#1699=ORIENTED_EDGE('',*,*,#3807,.T.);
#1700=ORIENTED_EDGE('',*,*,#3666,.F.);
#1701=ORIENTED_EDGE('',*,*,#3807,.F.);
#1702=ORIENTED_EDGE('',*,*,#3808,.T.);
#1703=ORIENTED_EDGE('',*,*,#3809,.T.);
#1704=ORIENTED_EDGE('',*,*,#3667,.F.);
#1705=ORIENTED_EDGE('',*,*,#3809,.F.);
#1706=ORIENTED_EDGE('',*,*,#3810,.T.);
#1707=ORIENTED_EDGE('',*,*,#3811,.T.);
#1708=ORIENTED_EDGE('',*,*,#3668,.T.);
#1709=ORIENTED_EDGE('',*,*,#3811,.F.);
#1710=ORIENTED_EDGE('',*,*,#3812,.T.);
#1711=ORIENTED_EDGE('',*,*,#3739,.T.);
#1712=ORIENTED_EDGE('',*,*,#3669,.T.);
#1713=ORIENTED_EDGE('',*,*,#3813,.F.);
#1714=ORIENTED_EDGE('',*,*,#3814,.F.);
#1715=ORIENTED_EDGE('',*,*,#3815,.F.);
#1716=ORIENTED_EDGE('',*,*,#3816,.F.);
#1717=ORIENTED_EDGE('',*,*,#3817,.F.);
#1718=ORIENTED_EDGE('',*,*,#3818,.F.);
#1719=ORIENTED_EDGE('',*,*,#3819,.T.);
#1720=ORIENTED_EDGE('',*,*,#3820,.T.);
#1721=ORIENTED_EDGE('',*,*,#3821,.T.);
#1722=ORIENTED_EDGE('',*,*,#3822,.T.);
#1723=ORIENTED_EDGE('',*,*,#3823,.T.);
#1724=ORIENTED_EDGE('',*,*,#3824,.T.);
#1725=ORIENTED_EDGE('',*,*,#3825,.T.);
#1726=ORIENTED_EDGE('',*,*,#3826,.T.);
#1727=ORIENTED_EDGE('',*,*,#3827,.T.);
#1728=ORIENTED_EDGE('',*,*,#3828,.T.);
#1729=ORIENTED_EDGE('',*,*,#3829,.T.);
#1730=ORIENTED_EDGE('',*,*,#3830,.T.);
#1731=ORIENTED_EDGE('',*,*,#3831,.T.);
#1732=ORIENTED_EDGE('',*,*,#3832,.T.);
#1733=ORIENTED_EDGE('',*,*,#3833,.T.);
#1734=ORIENTED_EDGE('',*,*,#3834,.T.);
#1735=ORIENTED_EDGE('',*,*,#3835,.T.);
#1736=ORIENTED_EDGE('',*,*,#3836,.T.);
#1737=ORIENTED_EDGE('',*,*,#3837,.T.);
#1738=ORIENTED_EDGE('',*,*,#3838,.T.);
#1739=ORIENTED_EDGE('',*,*,#3839,.T.);
#1740=ORIENTED_EDGE('',*,*,#3840,.T.);
#1741=ORIENTED_EDGE('',*,*,#3841,.T.);
#1742=ORIENTED_EDGE('',*,*,#3842,.T.);
#1743=ORIENTED_EDGE('',*,*,#3843,.T.);
#1744=ORIENTED_EDGE('',*,*,#3844,.T.);
#1745=ORIENTED_EDGE('',*,*,#3845,.T.);
#1746=ORIENTED_EDGE('',*,*,#3846,.T.);
#1747=ORIENTED_EDGE('',*,*,#3847,.T.);
#1748=ORIENTED_EDGE('',*,*,#3848,.T.);
#1749=ORIENTED_EDGE('',*,*,#3849,.T.);
#1750=ORIENTED_EDGE('',*,*,#3850,.T.);
#1751=ORIENTED_EDGE('',*,*,#3851,.F.);
#1752=ORIENTED_EDGE('',*,*,#3836,.F.);
#1753=ORIENTED_EDGE('',*,*,#3852,.F.);
#1754=ORIENTED_EDGE('',*,*,#3778,.F.);
#1755=ORIENTED_EDGE('',*,*,#3852,.T.);
#1756=ORIENTED_EDGE('',*,*,#3835,.F.);
#1757=ORIENTED_EDGE('',*,*,#3853,.F.);
#1758=ORIENTED_EDGE('',*,*,#3782,.F.);
#1759=ORIENTED_EDGE('',*,*,#3851,.T.);
#1760=ORIENTED_EDGE('',*,*,#3776,.F.);
#1761=ORIENTED_EDGE('',*,*,#3854,.F.);
#1762=ORIENTED_EDGE('',*,*,#3837,.F.);
#1763=ORIENTED_EDGE('',*,*,#3853,.T.);
#1764=ORIENTED_EDGE('',*,*,#3834,.F.);
#1765=ORIENTED_EDGE('',*,*,#3855,.F.);
#1766=ORIENTED_EDGE('',*,*,#3787,.F.);
#1767=ORIENTED_EDGE('',*,*,#3854,.T.);
#1768=ORIENTED_EDGE('',*,*,#3774,.F.);
#1769=ORIENTED_EDGE('',*,*,#3856,.F.);
#1770=ORIENTED_EDGE('',*,*,#3838,.F.);
#1771=ORIENTED_EDGE('',*,*,#3855,.T.);
#1772=ORIENTED_EDGE('',*,*,#3833,.F.);
#1773=ORIENTED_EDGE('',*,*,#3857,.F.);
#1774=ORIENTED_EDGE('',*,*,#3790,.F.);
#1775=ORIENTED_EDGE('',*,*,#3856,.T.);
#1776=ORIENTED_EDGE('',*,*,#3772,.F.);
#1777=ORIENTED_EDGE('',*,*,#3858,.F.);
#1778=ORIENTED_EDGE('',*,*,#3839,.F.);
#1779=ORIENTED_EDGE('',*,*,#3857,.T.);
#1780=ORIENTED_EDGE('',*,*,#3832,.F.);
#1781=ORIENTED_EDGE('',*,*,#3859,.F.);
#1782=ORIENTED_EDGE('',*,*,#3796,.F.);
#1783=ORIENTED_EDGE('',*,*,#3858,.T.);
#1784=ORIENTED_EDGE('',*,*,#3770,.F.);
#1785=ORIENTED_EDGE('',*,*,#3860,.F.);
#1786=ORIENTED_EDGE('',*,*,#3840,.F.);
#1787=ORIENTED_EDGE('',*,*,#3859,.T.);
#1788=ORIENTED_EDGE('',*,*,#3831,.F.);
#1789=ORIENTED_EDGE('',*,*,#3861,.F.);
#1790=ORIENTED_EDGE('',*,*,#3798,.F.);
#1791=ORIENTED_EDGE('',*,*,#3860,.T.);
#1792=ORIENTED_EDGE('',*,*,#3768,.F.);
#1793=ORIENTED_EDGE('',*,*,#3862,.F.);
#1794=ORIENTED_EDGE('',*,*,#3841,.F.);
#1795=ORIENTED_EDGE('',*,*,#3861,.T.);
#1796=ORIENTED_EDGE('',*,*,#3830,.F.);
#1797=ORIENTED_EDGE('',*,*,#3863,.F.);
#1798=ORIENTED_EDGE('',*,*,#3800,.F.);
#1799=ORIENTED_EDGE('',*,*,#3862,.T.);
#1800=ORIENTED_EDGE('',*,*,#3766,.F.);
#1801=ORIENTED_EDGE('',*,*,#3864,.F.);
#1802=ORIENTED_EDGE('',*,*,#3842,.F.);
#1803=ORIENTED_EDGE('',*,*,#3863,.T.);
#1804=ORIENTED_EDGE('',*,*,#3829,.F.);
#1805=ORIENTED_EDGE('',*,*,#3865,.F.);
#1806=ORIENTED_EDGE('',*,*,#3802,.F.);
#1807=ORIENTED_EDGE('',*,*,#3864,.T.);
#1808=ORIENTED_EDGE('',*,*,#3764,.F.);
#1809=ORIENTED_EDGE('',*,*,#3866,.F.);
#1810=ORIENTED_EDGE('',*,*,#3843,.F.);
#1811=ORIENTED_EDGE('',*,*,#3865,.T.);
#1812=ORIENTED_EDGE('',*,*,#3828,.F.);
#1813=ORIENTED_EDGE('',*,*,#3867,.F.);
#1814=ORIENTED_EDGE('',*,*,#3804,.F.);
#1815=ORIENTED_EDGE('',*,*,#3866,.T.);
#1816=ORIENTED_EDGE('',*,*,#3762,.F.);
#1817=ORIENTED_EDGE('',*,*,#3868,.F.);
#1818=ORIENTED_EDGE('',*,*,#3844,.F.);
#1819=ORIENTED_EDGE('',*,*,#3867,.T.);
#1820=ORIENTED_EDGE('',*,*,#3827,.F.);
#1821=ORIENTED_EDGE('',*,*,#3869,.F.);
#1822=ORIENTED_EDGE('',*,*,#3806,.F.);
#1823=ORIENTED_EDGE('',*,*,#3868,.T.);
#1824=ORIENTED_EDGE('',*,*,#3760,.F.);
#1825=ORIENTED_EDGE('',*,*,#3870,.F.);
#1826=ORIENTED_EDGE('',*,*,#3845,.F.);
#1827=ORIENTED_EDGE('',*,*,#3869,.T.);
#1828=ORIENTED_EDGE('',*,*,#3826,.F.);
#1829=ORIENTED_EDGE('',*,*,#3871,.F.);
#1830=ORIENTED_EDGE('',*,*,#3808,.F.);
#1831=ORIENTED_EDGE('',*,*,#3870,.T.);
#1832=ORIENTED_EDGE('',*,*,#3758,.F.);
#1833=ORIENTED_EDGE('',*,*,#3872,.F.);
#1834=ORIENTED_EDGE('',*,*,#3846,.F.);
#1835=ORIENTED_EDGE('',*,*,#3871,.T.);
#1836=ORIENTED_EDGE('',*,*,#3825,.F.);
#1837=ORIENTED_EDGE('',*,*,#3873,.F.);
#1838=ORIENTED_EDGE('',*,*,#3810,.F.);
#1839=ORIENTED_EDGE('',*,*,#3872,.T.);
#1840=ORIENTED_EDGE('',*,*,#3756,.F.);
#1841=ORIENTED_EDGE('',*,*,#3874,.F.);
#1842=ORIENTED_EDGE('',*,*,#3847,.F.);
#1843=ORIENTED_EDGE('',*,*,#3873,.T.);
#1844=ORIENTED_EDGE('',*,*,#3824,.F.);
#1845=ORIENTED_EDGE('',*,*,#3875,.F.);
#1846=ORIENTED_EDGE('',*,*,#3812,.F.);
#1847=ORIENTED_EDGE('',*,*,#3874,.T.);
#1848=ORIENTED_EDGE('',*,*,#3754,.F.);
#1849=ORIENTED_EDGE('',*,*,#3876,.F.);
#1850=ORIENTED_EDGE('',*,*,#3848,.F.);
#1851=ORIENTED_EDGE('',*,*,#3875,.T.);
#1852=ORIENTED_EDGE('',*,*,#3823,.F.);
#1853=ORIENTED_EDGE('',*,*,#3877,.F.);
#1854=ORIENTED_EDGE('',*,*,#3740,.F.);
#1855=ORIENTED_EDGE('',*,*,#3876,.T.);
#1856=ORIENTED_EDGE('',*,*,#3752,.F.);
#1857=ORIENTED_EDGE('',*,*,#3878,.F.);
#1858=ORIENTED_EDGE('',*,*,#3849,.F.);
#1859=ORIENTED_EDGE('',*,*,#3877,.T.);
#1860=ORIENTED_EDGE('',*,*,#3822,.F.);
#1861=ORIENTED_EDGE('',*,*,#3879,.F.);
#1862=ORIENTED_EDGE('',*,*,#3742,.F.);
#1863=ORIENTED_EDGE('',*,*,#3878,.T.);
#1864=ORIENTED_EDGE('',*,*,#3750,.F.);
#1865=ORIENTED_EDGE('',*,*,#3880,.F.);
#1866=ORIENTED_EDGE('',*,*,#3850,.F.);
#1867=ORIENTED_EDGE('',*,*,#3879,.T.);
#1868=ORIENTED_EDGE('',*,*,#3821,.F.);
#1869=ORIENTED_EDGE('',*,*,#3881,.F.);
#1870=ORIENTED_EDGE('',*,*,#3744,.F.);
#1871=ORIENTED_EDGE('',*,*,#3880,.T.);
#1872=ORIENTED_EDGE('',*,*,#3748,.F.);
#1873=ORIENTED_EDGE('',*,*,#3882,.F.);
#1874=ORIENTED_EDGE('',*,*,#3819,.F.);
#1875=ORIENTED_EDGE('',*,*,#3881,.T.);
#1876=ORIENTED_EDGE('',*,*,#3820,.F.);
#1877=ORIENTED_EDGE('',*,*,#3882,.T.);
#1878=ORIENTED_EDGE('',*,*,#3746,.F.);
#1879=ORIENTED_EDGE('',*,*,#3883,.F.);
#1880=ORIENTED_EDGE('',*,*,#3884,.F.);
#1881=ORIENTED_EDGE('',*,*,#3705,.T.);
#1882=ORIENTED_EDGE('',*,*,#3885,.T.);
#1883=ORIENTED_EDGE('',*,*,#3886,.T.);
#1884=ORIENTED_EDGE('',*,*,#3887,.F.);
#1885=ORIENTED_EDGE('',*,*,#3706,.F.);
#1886=ORIENTED_EDGE('',*,*,#3884,.T.);
#1887=ORIENTED_EDGE('',*,*,#3888,.T.);
#1888=ORIENTED_EDGE('',*,*,#3889,.F.);
#1889=ORIENTED_EDGE('',*,*,#3707,.F.);
#1890=ORIENTED_EDGE('',*,*,#3887,.T.);
#1891=ORIENTED_EDGE('',*,*,#3890,.T.);
#1892=ORIENTED_EDGE('',*,*,#3891,.F.);
#1893=ORIENTED_EDGE('',*,*,#3708,.F.);
#1894=ORIENTED_EDGE('',*,*,#3889,.T.);
#1895=ORIENTED_EDGE('',*,*,#3892,.F.);
#1896=ORIENTED_EDGE('',*,*,#3893,.F.);
#1897=ORIENTED_EDGE('',*,*,#3709,.T.);
#1898=ORIENTED_EDGE('',*,*,#3891,.T.);
#1899=ORIENTED_EDGE('',*,*,#3894,.T.);
#1900=ORIENTED_EDGE('',*,*,#3895,.F.);
#1901=ORIENTED_EDGE('',*,*,#3710,.F.);
#1902=ORIENTED_EDGE('',*,*,#3893,.T.);
#1903=ORIENTED_EDGE('',*,*,#3896,.F.);
#1904=ORIENTED_EDGE('',*,*,#3897,.F.);
#1905=ORIENTED_EDGE('',*,*,#3711,.T.);
#1906=ORIENTED_EDGE('',*,*,#3895,.T.);
#1907=ORIENTED_EDGE('',*,*,#3898,.F.);
#1908=ORIENTED_EDGE('',*,*,#3899,.F.);
#1909=ORIENTED_EDGE('',*,*,#3712,.T.);
#1910=ORIENTED_EDGE('',*,*,#3897,.T.);
#1911=ORIENTED_EDGE('',*,*,#3900,.T.);
#1912=ORIENTED_EDGE('',*,*,#3901,.F.);
#1913=ORIENTED_EDGE('',*,*,#3713,.F.);
#1914=ORIENTED_EDGE('',*,*,#3899,.T.);
#1915=ORIENTED_EDGE('',*,*,#3902,.F.);
#1916=ORIENTED_EDGE('',*,*,#3903,.F.);
#1917=ORIENTED_EDGE('',*,*,#3714,.T.);
#1918=ORIENTED_EDGE('',*,*,#3901,.T.);
#1919=ORIENTED_EDGE('',*,*,#3904,.F.);
#1920=ORIENTED_EDGE('',*,*,#3905,.F.);
#1921=ORIENTED_EDGE('',*,*,#3715,.T.);
#1922=ORIENTED_EDGE('',*,*,#3903,.T.);
#1923=ORIENTED_EDGE('',*,*,#3906,.F.);
#1924=ORIENTED_EDGE('',*,*,#3907,.F.);
#1925=ORIENTED_EDGE('',*,*,#3716,.T.);
#1926=ORIENTED_EDGE('',*,*,#3905,.T.);
#1927=ORIENTED_EDGE('',*,*,#3908,.F.);
#1928=ORIENTED_EDGE('',*,*,#3909,.F.);
#1929=ORIENTED_EDGE('',*,*,#3717,.T.);
#1930=ORIENTED_EDGE('',*,*,#3907,.T.);
#1931=ORIENTED_EDGE('',*,*,#3910,.F.);
#1932=ORIENTED_EDGE('',*,*,#3911,.F.);
#1933=ORIENTED_EDGE('',*,*,#3718,.T.);
#1934=ORIENTED_EDGE('',*,*,#3909,.T.);
#1935=ORIENTED_EDGE('',*,*,#3912,.F.);
#1936=ORIENTED_EDGE('',*,*,#3913,.F.);
#1937=ORIENTED_EDGE('',*,*,#3719,.T.);
#1938=ORIENTED_EDGE('',*,*,#3911,.T.);
#1939=ORIENTED_EDGE('',*,*,#3914,.F.);
#1940=ORIENTED_EDGE('',*,*,#3915,.F.);
#1941=ORIENTED_EDGE('',*,*,#3720,.T.);
#1942=ORIENTED_EDGE('',*,*,#3913,.T.);
#1943=ORIENTED_EDGE('',*,*,#3916,.F.);
#1944=ORIENTED_EDGE('',*,*,#3917,.F.);
#1945=ORIENTED_EDGE('',*,*,#3721,.T.);
#1946=ORIENTED_EDGE('',*,*,#3915,.T.);
#1947=ORIENTED_EDGE('',*,*,#3918,.F.);
#1948=ORIENTED_EDGE('',*,*,#3919,.F.);
#1949=ORIENTED_EDGE('',*,*,#3920,.F.);
#1950=ORIENTED_EDGE('',*,*,#3921,.F.);
#1951=ORIENTED_EDGE('',*,*,#3922,.T.);
#1952=ORIENTED_EDGE('',*,*,#3658,.T.);
#1953=ORIENTED_EDGE('',*,*,#3917,.T.);
#1954=ORIENTED_EDGE('',*,*,#3923,.F.);
#1955=ORIENTED_EDGE('',*,*,#3924,.F.);
#1956=ORIENTED_EDGE('',*,*,#3733,.T.);
#1957=ORIENTED_EDGE('',*,*,#3925,.F.);
#1958=ORIENTED_EDGE('',*,*,#3728,.F.);
#1959=ORIENTED_EDGE('',*,*,#3734,.T.);
#1960=ORIENTED_EDGE('',*,*,#3924,.T.);
#1961=ORIENTED_EDGE('',*,*,#3926,.T.);
#1962=ORIENTED_EDGE('',*,*,#3927,.F.);
#1963=ORIENTED_EDGE('',*,*,#3693,.F.);
#1964=ORIENTED_EDGE('',*,*,#3730,.T.);
#1965=ORIENTED_EDGE('',*,*,#3928,.T.);
#1966=ORIENTED_EDGE('',*,*,#3929,.F.);
#1967=ORIENTED_EDGE('',*,*,#3694,.F.);
#1968=ORIENTED_EDGE('',*,*,#3927,.T.);
#1969=ORIENTED_EDGE('',*,*,#3930,.F.);
#1970=ORIENTED_EDGE('',*,*,#3931,.F.);
#1971=ORIENTED_EDGE('',*,*,#3695,.T.);
#1972=ORIENTED_EDGE('',*,*,#3929,.T.);
#1973=ORIENTED_EDGE('',*,*,#3932,.T.);
#1974=ORIENTED_EDGE('',*,*,#3933,.F.);
#1975=ORIENTED_EDGE('',*,*,#3696,.F.);
#1976=ORIENTED_EDGE('',*,*,#3931,.T.);
#1977=ORIENTED_EDGE('',*,*,#3934,.F.);
#1978=ORIENTED_EDGE('',*,*,#3935,.F.);
#1979=ORIENTED_EDGE('',*,*,#3697,.T.);
#1980=ORIENTED_EDGE('',*,*,#3933,.T.);
#1981=ORIENTED_EDGE('',*,*,#3936,.T.);
#1982=ORIENTED_EDGE('',*,*,#3937,.F.);
#1983=ORIENTED_EDGE('',*,*,#3698,.F.);
#1984=ORIENTED_EDGE('',*,*,#3935,.T.);
#1985=ORIENTED_EDGE('',*,*,#3938,.T.);
#1986=ORIENTED_EDGE('',*,*,#3939,.F.);
#1987=ORIENTED_EDGE('',*,*,#3699,.F.);
#1988=ORIENTED_EDGE('',*,*,#3937,.T.);
#1989=ORIENTED_EDGE('',*,*,#3940,.T.);
#1990=ORIENTED_EDGE('',*,*,#3941,.F.);
#1991=ORIENTED_EDGE('',*,*,#3700,.F.);
#1992=ORIENTED_EDGE('',*,*,#3939,.T.);
#1993=ORIENTED_EDGE('',*,*,#3942,.F.);
#1994=ORIENTED_EDGE('',*,*,#3943,.F.);
#1995=ORIENTED_EDGE('',*,*,#3701,.T.);
#1996=ORIENTED_EDGE('',*,*,#3941,.T.);
#1997=ORIENTED_EDGE('',*,*,#3944,.T.);
#1998=ORIENTED_EDGE('',*,*,#3945,.F.);
#1999=ORIENTED_EDGE('',*,*,#3702,.F.);
#2000=ORIENTED_EDGE('',*,*,#3943,.T.);
#2001=ORIENTED_EDGE('',*,*,#3946,.T.);
#2002=ORIENTED_EDGE('',*,*,#3947,.F.);
#2003=ORIENTED_EDGE('',*,*,#3703,.F.);
#2004=ORIENTED_EDGE('',*,*,#3945,.T.);
#2005=ORIENTED_EDGE('',*,*,#3948,.T.);
#2006=ORIENTED_EDGE('',*,*,#3885,.F.);
#2007=ORIENTED_EDGE('',*,*,#3704,.F.);
#2008=ORIENTED_EDGE('',*,*,#3947,.T.);
#2009=ORIENTED_EDGE('',*,*,#3883,.T.);
#2010=ORIENTED_EDGE('',*,*,#3948,.F.);
#2011=ORIENTED_EDGE('',*,*,#3946,.F.);
#2012=ORIENTED_EDGE('',*,*,#3944,.F.);
#2013=ORIENTED_EDGE('',*,*,#3942,.T.);
#2014=ORIENTED_EDGE('',*,*,#3940,.F.);
#2015=ORIENTED_EDGE('',*,*,#3938,.F.);
#2016=ORIENTED_EDGE('',*,*,#3936,.F.);
#2017=ORIENTED_EDGE('',*,*,#3934,.T.);
#2018=ORIENTED_EDGE('',*,*,#3932,.F.);
#2019=ORIENTED_EDGE('',*,*,#3930,.T.);
#2020=ORIENTED_EDGE('',*,*,#3928,.F.);
#2021=ORIENTED_EDGE('',*,*,#3926,.F.);
#2022=ORIENTED_EDGE('',*,*,#3729,.F.);
#2023=ORIENTED_EDGE('',*,*,#3925,.T.);
#2024=ORIENTED_EDGE('',*,*,#3923,.T.);
#2025=ORIENTED_EDGE('',*,*,#3916,.T.);
#2026=ORIENTED_EDGE('',*,*,#3914,.T.);
#2027=ORIENTED_EDGE('',*,*,#3912,.T.);
#2028=ORIENTED_EDGE('',*,*,#3910,.T.);
#2029=ORIENTED_EDGE('',*,*,#3908,.T.);
#2030=ORIENTED_EDGE('',*,*,#3906,.T.);
#2031=ORIENTED_EDGE('',*,*,#3904,.T.);
#2032=ORIENTED_EDGE('',*,*,#3902,.T.);
#2033=ORIENTED_EDGE('',*,*,#3900,.F.);
#2034=ORIENTED_EDGE('',*,*,#3898,.T.);
#2035=ORIENTED_EDGE('',*,*,#3896,.T.);
#2036=ORIENTED_EDGE('',*,*,#3894,.F.);
#2037=ORIENTED_EDGE('',*,*,#3892,.T.);
#2038=ORIENTED_EDGE('',*,*,#3890,.F.);
#2039=ORIENTED_EDGE('',*,*,#3888,.F.);
#2040=ORIENTED_EDGE('',*,*,#3886,.F.);
#2041=ORIENTED_EDGE('',*,*,#3949,.T.);
#2042=ORIENTED_EDGE('',*,*,#3780,.T.);
#2043=ORIENTED_EDGE('',*,*,#3950,.F.);
#2044=ORIENTED_EDGE('',*,*,#3723,.F.);
#2045=ORIENTED_EDGE('',*,*,#3724,.T.);
#2046=ORIENTED_EDGE('',*,*,#3950,.T.);
#2047=ORIENTED_EDGE('',*,*,#3786,.F.);
#2048=ORIENTED_EDGE('',*,*,#3951,.F.);
#2049=ORIENTED_EDGE('',*,*,#3951,.T.);
#2050=ORIENTED_EDGE('',*,*,#3785,.T.);
#2051=ORIENTED_EDGE('',*,*,#3952,.F.);
#2052=ORIENTED_EDGE('',*,*,#3725,.F.);
#2053=ORIENTED_EDGE('',*,*,#3722,.T.);
#2054=ORIENTED_EDGE('',*,*,#3691,.T.);
#2055=ORIENTED_EDGE('',*,*,#3781,.F.);
#2056=ORIENTED_EDGE('',*,*,#3949,.F.);
#2057=ORIENTED_EDGE('',*,*,#3952,.T.);
#2058=ORIENTED_EDGE('',*,*,#3784,.T.);
#2059=ORIENTED_EDGE('',*,*,#3735,.F.);
#2060=ORIENTED_EDGE('',*,*,#3726,.F.);
#2061=ORIENTED_EDGE('',*,*,#3918,.T.);
#2062=ORIENTED_EDGE('',*,*,#3732,.T.);
#2063=ORIENTED_EDGE('',*,*,#3789,.T.);
#2064=ORIENTED_EDGE('',*,*,#3953,.F.);
#2065=ORIENTED_EDGE('',*,*,#3919,.T.);
#2066=ORIENTED_EDGE('',*,*,#3953,.T.);
#2067=ORIENTED_EDGE('',*,*,#3795,.T.);
#2068=ORIENTED_EDGE('',*,*,#3954,.F.);
#2069=ORIENTED_EDGE('',*,*,#3920,.T.);
#2070=ORIENTED_EDGE('',*,*,#3954,.T.);
#2071=ORIENTED_EDGE('',*,*,#3794,.T.);
#2072=ORIENTED_EDGE('',*,*,#3955,.F.);
#2073=ORIENTED_EDGE('',*,*,#3921,.T.);
#2074=ORIENTED_EDGE('',*,*,#3955,.T.);
#2075=ORIENTED_EDGE('',*,*,#3793,.T.);
#2076=ORIENTED_EDGE('',*,*,#3956,.F.);
#2077=ORIENTED_EDGE('',*,*,#3956,.T.);
#2078=ORIENTED_EDGE('',*,*,#3792,.F.);
#2079=ORIENTED_EDGE('',*,*,#3659,.F.);
#2080=ORIENTED_EDGE('',*,*,#3922,.F.);
#2081=ORIENTED_EDGE('',*,*,#3657,.T.);
#2082=ORIENTED_EDGE('',*,*,#3818,.T.);
#2083=ORIENTED_EDGE('',*,*,#3656,.T.);
#2084=ORIENTED_EDGE('',*,*,#3817,.T.);
#2085=ORIENTED_EDGE('',*,*,#3655,.T.);
#2086=ORIENTED_EDGE('',*,*,#3816,.T.);
#2087=ORIENTED_EDGE('',*,*,#3654,.T.);
#2088=ORIENTED_EDGE('',*,*,#3815,.T.);
#2089=ORIENTED_EDGE('',*,*,#3731,.T.);
#2090=ORIENTED_EDGE('',*,*,#3814,.T.);
#2091=ORIENTED_EDGE('',*,*,#3653,.T.);
#2092=ORIENTED_EDGE('',*,*,#3813,.T.);
#2093=ORIENTED_EDGE('',*,*,#3957,.F.);
#2094=ORIENTED_EDGE('',*,*,#3958,.T.);
#2095=ORIENTED_EDGE('',*,*,#3959,.F.);
#2096=ORIENTED_EDGE('',*,*,#3960,.T.);
#2097=ORIENTED_EDGE('',*,*,#3961,.T.);
#2098=ORIENTED_EDGE('',*,*,#3962,.F.);
#2099=ORIENTED_EDGE('',*,*,#3963,.F.);
#2100=ORIENTED_EDGE('',*,*,#3964,.T.);
#2101=ORIENTED_EDGE('',*,*,#3965,.F.);
#2102=ORIENTED_EDGE('',*,*,#3966,.F.);
#2103=ORIENTED_EDGE('',*,*,#3967,.T.);
#2104=ORIENTED_EDGE('',*,*,#3968,.T.);
#2105=ORIENTED_EDGE('',*,*,#3962,.T.);
#2106=ORIENTED_EDGE('',*,*,#3969,.T.);
#2107=ORIENTED_EDGE('',*,*,#3970,.F.);
#2108=ORIENTED_EDGE('',*,*,#3971,.F.);
#2109=ORIENTED_EDGE('',*,*,#3972,.F.);
#2110=ORIENTED_EDGE('',*,*,#3973,.F.);
#2111=ORIENTED_EDGE('',*,*,#3974,.F.);
#2112=ORIENTED_EDGE('',*,*,#3975,.F.);
#2113=ORIENTED_EDGE('',*,*,#3976,.F.);
#2114=ORIENTED_EDGE('',*,*,#3977,.T.);
#2115=ORIENTED_EDGE('',*,*,#3978,.T.);
#2116=ORIENTED_EDGE('',*,*,#3979,.T.);
#2117=ORIENTED_EDGE('',*,*,#3980,.T.);
#2118=ORIENTED_EDGE('',*,*,#3981,.T.);
#2119=ORIENTED_EDGE('',*,*,#3982,.T.);
#2120=ORIENTED_EDGE('',*,*,#3983,.T.);
#2121=ORIENTED_EDGE('',*,*,#3984,.T.);
#2122=ORIENTED_EDGE('',*,*,#3985,.F.);
#2123=ORIENTED_EDGE('',*,*,#3986,.T.);
#2124=ORIENTED_EDGE('',*,*,#3987,.T.);
#2125=ORIENTED_EDGE('',*,*,#3988,.T.);
#2126=ORIENTED_EDGE('',*,*,#3989,.T.);
#2127=ORIENTED_EDGE('',*,*,#3990,.T.);
#2128=ORIENTED_EDGE('',*,*,#3991,.F.);
#2129=ORIENTED_EDGE('',*,*,#3992,.T.);
#2130=ORIENTED_EDGE('',*,*,#3993,.T.);
#2131=ORIENTED_EDGE('',*,*,#3994,.T.);
#2132=ORIENTED_EDGE('',*,*,#3995,.F.);
#2133=ORIENTED_EDGE('',*,*,#3996,.T.);
#2134=ORIENTED_EDGE('',*,*,#3997,.T.);
#2135=ORIENTED_EDGE('',*,*,#3998,.T.);
#2136=ORIENTED_EDGE('',*,*,#3999,.F.);
#2137=ORIENTED_EDGE('',*,*,#4000,.T.);
#2138=ORIENTED_EDGE('',*,*,#4001,.T.);
#2139=ORIENTED_EDGE('',*,*,#4002,.T.);
#2140=ORIENTED_EDGE('',*,*,#4003,.T.);
#2141=ORIENTED_EDGE('',*,*,#4004,.T.);
#2142=ORIENTED_EDGE('',*,*,#4005,.F.);
#2143=ORIENTED_EDGE('',*,*,#4006,.F.);
#2144=ORIENTED_EDGE('',*,*,#4007,.T.);
#2145=ORIENTED_EDGE('',*,*,#4008,.T.);
#2146=ORIENTED_EDGE('',*,*,#4009,.T.);
#2147=ORIENTED_EDGE('',*,*,#4010,.T.);
#2148=ORIENTED_EDGE('',*,*,#4011,.F.);
#2149=ORIENTED_EDGE('',*,*,#4012,.T.);
#2150=ORIENTED_EDGE('',*,*,#4013,.F.);
#2151=ORIENTED_EDGE('',*,*,#4014,.T.);
#2152=ORIENTED_EDGE('',*,*,#4015,.T.);
#2153=ORIENTED_EDGE('',*,*,#4016,.T.);
#2154=ORIENTED_EDGE('',*,*,#4017,.F.);
#2155=ORIENTED_EDGE('',*,*,#4018,.T.);
#2156=ORIENTED_EDGE('',*,*,#4019,.T.);
#2157=ORIENTED_EDGE('',*,*,#4020,.T.);
#2158=ORIENTED_EDGE('',*,*,#4021,.F.);
#2159=ORIENTED_EDGE('',*,*,#4022,.T.);
#2160=ORIENTED_EDGE('',*,*,#4023,.T.);
#2161=ORIENTED_EDGE('',*,*,#4024,.T.);
#2162=ORIENTED_EDGE('',*,*,#4025,.F.);
#2163=ORIENTED_EDGE('',*,*,#4026,.T.);
#2164=ORIENTED_EDGE('',*,*,#4027,.F.);
#2165=ORIENTED_EDGE('',*,*,#4028,.F.);
#2166=ORIENTED_EDGE('',*,*,#4029,.T.);
#2167=ORIENTED_EDGE('',*,*,#4030,.T.);
#2168=ORIENTED_EDGE('',*,*,#4031,.F.);
#2169=ORIENTED_EDGE('',*,*,#4032,.F.);
#2170=ORIENTED_EDGE('',*,*,#4033,.F.);
#2171=ORIENTED_EDGE('',*,*,#4034,.F.);
#2172=ORIENTED_EDGE('',*,*,#4035,.F.);
#2173=ORIENTED_EDGE('',*,*,#4036,.F.);
#2174=ORIENTED_EDGE('',*,*,#4037,.F.);
#2175=ORIENTED_EDGE('',*,*,#3958,.F.);
#2176=ORIENTED_EDGE('',*,*,#3996,.F.);
#2177=ORIENTED_EDGE('',*,*,#4038,.F.);
#2178=ORIENTED_EDGE('',*,*,#4039,.T.);
#2179=ORIENTED_EDGE('',*,*,#4040,.T.);
#2180=ORIENTED_EDGE('',*,*,#3995,.T.);
#2181=ORIENTED_EDGE('',*,*,#4041,.F.);
#2182=ORIENTED_EDGE('',*,*,#4042,.F.);
#2183=ORIENTED_EDGE('',*,*,#4038,.T.);
#2184=ORIENTED_EDGE('',*,*,#3994,.F.);
#2185=ORIENTED_EDGE('',*,*,#4043,.F.);
#2186=ORIENTED_EDGE('',*,*,#4044,.T.);
#2187=ORIENTED_EDGE('',*,*,#4041,.T.);
#2188=ORIENTED_EDGE('',*,*,#3993,.F.);
#2189=ORIENTED_EDGE('',*,*,#4045,.F.);
#2190=ORIENTED_EDGE('',*,*,#4046,.T.);
#2191=ORIENTED_EDGE('',*,*,#4043,.T.);
#2192=ORIENTED_EDGE('',*,*,#3992,.F.);
#2193=ORIENTED_EDGE('',*,*,#4047,.F.);
#2194=ORIENTED_EDGE('',*,*,#4048,.T.);
#2195=ORIENTED_EDGE('',*,*,#4045,.T.);
#2196=ORIENTED_EDGE('',*,*,#3991,.T.);
#2197=ORIENTED_EDGE('',*,*,#4049,.F.);
#2198=ORIENTED_EDGE('',*,*,#4050,.F.);
#2199=ORIENTED_EDGE('',*,*,#4047,.T.);
#2200=ORIENTED_EDGE('',*,*,#3990,.F.);
#2201=ORIENTED_EDGE('',*,*,#4051,.F.);
#2202=ORIENTED_EDGE('',*,*,#4052,.T.);
#2203=ORIENTED_EDGE('',*,*,#4049,.T.);
#2204=ORIENTED_EDGE('',*,*,#3989,.F.);
#2205=ORIENTED_EDGE('',*,*,#4053,.F.);
#2206=ORIENTED_EDGE('',*,*,#4054,.T.);
#2207=ORIENTED_EDGE('',*,*,#4051,.T.);
#2208=ORIENTED_EDGE('',*,*,#3988,.F.);
#2209=ORIENTED_EDGE('',*,*,#4055,.F.);
#2210=ORIENTED_EDGE('',*,*,#4056,.T.);
#2211=ORIENTED_EDGE('',*,*,#4053,.T.);
#2212=ORIENTED_EDGE('',*,*,#3987,.F.);
#2213=ORIENTED_EDGE('',*,*,#4057,.F.);
#2214=ORIENTED_EDGE('',*,*,#4058,.T.);
#2215=ORIENTED_EDGE('',*,*,#4055,.T.);
#2216=ORIENTED_EDGE('',*,*,#3986,.F.);
#2217=ORIENTED_EDGE('',*,*,#4059,.F.);
#2218=ORIENTED_EDGE('',*,*,#4060,.T.);
#2219=ORIENTED_EDGE('',*,*,#4057,.T.);
#2220=ORIENTED_EDGE('',*,*,#3985,.T.);
#2221=ORIENTED_EDGE('',*,*,#4061,.F.);
#2222=ORIENTED_EDGE('',*,*,#4062,.F.);
#2223=ORIENTED_EDGE('',*,*,#4059,.T.);
#2224=ORIENTED_EDGE('',*,*,#3984,.F.);
#2225=ORIENTED_EDGE('',*,*,#4063,.F.);
#2226=ORIENTED_EDGE('',*,*,#4064,.T.);
#2227=ORIENTED_EDGE('',*,*,#4061,.T.);
#2228=ORIENTED_EDGE('',*,*,#3983,.F.);
#2229=ORIENTED_EDGE('',*,*,#4065,.F.);
#2230=ORIENTED_EDGE('',*,*,#4066,.T.);
#2231=ORIENTED_EDGE('',*,*,#4063,.T.);
#2232=ORIENTED_EDGE('',*,*,#3982,.F.);
#2233=ORIENTED_EDGE('',*,*,#4067,.F.);
#2234=ORIENTED_EDGE('',*,*,#4068,.T.);
#2235=ORIENTED_EDGE('',*,*,#4065,.T.);
#2236=ORIENTED_EDGE('',*,*,#3981,.F.);
#2237=ORIENTED_EDGE('',*,*,#4069,.F.);
#2238=ORIENTED_EDGE('',*,*,#4070,.T.);
#2239=ORIENTED_EDGE('',*,*,#4067,.T.);
#2240=ORIENTED_EDGE('',*,*,#3980,.F.);
#2241=ORIENTED_EDGE('',*,*,#4071,.F.);
#2242=ORIENTED_EDGE('',*,*,#4072,.T.);
#2243=ORIENTED_EDGE('',*,*,#4069,.T.);
#2244=ORIENTED_EDGE('',*,*,#3979,.F.);
#2245=ORIENTED_EDGE('',*,*,#4073,.F.);
#2246=ORIENTED_EDGE('',*,*,#4074,.T.);
#2247=ORIENTED_EDGE('',*,*,#4071,.T.);
#2248=ORIENTED_EDGE('',*,*,#3978,.F.);
#2249=ORIENTED_EDGE('',*,*,#4075,.F.);
#2250=ORIENTED_EDGE('',*,*,#4076,.T.);
#2251=ORIENTED_EDGE('',*,*,#4073,.T.);
#2252=ORIENTED_EDGE('',*,*,#3977,.F.);
#2253=ORIENTED_EDGE('',*,*,#4077,.F.);
#2254=ORIENTED_EDGE('',*,*,#4078,.T.);
#2255=ORIENTED_EDGE('',*,*,#4075,.T.);
#2256=ORIENTED_EDGE('',*,*,#3976,.T.);
#2257=ORIENTED_EDGE('',*,*,#4079,.T.);
#2258=ORIENTED_EDGE('',*,*,#3967,.F.);
#2259=ORIENTED_EDGE('',*,*,#4080,.F.);
#2260=ORIENTED_EDGE('',*,*,#4077,.T.);
#2261=ORIENTED_EDGE('',*,*,#4081,.F.);
#2262=ORIENTED_EDGE('',*,*,#4082,.F.);
#2263=ORIENTED_EDGE('',*,*,#4083,.T.);
#2264=ORIENTED_EDGE('',*,*,#3965,.T.);
#2265=ORIENTED_EDGE('',*,*,#4084,.T.);
#2266=ORIENTED_EDGE('',*,*,#4085,.T.);
#2267=ORIENTED_EDGE('',*,*,#4006,.T.);
#2268=ORIENTED_EDGE('',*,*,#4086,.F.);
#2269=ORIENTED_EDGE('',*,*,#4087,.F.);
#2270=ORIENTED_EDGE('',*,*,#4082,.T.);
#2271=ORIENTED_EDGE('',*,*,#4088,.T.);
#2272=ORIENTED_EDGE('',*,*,#4089,.F.);
#2273=ORIENTED_EDGE('',*,*,#4090,.T.);
#2274=ORIENTED_EDGE('',*,*,#4091,.F.);
#2275=ORIENTED_EDGE('',*,*,#4005,.T.);
#2276=ORIENTED_EDGE('',*,*,#4092,.F.);
#2277=ORIENTED_EDGE('',*,*,#4093,.F.);
#2278=ORIENTED_EDGE('',*,*,#4086,.T.);
#2279=ORIENTED_EDGE('',*,*,#4004,.F.);
#2280=ORIENTED_EDGE('',*,*,#4094,.F.);
#2281=ORIENTED_EDGE('',*,*,#4095,.T.);
#2282=ORIENTED_EDGE('',*,*,#4092,.T.);
#2283=ORIENTED_EDGE('',*,*,#4003,.F.);
#2284=ORIENTED_EDGE('',*,*,#4096,.F.);
#2285=ORIENTED_EDGE('',*,*,#4097,.T.);
#2286=ORIENTED_EDGE('',*,*,#4094,.T.);
#2287=ORIENTED_EDGE('',*,*,#4002,.F.);
#2288=ORIENTED_EDGE('',*,*,#4098,.F.);
#2289=ORIENTED_EDGE('',*,*,#4099,.T.);
#2290=ORIENTED_EDGE('',*,*,#4096,.T.);
#2291=ORIENTED_EDGE('',*,*,#4001,.F.);
#2292=ORIENTED_EDGE('',*,*,#4100,.F.);
#2293=ORIENTED_EDGE('',*,*,#4101,.T.);
#2294=ORIENTED_EDGE('',*,*,#4098,.T.);
#2295=ORIENTED_EDGE('',*,*,#4000,.F.);
#2296=ORIENTED_EDGE('',*,*,#4102,.F.);
#2297=ORIENTED_EDGE('',*,*,#4103,.T.);
#2298=ORIENTED_EDGE('',*,*,#4100,.T.);
#2299=ORIENTED_EDGE('',*,*,#3999,.T.);
#2300=ORIENTED_EDGE('',*,*,#4104,.F.);
#2301=ORIENTED_EDGE('',*,*,#4105,.F.);
#2302=ORIENTED_EDGE('',*,*,#4102,.T.);
#2303=ORIENTED_EDGE('',*,*,#3998,.F.);
#2304=ORIENTED_EDGE('',*,*,#4106,.F.);
#2305=ORIENTED_EDGE('',*,*,#4107,.T.);
#2306=ORIENTED_EDGE('',*,*,#4104,.T.);
#2307=ORIENTED_EDGE('',*,*,#4108,.F.);
#2308=ORIENTED_EDGE('',*,*,#4109,.T.);
#2309=ORIENTED_EDGE('',*,*,#4110,.T.);
#2310=ORIENTED_EDGE('',*,*,#4029,.F.);
#2311=ORIENTED_EDGE('',*,*,#4111,.F.);
#2312=ORIENTED_EDGE('',*,*,#4112,.T.);
#2313=ORIENTED_EDGE('',*,*,#4108,.T.);
#2314=ORIENTED_EDGE('',*,*,#4028,.T.);
#2315=ORIENTED_EDGE('',*,*,#4113,.F.);
#2316=ORIENTED_EDGE('',*,*,#4114,.T.);
#2317=ORIENTED_EDGE('',*,*,#4111,.T.);
#2318=ORIENTED_EDGE('',*,*,#4027,.T.);
#2319=ORIENTED_EDGE('',*,*,#4115,.F.);
#2320=ORIENTED_EDGE('',*,*,#4116,.T.);
#2321=ORIENTED_EDGE('',*,*,#4113,.T.);
#2322=ORIENTED_EDGE('',*,*,#4026,.F.);
#2323=ORIENTED_EDGE('',*,*,#4117,.F.);
#2324=ORIENTED_EDGE('',*,*,#4118,.T.);
#2325=ORIENTED_EDGE('',*,*,#4115,.T.);
#2326=ORIENTED_EDGE('',*,*,#4025,.T.);
#2327=ORIENTED_EDGE('',*,*,#4119,.F.);
#2328=ORIENTED_EDGE('',*,*,#4120,.T.);
#2329=ORIENTED_EDGE('',*,*,#4117,.T.);
#2330=ORIENTED_EDGE('',*,*,#4024,.F.);
#2331=ORIENTED_EDGE('',*,*,#4121,.F.);
#2332=ORIENTED_EDGE('',*,*,#4122,.T.);
#2333=ORIENTED_EDGE('',*,*,#4119,.T.);
#2334=ORIENTED_EDGE('',*,*,#4023,.F.);
#2335=ORIENTED_EDGE('',*,*,#4123,.F.);
#2336=ORIENTED_EDGE('',*,*,#4124,.T.);
#2337=ORIENTED_EDGE('',*,*,#4121,.T.);
#2338=ORIENTED_EDGE('',*,*,#4022,.F.);
#2339=ORIENTED_EDGE('',*,*,#4125,.F.);
#2340=ORIENTED_EDGE('',*,*,#4126,.T.);
#2341=ORIENTED_EDGE('',*,*,#4123,.T.);
#2342=ORIENTED_EDGE('',*,*,#4021,.T.);
#2343=ORIENTED_EDGE('',*,*,#4127,.F.);
#2344=ORIENTED_EDGE('',*,*,#4128,.T.);
#2345=ORIENTED_EDGE('',*,*,#4125,.T.);
#2346=ORIENTED_EDGE('',*,*,#4020,.F.);
#2347=ORIENTED_EDGE('',*,*,#4129,.F.);
#2348=ORIENTED_EDGE('',*,*,#4130,.T.);
#2349=ORIENTED_EDGE('',*,*,#4127,.T.);
#2350=ORIENTED_EDGE('',*,*,#4019,.F.);
#2351=ORIENTED_EDGE('',*,*,#4131,.F.);
#2352=ORIENTED_EDGE('',*,*,#4132,.T.);
#2353=ORIENTED_EDGE('',*,*,#4129,.T.);
#2354=ORIENTED_EDGE('',*,*,#4018,.F.);
#2355=ORIENTED_EDGE('',*,*,#4133,.F.);
#2356=ORIENTED_EDGE('',*,*,#4134,.T.);
#2357=ORIENTED_EDGE('',*,*,#4131,.T.);
#2358=ORIENTED_EDGE('',*,*,#4017,.T.);
#2359=ORIENTED_EDGE('',*,*,#4135,.F.);
#2360=ORIENTED_EDGE('',*,*,#4136,.T.);
#2361=ORIENTED_EDGE('',*,*,#4133,.T.);
#2362=ORIENTED_EDGE('',*,*,#4016,.F.);
#2363=ORIENTED_EDGE('',*,*,#4137,.F.);
#2364=ORIENTED_EDGE('',*,*,#4138,.T.);
#2365=ORIENTED_EDGE('',*,*,#4135,.T.);
#2366=ORIENTED_EDGE('',*,*,#4015,.F.);
#2367=ORIENTED_EDGE('',*,*,#4139,.F.);
#2368=ORIENTED_EDGE('',*,*,#4140,.T.);
#2369=ORIENTED_EDGE('',*,*,#4137,.T.);
#2370=ORIENTED_EDGE('',*,*,#4014,.F.);
#2371=ORIENTED_EDGE('',*,*,#4141,.F.);
#2372=ORIENTED_EDGE('',*,*,#4142,.T.);
#2373=ORIENTED_EDGE('',*,*,#4139,.T.);
#2374=ORIENTED_EDGE('',*,*,#4013,.T.);
#2375=ORIENTED_EDGE('',*,*,#4143,.F.);
#2376=ORIENTED_EDGE('',*,*,#4144,.T.);
#2377=ORIENTED_EDGE('',*,*,#4141,.T.);
#2378=ORIENTED_EDGE('',*,*,#4012,.F.);
#2379=ORIENTED_EDGE('',*,*,#4145,.F.);
#2380=ORIENTED_EDGE('',*,*,#4146,.T.);
#2381=ORIENTED_EDGE('',*,*,#4143,.T.);
#2382=ORIENTED_EDGE('',*,*,#4011,.T.);
#2383=ORIENTED_EDGE('',*,*,#4147,.F.);
#2384=ORIENTED_EDGE('',*,*,#4148,.T.);
#2385=ORIENTED_EDGE('',*,*,#4145,.T.);
#2386=ORIENTED_EDGE('',*,*,#4010,.F.);
#2387=ORIENTED_EDGE('',*,*,#4149,.F.);
#2388=ORIENTED_EDGE('',*,*,#4150,.T.);
#2389=ORIENTED_EDGE('',*,*,#4147,.T.);
#2390=ORIENTED_EDGE('',*,*,#4009,.F.);
#2391=ORIENTED_EDGE('',*,*,#4151,.F.);
#2392=ORIENTED_EDGE('',*,*,#4152,.F.);
#2393=ORIENTED_EDGE('',*,*,#4153,.T.);
#2394=ORIENTED_EDGE('',*,*,#4154,.F.);
#2395=ORIENTED_EDGE('',*,*,#4155,.T.);
#2396=ORIENTED_EDGE('',*,*,#4156,.F.);
#2397=ORIENTED_EDGE('',*,*,#4157,.F.);
#2398=ORIENTED_EDGE('',*,*,#4158,.T.);
#2399=ORIENTED_EDGE('',*,*,#4149,.T.);
#2400=ORIENTED_EDGE('',*,*,#4008,.F.);
#2401=ORIENTED_EDGE('',*,*,#4159,.F.);
#2402=ORIENTED_EDGE('',*,*,#4160,.T.);
#2403=ORIENTED_EDGE('',*,*,#4157,.T.);
#2404=ORIENTED_EDGE('',*,*,#4161,.T.);
#2405=ORIENTED_EDGE('',*,*,#4162,.T.);
#2406=ORIENTED_EDGE('',*,*,#4163,.T.);
#2407=ORIENTED_EDGE('',*,*,#4164,.F.);
#2408=ORIENTED_EDGE('',*,*,#4165,.T.);
#2409=ORIENTED_EDGE('',*,*,#4159,.T.);
#2410=ORIENTED_EDGE('',*,*,#4166,.T.);
#2411=ORIENTED_EDGE('',*,*,#4167,.F.);
#2412=ORIENTED_EDGE('',*,*,#4168,.T.);
#2413=ORIENTED_EDGE('',*,*,#3959,.T.);
#2414=ORIENTED_EDGE('',*,*,#4037,.T.);
#2415=ORIENTED_EDGE('',*,*,#4169,.F.);
#2416=ORIENTED_EDGE('',*,*,#4170,.T.);
#2417=ORIENTED_EDGE('',*,*,#4167,.T.);
#2418=ORIENTED_EDGE('',*,*,#4036,.T.);
#2419=ORIENTED_EDGE('',*,*,#4171,.F.);
#2420=ORIENTED_EDGE('',*,*,#4172,.T.);
#2421=ORIENTED_EDGE('',*,*,#4169,.T.);
#2422=ORIENTED_EDGE('',*,*,#4035,.T.);
#2423=ORIENTED_EDGE('',*,*,#4173,.F.);
#2424=ORIENTED_EDGE('',*,*,#4174,.T.);
#2425=ORIENTED_EDGE('',*,*,#4171,.T.);
#2426=ORIENTED_EDGE('',*,*,#4034,.T.);
#2427=ORIENTED_EDGE('',*,*,#4175,.F.);
#2428=ORIENTED_EDGE('',*,*,#4176,.T.);
#2429=ORIENTED_EDGE('',*,*,#4173,.T.);
#2430=ORIENTED_EDGE('',*,*,#4033,.T.);
#2431=ORIENTED_EDGE('',*,*,#4177,.F.);
#2432=ORIENTED_EDGE('',*,*,#4178,.T.);
#2433=ORIENTED_EDGE('',*,*,#4175,.T.);
#2434=ORIENTED_EDGE('',*,*,#4032,.T.);
#2435=ORIENTED_EDGE('',*,*,#4179,.F.);
#2436=ORIENTED_EDGE('',*,*,#4180,.T.);
#2437=ORIENTED_EDGE('',*,*,#4177,.T.);
#2438=ORIENTED_EDGE('',*,*,#4031,.T.);
#2439=ORIENTED_EDGE('',*,*,#4110,.F.);
#2440=ORIENTED_EDGE('',*,*,#4181,.T.);
#2441=ORIENTED_EDGE('',*,*,#4179,.T.);
#2442=ORIENTED_EDGE('',*,*,#4030,.F.);
#2443=ORIENTED_EDGE('',*,*,#3997,.F.);
#2444=ORIENTED_EDGE('',*,*,#4040,.F.);
#2445=ORIENTED_EDGE('',*,*,#4182,.T.);
#2446=ORIENTED_EDGE('',*,*,#4106,.T.);
#2447=ORIENTED_EDGE('',*,*,#4183,.F.);
#2448=ORIENTED_EDGE('',*,*,#3964,.F.);
#2449=ORIENTED_EDGE('',*,*,#4184,.T.);
#2450=ORIENTED_EDGE('',*,*,#4166,.F.);
#2451=ORIENTED_EDGE('',*,*,#4161,.F.);
#2452=ORIENTED_EDGE('',*,*,#4156,.T.);
#2453=ORIENTED_EDGE('',*,*,#4185,.F.);
#2454=ORIENTED_EDGE('',*,*,#4088,.F.);
#2455=ORIENTED_EDGE('',*,*,#4081,.T.);
#2456=ORIENTED_EDGE('',*,*,#4186,.F.);
#2457=ORIENTED_EDGE('',*,*,#4187,.T.);
#2458=ORIENTED_EDGE('',*,*,#4188,.T.);
#2459=ORIENTED_EDGE('',*,*,#4189,.F.);
#2460=ORIENTED_EDGE('',*,*,#4190,.F.);
#2461=ORIENTED_EDGE('',*,*,#4191,.T.);
#2462=ORIENTED_EDGE('',*,*,#4186,.T.);
#2463=ORIENTED_EDGE('',*,*,#4192,.T.);
#2464=ORIENTED_EDGE('',*,*,#4193,.F.);
#2465=ORIENTED_EDGE('',*,*,#4194,.T.);
#2466=ORIENTED_EDGE('',*,*,#4190,.T.);
#2467=ORIENTED_EDGE('',*,*,#4195,.T.);
#2468=ORIENTED_EDGE('',*,*,#4196,.F.);
#2469=ORIENTED_EDGE('',*,*,#4197,.T.);
#2470=ORIENTED_EDGE('',*,*,#4193,.T.);
#2471=ORIENTED_EDGE('',*,*,#4198,.T.);
#2472=ORIENTED_EDGE('',*,*,#4199,.F.);
#2473=ORIENTED_EDGE('',*,*,#4200,.T.);
#2474=ORIENTED_EDGE('',*,*,#4196,.T.);
#2475=ORIENTED_EDGE('',*,*,#4201,.T.);
#2476=ORIENTED_EDGE('',*,*,#4202,.F.);
#2477=ORIENTED_EDGE('',*,*,#4203,.T.);
#2478=ORIENTED_EDGE('',*,*,#4199,.T.);
#2479=ORIENTED_EDGE('',*,*,#4204,.F.);
#2480=ORIENTED_EDGE('',*,*,#4205,.F.);
#2481=ORIENTED_EDGE('',*,*,#4206,.T.);
#2482=ORIENTED_EDGE('',*,*,#4202,.T.);
#2483=ORIENTED_EDGE('',*,*,#4207,.F.);
#2484=ORIENTED_EDGE('',*,*,#4208,.F.);
#2485=ORIENTED_EDGE('',*,*,#4209,.T.);
#2486=ORIENTED_EDGE('',*,*,#4205,.T.);
#2487=ORIENTED_EDGE('',*,*,#4210,.F.);
#2488=ORIENTED_EDGE('',*,*,#4211,.F.);
#2489=ORIENTED_EDGE('',*,*,#4212,.T.);
#2490=ORIENTED_EDGE('',*,*,#4208,.T.);
#2491=ORIENTED_EDGE('',*,*,#4213,.F.);
#2492=ORIENTED_EDGE('',*,*,#4214,.F.);
#2493=ORIENTED_EDGE('',*,*,#4215,.T.);
#2494=ORIENTED_EDGE('',*,*,#4211,.T.);
#2495=ORIENTED_EDGE('',*,*,#4216,.F.);
#2496=ORIENTED_EDGE('',*,*,#4217,.F.);
#2497=ORIENTED_EDGE('',*,*,#4218,.T.);
#2498=ORIENTED_EDGE('',*,*,#4214,.T.);
#2499=ORIENTED_EDGE('',*,*,#4219,.F.);
#2500=ORIENTED_EDGE('',*,*,#4220,.F.);
#2501=ORIENTED_EDGE('',*,*,#4221,.T.);
#2502=ORIENTED_EDGE('',*,*,#4222,.T.);
#2503=ORIENTED_EDGE('',*,*,#4223,.F.);
#2504=ORIENTED_EDGE('',*,*,#4224,.F.);
#2505=ORIENTED_EDGE('',*,*,#4225,.T.);
#2506=ORIENTED_EDGE('',*,*,#4220,.T.);
#2507=ORIENTED_EDGE('',*,*,#4226,.F.);
#2508=ORIENTED_EDGE('',*,*,#4227,.F.);
#2509=ORIENTED_EDGE('',*,*,#4228,.T.);
#2510=ORIENTED_EDGE('',*,*,#4224,.T.);
#2511=ORIENTED_EDGE('',*,*,#4229,.F.);
#2512=ORIENTED_EDGE('',*,*,#4230,.F.);
#2513=ORIENTED_EDGE('',*,*,#4231,.T.);
#2514=ORIENTED_EDGE('',*,*,#4227,.T.);
#2515=ORIENTED_EDGE('',*,*,#4232,.T.);
#2516=ORIENTED_EDGE('',*,*,#4233,.F.);
#2517=ORIENTED_EDGE('',*,*,#4234,.T.);
#2518=ORIENTED_EDGE('',*,*,#4235,.F.);
#2519=ORIENTED_EDGE('',*,*,#4236,.T.);
#2520=ORIENTED_EDGE('',*,*,#4233,.T.);
#2521=ORIENTED_EDGE('',*,*,#4237,.F.);
#2522=ORIENTED_EDGE('',*,*,#4238,.F.);
#2523=ORIENTED_EDGE('',*,*,#4239,.T.);
#2524=ORIENTED_EDGE('',*,*,#4235,.T.);
#2525=ORIENTED_EDGE('',*,*,#4240,.T.);
#2526=ORIENTED_EDGE('',*,*,#4241,.F.);
#2527=ORIENTED_EDGE('',*,*,#4242,.T.);
#2528=ORIENTED_EDGE('',*,*,#4238,.T.);
#2529=ORIENTED_EDGE('',*,*,#4243,.F.);
#2530=ORIENTED_EDGE('',*,*,#4244,.F.);
#2531=ORIENTED_EDGE('',*,*,#4245,.T.);
#2532=ORIENTED_EDGE('',*,*,#4241,.T.);
#2533=ORIENTED_EDGE('',*,*,#4246,.T.);
#2534=ORIENTED_EDGE('',*,*,#4247,.F.);
#2535=ORIENTED_EDGE('',*,*,#4248,.T.);
#2536=ORIENTED_EDGE('',*,*,#4244,.T.);
#2537=ORIENTED_EDGE('',*,*,#4249,.T.);
#2538=ORIENTED_EDGE('',*,*,#4250,.F.);
#2539=ORIENTED_EDGE('',*,*,#4251,.T.);
#2540=ORIENTED_EDGE('',*,*,#4247,.T.);
#2541=ORIENTED_EDGE('',*,*,#4252,.T.);
#2542=ORIENTED_EDGE('',*,*,#4253,.F.);
#2543=ORIENTED_EDGE('',*,*,#4254,.T.);
#2544=ORIENTED_EDGE('',*,*,#4250,.T.);
#2545=ORIENTED_EDGE('',*,*,#4255,.T.);
#2546=ORIENTED_EDGE('',*,*,#4256,.F.);
#2547=ORIENTED_EDGE('',*,*,#4257,.T.);
#2548=ORIENTED_EDGE('',*,*,#4253,.T.);
#2549=ORIENTED_EDGE('',*,*,#4258,.T.);
#2550=ORIENTED_EDGE('',*,*,#4259,.F.);
#2551=ORIENTED_EDGE('',*,*,#4260,.T.);
#2552=ORIENTED_EDGE('',*,*,#4256,.T.);
#2553=ORIENTED_EDGE('',*,*,#4261,.T.);
#2554=ORIENTED_EDGE('',*,*,#4262,.F.);
#2555=ORIENTED_EDGE('',*,*,#4263,.T.);
#2556=ORIENTED_EDGE('',*,*,#4259,.T.);
#2557=ORIENTED_EDGE('',*,*,#4264,.T.);
#2558=ORIENTED_EDGE('',*,*,#4265,.F.);
#2559=ORIENTED_EDGE('',*,*,#4266,.T.);
#2560=ORIENTED_EDGE('',*,*,#4262,.T.);
#2561=ORIENTED_EDGE('',*,*,#4267,.T.);
#2562=ORIENTED_EDGE('',*,*,#4268,.F.);
#2563=ORIENTED_EDGE('',*,*,#4269,.T.);
#2564=ORIENTED_EDGE('',*,*,#4265,.T.);
#2565=ORIENTED_EDGE('',*,*,#4270,.T.);
#2566=ORIENTED_EDGE('',*,*,#4271,.F.);
#2567=ORIENTED_EDGE('',*,*,#4272,.T.);
#2568=ORIENTED_EDGE('',*,*,#4268,.T.);
#2569=ORIENTED_EDGE('',*,*,#4273,.T.);
#2570=ORIENTED_EDGE('',*,*,#4274,.F.);
#2571=ORIENTED_EDGE('',*,*,#4275,.T.);
#2572=ORIENTED_EDGE('',*,*,#4271,.T.);
#2573=ORIENTED_EDGE('',*,*,#4276,.T.);
#2574=ORIENTED_EDGE('',*,*,#4277,.F.);
#2575=ORIENTED_EDGE('',*,*,#4278,.T.);
#2576=ORIENTED_EDGE('',*,*,#4274,.T.);
#2577=ORIENTED_EDGE('',*,*,#4279,.T.);
#2578=ORIENTED_EDGE('',*,*,#4280,.F.);
#2579=ORIENTED_EDGE('',*,*,#4281,.T.);
#2580=ORIENTED_EDGE('',*,*,#4277,.T.);
#2581=ORIENTED_EDGE('',*,*,#4282,.F.);
#2582=ORIENTED_EDGE('',*,*,#4283,.F.);
#2583=ORIENTED_EDGE('',*,*,#4284,.T.);
#2584=ORIENTED_EDGE('',*,*,#4280,.T.);
#2585=ORIENTED_EDGE('',*,*,#4285,.T.);
#2586=ORIENTED_EDGE('',*,*,#4286,.F.);
#2587=ORIENTED_EDGE('',*,*,#4287,.T.);
#2588=ORIENTED_EDGE('',*,*,#4283,.T.);
#2589=ORIENTED_EDGE('',*,*,#4288,.T.);
#2590=ORIENTED_EDGE('',*,*,#4289,.F.);
#2591=ORIENTED_EDGE('',*,*,#4290,.T.);
#2592=ORIENTED_EDGE('',*,*,#4286,.T.);
#2593=ORIENTED_EDGE('',*,*,#4291,.T.);
#2594=ORIENTED_EDGE('',*,*,#4292,.F.);
#2595=ORIENTED_EDGE('',*,*,#4293,.T.);
#2596=ORIENTED_EDGE('',*,*,#4289,.T.);
#2597=ORIENTED_EDGE('',*,*,#4294,.T.);
#2598=ORIENTED_EDGE('',*,*,#4295,.F.);
#2599=ORIENTED_EDGE('',*,*,#4296,.T.);
#2600=ORIENTED_EDGE('',*,*,#4292,.T.);
#2601=ORIENTED_EDGE('',*,*,#4297,.T.);
#2602=ORIENTED_EDGE('',*,*,#4298,.F.);
#2603=ORIENTED_EDGE('',*,*,#4299,.T.);
#2604=ORIENTED_EDGE('',*,*,#4295,.T.);
#2605=ORIENTED_EDGE('',*,*,#4300,.T.);
#2606=ORIENTED_EDGE('',*,*,#4301,.F.);
#2607=ORIENTED_EDGE('',*,*,#4302,.T.);
#2608=ORIENTED_EDGE('',*,*,#4298,.T.);
#2609=ORIENTED_EDGE('',*,*,#4303,.T.);
#2610=ORIENTED_EDGE('',*,*,#4304,.F.);
#2611=ORIENTED_EDGE('',*,*,#4305,.T.);
#2612=ORIENTED_EDGE('',*,*,#4301,.T.);
#2613=ORIENTED_EDGE('',*,*,#4306,.T.);
#2614=ORIENTED_EDGE('',*,*,#4307,.F.);
#2615=ORIENTED_EDGE('',*,*,#4308,.T.);
#2616=ORIENTED_EDGE('',*,*,#4304,.T.);
#2617=ORIENTED_EDGE('',*,*,#4309,.T.);
#2618=ORIENTED_EDGE('',*,*,#4310,.F.);
#2619=ORIENTED_EDGE('',*,*,#4311,.T.);
#2620=ORIENTED_EDGE('',*,*,#4307,.T.);
#2621=ORIENTED_EDGE('',*,*,#4312,.T.);
#2622=ORIENTED_EDGE('',*,*,#4313,.F.);
#2623=ORIENTED_EDGE('',*,*,#4314,.T.);
#2624=ORIENTED_EDGE('',*,*,#4310,.T.);
#2625=ORIENTED_EDGE('',*,*,#4315,.F.);
#2626=ORIENTED_EDGE('',*,*,#4316,.T.);
#2627=ORIENTED_EDGE('',*,*,#4317,.T.);
#2628=ORIENTED_EDGE('',*,*,#4164,.T.);
#2629=ORIENTED_EDGE('',*,*,#4318,.F.);
#2630=ORIENTED_EDGE('',*,*,#4319,.F.);
#2631=ORIENTED_EDGE('',*,*,#4320,.F.);
#2632=ORIENTED_EDGE('',*,*,#4321,.F.);
#2633=ORIENTED_EDGE('',*,*,#4322,.T.);
#2634=ORIENTED_EDGE('',*,*,#4319,.T.);
#2635=ORIENTED_EDGE('',*,*,#3961,.F.);
#2636=ORIENTED_EDGE('',*,*,#4323,.T.);
#2637=ORIENTED_EDGE('',*,*,#4324,.T.);
#2638=ORIENTED_EDGE('',*,*,#4321,.T.);
#2639=ORIENTED_EDGE('',*,*,#4325,.F.);
#2640=ORIENTED_EDGE('',*,*,#3969,.F.);
#2641=ORIENTED_EDGE('',*,*,#4222,.F.);
#2642=ORIENTED_EDGE('',*,*,#4326,.T.);
#2643=ORIENTED_EDGE('',*,*,#4313,.T.);
#2644=ORIENTED_EDGE('',*,*,#4327,.F.);
#2645=ORIENTED_EDGE('',*,*,#4188,.F.);
#2646=ORIENTED_EDGE('',*,*,#4328,.T.);
#2647=ORIENTED_EDGE('',*,*,#4217,.T.);
#2648=ORIENTED_EDGE('',*,*,#4329,.T.);
#2649=ORIENTED_EDGE('',*,*,#4330,.T.);
#2650=ORIENTED_EDGE('',*,*,#4331,.T.);
#2651=ORIENTED_EDGE('',*,*,#4332,.T.);
#2652=ORIENTED_EDGE('',*,*,#4333,.T.);
#2653=ORIENTED_EDGE('',*,*,#4334,.T.);
#2654=ORIENTED_EDGE('',*,*,#4335,.T.);
#2655=ORIENTED_EDGE('',*,*,#4336,.T.);
#2656=ORIENTED_EDGE('',*,*,#4337,.T.);
#2657=ORIENTED_EDGE('',*,*,#4338,.T.);
#2658=ORIENTED_EDGE('',*,*,#4339,.T.);
#2659=ORIENTED_EDGE('',*,*,#4340,.T.);
#2660=ORIENTED_EDGE('',*,*,#4341,.T.);
#2661=ORIENTED_EDGE('',*,*,#4342,.T.);
#2662=ORIENTED_EDGE('',*,*,#4343,.T.);
#2663=ORIENTED_EDGE('',*,*,#4316,.F.);
#2664=ORIENTED_EDGE('',*,*,#4322,.F.);
#2665=ORIENTED_EDGE('',*,*,#4324,.F.);
#2666=ORIENTED_EDGE('',*,*,#4344,.T.);
#2667=ORIENTED_EDGE('',*,*,#4345,.T.);
#2668=ORIENTED_EDGE('',*,*,#4346,.T.);
#2669=ORIENTED_EDGE('',*,*,#4347,.T.);
#2670=ORIENTED_EDGE('',*,*,#4348,.T.);
#2671=ORIENTED_EDGE('',*,*,#4349,.T.);
#2672=ORIENTED_EDGE('',*,*,#4350,.T.);
#2673=ORIENTED_EDGE('',*,*,#4351,.T.);
#2674=ORIENTED_EDGE('',*,*,#4352,.T.);
#2675=ORIENTED_EDGE('',*,*,#4353,.T.);
#2676=ORIENTED_EDGE('',*,*,#4354,.T.);
#2677=ORIENTED_EDGE('',*,*,#4355,.T.);
#2678=ORIENTED_EDGE('',*,*,#4356,.T.);
#2679=ORIENTED_EDGE('',*,*,#4357,.T.);
#2680=ORIENTED_EDGE('',*,*,#4358,.T.);
#2681=ORIENTED_EDGE('',*,*,#4359,.T.);
#2682=ORIENTED_EDGE('',*,*,#4360,.T.);
#2683=ORIENTED_EDGE('',*,*,#4361,.T.);
#2684=ORIENTED_EDGE('',*,*,#4362,.T.);
#2685=ORIENTED_EDGE('',*,*,#4363,.T.);
#2686=ORIENTED_EDGE('',*,*,#4364,.T.);
#2687=ORIENTED_EDGE('',*,*,#4365,.T.);
#2688=ORIENTED_EDGE('',*,*,#4366,.T.);
#2689=ORIENTED_EDGE('',*,*,#4367,.T.);
#2690=ORIENTED_EDGE('',*,*,#4368,.T.);
#2691=ORIENTED_EDGE('',*,*,#4369,.T.);
#2692=ORIENTED_EDGE('',*,*,#4370,.T.);
#2693=ORIENTED_EDGE('',*,*,#4371,.T.);
#2694=ORIENTED_EDGE('',*,*,#4372,.T.);
#2695=ORIENTED_EDGE('',*,*,#4373,.T.);
#2696=ORIENTED_EDGE('',*,*,#4374,.T.);
#2697=ORIENTED_EDGE('',*,*,#4375,.T.);
#2698=ORIENTED_EDGE('',*,*,#4376,.T.);
#2699=ORIENTED_EDGE('',*,*,#4230,.T.);
#2700=ORIENTED_EDGE('',*,*,#4377,.T.);
#2701=ORIENTED_EDGE('',*,*,#4378,.T.);
#2702=ORIENTED_EDGE('',*,*,#4379,.T.);
#2703=ORIENTED_EDGE('',*,*,#4380,.T.);
#2704=ORIENTED_EDGE('',*,*,#4381,.T.);
#2705=ORIENTED_EDGE('',*,*,#4382,.T.);
#2706=ORIENTED_EDGE('',*,*,#4383,.T.);
#2707=ORIENTED_EDGE('',*,*,#4384,.T.);
#2708=ORIENTED_EDGE('',*,*,#4385,.T.);
#2709=ORIENTED_EDGE('',*,*,#4386,.T.);
#2710=ORIENTED_EDGE('',*,*,#4387,.T.);
#2711=ORIENTED_EDGE('',*,*,#4388,.T.);
#2712=ORIENTED_EDGE('',*,*,#4389,.T.);
#2713=ORIENTED_EDGE('',*,*,#4390,.T.);
#2714=ORIENTED_EDGE('',*,*,#4391,.T.);
#2715=ORIENTED_EDGE('',*,*,#4392,.T.);
#2716=ORIENTED_EDGE('',*,*,#4393,.T.);
#2717=ORIENTED_EDGE('',*,*,#4394,.T.);
#2718=ORIENTED_EDGE('',*,*,#4395,.T.);
#2719=ORIENTED_EDGE('',*,*,#4396,.T.);
#2720=ORIENTED_EDGE('',*,*,#4397,.T.);
#2721=ORIENTED_EDGE('',*,*,#4398,.T.);
#2722=ORIENTED_EDGE('',*,*,#4399,.T.);
#2723=ORIENTED_EDGE('',*,*,#4400,.T.);
#2724=ORIENTED_EDGE('',*,*,#4401,.T.);
#2725=ORIENTED_EDGE('',*,*,#4402,.T.);
#2726=ORIENTED_EDGE('',*,*,#4403,.T.);
#2727=ORIENTED_EDGE('',*,*,#4404,.T.);
#2728=ORIENTED_EDGE('',*,*,#4405,.T.);
#2729=ORIENTED_EDGE('',*,*,#4325,.T.);
#2730=ORIENTED_EDGE('',*,*,#4320,.T.);
#2731=ORIENTED_EDGE('',*,*,#4318,.T.);
#2732=ORIENTED_EDGE('',*,*,#4163,.F.);
#2733=ORIENTED_EDGE('',*,*,#4406,.F.);
#2734=ORIENTED_EDGE('',*,*,#3966,.T.);
#2735=ORIENTED_EDGE('',*,*,#4083,.F.);
#2736=ORIENTED_EDGE('',*,*,#4087,.T.);
#2737=ORIENTED_EDGE('',*,*,#4093,.T.);
#2738=ORIENTED_EDGE('',*,*,#4095,.F.);
#2739=ORIENTED_EDGE('',*,*,#4097,.F.);
#2740=ORIENTED_EDGE('',*,*,#4099,.F.);
#2741=ORIENTED_EDGE('',*,*,#4101,.F.);
#2742=ORIENTED_EDGE('',*,*,#4103,.F.);
#2743=ORIENTED_EDGE('',*,*,#4105,.T.);
#2744=ORIENTED_EDGE('',*,*,#4107,.F.);
#2745=ORIENTED_EDGE('',*,*,#4182,.F.);
#2746=ORIENTED_EDGE('',*,*,#4039,.F.);
#2747=ORIENTED_EDGE('',*,*,#4042,.T.);
#2748=ORIENTED_EDGE('',*,*,#4044,.F.);
#2749=ORIENTED_EDGE('',*,*,#4046,.F.);
#2750=ORIENTED_EDGE('',*,*,#4048,.F.);
#2751=ORIENTED_EDGE('',*,*,#4050,.T.);
#2752=ORIENTED_EDGE('',*,*,#4052,.F.);
#2753=ORIENTED_EDGE('',*,*,#4054,.F.);
#2754=ORIENTED_EDGE('',*,*,#4056,.F.);
#2755=ORIENTED_EDGE('',*,*,#4058,.F.);
#2756=ORIENTED_EDGE('',*,*,#4060,.F.);
#2757=ORIENTED_EDGE('',*,*,#4062,.T.);
#2758=ORIENTED_EDGE('',*,*,#4064,.F.);
#2759=ORIENTED_EDGE('',*,*,#4066,.F.);
#2760=ORIENTED_EDGE('',*,*,#4068,.F.);
#2761=ORIENTED_EDGE('',*,*,#4070,.F.);
#2762=ORIENTED_EDGE('',*,*,#4072,.F.);
#2763=ORIENTED_EDGE('',*,*,#4074,.F.);
#2764=ORIENTED_EDGE('',*,*,#4076,.F.);
#2765=ORIENTED_EDGE('',*,*,#4078,.F.);
#2766=ORIENTED_EDGE('',*,*,#4080,.T.);
#2767=ORIENTED_EDGE('',*,*,#4189,.T.);
#2768=ORIENTED_EDGE('',*,*,#4329,.F.);
#2769=ORIENTED_EDGE('',*,*,#4219,.T.);
#2770=ORIENTED_EDGE('',*,*,#4216,.T.);
#2771=ORIENTED_EDGE('',*,*,#4213,.T.);
#2772=ORIENTED_EDGE('',*,*,#4210,.T.);
#2773=ORIENTED_EDGE('',*,*,#4207,.T.);
#2774=ORIENTED_EDGE('',*,*,#4204,.T.);
#2775=ORIENTED_EDGE('',*,*,#4201,.F.);
#2776=ORIENTED_EDGE('',*,*,#4198,.F.);
#2777=ORIENTED_EDGE('',*,*,#4195,.F.);
#2778=ORIENTED_EDGE('',*,*,#4192,.F.);
#2779=ORIENTED_EDGE('',*,*,#4223,.T.);
#2780=ORIENTED_EDGE('',*,*,#4327,.T.);
#2781=ORIENTED_EDGE('',*,*,#4315,.T.);
#2782=ORIENTED_EDGE('',*,*,#4312,.F.);
#2783=ORIENTED_EDGE('',*,*,#4309,.F.);
#2784=ORIENTED_EDGE('',*,*,#4306,.F.);
#2785=ORIENTED_EDGE('',*,*,#4303,.F.);
#2786=ORIENTED_EDGE('',*,*,#4300,.F.);
#2787=ORIENTED_EDGE('',*,*,#4297,.F.);
#2788=ORIENTED_EDGE('',*,*,#4294,.F.);
#2789=ORIENTED_EDGE('',*,*,#4291,.F.);
#2790=ORIENTED_EDGE('',*,*,#4288,.F.);
#2791=ORIENTED_EDGE('',*,*,#4285,.F.);
#2792=ORIENTED_EDGE('',*,*,#4282,.T.);
#2793=ORIENTED_EDGE('',*,*,#4279,.F.);
#2794=ORIENTED_EDGE('',*,*,#4276,.F.);
#2795=ORIENTED_EDGE('',*,*,#4273,.F.);
#2796=ORIENTED_EDGE('',*,*,#4270,.F.);
#2797=ORIENTED_EDGE('',*,*,#4267,.F.);
#2798=ORIENTED_EDGE('',*,*,#4264,.F.);
#2799=ORIENTED_EDGE('',*,*,#4261,.F.);
#2800=ORIENTED_EDGE('',*,*,#4258,.F.);
#2801=ORIENTED_EDGE('',*,*,#4255,.F.);
#2802=ORIENTED_EDGE('',*,*,#4252,.F.);
#2803=ORIENTED_EDGE('',*,*,#4249,.F.);
#2804=ORIENTED_EDGE('',*,*,#4246,.F.);
#2805=ORIENTED_EDGE('',*,*,#4243,.T.);
#2806=ORIENTED_EDGE('',*,*,#4240,.F.);
#2807=ORIENTED_EDGE('',*,*,#4237,.T.);
#2808=ORIENTED_EDGE('',*,*,#4232,.F.);
#2809=ORIENTED_EDGE('',*,*,#4229,.T.);
#2810=ORIENTED_EDGE('',*,*,#4226,.T.);
#2811=ORIENTED_EDGE('',*,*,#4407,.F.);
#2812=ORIENTED_EDGE('',*,*,#4408,.F.);
#2813=ORIENTED_EDGE('',*,*,#4409,.F.);
#2814=ORIENTED_EDGE('',*,*,#4410,.F.);
#2815=ORIENTED_EDGE('',*,*,#4411,.F.);
#2816=ORIENTED_EDGE('',*,*,#4412,.F.);
#2817=ORIENTED_EDGE('',*,*,#4413,.F.);
#2818=ORIENTED_EDGE('',*,*,#4234,.F.);
#2819=ORIENTED_EDGE('',*,*,#4236,.F.);
#2820=ORIENTED_EDGE('',*,*,#4414,.F.);
#2821=ORIENTED_EDGE('',*,*,#4377,.F.);
#2822=ORIENTED_EDGE('',*,*,#4414,.T.);
#2823=ORIENTED_EDGE('',*,*,#4239,.F.);
#2824=ORIENTED_EDGE('',*,*,#4415,.F.);
#2825=ORIENTED_EDGE('',*,*,#4378,.F.);
#2826=ORIENTED_EDGE('',*,*,#4415,.T.);
#2827=ORIENTED_EDGE('',*,*,#4242,.F.);
#2828=ORIENTED_EDGE('',*,*,#4416,.F.);
#2829=ORIENTED_EDGE('',*,*,#4379,.F.);
#2830=ORIENTED_EDGE('',*,*,#4416,.T.);
#2831=ORIENTED_EDGE('',*,*,#4245,.F.);
#2832=ORIENTED_EDGE('',*,*,#4417,.F.);
#2833=ORIENTED_EDGE('',*,*,#4380,.F.);
#2834=ORIENTED_EDGE('',*,*,#4417,.T.);
#2835=ORIENTED_EDGE('',*,*,#4248,.F.);
#2836=ORIENTED_EDGE('',*,*,#4418,.F.);
#2837=ORIENTED_EDGE('',*,*,#4381,.F.);
#2838=ORIENTED_EDGE('',*,*,#4418,.T.);
#2839=ORIENTED_EDGE('',*,*,#4251,.F.);
#2840=ORIENTED_EDGE('',*,*,#4419,.F.);
#2841=ORIENTED_EDGE('',*,*,#4382,.F.);
#2842=ORIENTED_EDGE('',*,*,#4419,.T.);
#2843=ORIENTED_EDGE('',*,*,#4254,.F.);
#2844=ORIENTED_EDGE('',*,*,#4420,.F.);
#2845=ORIENTED_EDGE('',*,*,#4383,.F.);
#2846=ORIENTED_EDGE('',*,*,#4420,.T.);
#2847=ORIENTED_EDGE('',*,*,#4257,.F.);
#2848=ORIENTED_EDGE('',*,*,#4421,.F.);
#2849=ORIENTED_EDGE('',*,*,#4384,.F.);
#2850=ORIENTED_EDGE('',*,*,#4421,.T.);
#2851=ORIENTED_EDGE('',*,*,#4260,.F.);
#2852=ORIENTED_EDGE('',*,*,#4422,.F.);
#2853=ORIENTED_EDGE('',*,*,#4385,.F.);
#2854=ORIENTED_EDGE('',*,*,#4422,.T.);
#2855=ORIENTED_EDGE('',*,*,#4263,.F.);
#2856=ORIENTED_EDGE('',*,*,#4423,.F.);
#2857=ORIENTED_EDGE('',*,*,#4386,.F.);
#2858=ORIENTED_EDGE('',*,*,#4423,.T.);
#2859=ORIENTED_EDGE('',*,*,#4266,.F.);
#2860=ORIENTED_EDGE('',*,*,#4424,.F.);
#2861=ORIENTED_EDGE('',*,*,#4387,.F.);
#2862=ORIENTED_EDGE('',*,*,#4424,.T.);
#2863=ORIENTED_EDGE('',*,*,#4269,.F.);
#2864=ORIENTED_EDGE('',*,*,#4425,.F.);
#2865=ORIENTED_EDGE('',*,*,#4388,.F.);
#2866=ORIENTED_EDGE('',*,*,#4425,.T.);
#2867=ORIENTED_EDGE('',*,*,#4272,.F.);
#2868=ORIENTED_EDGE('',*,*,#4426,.F.);
#2869=ORIENTED_EDGE('',*,*,#4389,.F.);
#2870=ORIENTED_EDGE('',*,*,#4426,.T.);
#2871=ORIENTED_EDGE('',*,*,#4275,.F.);
#2872=ORIENTED_EDGE('',*,*,#4427,.F.);
#2873=ORIENTED_EDGE('',*,*,#4390,.F.);
#2874=ORIENTED_EDGE('',*,*,#4427,.T.);
#2875=ORIENTED_EDGE('',*,*,#4278,.F.);
#2876=ORIENTED_EDGE('',*,*,#4428,.F.);
#2877=ORIENTED_EDGE('',*,*,#4391,.F.);
#2878=ORIENTED_EDGE('',*,*,#4428,.T.);
#2879=ORIENTED_EDGE('',*,*,#4281,.F.);
#2880=ORIENTED_EDGE('',*,*,#4429,.F.);
#2881=ORIENTED_EDGE('',*,*,#4392,.F.);
#2882=ORIENTED_EDGE('',*,*,#4429,.T.);
#2883=ORIENTED_EDGE('',*,*,#4284,.F.);
#2884=ORIENTED_EDGE('',*,*,#4430,.F.);
#2885=ORIENTED_EDGE('',*,*,#4393,.F.);
#2886=ORIENTED_EDGE('',*,*,#4430,.T.);
#2887=ORIENTED_EDGE('',*,*,#4287,.F.);
#2888=ORIENTED_EDGE('',*,*,#4431,.F.);
#2889=ORIENTED_EDGE('',*,*,#4394,.F.);
#2890=ORIENTED_EDGE('',*,*,#4431,.T.);
#2891=ORIENTED_EDGE('',*,*,#4290,.F.);
#2892=ORIENTED_EDGE('',*,*,#4432,.F.);
#2893=ORIENTED_EDGE('',*,*,#4395,.F.);
#2894=ORIENTED_EDGE('',*,*,#4432,.T.);
#2895=ORIENTED_EDGE('',*,*,#4293,.F.);
#2896=ORIENTED_EDGE('',*,*,#4433,.F.);
#2897=ORIENTED_EDGE('',*,*,#4396,.F.);
#2898=ORIENTED_EDGE('',*,*,#4433,.T.);
#2899=ORIENTED_EDGE('',*,*,#4296,.F.);
#2900=ORIENTED_EDGE('',*,*,#4434,.F.);
#2901=ORIENTED_EDGE('',*,*,#4397,.F.);
#2902=ORIENTED_EDGE('',*,*,#4434,.T.);
#2903=ORIENTED_EDGE('',*,*,#4299,.F.);
#2904=ORIENTED_EDGE('',*,*,#4435,.F.);
#2905=ORIENTED_EDGE('',*,*,#4398,.F.);
#2906=ORIENTED_EDGE('',*,*,#4435,.T.);
#2907=ORIENTED_EDGE('',*,*,#4302,.F.);
#2908=ORIENTED_EDGE('',*,*,#4436,.F.);
#2909=ORIENTED_EDGE('',*,*,#4399,.F.);
#2910=ORIENTED_EDGE('',*,*,#4436,.T.);
#2911=ORIENTED_EDGE('',*,*,#4305,.F.);
#2912=ORIENTED_EDGE('',*,*,#4437,.F.);
#2913=ORIENTED_EDGE('',*,*,#4400,.F.);
#2914=ORIENTED_EDGE('',*,*,#4437,.T.);
#2915=ORIENTED_EDGE('',*,*,#4308,.F.);
#2916=ORIENTED_EDGE('',*,*,#4438,.F.);
#2917=ORIENTED_EDGE('',*,*,#4401,.F.);
#2918=ORIENTED_EDGE('',*,*,#4438,.T.);
#2919=ORIENTED_EDGE('',*,*,#4311,.F.);
#2920=ORIENTED_EDGE('',*,*,#4439,.F.);
#2921=ORIENTED_EDGE('',*,*,#4402,.F.);
#2922=ORIENTED_EDGE('',*,*,#4439,.T.);
#2923=ORIENTED_EDGE('',*,*,#4314,.F.);
#2924=ORIENTED_EDGE('',*,*,#4440,.F.);
#2925=ORIENTED_EDGE('',*,*,#4403,.F.);
#2926=ORIENTED_EDGE('',*,*,#4440,.T.);
#2927=ORIENTED_EDGE('',*,*,#4326,.F.);
#2928=ORIENTED_EDGE('',*,*,#4441,.F.);
#2929=ORIENTED_EDGE('',*,*,#4404,.F.);
#2930=ORIENTED_EDGE('',*,*,#4441,.T.);
#2931=ORIENTED_EDGE('',*,*,#4221,.F.);
#2932=ORIENTED_EDGE('',*,*,#4442,.F.);
#2933=ORIENTED_EDGE('',*,*,#4405,.F.);
#2934=ORIENTED_EDGE('',*,*,#4442,.T.);
#2935=ORIENTED_EDGE('',*,*,#4225,.F.);
#2936=ORIENTED_EDGE('',*,*,#4443,.F.);
#2937=ORIENTED_EDGE('',*,*,#4375,.F.);
#2938=ORIENTED_EDGE('',*,*,#4231,.F.);
#2939=ORIENTED_EDGE('',*,*,#4376,.F.);
#2940=ORIENTED_EDGE('',*,*,#4443,.T.);
#2941=ORIENTED_EDGE('',*,*,#4228,.F.);
#2942=ORIENTED_EDGE('',*,*,#4444,.F.);
#2943=ORIENTED_EDGE('',*,*,#4337,.F.);
#2944=ORIENTED_EDGE('',*,*,#4445,.F.);
#2945=ORIENTED_EDGE('',*,*,#4200,.F.);
#2946=ORIENTED_EDGE('',*,*,#4445,.T.);
#2947=ORIENTED_EDGE('',*,*,#4336,.F.);
#2948=ORIENTED_EDGE('',*,*,#4446,.F.);
#2949=ORIENTED_EDGE('',*,*,#4197,.F.);
#2950=ORIENTED_EDGE('',*,*,#4444,.T.);
#2951=ORIENTED_EDGE('',*,*,#4203,.F.);
#2952=ORIENTED_EDGE('',*,*,#4447,.F.);
#2953=ORIENTED_EDGE('',*,*,#4338,.F.);
#2954=ORIENTED_EDGE('',*,*,#4446,.T.);
#2955=ORIENTED_EDGE('',*,*,#4335,.F.);
#2956=ORIENTED_EDGE('',*,*,#4448,.F.);
#2957=ORIENTED_EDGE('',*,*,#4194,.F.);
#2958=ORIENTED_EDGE('',*,*,#4447,.T.);
#2959=ORIENTED_EDGE('',*,*,#4206,.F.);
#2960=ORIENTED_EDGE('',*,*,#4449,.F.);
#2961=ORIENTED_EDGE('',*,*,#4339,.F.);
#2962=ORIENTED_EDGE('',*,*,#4448,.T.);
#2963=ORIENTED_EDGE('',*,*,#4334,.F.);
#2964=ORIENTED_EDGE('',*,*,#4450,.F.);
#2965=ORIENTED_EDGE('',*,*,#4191,.F.);
#2966=ORIENTED_EDGE('',*,*,#4449,.T.);
#2967=ORIENTED_EDGE('',*,*,#4209,.F.);
#2968=ORIENTED_EDGE('',*,*,#4451,.F.);
#2969=ORIENTED_EDGE('',*,*,#4340,.F.);
#2970=ORIENTED_EDGE('',*,*,#4450,.T.);
#2971=ORIENTED_EDGE('',*,*,#4333,.F.);
#2972=ORIENTED_EDGE('',*,*,#4452,.F.);
#2973=ORIENTED_EDGE('',*,*,#4187,.F.);
#2974=ORIENTED_EDGE('',*,*,#4451,.T.);
#2975=ORIENTED_EDGE('',*,*,#4212,.F.);
#2976=ORIENTED_EDGE('',*,*,#4453,.F.);
#2977=ORIENTED_EDGE('',*,*,#4341,.F.);
#2978=ORIENTED_EDGE('',*,*,#4452,.T.);
#2979=ORIENTED_EDGE('',*,*,#4332,.F.);
#2980=ORIENTED_EDGE('',*,*,#4454,.F.);
#2981=ORIENTED_EDGE('',*,*,#4328,.F.);
#2982=ORIENTED_EDGE('',*,*,#4453,.T.);
#2983=ORIENTED_EDGE('',*,*,#4215,.F.);
#2984=ORIENTED_EDGE('',*,*,#4455,.F.);
#2985=ORIENTED_EDGE('',*,*,#4330,.F.);
#2986=ORIENTED_EDGE('',*,*,#4454,.T.);
#2987=ORIENTED_EDGE('',*,*,#4331,.F.);
#2988=ORIENTED_EDGE('',*,*,#4455,.T.);
#2989=ORIENTED_EDGE('',*,*,#4218,.F.);
#2990=ORIENTED_EDGE('',*,*,#4456,.F.);
#2991=ORIENTED_EDGE('',*,*,#4407,.T.);
#2992=ORIENTED_EDGE('',*,*,#4456,.T.);
#2993=ORIENTED_EDGE('',*,*,#4457,.F.);
#2994=ORIENTED_EDGE('',*,*,#4408,.T.);
#2995=ORIENTED_EDGE('',*,*,#4457,.T.);
#2996=ORIENTED_EDGE('',*,*,#4458,.F.);
#2997=ORIENTED_EDGE('',*,*,#4409,.T.);
#2998=ORIENTED_EDGE('',*,*,#4458,.T.);
#2999=ORIENTED_EDGE('',*,*,#4459,.F.);
#3000=ORIENTED_EDGE('',*,*,#4410,.T.);
#3001=ORIENTED_EDGE('',*,*,#4459,.T.);
#3002=ORIENTED_EDGE('',*,*,#4460,.F.);
#3003=ORIENTED_EDGE('',*,*,#4411,.T.);
#3004=ORIENTED_EDGE('',*,*,#4460,.T.);
#3005=ORIENTED_EDGE('',*,*,#4461,.F.);
#3006=ORIENTED_EDGE('',*,*,#4412,.T.);
#3007=ORIENTED_EDGE('',*,*,#4461,.T.);
#3008=ORIENTED_EDGE('',*,*,#4462,.F.);
#3009=ORIENTED_EDGE('',*,*,#4413,.T.);
#3010=ORIENTED_EDGE('',*,*,#4462,.T.);
#3011=ORIENTED_EDGE('',*,*,#4323,.F.);
#3012=ORIENTED_EDGE('',*,*,#3960,.F.);
#3013=ORIENTED_EDGE('',*,*,#4463,.F.);
#3014=ORIENTED_EDGE('',*,*,#4344,.F.);
#3015=ORIENTED_EDGE('',*,*,#4463,.T.);
#3016=ORIENTED_EDGE('',*,*,#4168,.F.);
#3017=ORIENTED_EDGE('',*,*,#4464,.F.);
#3018=ORIENTED_EDGE('',*,*,#4345,.F.);
#3019=ORIENTED_EDGE('',*,*,#4464,.T.);
#3020=ORIENTED_EDGE('',*,*,#4170,.F.);
#3021=ORIENTED_EDGE('',*,*,#4465,.F.);
#3022=ORIENTED_EDGE('',*,*,#4346,.F.);
#3023=ORIENTED_EDGE('',*,*,#4465,.T.);
#3024=ORIENTED_EDGE('',*,*,#4172,.F.);
#3025=ORIENTED_EDGE('',*,*,#4466,.F.);
#3026=ORIENTED_EDGE('',*,*,#4347,.F.);
#3027=ORIENTED_EDGE('',*,*,#4466,.T.);
#3028=ORIENTED_EDGE('',*,*,#4174,.F.);
#3029=ORIENTED_EDGE('',*,*,#4467,.F.);
#3030=ORIENTED_EDGE('',*,*,#4348,.F.);
#3031=ORIENTED_EDGE('',*,*,#4467,.T.);
#3032=ORIENTED_EDGE('',*,*,#4176,.F.);
#3033=ORIENTED_EDGE('',*,*,#4468,.F.);
#3034=ORIENTED_EDGE('',*,*,#4349,.F.);
#3035=ORIENTED_EDGE('',*,*,#4468,.T.);
#3036=ORIENTED_EDGE('',*,*,#4178,.F.);
#3037=ORIENTED_EDGE('',*,*,#4469,.F.);
#3038=ORIENTED_EDGE('',*,*,#4350,.F.);
#3039=ORIENTED_EDGE('',*,*,#4469,.T.);
#3040=ORIENTED_EDGE('',*,*,#4180,.F.);
#3041=ORIENTED_EDGE('',*,*,#4470,.F.);
#3042=ORIENTED_EDGE('',*,*,#4351,.F.);
#3043=ORIENTED_EDGE('',*,*,#4470,.T.);
#3044=ORIENTED_EDGE('',*,*,#4181,.F.);
#3045=ORIENTED_EDGE('',*,*,#4471,.F.);
#3046=ORIENTED_EDGE('',*,*,#4352,.F.);
#3047=ORIENTED_EDGE('',*,*,#4471,.T.);
#3048=ORIENTED_EDGE('',*,*,#4109,.F.);
#3049=ORIENTED_EDGE('',*,*,#4472,.F.);
#3050=ORIENTED_EDGE('',*,*,#4353,.F.);
#3051=ORIENTED_EDGE('',*,*,#4472,.T.);
#3052=ORIENTED_EDGE('',*,*,#4112,.F.);
#3053=ORIENTED_EDGE('',*,*,#4473,.F.);
#3054=ORIENTED_EDGE('',*,*,#4354,.F.);
#3055=ORIENTED_EDGE('',*,*,#4473,.T.);
#3056=ORIENTED_EDGE('',*,*,#4114,.F.);
#3057=ORIENTED_EDGE('',*,*,#4474,.F.);
#3058=ORIENTED_EDGE('',*,*,#4355,.F.);
#3059=ORIENTED_EDGE('',*,*,#4474,.T.);
#3060=ORIENTED_EDGE('',*,*,#4116,.F.);
#3061=ORIENTED_EDGE('',*,*,#4475,.F.);
#3062=ORIENTED_EDGE('',*,*,#4356,.F.);
#3063=ORIENTED_EDGE('',*,*,#4475,.T.);
#3064=ORIENTED_EDGE('',*,*,#4118,.F.);
#3065=ORIENTED_EDGE('',*,*,#4476,.F.);
#3066=ORIENTED_EDGE('',*,*,#4357,.F.);
#3067=ORIENTED_EDGE('',*,*,#4476,.T.);
#3068=ORIENTED_EDGE('',*,*,#4120,.F.);
#3069=ORIENTED_EDGE('',*,*,#4477,.F.);
#3070=ORIENTED_EDGE('',*,*,#4358,.F.);
#3071=ORIENTED_EDGE('',*,*,#4477,.T.);
#3072=ORIENTED_EDGE('',*,*,#4122,.F.);
#3073=ORIENTED_EDGE('',*,*,#4478,.F.);
#3074=ORIENTED_EDGE('',*,*,#4359,.F.);
#3075=ORIENTED_EDGE('',*,*,#4478,.T.);
#3076=ORIENTED_EDGE('',*,*,#4124,.F.);
#3077=ORIENTED_EDGE('',*,*,#4479,.F.);
#3078=ORIENTED_EDGE('',*,*,#4360,.F.);
#3079=ORIENTED_EDGE('',*,*,#4479,.T.);
#3080=ORIENTED_EDGE('',*,*,#4126,.F.);
#3081=ORIENTED_EDGE('',*,*,#4480,.F.);
#3082=ORIENTED_EDGE('',*,*,#4361,.F.);
#3083=ORIENTED_EDGE('',*,*,#4480,.T.);
#3084=ORIENTED_EDGE('',*,*,#4128,.F.);
#3085=ORIENTED_EDGE('',*,*,#4481,.F.);
#3086=ORIENTED_EDGE('',*,*,#4362,.F.);
#3087=ORIENTED_EDGE('',*,*,#4481,.T.);
#3088=ORIENTED_EDGE('',*,*,#4130,.F.);
#3089=ORIENTED_EDGE('',*,*,#4482,.F.);
#3090=ORIENTED_EDGE('',*,*,#4363,.F.);
#3091=ORIENTED_EDGE('',*,*,#4482,.T.);
#3092=ORIENTED_EDGE('',*,*,#4132,.F.);
#3093=ORIENTED_EDGE('',*,*,#4483,.F.);
#3094=ORIENTED_EDGE('',*,*,#4364,.F.);
#3095=ORIENTED_EDGE('',*,*,#4483,.T.);
#3096=ORIENTED_EDGE('',*,*,#4134,.F.);
#3097=ORIENTED_EDGE('',*,*,#4484,.F.);
#3098=ORIENTED_EDGE('',*,*,#4365,.F.);
#3099=ORIENTED_EDGE('',*,*,#4484,.T.);
#3100=ORIENTED_EDGE('',*,*,#4136,.F.);
#3101=ORIENTED_EDGE('',*,*,#4485,.F.);
#3102=ORIENTED_EDGE('',*,*,#4366,.F.);
#3103=ORIENTED_EDGE('',*,*,#4485,.T.);
#3104=ORIENTED_EDGE('',*,*,#4138,.F.);
#3105=ORIENTED_EDGE('',*,*,#4486,.F.);
#3106=ORIENTED_EDGE('',*,*,#4367,.F.);
#3107=ORIENTED_EDGE('',*,*,#4486,.T.);
#3108=ORIENTED_EDGE('',*,*,#4140,.F.);
#3109=ORIENTED_EDGE('',*,*,#4487,.F.);
#3110=ORIENTED_EDGE('',*,*,#4368,.F.);
#3111=ORIENTED_EDGE('',*,*,#4487,.T.);
#3112=ORIENTED_EDGE('',*,*,#4142,.F.);
#3113=ORIENTED_EDGE('',*,*,#4488,.F.);
#3114=ORIENTED_EDGE('',*,*,#4369,.F.);
#3115=ORIENTED_EDGE('',*,*,#4488,.T.);
#3116=ORIENTED_EDGE('',*,*,#4144,.F.);
#3117=ORIENTED_EDGE('',*,*,#4489,.F.);
#3118=ORIENTED_EDGE('',*,*,#4370,.F.);
#3119=ORIENTED_EDGE('',*,*,#4489,.T.);
#3120=ORIENTED_EDGE('',*,*,#4146,.F.);
#3121=ORIENTED_EDGE('',*,*,#4490,.F.);
#3122=ORIENTED_EDGE('',*,*,#4371,.F.);
#3123=ORIENTED_EDGE('',*,*,#4490,.T.);
#3124=ORIENTED_EDGE('',*,*,#4148,.F.);
#3125=ORIENTED_EDGE('',*,*,#4491,.F.);
#3126=ORIENTED_EDGE('',*,*,#4372,.F.);
#3127=ORIENTED_EDGE('',*,*,#4491,.T.);
#3128=ORIENTED_EDGE('',*,*,#4150,.F.);
#3129=ORIENTED_EDGE('',*,*,#4492,.F.);
#3130=ORIENTED_EDGE('',*,*,#4373,.F.);
#3131=ORIENTED_EDGE('',*,*,#4492,.T.);
#3132=ORIENTED_EDGE('',*,*,#4158,.F.);
#3133=ORIENTED_EDGE('',*,*,#4493,.F.);
#3134=ORIENTED_EDGE('',*,*,#4374,.F.);
#3135=ORIENTED_EDGE('',*,*,#4493,.T.);
#3136=ORIENTED_EDGE('',*,*,#4160,.F.);
#3137=ORIENTED_EDGE('',*,*,#4494,.F.);
#3138=ORIENTED_EDGE('',*,*,#4342,.F.);
#3139=ORIENTED_EDGE('',*,*,#4494,.T.);
#3140=ORIENTED_EDGE('',*,*,#4165,.F.);
#3141=ORIENTED_EDGE('',*,*,#4317,.F.);
#3142=ORIENTED_EDGE('',*,*,#4343,.F.);
#3143=ORIENTED_EDGE('',*,*,#4495,.T.);
#3144=ORIENTED_EDGE('',*,*,#4152,.T.);
#3145=ORIENTED_EDGE('',*,*,#4496,.F.);
#3146=ORIENTED_EDGE('',*,*,#4084,.F.);
#3147=ORIENTED_EDGE('',*,*,#4497,.T.);
#3148=ORIENTED_EDGE('',*,*,#4154,.T.);
#3149=ORIENTED_EDGE('',*,*,#4498,.F.);
#3150=ORIENTED_EDGE('',*,*,#4090,.F.);
#3151=ORIENTED_EDGE('',*,*,#4091,.T.);
#3152=ORIENTED_EDGE('',*,*,#4498,.T.);
#3153=ORIENTED_EDGE('',*,*,#4153,.F.);
#3154=ORIENTED_EDGE('',*,*,#4495,.F.);
#3155=ORIENTED_EDGE('',*,*,#4496,.T.);
#3156=ORIENTED_EDGE('',*,*,#4151,.T.);
#3157=ORIENTED_EDGE('',*,*,#4007,.F.);
#3158=ORIENTED_EDGE('',*,*,#4085,.F.);
#3159=ORIENTED_EDGE('',*,*,#4089,.T.);
#3160=ORIENTED_EDGE('',*,*,#4185,.T.);
#3161=ORIENTED_EDGE('',*,*,#4155,.F.);
#3162=ORIENTED_EDGE('',*,*,#4497,.F.);
#3163=ORIENTED_EDGE('',*,*,#3963,.T.);
#3164=ORIENTED_EDGE('',*,*,#4406,.T.);
#3165=ORIENTED_EDGE('',*,*,#4162,.F.);
#3166=ORIENTED_EDGE('',*,*,#4184,.F.);
#3167=ORIENTED_EDGE('',*,*,#3975,.T.);
#3168=ORIENTED_EDGE('',*,*,#3957,.T.);
#3169=ORIENTED_EDGE('',*,*,#3968,.F.);
#3170=ORIENTED_EDGE('',*,*,#4079,.F.);
#3171=ORIENTED_EDGE('',*,*,#4183,.T.);
#3172=ORIENTED_EDGE('',*,*,#4499,.F.);
#3173=ORIENTED_EDGE('',*,*,#3974,.T.);
#3174=ORIENTED_EDGE('',*,*,#4500,.F.);
#3175=ORIENTED_EDGE('',*,*,#3973,.T.);
#3176=ORIENTED_EDGE('',*,*,#4501,.F.);
#3177=ORIENTED_EDGE('',*,*,#3972,.T.);
#3178=ORIENTED_EDGE('',*,*,#4502,.F.);
#3179=ORIENTED_EDGE('',*,*,#3971,.T.);
#3180=ORIENTED_EDGE('',*,*,#4503,.F.);
#3181=ORIENTED_EDGE('',*,*,#3970,.T.);
#3182=ORIENTED_EDGE('',*,*,#4504,.F.);
#3183=ORIENTED_EDGE('',*,*,#4504,.T.);
#3184=ORIENTED_EDGE('',*,*,#4503,.T.);
#3185=ORIENTED_EDGE('',*,*,#4502,.T.);
#3186=ORIENTED_EDGE('',*,*,#4501,.T.);
#3187=ORIENTED_EDGE('',*,*,#4500,.T.);
#3188=ORIENTED_EDGE('',*,*,#4499,.T.);
#3189=EDGE_CURVE('',#4505,#4506,#5364,.T.);
#3190=EDGE_CURVE('',#4505,#4507,#5365,.T.);
#3191=EDGE_CURVE('',#4507,#4508,#5366,.T.);
#3192=EDGE_CURVE('',#4508,#4506,#5367,.T.);
#3193=EDGE_CURVE('',#4509,#4510,#5368,.T.);
#3194=EDGE_CURVE('',#4509,#4511,#5369,.T.);
#3195=EDGE_CURVE('',#4511,#4512,#5370,.T.);
#3196=EDGE_CURVE('',#4510,#4512,#5371,.T.);
#3197=EDGE_CURVE('',#4513,#4514,#5372,.T.);
#3198=EDGE_CURVE('',#4513,#4515,#5373,.T.);
#3199=EDGE_CURVE('',#4515,#4516,#5374,.T.);
#3200=EDGE_CURVE('',#4514,#4516,#5375,.T.);
#3201=EDGE_CURVE('',#4517,#4518,#5376,.T.);
#3202=EDGE_CURVE('',#4517,#4519,#5377,.T.);
#3203=EDGE_CURVE('',#4519,#4520,#5378,.T.);
#3204=EDGE_CURVE('',#4518,#4520,#5379,.T.);
#3205=EDGE_CURVE('',#4521,#4522,#5380,.T.);
#3206=EDGE_CURVE('',#4521,#4523,#5381,.T.);
#3207=EDGE_CURVE('',#4523,#4524,#5382,.T.);
#3208=EDGE_CURVE('',#4522,#4524,#5383,.T.);
#3209=EDGE_CURVE('',#4525,#4526,#5384,.T.);
#3210=EDGE_CURVE('',#4525,#4527,#5385,.T.);
#3211=EDGE_CURVE('',#4527,#4528,#5386,.T.);
#3212=EDGE_CURVE('',#4526,#4528,#5387,.T.);
#3213=EDGE_CURVE('',#4529,#4530,#5388,.T.);
#3214=EDGE_CURVE('',#4529,#4531,#5389,.T.);
#3215=EDGE_CURVE('',#4531,#4532,#5390,.T.);
#3216=EDGE_CURVE('',#4530,#4532,#5391,.T.);
#3217=EDGE_CURVE('',#4533,#4534,#5392,.T.);
#3218=EDGE_CURVE('',#4533,#4535,#5393,.T.);
#3219=EDGE_CURVE('',#4535,#4536,#5394,.T.);
#3220=EDGE_CURVE('',#4534,#4536,#5395,.T.);
#3221=EDGE_CURVE('',#4537,#4538,#5396,.T.);
#3222=EDGE_CURVE('',#4537,#4539,#5397,.T.);
#3223=EDGE_CURVE('',#4539,#4540,#5398,.T.);
#3224=EDGE_CURVE('',#4538,#4540,#5399,.T.);
#3225=EDGE_CURVE('',#4541,#4542,#5400,.T.);
#3226=EDGE_CURVE('',#4541,#4543,#5401,.T.);
#3227=EDGE_CURVE('',#4543,#4544,#5402,.T.);
#3228=EDGE_CURVE('',#4542,#4544,#5403,.T.);
#3229=EDGE_CURVE('',#4545,#4546,#5404,.T.);
#3230=EDGE_CURVE('',#4545,#4547,#5405,.T.);
#3231=EDGE_CURVE('',#4547,#4548,#5406,.T.);
#3232=EDGE_CURVE('',#4546,#4548,#5407,.T.);
#3233=EDGE_CURVE('',#4549,#4550,#5408,.T.);
#3234=EDGE_CURVE('',#4549,#4551,#5409,.T.);
#3235=EDGE_CURVE('',#4551,#4552,#5410,.T.);
#3236=EDGE_CURVE('',#4550,#4552,#5411,.T.);
#3237=EDGE_CURVE('',#4553,#4554,#5412,.T.);
#3238=EDGE_CURVE('',#4553,#4555,#5413,.T.);
#3239=EDGE_CURVE('',#4555,#4556,#5414,.T.);
#3240=EDGE_CURVE('',#4554,#4556,#5415,.T.);
#3241=EDGE_CURVE('',#4557,#4558,#5416,.T.);
#3242=EDGE_CURVE('',#4557,#4559,#5417,.T.);
#3243=EDGE_CURVE('',#4559,#4560,#5418,.T.);
#3244=EDGE_CURVE('',#4558,#4560,#5419,.T.);
#3245=EDGE_CURVE('',#4561,#4562,#5420,.T.);
#3246=EDGE_CURVE('',#4561,#4563,#5421,.T.);
#3247=EDGE_CURVE('',#4563,#4564,#5422,.T.);
#3248=EDGE_CURVE('',#4562,#4564,#5423,.T.);
#3249=EDGE_CURVE('',#4565,#4566,#5424,.T.);
#3250=EDGE_CURVE('',#4565,#4567,#5425,.T.);
#3251=EDGE_CURVE('',#4567,#4568,#5426,.T.);
#3252=EDGE_CURVE('',#4566,#4568,#5427,.T.);
#3253=EDGE_CURVE('',#4569,#4570,#5428,.T.);
#3254=EDGE_CURVE('',#4569,#4571,#5429,.T.);
#3255=EDGE_CURVE('',#4571,#4572,#5430,.T.);
#3256=EDGE_CURVE('',#4570,#4572,#5431,.T.);
#3257=EDGE_CURVE('',#4573,#4574,#5432,.T.);
#3258=EDGE_CURVE('',#4573,#4575,#5433,.T.);
#3259=EDGE_CURVE('',#4575,#4576,#5434,.T.);
#3260=EDGE_CURVE('',#4574,#4576,#5435,.T.);
#3261=EDGE_CURVE('',#4577,#4578,#5436,.T.);
#3262=EDGE_CURVE('',#4577,#4579,#5437,.T.);
#3263=EDGE_CURVE('',#4579,#4580,#5438,.T.);
#3264=EDGE_CURVE('',#4578,#4580,#5439,.T.);
#3265=EDGE_CURVE('',#4581,#4582,#5440,.T.);
#3266=EDGE_CURVE('',#4581,#4583,#5441,.T.);
#3267=EDGE_CURVE('',#4583,#4584,#5442,.T.);
#3268=EDGE_CURVE('',#4582,#4584,#5443,.T.);
#3269=EDGE_CURVE('',#4585,#4586,#5444,.T.);
#3270=EDGE_CURVE('',#4585,#4587,#5445,.T.);
#3271=EDGE_CURVE('',#4587,#4588,#5446,.T.);
#3272=EDGE_CURVE('',#4586,#4588,#5447,.T.);
#3273=EDGE_CURVE('',#4589,#4590,#5448,.T.);
#3274=EDGE_CURVE('',#4589,#4591,#5449,.T.);
#3275=EDGE_CURVE('',#4591,#4592,#5450,.T.);
#3276=EDGE_CURVE('',#4590,#4592,#5451,.T.);
#3277=EDGE_CURVE('',#4593,#4594,#5452,.T.);
#3278=EDGE_CURVE('',#4593,#4595,#5453,.T.);
#3279=EDGE_CURVE('',#4595,#4596,#5454,.T.);
#3280=EDGE_CURVE('',#4594,#4596,#5455,.T.);
#3281=EDGE_CURVE('',#4597,#4598,#5456,.T.);
#3282=EDGE_CURVE('',#4597,#4599,#5457,.T.);
#3283=EDGE_CURVE('',#4599,#4600,#5458,.T.);
#3284=EDGE_CURVE('',#4598,#4600,#5459,.T.);
#3285=EDGE_CURVE('',#4601,#4602,#5460,.T.);
#3286=EDGE_CURVE('',#4601,#4603,#5461,.T.);
#3287=EDGE_CURVE('',#4603,#4604,#5462,.T.);
#3288=EDGE_CURVE('',#4602,#4604,#5463,.T.);
#3289=EDGE_CURVE('',#4605,#4606,#5464,.T.);
#3290=EDGE_CURVE('',#4605,#4607,#5465,.T.);
#3291=EDGE_CURVE('',#4607,#4608,#5466,.T.);
#3292=EDGE_CURVE('',#4606,#4608,#5467,.T.);
#3293=EDGE_CURVE('',#4609,#4610,#5468,.T.);
#3294=EDGE_CURVE('',#4609,#4611,#5469,.T.);
#3295=EDGE_CURVE('',#4611,#4612,#5470,.T.);
#3296=EDGE_CURVE('',#4610,#4612,#5471,.T.);
#3297=EDGE_CURVE('',#4613,#4614,#5472,.T.);
#3298=EDGE_CURVE('',#4613,#4615,#5473,.T.);
#3299=EDGE_CURVE('',#4615,#4616,#5474,.T.);
#3300=EDGE_CURVE('',#4614,#4616,#5475,.T.);
#3301=EDGE_CURVE('',#4617,#4617,#264,.T.);
#3302=EDGE_CURVE('',#4618,#4618,#265,.T.);
#3303=EDGE_CURVE('',#4619,#4619,#266,.T.);
#3304=EDGE_CURVE('',#4620,#4620,#267,.T.);
#3305=EDGE_CURVE('',#4621,#4621,#268,.T.);
#3306=EDGE_CURVE('',#4622,#4622,#269,.T.);
#3307=EDGE_CURVE('',#4623,#4623,#270,.T.);
#3308=EDGE_CURVE('',#4624,#4625,#5476,.T.);
#3309=EDGE_CURVE('',#4624,#4626,#5477,.T.);
#3310=EDGE_CURVE('',#4627,#4626,#5478,.T.);
#3311=EDGE_CURVE('',#4627,#4628,#271,.T.);
#3312=EDGE_CURVE('',#4628,#4629,#5479,.T.);
#3313=EDGE_CURVE('',#4629,#4630,#272,.T.);
#3314=EDGE_CURVE('',#4631,#4630,#5480,.T.);
#3315=EDGE_CURVE('',#4632,#4631,#5481,.T.);
#3316=EDGE_CURVE('',#4632,#4633,#5482,.T.);
#3317=EDGE_CURVE('',#4633,#4634,#273,.T.);
#3318=EDGE_CURVE('',#4635,#4634,#5483,.T.);
#3319=EDGE_CURVE('',#4635,#4636,#274,.T.);
#3320=EDGE_CURVE('',#4636,#4637,#5484,.T.);
#3321=EDGE_CURVE('',#4637,#4638,#275,.T.);
#3322=EDGE_CURVE('',#4638,#4639,#5485,.T.);
#3323=EDGE_CURVE('',#4639,#4640,#276,.T.);
#3324=EDGE_CURVE('',#4640,#4641,#5486,.T.);
#3325=EDGE_CURVE('',#4641,#4642,#277,.T.);
#3326=EDGE_CURVE('',#4643,#4642,#5487,.T.);
#3327=EDGE_CURVE('',#4644,#4643,#278,.T.);
#3328=EDGE_CURVE('',#4644,#4645,#5488,.T.);
#3329=EDGE_CURVE('',#4645,#4646,#279,.T.);
#3330=EDGE_CURVE('',#4647,#4646,#5489,.T.);
#3331=EDGE_CURVE('',#4647,#4648,#280,.T.);
#3332=EDGE_CURVE('',#4649,#4648,#5490,.T.);
#3333=EDGE_CURVE('',#4650,#4649,#281,.T.);
#3334=EDGE_CURVE('',#4651,#4650,#5491,.T.);
#3335=EDGE_CURVE('',#4651,#4652,#282,.T.);
#3336=EDGE_CURVE('',#4653,#4652,#5492,.T.);
#3337=EDGE_CURVE('',#4654,#4653,#283,.T.);
#3338=EDGE_CURVE('',#4655,#4654,#5493,.T.);
#3339=EDGE_CURVE('',#4655,#4656,#284,.T.);
#3340=EDGE_CURVE('',#4657,#4656,#5494,.T.);
#3341=EDGE_CURVE('',#4658,#4657,#285,.T.);
#3342=EDGE_CURVE('',#4658,#4659,#5495,.T.);
#3343=EDGE_CURVE('',#4659,#4660,#286,.T.);
#3344=EDGE_CURVE('',#4661,#4660,#5496,.T.);
#3345=EDGE_CURVE('',#4661,#4662,#287,.T.);
#3346=EDGE_CURVE('',#4663,#4662,#5497,.T.);
#3347=EDGE_CURVE('',#4508,#4663,#288,.T.);
#3348=EDGE_CURVE('',#4625,#4507,#5498,.T.);
#3349=EDGE_CURVE('',#4664,#4665,#5499,.T.);
#3350=EDGE_CURVE('',#4613,#4664,#5500,.T.);
#3351=EDGE_CURVE('',#4614,#4665,#5501,.T.);
#3352=EDGE_CURVE('',#4664,#4666,#5502,.T.);
#3353=EDGE_CURVE('',#4615,#4666,#5503,.T.);
#3354=EDGE_CURVE('',#4666,#4667,#5504,.T.);
#3355=EDGE_CURVE('',#4616,#4667,#5505,.T.);
#3356=EDGE_CURVE('',#4668,#4669,#5506,.T.);
#3357=EDGE_CURVE('',#4609,#4668,#5507,.T.);
#3358=EDGE_CURVE('',#4610,#4669,#5508,.T.);
#3359=EDGE_CURVE('',#4668,#4670,#5509,.T.);
#3360=EDGE_CURVE('',#4611,#4670,#5510,.T.);
#3361=EDGE_CURVE('',#4670,#4671,#5511,.T.);
#3362=EDGE_CURVE('',#4612,#4671,#5512,.T.);
#3363=EDGE_CURVE('',#4672,#4673,#5513,.T.);
#3364=EDGE_CURVE('',#4605,#4672,#5514,.T.);
#3365=EDGE_CURVE('',#4606,#4673,#5515,.T.);
#3366=EDGE_CURVE('',#4672,#4674,#5516,.T.);
#3367=EDGE_CURVE('',#4607,#4674,#5517,.T.);
#3368=EDGE_CURVE('',#4674,#4675,#5518,.T.);
#3369=EDGE_CURVE('',#4608,#4675,#5519,.T.);
#3370=EDGE_CURVE('',#4676,#4677,#5520,.T.);
#3371=EDGE_CURVE('',#4601,#4676,#5521,.T.);
#3372=EDGE_CURVE('',#4602,#4677,#5522,.T.);
#3373=EDGE_CURVE('',#4676,#4678,#5523,.T.);
#3374=EDGE_CURVE('',#4603,#4678,#5524,.T.);
#3375=EDGE_CURVE('',#4678,#4679,#5525,.T.);
#3376=EDGE_CURVE('',#4604,#4679,#5526,.T.);
#3377=EDGE_CURVE('',#4680,#4681,#5527,.T.);
#3378=EDGE_CURVE('',#4597,#4680,#5528,.T.);
#3379=EDGE_CURVE('',#4598,#4681,#5529,.T.);
#3380=EDGE_CURVE('',#4680,#4682,#5530,.T.);
#3381=EDGE_CURVE('',#4599,#4682,#5531,.T.);
#3382=EDGE_CURVE('',#4682,#4683,#5532,.T.);
#3383=EDGE_CURVE('',#4600,#4683,#5533,.T.);
#3384=EDGE_CURVE('',#4684,#4685,#5534,.T.);
#3385=EDGE_CURVE('',#4593,#4684,#5535,.T.);
#3386=EDGE_CURVE('',#4594,#4685,#5536,.T.);
#3387=EDGE_CURVE('',#4684,#4686,#5537,.T.);
#3388=EDGE_CURVE('',#4595,#4686,#5538,.T.);
#3389=EDGE_CURVE('',#4686,#4687,#5539,.T.);
#3390=EDGE_CURVE('',#4596,#4687,#5540,.T.);
#3391=EDGE_CURVE('',#4688,#4689,#5541,.T.);
#3392=EDGE_CURVE('',#4589,#4688,#5542,.T.);
#3393=EDGE_CURVE('',#4590,#4689,#5543,.T.);
#3394=EDGE_CURVE('',#4688,#4690,#5544,.T.);
#3395=EDGE_CURVE('',#4591,#4690,#5545,.T.);
#3396=EDGE_CURVE('',#4690,#4691,#5546,.T.);
#3397=EDGE_CURVE('',#4592,#4691,#5547,.T.);
#3398=EDGE_CURVE('',#4692,#4693,#5548,.T.);
#3399=EDGE_CURVE('',#4585,#4692,#5549,.T.);
#3400=EDGE_CURVE('',#4586,#4693,#5550,.T.);
#3401=EDGE_CURVE('',#4692,#4694,#5551,.T.);
#3402=EDGE_CURVE('',#4587,#4694,#5552,.T.);
#3403=EDGE_CURVE('',#4694,#4695,#5553,.T.);
#3404=EDGE_CURVE('',#4588,#4695,#5554,.T.);
#3405=EDGE_CURVE('',#4696,#4697,#5555,.T.);
#3406=EDGE_CURVE('',#4581,#4696,#5556,.T.);
#3407=EDGE_CURVE('',#4582,#4697,#5557,.T.);
#3408=EDGE_CURVE('',#4696,#4698,#5558,.T.);
#3409=EDGE_CURVE('',#4583,#4698,#5559,.T.);
#3410=EDGE_CURVE('',#4698,#4699,#5560,.T.);
#3411=EDGE_CURVE('',#4584,#4699,#5561,.T.);
#3412=EDGE_CURVE('',#4700,#4701,#5562,.T.);
#3413=EDGE_CURVE('',#4577,#4700,#5563,.T.);
#3414=EDGE_CURVE('',#4578,#4701,#5564,.T.);
#3415=EDGE_CURVE('',#4700,#4702,#5565,.T.);
#3416=EDGE_CURVE('',#4579,#4702,#5566,.T.);
#3417=EDGE_CURVE('',#4702,#4703,#5567,.T.);
#3418=EDGE_CURVE('',#4580,#4703,#5568,.T.);
#3419=EDGE_CURVE('',#4704,#4705,#5569,.T.);
#3420=EDGE_CURVE('',#4573,#4704,#5570,.T.);
#3421=EDGE_CURVE('',#4574,#4705,#5571,.T.);
#3422=EDGE_CURVE('',#4704,#4706,#5572,.T.);
#3423=EDGE_CURVE('',#4575,#4706,#5573,.T.);
#3424=EDGE_CURVE('',#4706,#4707,#5574,.T.);
#3425=EDGE_CURVE('',#4576,#4707,#5575,.T.);
#3426=EDGE_CURVE('',#4708,#4709,#5576,.T.);
#3427=EDGE_CURVE('',#4569,#4708,#5577,.T.);
#3428=EDGE_CURVE('',#4570,#4709,#5578,.T.);
#3429=EDGE_CURVE('',#4708,#4710,#5579,.T.);
#3430=EDGE_CURVE('',#4571,#4710,#5580,.T.);
#3431=EDGE_CURVE('',#4710,#4711,#5581,.T.);
#3432=EDGE_CURVE('',#4572,#4711,#5582,.T.);
#3433=EDGE_CURVE('',#4712,#4713,#5583,.T.);
#3434=EDGE_CURVE('',#4565,#4712,#5584,.T.);
#3435=EDGE_CURVE('',#4566,#4713,#5585,.T.);
#3436=EDGE_CURVE('',#4712,#4714,#5586,.T.);
#3437=EDGE_CURVE('',#4567,#4714,#5587,.T.);
#3438=EDGE_CURVE('',#4714,#4715,#5588,.T.);
#3439=EDGE_CURVE('',#4568,#4715,#5589,.T.);
#3440=EDGE_CURVE('',#4716,#4717,#5590,.T.);
#3441=EDGE_CURVE('',#4561,#4716,#5591,.T.);
#3442=EDGE_CURVE('',#4562,#4717,#5592,.T.);
#3443=EDGE_CURVE('',#4716,#4718,#5593,.T.);
#3444=EDGE_CURVE('',#4563,#4718,#5594,.T.);
#3445=EDGE_CURVE('',#4718,#4719,#5595,.T.);
#3446=EDGE_CURVE('',#4564,#4719,#5596,.T.);
#3447=EDGE_CURVE('',#4720,#4721,#5597,.T.);
#3448=EDGE_CURVE('',#4557,#4720,#5598,.T.);
#3449=EDGE_CURVE('',#4558,#4721,#5599,.T.);
#3450=EDGE_CURVE('',#4720,#4722,#5600,.T.);
#3451=EDGE_CURVE('',#4559,#4722,#5601,.T.);
#3452=EDGE_CURVE('',#4722,#4723,#5602,.T.);
#3453=EDGE_CURVE('',#4560,#4723,#5603,.T.);
#3454=EDGE_CURVE('',#4724,#4725,#5604,.T.);
#3455=EDGE_CURVE('',#4553,#4724,#5605,.T.);
#3456=EDGE_CURVE('',#4554,#4725,#5606,.T.);
#3457=EDGE_CURVE('',#4724,#4726,#5607,.T.);
#3458=EDGE_CURVE('',#4555,#4726,#5608,.T.);
#3459=EDGE_CURVE('',#4726,#4727,#5609,.T.);
#3460=EDGE_CURVE('',#4556,#4727,#5610,.T.);
#3461=EDGE_CURVE('',#4728,#4729,#5611,.T.);
#3462=EDGE_CURVE('',#4549,#4728,#5612,.T.);
#3463=EDGE_CURVE('',#4550,#4729,#5613,.T.);
#3464=EDGE_CURVE('',#4728,#4730,#5614,.T.);
#3465=EDGE_CURVE('',#4551,#4730,#5615,.T.);
#3466=EDGE_CURVE('',#4730,#4731,#5616,.T.);
#3467=EDGE_CURVE('',#4552,#4731,#5617,.T.);
#3468=EDGE_CURVE('',#4732,#4733,#5618,.T.);
#3469=EDGE_CURVE('',#4545,#4732,#5619,.T.);
#3470=EDGE_CURVE('',#4546,#4733,#5620,.T.);
#3471=EDGE_CURVE('',#4732,#4734,#5621,.T.);
#3472=EDGE_CURVE('',#4547,#4734,#5622,.T.);
#3473=EDGE_CURVE('',#4734,#4735,#5623,.T.);
#3474=EDGE_CURVE('',#4548,#4735,#5624,.T.);
#3475=EDGE_CURVE('',#4736,#4737,#5625,.T.);
#3476=EDGE_CURVE('',#4541,#4736,#5626,.T.);
#3477=EDGE_CURVE('',#4542,#4737,#5627,.T.);
#3478=EDGE_CURVE('',#4736,#4738,#5628,.T.);
#3479=EDGE_CURVE('',#4543,#4738,#5629,.T.);
#3480=EDGE_CURVE('',#4738,#4739,#5630,.T.);
#3481=EDGE_CURVE('',#4544,#4739,#5631,.T.);
#3482=EDGE_CURVE('',#4740,#4741,#5632,.T.);
#3483=EDGE_CURVE('',#4537,#4740,#5633,.T.);
#3484=EDGE_CURVE('',#4538,#4741,#5634,.T.);
#3485=EDGE_CURVE('',#4740,#4742,#5635,.T.);
#3486=EDGE_CURVE('',#4539,#4742,#5636,.T.);
#3487=EDGE_CURVE('',#4742,#4743,#5637,.T.);
#3488=EDGE_CURVE('',#4540,#4743,#5638,.T.);
#3489=EDGE_CURVE('',#4744,#4745,#5639,.T.);
#3490=EDGE_CURVE('',#4533,#4744,#5640,.T.);
#3491=EDGE_CURVE('',#4534,#4745,#5641,.T.);
#3492=EDGE_CURVE('',#4744,#4746,#5642,.T.);
#3493=EDGE_CURVE('',#4535,#4746,#5643,.T.);
#3494=EDGE_CURVE('',#4746,#4747,#5644,.T.);
#3495=EDGE_CURVE('',#4536,#4747,#5645,.T.);
#3496=EDGE_CURVE('',#4748,#4749,#5646,.T.);
#3497=EDGE_CURVE('',#4529,#4748,#5647,.T.);
#3498=EDGE_CURVE('',#4530,#4749,#5648,.T.);
#3499=EDGE_CURVE('',#4748,#4750,#5649,.T.);
#3500=EDGE_CURVE('',#4531,#4750,#5650,.T.);
#3501=EDGE_CURVE('',#4750,#4751,#5651,.T.);
#3502=EDGE_CURVE('',#4532,#4751,#5652,.T.);
#3503=EDGE_CURVE('',#4752,#4753,#5653,.T.);
#3504=EDGE_CURVE('',#4525,#4752,#5654,.T.);
#3505=EDGE_CURVE('',#4526,#4753,#5655,.T.);
#3506=EDGE_CURVE('',#4752,#4754,#5656,.T.);
#3507=EDGE_CURVE('',#4527,#4754,#5657,.T.);
#3508=EDGE_CURVE('',#4754,#4755,#5658,.T.);
#3509=EDGE_CURVE('',#4528,#4755,#5659,.T.);
#3510=EDGE_CURVE('',#4756,#4757,#5660,.T.);
#3511=EDGE_CURVE('',#4521,#4756,#5661,.T.);
#3512=EDGE_CURVE('',#4522,#4757,#5662,.T.);
#3513=EDGE_CURVE('',#4756,#4758,#5663,.T.);
#3514=EDGE_CURVE('',#4523,#4758,#5664,.T.);
#3515=EDGE_CURVE('',#4758,#4759,#5665,.T.);
#3516=EDGE_CURVE('',#4524,#4759,#5666,.T.);
#3517=EDGE_CURVE('',#4760,#4761,#5667,.T.);
#3518=EDGE_CURVE('',#4517,#4760,#5668,.T.);
#3519=EDGE_CURVE('',#4518,#4761,#5669,.T.);
#3520=EDGE_CURVE('',#4760,#4762,#5670,.T.);
#3521=EDGE_CURVE('',#4519,#4762,#5671,.T.);
#3522=EDGE_CURVE('',#4762,#4763,#5672,.T.);
#3523=EDGE_CURVE('',#4520,#4763,#5673,.T.);
#3524=EDGE_CURVE('',#4764,#4765,#5674,.T.);
#3525=EDGE_CURVE('',#4513,#4764,#5675,.T.);
#3526=EDGE_CURVE('',#4514,#4765,#5676,.T.);
#3527=EDGE_CURVE('',#4764,#4766,#5677,.T.);
#3528=EDGE_CURVE('',#4515,#4766,#5678,.T.);
#3529=EDGE_CURVE('',#4766,#4767,#5679,.T.);
#3530=EDGE_CURVE('',#4516,#4767,#5680,.T.);
#3531=EDGE_CURVE('',#4768,#4769,#5681,.T.);
#3532=EDGE_CURVE('',#4509,#4768,#5682,.T.);
#3533=EDGE_CURVE('',#4510,#4769,#5683,.T.);
#3534=EDGE_CURVE('',#4768,#4770,#5684,.T.);
#3535=EDGE_CURVE('',#4511,#4770,#5685,.T.);
#3536=EDGE_CURVE('',#4770,#4771,#5686,.T.);
#3537=EDGE_CURVE('',#4512,#4771,#5687,.T.);
#3538=EDGE_CURVE('',#4772,#4773,#5688,.T.);
#3539=EDGE_CURVE('',#4631,#4772,#5689,.T.);
#3540=EDGE_CURVE('',#4630,#4773,#5690,.T.);
#3541=EDGE_CURVE('',#4774,#4772,#5691,.T.);
#3542=EDGE_CURVE('',#4632,#4774,#5692,.T.);
#3543=EDGE_CURVE('',#4774,#4775,#5693,.T.);
#3544=EDGE_CURVE('',#4633,#4775,#5694,.T.);
#3545=EDGE_CURVE('',#4775,#4776,#289,.T.);
#3546=EDGE_CURVE('',#4634,#4776,#5695,.T.);
#3547=EDGE_CURVE('',#4777,#4776,#5696,.T.);
#3548=EDGE_CURVE('',#4635,#4777,#5697,.T.);
#3549=EDGE_CURVE('',#4777,#4778,#290,.T.);
#3550=EDGE_CURVE('',#4636,#4778,#5698,.T.);
#3551=EDGE_CURVE('',#4778,#4779,#5699,.T.);
#3552=EDGE_CURVE('',#4637,#4779,#5700,.T.);
#3553=EDGE_CURVE('',#4779,#4780,#291,.T.);
#3554=EDGE_CURVE('',#4638,#4780,#5701,.T.);
#3555=EDGE_CURVE('',#4780,#4781,#5702,.T.);
#3556=EDGE_CURVE('',#4639,#4781,#5703,.T.);
#3557=EDGE_CURVE('',#4781,#4782,#292,.T.);
#3558=EDGE_CURVE('',#4640,#4782,#5704,.T.);
#3559=EDGE_CURVE('',#4782,#4783,#5705,.T.);
#3560=EDGE_CURVE('',#4641,#4783,#5706,.T.);
#3561=EDGE_CURVE('',#4783,#4784,#293,.T.);
#3562=EDGE_CURVE('',#4642,#4784,#5707,.T.);
#3563=EDGE_CURVE('',#4785,#4784,#5708,.T.);
#3564=EDGE_CURVE('',#4643,#4785,#5709,.T.);
#3565=EDGE_CURVE('',#4786,#4785,#294,.T.);
#3566=EDGE_CURVE('',#4644,#4786,#5710,.T.);
#3567=EDGE_CURVE('',#4786,#4787,#5711,.T.);
#3568=EDGE_CURVE('',#4645,#4787,#5712,.T.);
#3569=EDGE_CURVE('',#4787,#4788,#295,.T.);
#3570=EDGE_CURVE('',#4646,#4788,#5713,.T.);
#3571=EDGE_CURVE('',#4789,#4788,#5714,.T.);
#3572=EDGE_CURVE('',#4647,#4789,#5715,.T.);
#3573=EDGE_CURVE('',#4789,#4790,#296,.T.);
#3574=EDGE_CURVE('',#4648,#4790,#5716,.T.);
#3575=EDGE_CURVE('',#4791,#4790,#5717,.T.);
#3576=EDGE_CURVE('',#4649,#4791,#5718,.T.);
#3577=EDGE_CURVE('',#4792,#4791,#297,.T.);
#3578=EDGE_CURVE('',#4650,#4792,#5719,.T.);
#3579=EDGE_CURVE('',#4793,#4792,#5720,.T.);
#3580=EDGE_CURVE('',#4651,#4793,#5721,.T.);
#3581=EDGE_CURVE('',#4793,#4794,#298,.T.);
#3582=EDGE_CURVE('',#4652,#4794,#5722,.T.);
#3583=EDGE_CURVE('',#4795,#4794,#5723,.T.);
#3584=EDGE_CURVE('',#4653,#4795,#5724,.T.);
#3585=EDGE_CURVE('',#4796,#4795,#299,.T.);
#3586=EDGE_CURVE('',#4654,#4796,#5725,.T.);
#3587=EDGE_CURVE('',#4797,#4796,#5726,.T.);
#3588=EDGE_CURVE('',#4655,#4797,#5727,.T.);
#3589=EDGE_CURVE('',#4797,#4798,#300,.T.);
#3590=EDGE_CURVE('',#4656,#4798,#5728,.T.);
#3591=EDGE_CURVE('',#4799,#4798,#5729,.T.);
#3592=EDGE_CURVE('',#4657,#4799,#5730,.T.);
#3593=EDGE_CURVE('',#4800,#4799,#301,.T.);
#3594=EDGE_CURVE('',#4658,#4800,#5731,.T.);
#3595=EDGE_CURVE('',#4800,#4801,#5732,.T.);
#3596=EDGE_CURVE('',#4659,#4801,#5733,.T.);
#3597=EDGE_CURVE('',#4801,#4802,#302,.T.);
#3598=EDGE_CURVE('',#4660,#4802,#5734,.T.);
#3599=EDGE_CURVE('',#4803,#4802,#5735,.T.);
#3600=EDGE_CURVE('',#4661,#4803,#5736,.T.);
#3601=EDGE_CURVE('',#4803,#4804,#303,.T.);
#3602=EDGE_CURVE('',#4662,#4804,#5737,.T.);
#3603=EDGE_CURVE('',#4805,#4804,#5738,.T.);
#3604=EDGE_CURVE('',#4663,#4805,#5739,.T.);
#3605=EDGE_CURVE('',#4506,#4805,#304,.T.);
#3606=EDGE_CURVE('',#4806,#4626,#5740,.T.);
#3607=EDGE_CURVE('',#4807,#4806,#5741,.T.);
#3608=EDGE_CURVE('',#4627,#4807,#5742,.T.);
#3609=EDGE_CURVE('',#4807,#4808,#305,.T.);
#3610=EDGE_CURVE('',#4628,#4808,#5743,.T.);
#3611=EDGE_CURVE('',#4808,#4809,#5744,.T.);
#3612=EDGE_CURVE('',#4629,#4809,#5745,.T.);
#3613=EDGE_CURVE('',#4810,#4810,#306,.T.);
#3614=EDGE_CURVE('',#4811,#4811,#307,.T.);
#3615=EDGE_CURVE('',#4812,#4812,#308,.T.);
#3616=EDGE_CURVE('',#4813,#4813,#309,.T.);
#3617=EDGE_CURVE('',#4814,#4814,#310,.T.);
#3618=EDGE_CURVE('',#4815,#4815,#311,.T.);
#3619=EDGE_CURVE('',#4665,#4667,#5746,.T.);
#3620=EDGE_CURVE('',#4669,#4671,#5747,.T.);
#3621=EDGE_CURVE('',#4673,#4675,#5748,.T.);
#3622=EDGE_CURVE('',#4677,#4679,#5749,.T.);
#3623=EDGE_CURVE('',#4681,#4683,#5750,.T.);
#3624=EDGE_CURVE('',#4685,#4687,#5751,.T.);
#3625=EDGE_CURVE('',#4689,#4691,#5752,.T.);
#3626=EDGE_CURVE('',#4693,#4695,#5753,.T.);
#3627=EDGE_CURVE('',#4697,#4699,#5754,.T.);
#3628=EDGE_CURVE('',#4701,#4703,#5755,.T.);
#3629=EDGE_CURVE('',#4705,#4707,#5756,.T.);
#3630=EDGE_CURVE('',#4709,#4711,#5757,.T.);
#3631=EDGE_CURVE('',#4713,#4715,#5758,.T.);
#3632=EDGE_CURVE('',#4717,#4719,#5759,.T.);
#3633=EDGE_CURVE('',#4721,#4723,#5760,.T.);
#3634=EDGE_CURVE('',#4725,#4727,#5761,.T.);
#3635=EDGE_CURVE('',#4729,#4731,#5762,.T.);
#3636=EDGE_CURVE('',#4733,#4735,#5763,.T.);
#3637=EDGE_CURVE('',#4737,#4739,#5764,.T.);
#3638=EDGE_CURVE('',#4741,#4743,#5765,.T.);
#3639=EDGE_CURVE('',#4745,#4747,#5766,.T.);
#3640=EDGE_CURVE('',#4749,#4751,#5767,.T.);
#3641=EDGE_CURVE('',#4753,#4755,#5768,.T.);
#3642=EDGE_CURVE('',#4757,#4759,#5769,.T.);
#3643=EDGE_CURVE('',#4761,#4763,#5770,.T.);
#3644=EDGE_CURVE('',#4765,#4767,#5771,.T.);
#3645=EDGE_CURVE('',#4769,#4771,#5772,.T.);
#3646=EDGE_CURVE('',#4809,#4773,#312,.T.);
#3647=EDGE_CURVE('',#4816,#4816,#313,.T.);
#3648=EDGE_CURVE('',#4817,#4818,#5773,.T.);
#3649=EDGE_CURVE('',#4818,#4505,#5774,.T.);
#3650=EDGE_CURVE('',#4817,#4806,#5775,.T.);
#3651=EDGE_CURVE('',#4817,#4624,#5776,.T.);
#3652=EDGE_CURVE('',#4818,#4625,#5777,.T.);
#3653=EDGE_CURVE('',#4819,#4819,#314,.T.);
#3654=EDGE_CURVE('',#4820,#4820,#315,.T.);
#3655=EDGE_CURVE('',#4821,#4821,#316,.T.);
#3656=EDGE_CURVE('',#4822,#4822,#317,.T.);
#3657=EDGE_CURVE('',#4823,#4823,#318,.T.);
#3658=EDGE_CURVE('',#4824,#4825,#5778,.T.);
#3659=EDGE_CURVE('',#4824,#4826,#5779,.T.);
#3660=EDGE_CURVE('',#4826,#4827,#5780,.T.);
#3661=EDGE_CURVE('',#4827,#4828,#319,.T.);
#3662=EDGE_CURVE('',#4828,#4829,#5781,.T.);
#3663=EDGE_CURVE('',#4829,#4830,#320,.T.);
#3664=EDGE_CURVE('',#4830,#4831,#5782,.T.);
#3665=EDGE_CURVE('',#4831,#4832,#321,.T.);
#3666=EDGE_CURVE('',#4832,#4833,#5783,.T.);
#3667=EDGE_CURVE('',#4833,#4834,#322,.T.);
#3668=EDGE_CURVE('',#4835,#4834,#5784,.T.);
#3669=EDGE_CURVE('',#4836,#4835,#323,.T.);
#3670=EDGE_CURVE('',#4836,#4837,#5785,.T.);
#3671=EDGE_CURVE('',#4837,#4838,#324,.T.);
#3672=EDGE_CURVE('',#4839,#4838,#5786,.T.);
#3673=EDGE_CURVE('',#4839,#4840,#325,.T.);
#3674=EDGE_CURVE('',#4841,#4840,#5787,.T.);
#3675=EDGE_CURVE('',#4842,#4841,#326,.T.);
#3676=EDGE_CURVE('',#4843,#4842,#5788,.T.);
#3677=EDGE_CURVE('',#4843,#4844,#327,.T.);
#3678=EDGE_CURVE('',#4845,#4844,#5789,.T.);
#3679=EDGE_CURVE('',#4846,#4845,#328,.T.);
#3680=EDGE_CURVE('',#4847,#4846,#5790,.T.);
#3681=EDGE_CURVE('',#4847,#4848,#329,.T.);
#3682=EDGE_CURVE('',#4849,#4848,#5791,.T.);
#3683=EDGE_CURVE('',#4850,#4849,#330,.T.);
#3684=EDGE_CURVE('',#4851,#4850,#5792,.T.);
#3685=EDGE_CURVE('',#4851,#4852,#331,.T.);
#3686=EDGE_CURVE('',#4853,#4852,#5793,.T.);
#3687=EDGE_CURVE('',#4853,#4854,#332,.T.);
#3688=EDGE_CURVE('',#4855,#4854,#5794,.T.);
#3689=EDGE_CURVE('',#4856,#4855,#333,.T.);
#3690=EDGE_CURVE('',#4857,#4856,#5795,.T.);
#3691=EDGE_CURVE('',#4858,#4857,#5796,.T.);
#3692=EDGE_CURVE('',#4858,#4859,#5797,.T.);
#3693=EDGE_CURVE('',#4859,#4860,#334,.T.);
#3694=EDGE_CURVE('',#4860,#4861,#5798,.T.);
#3695=EDGE_CURVE('',#4862,#4861,#335,.T.);
#3696=EDGE_CURVE('',#4862,#4863,#5799,.T.);
#3697=EDGE_CURVE('',#4864,#4863,#336,.T.);
#3698=EDGE_CURVE('',#4864,#4865,#5800,.T.);
#3699=EDGE_CURVE('',#4865,#4866,#337,.T.);
#3700=EDGE_CURVE('',#4866,#4867,#5801,.T.);
#3701=EDGE_CURVE('',#4868,#4867,#338,.T.);
#3702=EDGE_CURVE('',#4868,#4869,#5802,.T.);
#3703=EDGE_CURVE('',#4869,#4870,#339,.T.);
#3704=EDGE_CURVE('',#4870,#4871,#5803,.T.);
#3705=EDGE_CURVE('',#4872,#4871,#340,.T.);
#3706=EDGE_CURVE('',#4872,#4873,#5804,.T.);
#3707=EDGE_CURVE('',#4873,#4874,#341,.T.);
#3708=EDGE_CURVE('',#4874,#4875,#5805,.T.);
#3709=EDGE_CURVE('',#4876,#4875,#342,.T.);
#3710=EDGE_CURVE('',#4876,#4877,#5806,.T.);
#3711=EDGE_CURVE('',#4878,#4877,#343,.T.);
#3712=EDGE_CURVE('',#4879,#4878,#5807,.T.);
#3713=EDGE_CURVE('',#4879,#4880,#344,.T.);
#3714=EDGE_CURVE('',#4881,#4880,#5808,.T.);
#3715=EDGE_CURVE('',#4882,#4881,#345,.T.);
#3716=EDGE_CURVE('',#4883,#4882,#5809,.T.);
#3717=EDGE_CURVE('',#4884,#4883,#346,.T.);
#3718=EDGE_CURVE('',#4885,#4884,#5810,.T.);
#3719=EDGE_CURVE('',#4886,#4885,#347,.T.);
#3720=EDGE_CURVE('',#4887,#4886,#5811,.T.);
#3721=EDGE_CURVE('',#4825,#4887,#348,.T.);
#3722=EDGE_CURVE('',#4888,#4858,#5812,.T.);
#3723=EDGE_CURVE('',#4888,#4889,#349,.T.);
#3724=EDGE_CURVE('',#4890,#4889,#5813,.T.);
#3725=EDGE_CURVE('',#4890,#4891,#350,.T.);
#3726=EDGE_CURVE('',#4891,#4892,#5814,.T.);
#3727=EDGE_CURVE('',#4893,#4892,#5815,.T.);
#3728=EDGE_CURVE('',#4893,#4894,#5816,.T.);
#3729=EDGE_CURVE('',#4894,#4895,#5817,.T.);
#3730=EDGE_CURVE('',#4859,#4895,#5818,.T.);
#3731=EDGE_CURVE('',#4896,#4896,#351,.T.);
#3732=EDGE_CURVE('',#4897,#4898,#5819,.T.);
#3733=EDGE_CURVE('',#4899,#4897,#5820,.T.);
#3734=EDGE_CURVE('',#4893,#4899,#352,.T.);
#3735=EDGE_CURVE('',#4892,#4900,#5821,.T.);
#3736=EDGE_CURVE('',#4901,#4900,#5822,.T.);
#3737=EDGE_CURVE('',#4901,#4902,#353,.T.);
#3738=EDGE_CURVE('',#4902,#4898,#5823,.T.);
#3739=EDGE_CURVE('',#4903,#4836,#5824,.T.);
#3740=EDGE_CURVE('',#4903,#4904,#5825,.T.);
#3741=EDGE_CURVE('',#4904,#4837,#5826,.T.);
#3742=EDGE_CURVE('',#4904,#4905,#354,.T.);
#3743=EDGE_CURVE('',#4905,#4838,#5827,.T.);
#3744=EDGE_CURVE('',#4905,#4906,#5828,.F.);
#3745=EDGE_CURVE('',#4906,#4839,#5829,.T.);
#3746=EDGE_CURVE('',#4906,#4907,#355,.T.);
#3747=EDGE_CURVE('',#4907,#4840,#5830,.T.);
#3748=EDGE_CURVE('',#4907,#4908,#5831,.F.);
#3749=EDGE_CURVE('',#4908,#4841,#5832,.T.);
#3750=EDGE_CURVE('',#4908,#4909,#356,.F.);
#3751=EDGE_CURVE('',#4909,#4842,#5833,.T.);
#3752=EDGE_CURVE('',#4909,#4910,#5834,.F.);
#3753=EDGE_CURVE('',#4910,#4843,#5835,.T.);
#3754=EDGE_CURVE('',#4910,#4911,#357,.T.);
#3755=EDGE_CURVE('',#4911,#4844,#5836,.T.);
#3756=EDGE_CURVE('',#4911,#4912,#5837,.F.);
#3757=EDGE_CURVE('',#4912,#4845,#5838,.T.);
#3758=EDGE_CURVE('',#4912,#4913,#358,.F.);
#3759=EDGE_CURVE('',#4913,#4846,#5839,.T.);
#3760=EDGE_CURVE('',#4913,#4914,#5840,.F.);
#3761=EDGE_CURVE('',#4914,#4847,#5841,.T.);
#3762=EDGE_CURVE('',#4914,#4915,#359,.T.);
#3763=EDGE_CURVE('',#4915,#4848,#5842,.T.);
#3764=EDGE_CURVE('',#4915,#4916,#5843,.F.);
#3765=EDGE_CURVE('',#4916,#4849,#5844,.T.);
#3766=EDGE_CURVE('',#4916,#4917,#360,.F.);
#3767=EDGE_CURVE('',#4917,#4850,#5845,.T.);
#3768=EDGE_CURVE('',#4917,#4918,#5846,.F.);
#3769=EDGE_CURVE('',#4918,#4851,#5847,.T.);
#3770=EDGE_CURVE('',#4918,#4919,#361,.T.);
#3771=EDGE_CURVE('',#4919,#4852,#5848,.T.);
#3772=EDGE_CURVE('',#4919,#4920,#5849,.F.);
#3773=EDGE_CURVE('',#4920,#4853,#5850,.T.);
#3774=EDGE_CURVE('',#4920,#4921,#362,.T.);
#3775=EDGE_CURVE('',#4921,#4854,#5851,.T.);
#3776=EDGE_CURVE('',#4921,#4922,#5852,.F.);
#3777=EDGE_CURVE('',#4922,#4855,#5853,.T.);
#3778=EDGE_CURVE('',#4922,#4923,#363,.F.);
#3779=EDGE_CURVE('',#4923,#4856,#5854,.T.);
#3780=EDGE_CURVE('',#4924,#4925,#364,.T.);
#3781=EDGE_CURVE('',#4924,#4857,#5855,.T.);
#3782=EDGE_CURVE('',#4923,#4926,#5856,.F.);
#3783=EDGE_CURVE('',#4926,#4901,#5857,.T.);
#3784=EDGE_CURVE('',#4927,#4900,#5858,.T.);
#3785=EDGE_CURVE('',#4928,#4927,#365,.T.);
#3786=EDGE_CURVE('',#4928,#4925,#5859,.T.);
#3787=EDGE_CURVE('',#4926,#4929,#366,.T.);
#3788=EDGE_CURVE('',#4929,#4902,#5860,.T.);
#3789=EDGE_CURVE('',#4898,#4930,#5861,.T.);
#3790=EDGE_CURVE('',#4929,#4931,#5862,.T.);
#3791=EDGE_CURVE('',#4931,#4827,#5863,.T.);
#3792=EDGE_CURVE('',#4826,#4932,#5864,.T.);
#3793=EDGE_CURVE('',#4933,#4932,#367,.T.);
#3794=EDGE_CURVE('',#4934,#4933,#5865,.T.);
#3795=EDGE_CURVE('',#4930,#4934,#368,.T.);
#3796=EDGE_CURVE('',#4931,#4935,#369,.T.);
#3797=EDGE_CURVE('',#4935,#4828,#5866,.T.);
#3798=EDGE_CURVE('',#4935,#4936,#5867,.T.);
#3799=EDGE_CURVE('',#4936,#4829,#5868,.T.);
#3800=EDGE_CURVE('',#4936,#4937,#370,.T.);
#3801=EDGE_CURVE('',#4937,#4830,#5869,.T.);
#3802=EDGE_CURVE('',#4937,#4938,#5870,.T.);
#3803=EDGE_CURVE('',#4938,#4831,#5871,.T.);
#3804=EDGE_CURVE('',#4938,#4939,#371,.T.);
#3805=EDGE_CURVE('',#4939,#4832,#5872,.T.);
#3806=EDGE_CURVE('',#4939,#4940,#5873,.T.);
#3807=EDGE_CURVE('',#4940,#4833,#5874,.T.);
#3808=EDGE_CURVE('',#4940,#4941,#372,.T.);
#3809=EDGE_CURVE('',#4941,#4834,#5875,.T.);
#3810=EDGE_CURVE('',#4941,#4942,#5876,.F.);
#3811=EDGE_CURVE('',#4942,#4835,#5877,.T.);
#3812=EDGE_CURVE('',#4942,#4903,#373,.F.);
#3813=EDGE_CURVE('',#4943,#4943,#374,.T.);
#3814=EDGE_CURVE('',#4944,#4944,#375,.T.);
#3815=EDGE_CURVE('',#4945,#4945,#376,.T.);
#3816=EDGE_CURVE('',#4946,#4946,#377,.T.);
#3817=EDGE_CURVE('',#4947,#4947,#378,.T.);
#3818=EDGE_CURVE('',#4948,#4948,#379,.T.);
#3819=EDGE_CURVE('',#4949,#4950,#5878,.T.);
#3820=EDGE_CURVE('',#4950,#4951,#380,.F.);
#3821=EDGE_CURVE('',#4951,#4952,#5879,.T.);
#3822=EDGE_CURVE('',#4952,#4953,#381,.F.);
#3823=EDGE_CURVE('',#4953,#4954,#5880,.F.);
#3824=EDGE_CURVE('',#4954,#4955,#382,.T.);
#3825=EDGE_CURVE('',#4955,#4956,#5881,.T.);
#3826=EDGE_CURVE('',#4956,#4957,#383,.F.);
#3827=EDGE_CURVE('',#4957,#4958,#5882,.F.);
#3828=EDGE_CURVE('',#4958,#4959,#384,.F.);
#3829=EDGE_CURVE('',#4959,#4960,#5883,.F.);
#3830=EDGE_CURVE('',#4960,#4961,#385,.F.);
#3831=EDGE_CURVE('',#4961,#4962,#5884,.F.);
#3832=EDGE_CURVE('',#4962,#4963,#386,.F.);
#3833=EDGE_CURVE('',#4963,#4964,#5885,.F.);
#3834=EDGE_CURVE('',#4964,#4965,#387,.F.);
#3835=EDGE_CURVE('',#4965,#4966,#5886,.T.);
#3836=EDGE_CURVE('',#4966,#4967,#388,.T.);
#3837=EDGE_CURVE('',#4967,#4968,#5887,.T.);
#3838=EDGE_CURVE('',#4968,#4969,#389,.F.);
#3839=EDGE_CURVE('',#4969,#4970,#5888,.T.);
#3840=EDGE_CURVE('',#4970,#4971,#390,.F.);
#3841=EDGE_CURVE('',#4971,#4972,#5889,.T.);
#3842=EDGE_CURVE('',#4972,#4973,#391,.T.);
#3843=EDGE_CURVE('',#4973,#4974,#5890,.T.);
#3844=EDGE_CURVE('',#4974,#4975,#392,.F.);
#3845=EDGE_CURVE('',#4975,#4976,#5891,.T.);
#3846=EDGE_CURVE('',#4976,#4977,#393,.T.);
#3847=EDGE_CURVE('',#4977,#4978,#5892,.T.);
#3848=EDGE_CURVE('',#4978,#4979,#394,.F.);
#3849=EDGE_CURVE('',#4979,#4980,#5893,.T.);
#3850=EDGE_CURVE('',#4980,#4949,#395,.T.);
#3851=EDGE_CURVE('',#4967,#4922,#396,.T.);
#3852=EDGE_CURVE('',#4923,#4966,#397,.T.);
#3853=EDGE_CURVE('',#4926,#4965,#398,.T.);
#3854=EDGE_CURVE('',#4968,#4921,#399,.T.);
#3855=EDGE_CURVE('',#4929,#4964,#400,.T.);
#3856=EDGE_CURVE('',#4969,#4920,#401,.T.);
#3857=EDGE_CURVE('',#4931,#4963,#402,.T.);
#3858=EDGE_CURVE('',#4970,#4919,#403,.T.);
#3859=EDGE_CURVE('',#4935,#4962,#404,.T.);
#3860=EDGE_CURVE('',#4971,#4918,#405,.T.);
#3861=EDGE_CURVE('',#4936,#4961,#406,.T.);
#3862=EDGE_CURVE('',#4972,#4917,#407,.T.);
#3863=EDGE_CURVE('',#4937,#4960,#408,.T.);
#3864=EDGE_CURVE('',#4973,#4916,#409,.T.);
#3865=EDGE_CURVE('',#4938,#4959,#410,.T.);
#3866=EDGE_CURVE('',#4974,#4915,#411,.T.);
#3867=EDGE_CURVE('',#4939,#4958,#412,.T.);
#3868=EDGE_CURVE('',#4975,#4914,#413,.T.);
#3869=EDGE_CURVE('',#4940,#4957,#414,.T.);
#3870=EDGE_CURVE('',#4976,#4913,#415,.T.);
#3871=EDGE_CURVE('',#4941,#4956,#416,.T.);
#3872=EDGE_CURVE('',#4977,#4912,#417,.T.);
#3873=EDGE_CURVE('',#4942,#4955,#418,.T.);
#3874=EDGE_CURVE('',#4978,#4911,#419,.T.);
#3875=EDGE_CURVE('',#4903,#4954,#420,.T.);
#3876=EDGE_CURVE('',#4979,#4910,#421,.T.);
#3877=EDGE_CURVE('',#4904,#4953,#422,.T.);
#3878=EDGE_CURVE('',#4980,#4909,#423,.T.);
#3879=EDGE_CURVE('',#4905,#4952,#424,.T.);
#3880=EDGE_CURVE('',#4949,#4908,#425,.T.);
#3881=EDGE_CURVE('',#4906,#4951,#426,.T.);
#3882=EDGE_CURVE('',#4950,#4907,#427,.T.);
#3883=EDGE_CURVE('',#4981,#4982,#428,.T.);
#3884=EDGE_CURVE('',#4872,#4981,#5894,.T.);
#3885=EDGE_CURVE('',#4871,#4982,#5895,.T.);
#3886=EDGE_CURVE('',#4981,#4983,#5896,.T.);
#3887=EDGE_CURVE('',#4873,#4983,#5897,.T.);
#3888=EDGE_CURVE('',#4983,#4984,#429,.T.);
#3889=EDGE_CURVE('',#4874,#4984,#5898,.T.);
#3890=EDGE_CURVE('',#4984,#4985,#5899,.T.);
#3891=EDGE_CURVE('',#4875,#4985,#5900,.T.);
#3892=EDGE_CURVE('',#4986,#4985,#430,.T.);
#3893=EDGE_CURVE('',#4876,#4986,#5901,.T.);
#3894=EDGE_CURVE('',#4986,#4987,#5902,.T.);
#3895=EDGE_CURVE('',#4877,#4987,#5903,.T.);
#3896=EDGE_CURVE('',#4988,#4987,#431,.T.);
#3897=EDGE_CURVE('',#4878,#4988,#5904,.T.);
#3898=EDGE_CURVE('',#4989,#4988,#5905,.T.);
#3899=EDGE_CURVE('',#4879,#4989,#5906,.T.);
#3900=EDGE_CURVE('',#4989,#4990,#432,.T.);
#3901=EDGE_CURVE('',#4880,#4990,#5907,.T.);
#3902=EDGE_CURVE('',#4991,#4990,#5908,.T.);
#3903=EDGE_CURVE('',#4881,#4991,#5909,.T.);
#3904=EDGE_CURVE('',#4992,#4991,#433,.T.);
#3905=EDGE_CURVE('',#4882,#4992,#5910,.T.);
#3906=EDGE_CURVE('',#4993,#4992,#5911,.T.);
#3907=EDGE_CURVE('',#4883,#4993,#5912,.T.);
#3908=EDGE_CURVE('',#4994,#4993,#434,.T.);
#3909=EDGE_CURVE('',#4884,#4994,#5913,.T.);
#3910=EDGE_CURVE('',#4995,#4994,#5914,.T.);
#3911=EDGE_CURVE('',#4885,#4995,#5915,.T.);
#3912=EDGE_CURVE('',#4996,#4995,#435,.T.);
#3913=EDGE_CURVE('',#4886,#4996,#5916,.T.);
#3914=EDGE_CURVE('',#4997,#4996,#5917,.T.);
#3915=EDGE_CURVE('',#4887,#4997,#5918,.T.);
#3916=EDGE_CURVE('',#4998,#4997,#436,.T.);
#3917=EDGE_CURVE('',#4825,#4998,#5919,.T.);
#3918=EDGE_CURVE('',#4999,#4897,#5920,.T.);
#3919=EDGE_CURVE('',#5000,#4999,#437,.T.);
#3920=EDGE_CURVE('',#5001,#5000,#5921,.T.);
#3921=EDGE_CURVE('',#5002,#5001,#438,.T.);
#3922=EDGE_CURVE('',#5002,#4824,#5922,.T.);
#3923=EDGE_CURVE('',#5003,#4998,#5923,.T.);
#3924=EDGE_CURVE('',#4899,#5003,#5924,.T.);
#3925=EDGE_CURVE('',#4894,#5003,#439,.T.);
#3926=EDGE_CURVE('',#4895,#5004,#440,.T.);
#3927=EDGE_CURVE('',#4860,#5004,#5925,.T.);
#3928=EDGE_CURVE('',#5004,#5005,#5926,.T.);
#3929=EDGE_CURVE('',#4861,#5005,#5927,.T.);
#3930=EDGE_CURVE('',#5006,#5005,#441,.T.);
#3931=EDGE_CURVE('',#4862,#5006,#5928,.T.);
#3932=EDGE_CURVE('',#5006,#5007,#5929,.T.);
#3933=EDGE_CURVE('',#4863,#5007,#5930,.T.);
#3934=EDGE_CURVE('',#5008,#5007,#442,.T.);
#3935=EDGE_CURVE('',#4864,#5008,#5931,.T.);
#3936=EDGE_CURVE('',#5008,#5009,#5932,.T.);
#3937=EDGE_CURVE('',#4865,#5009,#5933,.T.);
#3938=EDGE_CURVE('',#5009,#5010,#443,.T.);
#3939=EDGE_CURVE('',#4866,#5010,#5934,.T.);
#3940=EDGE_CURVE('',#5010,#5011,#5935,.T.);
#3941=EDGE_CURVE('',#4867,#5011,#5936,.T.);
#3942=EDGE_CURVE('',#5012,#5011,#444,.T.);
#3943=EDGE_CURVE('',#4868,#5012,#5937,.T.);
#3944=EDGE_CURVE('',#5012,#5013,#5938,.T.);
#3945=EDGE_CURVE('',#4869,#5013,#5939,.T.);
#3946=EDGE_CURVE('',#5013,#5014,#445,.T.);
#3947=EDGE_CURVE('',#4870,#5014,#5940,.T.);
#3948=EDGE_CURVE('',#5014,#4982,#5941,.T.);
#3949=EDGE_CURVE('',#4888,#4924,#5942,.T.);
#3950=EDGE_CURVE('',#4889,#4925,#5943,.T.);
#3951=EDGE_CURVE('',#4890,#4928,#5944,.T.);
#3952=EDGE_CURVE('',#4891,#4927,#5945,.T.);
#3953=EDGE_CURVE('',#4999,#4930,#5946,.T.);
#3954=EDGE_CURVE('',#5000,#4934,#5947,.T.);
#3955=EDGE_CURVE('',#5001,#4933,#5948,.T.);
#3956=EDGE_CURVE('',#5002,#4932,#5949,.T.);
#3957=EDGE_CURVE('',#5015,#5016,#5950,.T.);
#3958=EDGE_CURVE('',#5015,#5017,#5951,.T.);
#3959=EDGE_CURVE('',#5018,#5017,#5952,.T.);
#3960=EDGE_CURVE('',#5018,#5019,#5953,.T.);
#3961=EDGE_CURVE('',#5019,#5020,#5954,.T.);
#3962=EDGE_CURVE('',#5016,#5020,#5955,.T.);
#3963=EDGE_CURVE('',#5021,#5022,#5956,.T.);
#3964=EDGE_CURVE('',#5021,#5023,#5957,.T.);
#3965=EDGE_CURVE('',#5024,#5023,#5958,.T.);
#3966=EDGE_CURVE('',#5022,#5024,#5959,.T.);
#3967=EDGE_CURVE('',#5025,#5026,#5960,.T.);
#3968=EDGE_CURVE('',#5026,#5016,#5961,.T.);
#3969=EDGE_CURVE('',#5020,#5025,#5962,.T.);
#3970=EDGE_CURVE('',#5027,#5027,#446,.T.);
#3971=EDGE_CURVE('',#5028,#5028,#447,.T.);
#3972=EDGE_CURVE('',#5029,#5029,#448,.T.);
#3973=EDGE_CURVE('',#5030,#5030,#449,.T.);
#3974=EDGE_CURVE('',#5031,#5031,#450,.T.);
#3975=EDGE_CURVE('',#5032,#5015,#5963,.T.);
#3976=EDGE_CURVE('',#5033,#5032,#5964,.T.);
#3977=EDGE_CURVE('',#5033,#5034,#451,.T.);
#3978=EDGE_CURVE('',#5034,#5035,#5965,.T.);
#3979=EDGE_CURVE('',#5035,#5036,#452,.T.);
#3980=EDGE_CURVE('',#5036,#5037,#5966,.T.);
#3981=EDGE_CURVE('',#5037,#5038,#453,.T.);
#3982=EDGE_CURVE('',#5038,#5039,#5967,.T.);
#3983=EDGE_CURVE('',#5039,#5040,#454,.T.);
#3984=EDGE_CURVE('',#5040,#5041,#5968,.T.);
#3985=EDGE_CURVE('',#5042,#5041,#455,.T.);
#3986=EDGE_CURVE('',#5042,#5043,#5969,.T.);
#3987=EDGE_CURVE('',#5043,#5044,#456,.T.);
#3988=EDGE_CURVE('',#5044,#5045,#5970,.T.);
#3989=EDGE_CURVE('',#5045,#5046,#457,.T.);
#3990=EDGE_CURVE('',#5046,#5047,#5971,.T.);
#3991=EDGE_CURVE('',#5048,#5047,#458,.T.);
#3992=EDGE_CURVE('',#5048,#5049,#5972,.T.);
#3993=EDGE_CURVE('',#5049,#5050,#459,.T.);
#3994=EDGE_CURVE('',#5050,#5051,#5973,.T.);
#3995=EDGE_CURVE('',#5052,#5051,#460,.T.);
#3996=EDGE_CURVE('',#5052,#5053,#5974,.T.);
#3997=EDGE_CURVE('',#5053,#5054,#461,.T.);
#3998=EDGE_CURVE('',#5054,#5055,#5975,.T.);
#3999=EDGE_CURVE('',#5056,#5055,#462,.T.);
#4000=EDGE_CURVE('',#5056,#5057,#5976,.T.);
#4001=EDGE_CURVE('',#5057,#5058,#463,.T.);
#4002=EDGE_CURVE('',#5058,#5059,#5977,.T.);
#4003=EDGE_CURVE('',#5059,#5060,#464,.T.);
#4004=EDGE_CURVE('',#5060,#5061,#5978,.T.);
#4005=EDGE_CURVE('',#5062,#5061,#465,.T.);
#4006=EDGE_CURVE('',#5063,#5062,#5979,.T.);
#4007=EDGE_CURVE('',#5063,#5064,#5980,.T.);
#4008=EDGE_CURVE('',#5064,#5065,#5981,.T.);
#4009=EDGE_CURVE('',#5065,#5066,#466,.T.);
#4010=EDGE_CURVE('',#5066,#5067,#5982,.T.);
#4011=EDGE_CURVE('',#5068,#5067,#467,.T.);
#4012=EDGE_CURVE('',#5068,#5069,#5983,.T.);
#4013=EDGE_CURVE('',#5070,#5069,#468,.T.);
#4014=EDGE_CURVE('',#5070,#5071,#5984,.T.);
#4015=EDGE_CURVE('',#5071,#5072,#469,.T.);
#4016=EDGE_CURVE('',#5072,#5073,#5985,.T.);
#4017=EDGE_CURVE('',#5074,#5073,#470,.T.);
#4018=EDGE_CURVE('',#5074,#5075,#5986,.T.);
#4019=EDGE_CURVE('',#5075,#5076,#471,.T.);
#4020=EDGE_CURVE('',#5076,#5077,#5987,.T.);
#4021=EDGE_CURVE('',#5078,#5077,#472,.T.);
#4022=EDGE_CURVE('',#5078,#5079,#5988,.T.);
#4023=EDGE_CURVE('',#5079,#5080,#473,.T.);
#4024=EDGE_CURVE('',#5080,#5081,#5989,.T.);
#4025=EDGE_CURVE('',#5082,#5081,#474,.T.);
#4026=EDGE_CURVE('',#5082,#5083,#5990,.T.);
#4027=EDGE_CURVE('',#5084,#5083,#475,.T.);
#4028=EDGE_CURVE('',#5085,#5084,#5991,.T.);
#4029=EDGE_CURVE('',#5085,#5086,#476,.T.);
#4030=EDGE_CURVE('',#5086,#5087,#5992,.T.);
#4031=EDGE_CURVE('',#5088,#5087,#477,.T.);
#4032=EDGE_CURVE('',#5089,#5088,#5993,.T.);
#4033=EDGE_CURVE('',#5090,#5089,#478,.T.);
#4034=EDGE_CURVE('',#5091,#5090,#5994,.T.);
#4035=EDGE_CURVE('',#5092,#5091,#479,.T.);
#4036=EDGE_CURVE('',#5093,#5092,#5995,.T.);
#4037=EDGE_CURVE('',#5017,#5093,#480,.T.);
#4038=EDGE_CURVE('',#5094,#5052,#5996,.T.);
#4039=EDGE_CURVE('',#5094,#5095,#5997,.T.);
#4040=EDGE_CURVE('',#5095,#5053,#5998,.T.);
#4041=EDGE_CURVE('',#5096,#5051,#5999,.T.);
#4042=EDGE_CURVE('',#5094,#5096,#481,.T.);
#4043=EDGE_CURVE('',#5097,#5050,#6000,.T.);
#4044=EDGE_CURVE('',#5097,#5096,#6001,.T.);
#4045=EDGE_CURVE('',#5098,#5049,#6002,.T.);
#4046=EDGE_CURVE('',#5098,#5097,#482,.T.);
#4047=EDGE_CURVE('',#5099,#5048,#6003,.T.);
#4048=EDGE_CURVE('',#5099,#5098,#6004,.T.);
#4049=EDGE_CURVE('',#5100,#5047,#6005,.T.);
#4050=EDGE_CURVE('',#5099,#5100,#483,.T.);
#4051=EDGE_CURVE('',#5101,#5046,#6006,.T.);
#4052=EDGE_CURVE('',#5101,#5100,#6007,.T.);
#4053=EDGE_CURVE('',#5102,#5045,#6008,.T.);
#4054=EDGE_CURVE('',#5102,#5101,#484,.T.);
#4055=EDGE_CURVE('',#5103,#5044,#6009,.T.);
#4056=EDGE_CURVE('',#5103,#5102,#6010,.T.);
#4057=EDGE_CURVE('',#5104,#5043,#6011,.T.);
#4058=EDGE_CURVE('',#5104,#5103,#485,.T.);
#4059=EDGE_CURVE('',#5105,#5042,#6012,.T.);
#4060=EDGE_CURVE('',#5105,#5104,#6013,.T.);
#4061=EDGE_CURVE('',#5106,#5041,#6014,.T.);
#4062=EDGE_CURVE('',#5105,#5106,#486,.T.);
#4063=EDGE_CURVE('',#5107,#5040,#6015,.T.);
#4064=EDGE_CURVE('',#5107,#5106,#6016,.T.);
#4065=EDGE_CURVE('',#5108,#5039,#6017,.T.);
#4066=EDGE_CURVE('',#5108,#5107,#487,.T.);
#4067=EDGE_CURVE('',#5109,#5038,#6018,.T.);
#4068=EDGE_CURVE('',#5109,#5108,#6019,.T.);
#4069=EDGE_CURVE('',#5110,#5037,#6020,.T.);
#4070=EDGE_CURVE('',#5110,#5109,#488,.T.);
#4071=EDGE_CURVE('',#5111,#5036,#6021,.T.);
#4072=EDGE_CURVE('',#5111,#5110,#6022,.T.);
#4073=EDGE_CURVE('',#5112,#5035,#6023,.T.);
#4074=EDGE_CURVE('',#5112,#5111,#489,.T.);
#4075=EDGE_CURVE('',#5113,#5034,#6024,.T.);
#4076=EDGE_CURVE('',#5113,#5112,#6025,.T.);
#4077=EDGE_CURVE('',#5114,#5033,#6026,.T.);
#4078=EDGE_CURVE('',#5114,#5113,#490,.T.);
#4079=EDGE_CURVE('',#5032,#5026,#6027,.T.);
#4080=EDGE_CURVE('',#5114,#5025,#6028,.T.);
#4081=EDGE_CURVE('',#5115,#5023,#491,.T.);
#4082=EDGE_CURVE('',#5116,#5115,#6029,.T.);
#4083=EDGE_CURVE('',#5116,#5024,#492,.T.);
#4084=EDGE_CURVE('',#5117,#5118,#493,.T.);
#4085=EDGE_CURVE('',#5118,#5063,#6030,.T.);
#4086=EDGE_CURVE('',#5119,#5062,#6031,.T.);
#4087=EDGE_CURVE('',#5116,#5119,#6032,.T.);
#4088=EDGE_CURVE('',#5115,#5120,#6033,.T.);
#4089=EDGE_CURVE('',#5121,#5120,#6034,.T.);
#4090=EDGE_CURVE('',#5121,#5122,#494,.T.);
#4091=EDGE_CURVE('',#5117,#5122,#6035,.T.);
#4092=EDGE_CURVE('',#5123,#5061,#6036,.T.);
#4093=EDGE_CURVE('',#5119,#5123,#495,.T.);
#4094=EDGE_CURVE('',#5124,#5060,#6037,.T.);
#4095=EDGE_CURVE('',#5124,#5123,#6038,.T.);
#4096=EDGE_CURVE('',#5125,#5059,#6039,.T.);
#4097=EDGE_CURVE('',#5125,#5124,#496,.T.);
#4098=EDGE_CURVE('',#5126,#5058,#6040,.T.);
#4099=EDGE_CURVE('',#5126,#5125,#6041,.T.);
#4100=EDGE_CURVE('',#5127,#5057,#6042,.T.);
#4101=EDGE_CURVE('',#5127,#5126,#497,.T.);
#4102=EDGE_CURVE('',#5128,#5056,#6043,.T.);
#4103=EDGE_CURVE('',#5128,#5127,#6044,.T.);
#4104=EDGE_CURVE('',#5129,#5055,#6045,.T.);
#4105=EDGE_CURVE('',#5128,#5129,#498,.T.);
#4106=EDGE_CURVE('',#5130,#5054,#6046,.T.);
#4107=EDGE_CURVE('',#5130,#5129,#6047,.T.);
#4108=EDGE_CURVE('',#5131,#5085,#6048,.T.);
#4109=EDGE_CURVE('',#5131,#5132,#499,.T.);
#4110=EDGE_CURVE('',#5132,#5086,#6049,.T.);
#4111=EDGE_CURVE('',#5133,#5084,#6050,.T.);
#4112=EDGE_CURVE('',#5133,#5131,#6051,.T.);
#4113=EDGE_CURVE('',#5134,#5083,#6052,.T.);
#4114=EDGE_CURVE('',#5134,#5133,#500,.F.);
#4115=EDGE_CURVE('',#5135,#5082,#6053,.T.);
#4116=EDGE_CURVE('',#5135,#5134,#6054,.T.);
#4117=EDGE_CURVE('',#5136,#5081,#6055,.T.);
#4118=EDGE_CURVE('',#5136,#5135,#501,.F.);
#4119=EDGE_CURVE('',#5137,#5080,#6056,.T.);
#4120=EDGE_CURVE('',#5137,#5136,#6057,.T.);
#4121=EDGE_CURVE('',#5138,#5079,#6058,.T.);
#4122=EDGE_CURVE('',#5138,#5137,#502,.T.);
#4123=EDGE_CURVE('',#5139,#5078,#6059,.T.);
#4124=EDGE_CURVE('',#5139,#5138,#6060,.T.);
#4125=EDGE_CURVE('',#5140,#5077,#6061,.T.);
#4126=EDGE_CURVE('',#5140,#5139,#503,.F.);
#4127=EDGE_CURVE('',#5141,#5076,#6062,.T.);
#4128=EDGE_CURVE('',#5141,#5140,#6063,.T.);
#4129=EDGE_CURVE('',#5142,#5075,#6064,.T.);
#4130=EDGE_CURVE('',#5142,#5141,#504,.T.);
#4131=EDGE_CURVE('',#5143,#5074,#6065,.T.);
#4132=EDGE_CURVE('',#5143,#5142,#6066,.T.);
#4133=EDGE_CURVE('',#5144,#5073,#6067,.T.);
#4134=EDGE_CURVE('',#5144,#5143,#505,.F.);
#4135=EDGE_CURVE('',#5145,#5072,#6068,.T.);
#4136=EDGE_CURVE('',#5145,#5144,#6069,.T.);
#4137=EDGE_CURVE('',#5146,#5071,#6070,.T.);
#4138=EDGE_CURVE('',#5146,#5145,#506,.T.);
#4139=EDGE_CURVE('',#5147,#5070,#6071,.T.);
#4140=EDGE_CURVE('',#5147,#5146,#6072,.T.);
#4141=EDGE_CURVE('',#5148,#5069,#6073,.T.);
#4142=EDGE_CURVE('',#5148,#5147,#507,.F.);
#4143=EDGE_CURVE('',#5149,#5068,#6074,.T.);
#4144=EDGE_CURVE('',#5149,#5148,#6075,.T.);
#4145=EDGE_CURVE('',#5150,#5067,#6076,.T.);
#4146=EDGE_CURVE('',#5150,#5149,#508,.F.);
#4147=EDGE_CURVE('',#5151,#5066,#6077,.T.);
#4148=EDGE_CURVE('',#5151,#5150,#6078,.T.);
#4149=EDGE_CURVE('',#5152,#5065,#6079,.T.);
#4150=EDGE_CURVE('',#5152,#5151,#509,.T.);
#4151=EDGE_CURVE('',#5153,#5064,#6080,.T.);
#4152=EDGE_CURVE('',#5154,#5153,#510,.T.);
#4153=EDGE_CURVE('',#5154,#5155,#6081,.T.);
#4154=EDGE_CURVE('',#5156,#5155,#511,.T.);
#4155=EDGE_CURVE('',#5156,#5157,#6082,.T.);
#4156=EDGE_CURVE('',#5158,#5157,#6083,.T.);
#4157=EDGE_CURVE('',#5159,#5158,#6084,.T.);
#4158=EDGE_CURVE('',#5159,#5152,#6085,.T.);
#4159=EDGE_CURVE('',#5160,#5161,#6086,.T.);
#4160=EDGE_CURVE('',#5160,#5159,#512,.F.);
#4161=EDGE_CURVE('',#5158,#5161,#513,.T.);
#4162=EDGE_CURVE('',#5162,#5163,#6087,.T.);
#4163=EDGE_CURVE('',#5163,#5164,#6088,.T.);
#4164=EDGE_CURVE('',#5165,#5164,#6089,.T.);
#4165=EDGE_CURVE('',#5165,#5160,#6090,.T.);
#4166=EDGE_CURVE('',#5161,#5162,#6091,.T.);
#4167=EDGE_CURVE('',#5166,#5093,#6092,.T.);
#4168=EDGE_CURVE('',#5166,#5018,#514,.F.);
#4169=EDGE_CURVE('',#5167,#5092,#6093,.T.);
#4170=EDGE_CURVE('',#5167,#5166,#6094,.T.);
#4171=EDGE_CURVE('',#5168,#5091,#6095,.T.);
#4172=EDGE_CURVE('',#5168,#5167,#515,.F.);
#4173=EDGE_CURVE('',#5169,#5090,#6096,.T.);
#4174=EDGE_CURVE('',#5169,#5168,#6097,.T.);
#4175=EDGE_CURVE('',#5170,#5089,#6098,.T.);
#4176=EDGE_CURVE('',#5170,#5169,#516,.F.);
#4177=EDGE_CURVE('',#5171,#5088,#6099,.T.);
#4178=EDGE_CURVE('',#5171,#5170,#6100,.T.);
#4179=EDGE_CURVE('',#5172,#5087,#6101,.T.);
#4180=EDGE_CURVE('',#5172,#5171,#517,.F.);
#4181=EDGE_CURVE('',#5132,#5172,#6102,.T.);
#4182=EDGE_CURVE('',#5095,#5130,#518,.T.);
#4183=EDGE_CURVE('',#5173,#5173,#519,.T.);
#4184=EDGE_CURVE('',#5021,#5162,#6103,.T.);
#4185=EDGE_CURVE('',#5120,#5157,#6104,.T.);
#4186=EDGE_CURVE('',#5174,#5175,#6105,.T.);
#4187=EDGE_CURVE('',#5174,#5176,#6106,.T.);
#4188=EDGE_CURVE('',#5176,#5177,#6107,.T.);
#4189=EDGE_CURVE('',#5175,#5177,#6108,.T.);
#4190=EDGE_CURVE('',#5178,#5179,#6109,.T.);
#4191=EDGE_CURVE('',#5178,#5174,#6110,.F.);
#4192=EDGE_CURVE('',#5175,#5179,#6111,.T.);
#4193=EDGE_CURVE('',#5180,#5181,#6112,.T.);
#4194=EDGE_CURVE('',#5180,#5178,#6113,.F.);
#4195=EDGE_CURVE('',#5179,#5181,#6114,.T.);
#4196=EDGE_CURVE('',#5182,#5183,#6115,.T.);
#4197=EDGE_CURVE('',#5182,#5180,#6116,.F.);
#4198=EDGE_CURVE('',#5181,#5183,#6117,.T.);
#4199=EDGE_CURVE('',#5184,#5185,#6118,.T.);
#4200=EDGE_CURVE('',#5184,#5182,#6119,.F.);
#4201=EDGE_CURVE('',#5183,#5185,#6120,.T.);
#4202=EDGE_CURVE('',#5186,#5187,#6121,.T.);
#4203=EDGE_CURVE('',#5186,#5184,#6122,.T.);
#4204=EDGE_CURVE('',#5187,#5185,#6123,.T.);
#4205=EDGE_CURVE('',#5188,#5189,#6124,.T.);
#4206=EDGE_CURVE('',#5188,#5186,#6125,.T.);
#4207=EDGE_CURVE('',#5189,#5187,#6126,.T.);
#4208=EDGE_CURVE('',#5190,#5191,#6127,.T.);
#4209=EDGE_CURVE('',#5190,#5188,#6128,.T.);
#4210=EDGE_CURVE('',#5191,#5189,#6129,.T.);
#4211=EDGE_CURVE('',#5192,#5193,#6130,.T.);
#4212=EDGE_CURVE('',#5192,#5190,#6131,.T.);
#4213=EDGE_CURVE('',#5193,#5191,#6132,.T.);
#4214=EDGE_CURVE('',#5194,#5195,#6133,.T.);
#4215=EDGE_CURVE('',#5194,#5192,#6134,.T.);
#4216=EDGE_CURVE('',#5195,#5193,#6135,.T.);
#4217=EDGE_CURVE('',#5196,#5197,#6136,.T.);
#4218=EDGE_CURVE('',#5196,#5194,#6137,.T.);
#4219=EDGE_CURVE('',#5197,#5195,#6138,.T.);
#4220=EDGE_CURVE('',#5198,#5199,#6139,.T.);
#4221=EDGE_CURVE('',#5198,#5200,#6140,.T.);
#4222=EDGE_CURVE('',#5200,#5201,#6141,.T.);
#4223=EDGE_CURVE('',#5199,#5201,#6142,.T.);
#4224=EDGE_CURVE('',#5202,#5203,#6143,.T.);
#4225=EDGE_CURVE('',#5202,#5198,#6144,.T.);
#4226=EDGE_CURVE('',#5203,#5199,#6145,.T.);
#4227=EDGE_CURVE('',#5204,#5205,#6146,.T.);
#4228=EDGE_CURVE('',#5204,#5202,#6147,.T.);
#4229=EDGE_CURVE('',#5205,#5203,#6148,.T.);
#4230=EDGE_CURVE('',#5206,#5207,#6149,.T.);
#4231=EDGE_CURVE('',#5206,#5204,#26,.F.);
#4232=EDGE_CURVE('',#5205,#5208,#6150,.T.);
#4233=EDGE_CURVE('',#5209,#5208,#6151,.T.);
#4234=EDGE_CURVE('',#5209,#5207,#520,.T.);
#4235=EDGE_CURVE('',#5210,#5211,#6152,.T.);
#4236=EDGE_CURVE('',#5210,#5209,#6153,.T.);
#4237=EDGE_CURVE('',#5211,#5208,#6154,.T.);
#4238=EDGE_CURVE('',#5212,#5213,#6155,.T.);
#4239=EDGE_CURVE('',#5212,#5210,#6156,.F.);
#4240=EDGE_CURVE('',#5211,#5213,#6157,.T.);
#4241=EDGE_CURVE('',#5214,#5215,#6158,.T.);
#4242=EDGE_CURVE('',#5214,#5212,#6159,.T.);
#4243=EDGE_CURVE('',#5215,#5213,#6160,.T.);
#4244=EDGE_CURVE('',#5216,#5217,#6161,.T.);
#4245=EDGE_CURVE('',#5216,#5214,#6162,.F.);
#4246=EDGE_CURVE('',#5215,#5217,#6163,.T.);
#4247=EDGE_CURVE('',#5218,#5219,#6164,.T.);
#4248=EDGE_CURVE('',#5218,#5216,#6165,.F.);
#4249=EDGE_CURVE('',#5217,#5219,#6166,.T.);
#4250=EDGE_CURVE('',#5220,#5221,#6167,.T.);
#4251=EDGE_CURVE('',#5220,#5218,#6168,.F.);
#4252=EDGE_CURVE('',#5219,#5221,#6169,.T.);
#4253=EDGE_CURVE('',#5222,#5223,#6170,.T.);
#4254=EDGE_CURVE('',#5222,#5220,#6171,.F.);
#4255=EDGE_CURVE('',#5221,#5223,#6172,.T.);
#4256=EDGE_CURVE('',#5224,#5225,#6173,.T.);
#4257=EDGE_CURVE('',#5224,#5222,#6174,.F.);
#4258=EDGE_CURVE('',#5223,#5225,#6175,.T.);
#4259=EDGE_CURVE('',#5226,#5227,#6176,.T.);
#4260=EDGE_CURVE('',#5226,#5224,#6177,.F.);
#4261=EDGE_CURVE('',#5225,#5227,#6178,.T.);
#4262=EDGE_CURVE('',#5228,#5229,#6179,.T.);
#4263=EDGE_CURVE('',#5228,#5226,#6180,.F.);
#4264=EDGE_CURVE('',#5227,#5229,#6181,.T.);
#4265=EDGE_CURVE('',#5230,#5231,#6182,.T.);
#4266=EDGE_CURVE('',#5230,#5228,#6183,.F.);
#4267=EDGE_CURVE('',#5229,#5231,#6184,.T.);
#4268=EDGE_CURVE('',#5232,#5233,#6185,.T.);
#4269=EDGE_CURVE('',#5232,#5230,#6186,.F.);
#4270=EDGE_CURVE('',#5231,#5233,#6187,.T.);
#4271=EDGE_CURVE('',#5234,#5235,#6188,.T.);
#4272=EDGE_CURVE('',#5234,#5232,#6189,.F.);
#4273=EDGE_CURVE('',#5233,#5235,#6190,.T.);
#4274=EDGE_CURVE('',#5236,#5237,#6191,.T.);
#4275=EDGE_CURVE('',#5236,#5234,#6192,.F.);
#4276=EDGE_CURVE('',#5235,#5237,#6193,.T.);
#4277=EDGE_CURVE('',#5238,#5239,#6194,.T.);
#4278=EDGE_CURVE('',#5238,#5236,#6195,.F.);
#4279=EDGE_CURVE('',#5237,#5239,#6196,.T.);
#4280=EDGE_CURVE('',#5240,#5241,#6197,.T.);
#4281=EDGE_CURVE('',#5240,#5238,#6198,.T.);
#4282=EDGE_CURVE('',#5241,#5239,#6199,.T.);
#4283=EDGE_CURVE('',#5242,#5243,#6200,.T.);
#4284=EDGE_CURVE('',#5242,#5240,#6201,.F.);
#4285=EDGE_CURVE('',#5241,#5243,#6202,.T.);
#4286=EDGE_CURVE('',#5244,#5245,#6203,.T.);
#4287=EDGE_CURVE('',#5244,#5242,#6204,.F.);
#4288=EDGE_CURVE('',#5243,#5245,#6205,.T.);
#4289=EDGE_CURVE('',#5246,#5247,#6206,.T.);
#4290=EDGE_CURVE('',#5246,#5244,#6207,.F.);
#4291=EDGE_CURVE('',#5245,#5247,#6208,.T.);
#4292=EDGE_CURVE('',#5248,#5249,#6209,.T.);
#4293=EDGE_CURVE('',#5248,#5246,#6210,.F.);
#4294=EDGE_CURVE('',#5247,#5249,#6211,.T.);
#4295=EDGE_CURVE('',#5250,#5251,#6212,.T.);
#4296=EDGE_CURVE('',#5250,#5248,#6213,.F.);
#4297=EDGE_CURVE('',#5249,#5251,#6214,.T.);
#4298=EDGE_CURVE('',#5252,#5253,#6215,.T.);
#4299=EDGE_CURVE('',#5252,#5250,#6216,.F.);
#4300=EDGE_CURVE('',#5251,#5253,#6217,.T.);
#4301=EDGE_CURVE('',#5254,#5255,#6218,.T.);
#4302=EDGE_CURVE('',#5254,#5252,#6219,.F.);
#4303=EDGE_CURVE('',#5253,#5255,#6220,.T.);
#4304=EDGE_CURVE('',#5256,#5257,#6221,.T.);
#4305=EDGE_CURVE('',#5256,#5254,#6222,.F.);
#4306=EDGE_CURVE('',#5255,#5257,#6223,.T.);
#4307=EDGE_CURVE('',#5258,#5259,#6224,.T.);
#4308=EDGE_CURVE('',#5258,#5256,#6225,.F.);
#4309=EDGE_CURVE('',#5257,#5259,#6226,.T.);
#4310=EDGE_CURVE('',#5260,#5261,#6227,.T.);
#4311=EDGE_CURVE('',#5260,#5258,#6228,.F.);
#4312=EDGE_CURVE('',#5259,#5261,#6229,.T.);
#4313=EDGE_CURVE('',#5262,#5263,#6230,.T.);
#4314=EDGE_CURVE('',#5262,#5260,#6231,.T.);
#4315=EDGE_CURVE('',#5263,#5261,#6232,.T.);
#4316=EDGE_CURVE('',#5264,#5265,#6233,.T.);
#4317=EDGE_CURVE('',#5265,#5165,#6234,.T.);
#4318=EDGE_CURVE('',#5266,#5164,#6235,.T.);
#4319=EDGE_CURVE('',#5264,#5266,#6236,.T.);
#4320=EDGE_CURVE('',#5267,#5266,#6237,.T.);
#4321=EDGE_CURVE('',#5268,#5267,#6238,.T.);
#4322=EDGE_CURVE('',#5268,#5264,#6239,.T.);
#4323=EDGE_CURVE('',#5019,#5269,#6240,.T.);
#4324=EDGE_CURVE('',#5269,#5268,#6241,.T.);
#4325=EDGE_CURVE('',#5025,#5267,#6242,.T.);
#4326=EDGE_CURVE('',#5200,#5262,#6243,.T.);
#4327=EDGE_CURVE('',#5201,#5263,#6244,.T.);
#4328=EDGE_CURVE('',#5176,#5196,#6245,.F.);
#4329=EDGE_CURVE('',#5197,#5177,#6246,.T.);
#4330=EDGE_CURVE('',#5270,#5271,#6247,.F.);
#4331=EDGE_CURVE('',#5271,#5272,#6248,.F.);
#4332=EDGE_CURVE('',#5272,#5273,#6249,.T.);
#4333=EDGE_CURVE('',#5273,#5274,#6250,.F.);
#4334=EDGE_CURVE('',#5274,#5275,#6251,.T.);
#4335=EDGE_CURVE('',#5275,#5276,#6252,.T.);
#4336=EDGE_CURVE('',#5276,#5277,#6253,.T.);
#4337=EDGE_CURVE('',#5277,#5278,#6254,.T.);
#4338=EDGE_CURVE('',#5278,#5279,#6255,.F.);
#4339=EDGE_CURVE('',#5279,#5280,#6256,.F.);
#4340=EDGE_CURVE('',#5280,#5281,#6257,.F.);
#4341=EDGE_CURVE('',#5281,#5270,#6258,.F.);
#4342=EDGE_CURVE('',#5282,#5283,#521,.T.);
#4343=EDGE_CURVE('',#5283,#5265,#6259,.T.);
#4344=EDGE_CURVE('',#5269,#5284,#6260,.T.);
#4345=EDGE_CURVE('',#5284,#5285,#522,.T.);
#4346=EDGE_CURVE('',#5285,#5286,#6261,.T.);
#4347=EDGE_CURVE('',#5286,#5287,#523,.T.);
#4348=EDGE_CURVE('',#5287,#5288,#6262,.T.);
#4349=EDGE_CURVE('',#5288,#5289,#524,.T.);
#4350=EDGE_CURVE('',#5289,#5290,#6263,.T.);
#4351=EDGE_CURVE('',#5290,#5291,#525,.T.);
#4352=EDGE_CURVE('',#5291,#5292,#6264,.T.);
#4353=EDGE_CURVE('',#5292,#5293,#526,.F.);
#4354=EDGE_CURVE('',#5293,#5294,#6265,.T.);
#4355=EDGE_CURVE('',#5294,#5295,#527,.T.);
#4356=EDGE_CURVE('',#5295,#5296,#6266,.T.);
#4357=EDGE_CURVE('',#5296,#5297,#528,.T.);
#4358=EDGE_CURVE('',#5297,#5298,#6267,.T.);
#4359=EDGE_CURVE('',#5298,#5299,#529,.F.);
#4360=EDGE_CURVE('',#5299,#5300,#6268,.T.);
#4361=EDGE_CURVE('',#5300,#5301,#530,.T.);
#4362=EDGE_CURVE('',#5301,#5302,#6269,.T.);
#4363=EDGE_CURVE('',#5302,#5303,#531,.F.);
#4364=EDGE_CURVE('',#5303,#5304,#6270,.T.);
#4365=EDGE_CURVE('',#5304,#5305,#532,.T.);
#4366=EDGE_CURVE('',#5305,#5306,#6271,.T.);
#4367=EDGE_CURVE('',#5306,#5307,#533,.F.);
#4368=EDGE_CURVE('',#5307,#5308,#6272,.T.);
#4369=EDGE_CURVE('',#5308,#5309,#534,.T.);
#4370=EDGE_CURVE('',#5309,#5310,#6273,.T.);
#4371=EDGE_CURVE('',#5310,#5311,#535,.T.);
#4372=EDGE_CURVE('',#5311,#5312,#6274,.T.);
#4373=EDGE_CURVE('',#5312,#5313,#536,.F.);
#4374=EDGE_CURVE('',#5313,#5282,#6275,.T.);
#4375=EDGE_CURVE('',#5314,#5315,#6276,.F.);
#4376=EDGE_CURVE('',#5315,#5206,#6277,.F.);
#4377=EDGE_CURVE('',#5207,#5316,#6278,.F.);
#4378=EDGE_CURVE('',#5316,#5317,#6279,.T.);
#4379=EDGE_CURVE('',#5317,#5318,#6280,.F.);
#4380=EDGE_CURVE('',#5318,#5319,#6281,.T.);
#4381=EDGE_CURVE('',#5319,#5320,#6282,.T.);
#4382=EDGE_CURVE('',#5320,#5321,#6283,.T.);
#4383=EDGE_CURVE('',#5321,#5322,#6284,.T.);
#4384=EDGE_CURVE('',#5322,#5323,#6285,.T.);
#4385=EDGE_CURVE('',#5323,#5324,#6286,.T.);
#4386=EDGE_CURVE('',#5324,#5325,#6287,.T.);
#4387=EDGE_CURVE('',#5325,#5326,#6288,.T.);
#4388=EDGE_CURVE('',#5326,#5327,#6289,.T.);
#4389=EDGE_CURVE('',#5327,#5328,#6290,.T.);
#4390=EDGE_CURVE('',#5328,#5329,#6291,.T.);
#4391=EDGE_CURVE('',#5329,#5330,#6292,.T.);
#4392=EDGE_CURVE('',#5330,#5331,#6293,.F.);
#4393=EDGE_CURVE('',#5331,#5332,#6294,.T.);
#4394=EDGE_CURVE('',#5332,#5333,#6295,.T.);
#4395=EDGE_CURVE('',#5333,#5334,#6296,.T.);
#4396=EDGE_CURVE('',#5334,#5335,#6297,.T.);
#4397=EDGE_CURVE('',#5335,#5336,#6298,.T.);
#4398=EDGE_CURVE('',#5336,#5337,#6299,.T.);
#4399=EDGE_CURVE('',#5337,#5338,#6300,.T.);
#4400=EDGE_CURVE('',#5338,#5339,#6301,.T.);
#4401=EDGE_CURVE('',#5339,#5340,#6302,.T.);
#4402=EDGE_CURVE('',#5340,#5341,#6303,.T.);
#4403=EDGE_CURVE('',#5341,#5342,#6304,.F.);
#4404=EDGE_CURVE('',#5342,#5343,#6305,.F.);
#4405=EDGE_CURVE('',#5343,#5314,#6306,.F.);
#4406=EDGE_CURVE('',#5022,#5163,#6307,.T.);
#4407=EDGE_CURVE('',#5344,#5344,#537,.T.);
#4408=EDGE_CURVE('',#5345,#5345,#538,.T.);
#4409=EDGE_CURVE('',#5346,#5346,#539,.T.);
#4410=EDGE_CURVE('',#5347,#5347,#540,.T.);
#4411=EDGE_CURVE('',#5348,#5348,#541,.T.);
#4412=EDGE_CURVE('',#5349,#5349,#542,.T.);
#4413=EDGE_CURVE('',#5350,#5350,#543,.T.);
#4414=EDGE_CURVE('',#5316,#5210,#27,.F.);
#4415=EDGE_CURVE('',#5317,#5212,#28,.F.);
#4416=EDGE_CURVE('',#5318,#5214,#29,.F.);
#4417=EDGE_CURVE('',#5319,#5216,#30,.F.);
#4418=EDGE_CURVE('',#5320,#5218,#31,.F.);
#4419=EDGE_CURVE('',#5321,#5220,#32,.F.);
#4420=EDGE_CURVE('',#5322,#5222,#33,.F.);
#4421=EDGE_CURVE('',#5323,#5224,#34,.F.);
#4422=EDGE_CURVE('',#5324,#5226,#35,.F.);
#4423=EDGE_CURVE('',#5325,#5228,#36,.F.);
#4424=EDGE_CURVE('',#5326,#5230,#37,.F.);
#4425=EDGE_CURVE('',#5327,#5232,#38,.F.);
#4426=EDGE_CURVE('',#5328,#5234,#39,.F.);
#4427=EDGE_CURVE('',#5329,#5236,#40,.F.);
#4428=EDGE_CURVE('',#5330,#5238,#41,.F.);
#4429=EDGE_CURVE('',#5331,#5240,#42,.F.);
#4430=EDGE_CURVE('',#5332,#5242,#43,.F.);
#4431=EDGE_CURVE('',#5333,#5244,#44,.F.);
#4432=EDGE_CURVE('',#5334,#5246,#45,.F.);
#4433=EDGE_CURVE('',#5335,#5248,#46,.F.);
#4434=EDGE_CURVE('',#5336,#5250,#47,.F.);
#4435=EDGE_CURVE('',#5337,#5252,#48,.F.);
#4436=EDGE_CURVE('',#5338,#5254,#49,.F.);
#4437=EDGE_CURVE('',#5339,#5256,#50,.F.);
#4438=EDGE_CURVE('',#5340,#5258,#51,.F.);
#4439=EDGE_CURVE('',#5341,#5260,#52,.F.);
#4440=EDGE_CURVE('',#5342,#5262,#53,.F.);
#4441=EDGE_CURVE('',#5343,#5200,#54,.F.);
#4442=EDGE_CURVE('',#5314,#5198,#55,.F.);
#4443=EDGE_CURVE('',#5315,#5202,#56,.F.);
#4444=EDGE_CURVE('',#5278,#5184,#57,.F.);
#4445=EDGE_CURVE('',#5182,#5277,#58,.T.);
#4446=EDGE_CURVE('',#5180,#5276,#59,.T.);
#4447=EDGE_CURVE('',#5279,#5186,#60,.F.);
#4448=EDGE_CURVE('',#5178,#5275,#61,.T.);
#4449=EDGE_CURVE('',#5280,#5188,#62,.F.);
#4450=EDGE_CURVE('',#5174,#5274,#63,.T.);
#4451=EDGE_CURVE('',#5281,#5190,#64,.F.);
#4452=EDGE_CURVE('',#5176,#5273,#65,.T.);
#4453=EDGE_CURVE('',#5270,#5192,#66,.F.);
#4454=EDGE_CURVE('',#5196,#5272,#67,.T.);
#4455=EDGE_CURVE('',#5271,#5194,#68,.F.);
#4456=EDGE_CURVE('',#5351,#5351,#544,.T.);
#4457=EDGE_CURVE('',#5352,#5352,#545,.T.);
#4458=EDGE_CURVE('',#5353,#5353,#546,.T.);
#4459=EDGE_CURVE('',#5354,#5354,#547,.T.);
#4460=EDGE_CURVE('',#5355,#5355,#548,.T.);
#4461=EDGE_CURVE('',#5356,#5356,#549,.T.);
#4462=EDGE_CURVE('',#5357,#5357,#550,.T.);
#4463=EDGE_CURVE('',#5284,#5018,#6308,.T.);
#4464=EDGE_CURVE('',#5285,#5166,#6309,.T.);
#4465=EDGE_CURVE('',#5286,#5167,#6310,.T.);
#4466=EDGE_CURVE('',#5287,#5168,#6311,.T.);
#4467=EDGE_CURVE('',#5288,#5169,#6312,.T.);
#4468=EDGE_CURVE('',#5289,#5170,#6313,.T.);
#4469=EDGE_CURVE('',#5290,#5171,#6314,.T.);
#4470=EDGE_CURVE('',#5291,#5172,#6315,.T.);
#4471=EDGE_CURVE('',#5292,#5132,#6316,.T.);
#4472=EDGE_CURVE('',#5293,#5131,#6317,.T.);
#4473=EDGE_CURVE('',#5294,#5133,#6318,.T.);
#4474=EDGE_CURVE('',#5295,#5134,#6319,.T.);
#4475=EDGE_CURVE('',#5296,#5135,#6320,.T.);
#4476=EDGE_CURVE('',#5297,#5136,#6321,.T.);
#4477=EDGE_CURVE('',#5298,#5137,#6322,.T.);
#4478=EDGE_CURVE('',#5299,#5138,#6323,.T.);
#4479=EDGE_CURVE('',#5300,#5139,#6324,.T.);
#4480=EDGE_CURVE('',#5301,#5140,#6325,.T.);
#4481=EDGE_CURVE('',#5302,#5141,#6326,.T.);
#4482=EDGE_CURVE('',#5303,#5142,#6327,.T.);
#4483=EDGE_CURVE('',#5304,#5143,#6328,.T.);
#4484=EDGE_CURVE('',#5305,#5144,#6329,.T.);
#4485=EDGE_CURVE('',#5306,#5145,#6330,.T.);
#4486=EDGE_CURVE('',#5307,#5146,#6331,.T.);
#4487=EDGE_CURVE('',#5308,#5147,#6332,.T.);
#4488=EDGE_CURVE('',#5309,#5148,#6333,.T.);
#4489=EDGE_CURVE('',#5310,#5149,#6334,.T.);
#4490=EDGE_CURVE('',#5311,#5150,#6335,.T.);
#4491=EDGE_CURVE('',#5312,#5151,#6336,.T.);
#4492=EDGE_CURVE('',#5313,#5152,#6337,.T.);
#4493=EDGE_CURVE('',#5282,#5159,#6338,.T.);
#4494=EDGE_CURVE('',#5283,#5160,#6339,.T.);
#4495=EDGE_CURVE('',#5117,#5154,#6340,.T.);
#4496=EDGE_CURVE('',#5118,#5153,#6341,.T.);
#4497=EDGE_CURVE('',#5121,#5156,#6342,.T.);
#4498=EDGE_CURVE('',#5122,#5155,#6343,.T.);
#4499=EDGE_CURVE('',#5358,#5358,#551,.T.);
#4500=EDGE_CURVE('',#5359,#5359,#552,.T.);
#4501=EDGE_CURVE('',#5360,#5360,#553,.T.);
#4502=EDGE_CURVE('',#5361,#5361,#554,.T.);
#4503=EDGE_CURVE('',#5362,#5362,#555,.T.);
#4504=EDGE_CURVE('',#5363,#5363,#556,.T.);
#4505=VERTEX_POINT('',#12915);
#4506=VERTEX_POINT('',#12916);
#4507=VERTEX_POINT('',#12918);
#4508=VERTEX_POINT('',#12920);
#4509=VERTEX_POINT('',#12924);
#4510=VERTEX_POINT('',#12925);
#4511=VERTEX_POINT('',#12927);
#4512=VERTEX_POINT('',#12929);
#4513=VERTEX_POINT('',#12932);
#4514=VERTEX_POINT('',#12933);
#4515=VERTEX_POINT('',#12935);
#4516=VERTEX_POINT('',#12937);
#4517=VERTEX_POINT('',#12940);
#4518=VERTEX_POINT('',#12941);
#4519=VERTEX_POINT('',#12943);
#4520=VERTEX_POINT('',#12945);
#4521=VERTEX_POINT('',#12948);
#4522=VERTEX_POINT('',#12949);
#4523=VERTEX_POINT('',#12951);
#4524=VERTEX_POINT('',#12953);
#4525=VERTEX_POINT('',#12956);
#4526=VERTEX_POINT('',#12957);
#4527=VERTEX_POINT('',#12959);
#4528=VERTEX_POINT('',#12961);
#4529=VERTEX_POINT('',#12964);
#4530=VERTEX_POINT('',#12965);
#4531=VERTEX_POINT('',#12967);
#4532=VERTEX_POINT('',#12969);
#4533=VERTEX_POINT('',#12972);
#4534=VERTEX_POINT('',#12973);
#4535=VERTEX_POINT('',#12975);
#4536=VERTEX_POINT('',#12977);
#4537=VERTEX_POINT('',#12980);
#4538=VERTEX_POINT('',#12981);
#4539=VERTEX_POINT('',#12983);
#4540=VERTEX_POINT('',#12985);
#4541=VERTEX_POINT('',#12988);
#4542=VERTEX_POINT('',#12989);
#4543=VERTEX_POINT('',#12991);
#4544=VERTEX_POINT('',#12993);
#4545=VERTEX_POINT('',#12996);
#4546=VERTEX_POINT('',#12997);
#4547=VERTEX_POINT('',#12999);
#4548=VERTEX_POINT('',#13001);
#4549=VERTEX_POINT('',#13004);
#4550=VERTEX_POINT('',#13005);
#4551=VERTEX_POINT('',#13007);
#4552=VERTEX_POINT('',#13009);
#4553=VERTEX_POINT('',#13012);
#4554=VERTEX_POINT('',#13013);
#4555=VERTEX_POINT('',#13015);
#4556=VERTEX_POINT('',#13017);
#4557=VERTEX_POINT('',#13020);
#4558=VERTEX_POINT('',#13021);
#4559=VERTEX_POINT('',#13023);
#4560=VERTEX_POINT('',#13025);
#4561=VERTEX_POINT('',#13028);
#4562=VERTEX_POINT('',#13029);
#4563=VERTEX_POINT('',#13031);
#4564=VERTEX_POINT('',#13033);
#4565=VERTEX_POINT('',#13036);
#4566=VERTEX_POINT('',#13037);
#4567=VERTEX_POINT('',#13039);
#4568=VERTEX_POINT('',#13041);
#4569=VERTEX_POINT('',#13044);
#4570=VERTEX_POINT('',#13045);
#4571=VERTEX_POINT('',#13047);
#4572=VERTEX_POINT('',#13049);
#4573=VERTEX_POINT('',#13052);
#4574=VERTEX_POINT('',#13053);
#4575=VERTEX_POINT('',#13055);
#4576=VERTEX_POINT('',#13057);
#4577=VERTEX_POINT('',#13060);
#4578=VERTEX_POINT('',#13061);
#4579=VERTEX_POINT('',#13063);
#4580=VERTEX_POINT('',#13065);
#4581=VERTEX_POINT('',#13068);
#4582=VERTEX_POINT('',#13069);
#4583=VERTEX_POINT('',#13071);
#4584=VERTEX_POINT('',#13073);
#4585=VERTEX_POINT('',#13076);
#4586=VERTEX_POINT('',#13077);
#4587=VERTEX_POINT('',#13079);
#4588=VERTEX_POINT('',#13081);
#4589=VERTEX_POINT('',#13084);
#4590=VERTEX_POINT('',#13085);
#4591=VERTEX_POINT('',#13087);
#4592=VERTEX_POINT('',#13089);
#4593=VERTEX_POINT('',#13092);
#4594=VERTEX_POINT('',#13093);
#4595=VERTEX_POINT('',#13095);
#4596=VERTEX_POINT('',#13097);
#4597=VERTEX_POINT('',#13100);
#4598=VERTEX_POINT('',#13101);
#4599=VERTEX_POINT('',#13103);
#4600=VERTEX_POINT('',#13105);
#4601=VERTEX_POINT('',#13108);
#4602=VERTEX_POINT('',#13109);
#4603=VERTEX_POINT('',#13111);
#4604=VERTEX_POINT('',#13113);
#4605=VERTEX_POINT('',#13116);
#4606=VERTEX_POINT('',#13117);
#4607=VERTEX_POINT('',#13119);
#4608=VERTEX_POINT('',#13121);
#4609=VERTEX_POINT('',#13124);
#4610=VERTEX_POINT('',#13125);
#4611=VERTEX_POINT('',#13127);
#4612=VERTEX_POINT('',#13129);
#4613=VERTEX_POINT('',#13132);
#4614=VERTEX_POINT('',#13133);
#4615=VERTEX_POINT('',#13135);
#4616=VERTEX_POINT('',#13137);
#4617=VERTEX_POINT('',#13140);
#4618=VERTEX_POINT('',#13142);
#4619=VERTEX_POINT('',#13144);
#4620=VERTEX_POINT('',#13146);
#4621=VERTEX_POINT('',#13148);
#4622=VERTEX_POINT('',#13150);
#4623=VERTEX_POINT('',#13152);
#4624=VERTEX_POINT('',#13154);
#4625=VERTEX_POINT('',#13155);
#4626=VERTEX_POINT('',#13157);
#4627=VERTEX_POINT('',#13159);
#4628=VERTEX_POINT('',#13161);
#4629=VERTEX_POINT('',#13163);
#4630=VERTEX_POINT('',#13165);
#4631=VERTEX_POINT('',#13167);
#4632=VERTEX_POINT('',#13169);
#4633=VERTEX_POINT('',#13171);
#4634=VERTEX_POINT('',#13173);
#4635=VERTEX_POINT('',#13175);
#4636=VERTEX_POINT('',#13177);
#4637=VERTEX_POINT('',#13179);
#4638=VERTEX_POINT('',#13181);
#4639=VERTEX_POINT('',#13183);
#4640=VERTEX_POINT('',#13185);
#4641=VERTEX_POINT('',#13187);
#4642=VERTEX_POINT('',#13189);
#4643=VERTEX_POINT('',#13191);
#4644=VERTEX_POINT('',#13193);
#4645=VERTEX_POINT('',#13195);
#4646=VERTEX_POINT('',#13197);
#4647=VERTEX_POINT('',#13199);
#4648=VERTEX_POINT('',#13201);
#4649=VERTEX_POINT('',#13203);
#4650=VERTEX_POINT('',#13205);
#4651=VERTEX_POINT('',#13207);
#4652=VERTEX_POINT('',#13209);
#4653=VERTEX_POINT('',#13211);
#4654=VERTEX_POINT('',#13213);
#4655=VERTEX_POINT('',#13215);
#4656=VERTEX_POINT('',#13217);
#4657=VERTEX_POINT('',#13219);
#4658=VERTEX_POINT('',#13221);
#4659=VERTEX_POINT('',#13223);
#4660=VERTEX_POINT('',#13225);
#4661=VERTEX_POINT('',#13227);
#4662=VERTEX_POINT('',#13229);
#4663=VERTEX_POINT('',#13231);
#4664=VERTEX_POINT('',#13236);
#4665=VERTEX_POINT('',#13237);
#4666=VERTEX_POINT('',#13242);
#4667=VERTEX_POINT('',#13246);
#4668=VERTEX_POINT('',#13250);
#4669=VERTEX_POINT('',#13251);
#4670=VERTEX_POINT('',#13256);
#4671=VERTEX_POINT('',#13260);
#4672=VERTEX_POINT('',#13264);
#4673=VERTEX_POINT('',#13265);
#4674=VERTEX_POINT('',#13270);
#4675=VERTEX_POINT('',#13274);
#4676=VERTEX_POINT('',#13278);
#4677=VERTEX_POINT('',#13279);
#4678=VERTEX_POINT('',#13284);
#4679=VERTEX_POINT('',#13288);
#4680=VERTEX_POINT('',#13292);
#4681=VERTEX_POINT('',#13293);
#4682=VERTEX_POINT('',#13298);
#4683=VERTEX_POINT('',#13302);
#4684=VERTEX_POINT('',#13306);
#4685=VERTEX_POINT('',#13307);
#4686=VERTEX_POINT('',#13312);
#4687=VERTEX_POINT('',#13316);
#4688=VERTEX_POINT('',#13320);
#4689=VERTEX_POINT('',#13321);
#4690=VERTEX_POINT('',#13326);
#4691=VERTEX_POINT('',#13330);
#4692=VERTEX_POINT('',#13334);
#4693=VERTEX_POINT('',#13335);
#4694=VERTEX_POINT('',#13340);
#4695=VERTEX_POINT('',#13344);
#4696=VERTEX_POINT('',#13348);
#4697=VERTEX_POINT('',#13349);
#4698=VERTEX_POINT('',#13354);
#4699=VERTEX_POINT('',#13358);
#4700=VERTEX_POINT('',#13362);
#4701=VERTEX_POINT('',#13363);
#4702=VERTEX_POINT('',#13368);
#4703=VERTEX_POINT('',#13372);
#4704=VERTEX_POINT('',#13376);
#4705=VERTEX_POINT('',#13377);
#4706=VERTEX_POINT('',#13382);
#4707=VERTEX_POINT('',#13386);
#4708=VERTEX_POINT('',#13390);
#4709=VERTEX_POINT('',#13391);
#4710=VERTEX_POINT('',#13396);
#4711=VERTEX_POINT('',#13400);
#4712=VERTEX_POINT('',#13404);
#4713=VERTEX_POINT('',#13405);
#4714=VERTEX_POINT('',#13410);
#4715=VERTEX_POINT('',#13414);
#4716=VERTEX_POINT('',#13418);
#4717=VERTEX_POINT('',#13419);
#4718=VERTEX_POINT('',#13424);
#4719=VERTEX_POINT('',#13428);
#4720=VERTEX_POINT('',#13432);
#4721=VERTEX_POINT('',#13433);
#4722=VERTEX_POINT('',#13438);
#4723=VERTEX_POINT('',#13442);
#4724=VERTEX_POINT('',#13446);
#4725=VERTEX_POINT('',#13447);
#4726=VERTEX_POINT('',#13452);
#4727=VERTEX_POINT('',#13456);
#4728=VERTEX_POINT('',#13460);
#4729=VERTEX_POINT('',#13461);
#4730=VERTEX_POINT('',#13466);
#4731=VERTEX_POINT('',#13470);
#4732=VERTEX_POINT('',#13474);
#4733=VERTEX_POINT('',#13475);
#4734=VERTEX_POINT('',#13480);
#4735=VERTEX_POINT('',#13484);
#4736=VERTEX_POINT('',#13488);
#4737=VERTEX_POINT('',#13489);
#4738=VERTEX_POINT('',#13494);
#4739=VERTEX_POINT('',#13498);
#4740=VERTEX_POINT('',#13502);
#4741=VERTEX_POINT('',#13503);
#4742=VERTEX_POINT('',#13508);
#4743=VERTEX_POINT('',#13512);
#4744=VERTEX_POINT('',#13516);
#4745=VERTEX_POINT('',#13517);
#4746=VERTEX_POINT('',#13522);
#4747=VERTEX_POINT('',#13526);
#4748=VERTEX_POINT('',#13530);
#4749=VERTEX_POINT('',#13531);
#4750=VERTEX_POINT('',#13536);
#4751=VERTEX_POINT('',#13540);
#4752=VERTEX_POINT('',#13544);
#4753=VERTEX_POINT('',#13545);
#4754=VERTEX_POINT('',#13550);
#4755=VERTEX_POINT('',#13554);
#4756=VERTEX_POINT('',#13558);
#4757=VERTEX_POINT('',#13559);
#4758=VERTEX_POINT('',#13564);
#4759=VERTEX_POINT('',#13568);
#4760=VERTEX_POINT('',#13572);
#4761=VERTEX_POINT('',#13573);
#4762=VERTEX_POINT('',#13578);
#4763=VERTEX_POINT('',#13582);
#4764=VERTEX_POINT('',#13586);
#4765=VERTEX_POINT('',#13587);
#4766=VERTEX_POINT('',#13592);
#4767=VERTEX_POINT('',#13596);
#4768=VERTEX_POINT('',#13600);
#4769=VERTEX_POINT('',#13601);
#4770=VERTEX_POINT('',#13606);
#4771=VERTEX_POINT('',#13610);
#4772=VERTEX_POINT('',#13614);
#4773=VERTEX_POINT('',#13615);
#4774=VERTEX_POINT('',#13620);
#4775=VERTEX_POINT('',#13624);
#4776=VERTEX_POINT('',#13628);
#4777=VERTEX_POINT('',#13632);
#4778=VERTEX_POINT('',#13636);
#4779=VERTEX_POINT('',#13640);
#4780=VERTEX_POINT('',#13644);
#4781=VERTEX_POINT('',#13648);
#4782=VERTEX_POINT('',#13652);
#4783=VERTEX_POINT('',#13656);
#4784=VERTEX_POINT('',#13660);
#4785=VERTEX_POINT('',#13664);
#4786=VERTEX_POINT('',#13668);
#4787=VERTEX_POINT('',#13672);
#4788=VERTEX_POINT('',#13676);
#4789=VERTEX_POINT('',#13680);
#4790=VERTEX_POINT('',#13684);
#4791=VERTEX_POINT('',#13688);
#4792=VERTEX_POINT('',#13692);
#4793=VERTEX_POINT('',#13696);
#4794=VERTEX_POINT('',#13700);
#4795=VERTEX_POINT('',#13704);
#4796=VERTEX_POINT('',#13708);
#4797=VERTEX_POINT('',#13712);
#4798=VERTEX_POINT('',#13716);
#4799=VERTEX_POINT('',#13720);
#4800=VERTEX_POINT('',#13724);
#4801=VERTEX_POINT('',#13728);
#4802=VERTEX_POINT('',#13732);
#4803=VERTEX_POINT('',#13736);
#4804=VERTEX_POINT('',#13740);
#4805=VERTEX_POINT('',#13744);
#4806=VERTEX_POINT('',#13750);
#4807=VERTEX_POINT('',#13752);
#4808=VERTEX_POINT('',#13756);
#4809=VERTEX_POINT('',#13760);
#4810=VERTEX_POINT('',#13764);
#4811=VERTEX_POINT('',#13767);
#4812=VERTEX_POINT('',#13770);
#4813=VERTEX_POINT('',#13773);
#4814=VERTEX_POINT('',#13776);
#4815=VERTEX_POINT('',#13779);
#4816=VERTEX_POINT('',#13838);
#4817=VERTEX_POINT('',#13841);
#4818=VERTEX_POINT('',#13842);
#4819=VERTEX_POINT('',#13853);
#4820=VERTEX_POINT('',#13855);
#4821=VERTEX_POINT('',#13857);
#4822=VERTEX_POINT('',#13859);
#4823=VERTEX_POINT('',#13861);
#4824=VERTEX_POINT('',#13863);
#4825=VERTEX_POINT('',#13864);
#4826=VERTEX_POINT('',#13866);
#4827=VERTEX_POINT('',#13868);
#4828=VERTEX_POINT('',#13870);
#4829=VERTEX_POINT('',#13872);
#4830=VERTEX_POINT('',#13874);
#4831=VERTEX_POINT('',#13876);
#4832=VERTEX_POINT('',#13878);
#4833=VERTEX_POINT('',#13880);
#4834=VERTEX_POINT('',#13882);
#4835=VERTEX_POINT('',#13884);
#4836=VERTEX_POINT('',#13886);
#4837=VERTEX_POINT('',#13888);
#4838=VERTEX_POINT('',#13890);
#4839=VERTEX_POINT('',#13892);
#4840=VERTEX_POINT('',#13894);
#4841=VERTEX_POINT('',#13896);
#4842=VERTEX_POINT('',#13898);
#4843=VERTEX_POINT('',#13900);
#4844=VERTEX_POINT('',#13902);
#4845=VERTEX_POINT('',#13904);
#4846=VERTEX_POINT('',#13906);
#4847=VERTEX_POINT('',#13908);
#4848=VERTEX_POINT('',#13910);
#4849=VERTEX_POINT('',#13912);
#4850=VERTEX_POINT('',#13914);
#4851=VERTEX_POINT('',#13916);
#4852=VERTEX_POINT('',#13918);
#4853=VERTEX_POINT('',#13920);
#4854=VERTEX_POINT('',#13922);
#4855=VERTEX_POINT('',#13924);
#4856=VERTEX_POINT('',#13926);
#4857=VERTEX_POINT('',#13928);
#4858=VERTEX_POINT('',#13930);
#4859=VERTEX_POINT('',#13932);
#4860=VERTEX_POINT('',#13934);
#4861=VERTEX_POINT('',#13936);
#4862=VERTEX_POINT('',#13938);
#4863=VERTEX_POINT('',#13940);
#4864=VERTEX_POINT('',#13942);
#4865=VERTEX_POINT('',#13944);
#4866=VERTEX_POINT('',#13946);
#4867=VERTEX_POINT('',#13948);
#4868=VERTEX_POINT('',#13950);
#4869=VERTEX_POINT('',#13952);
#4870=VERTEX_POINT('',#13954);
#4871=VERTEX_POINT('',#13956);
#4872=VERTEX_POINT('',#13958);
#4873=VERTEX_POINT('',#13960);
#4874=VERTEX_POINT('',#13962);
#4875=VERTEX_POINT('',#13964);
#4876=VERTEX_POINT('',#13966);
#4877=VERTEX_POINT('',#13968);
#4878=VERTEX_POINT('',#13970);
#4879=VERTEX_POINT('',#13972);
#4880=VERTEX_POINT('',#13974);
#4881=VERTEX_POINT('',#13976);
#4882=VERTEX_POINT('',#13978);
#4883=VERTEX_POINT('',#13980);
#4884=VERTEX_POINT('',#13982);
#4885=VERTEX_POINT('',#13984);
#4886=VERTEX_POINT('',#13986);
#4887=VERTEX_POINT('',#13988);
#4888=VERTEX_POINT('',#13992);
#4889=VERTEX_POINT('',#13994);
#4890=VERTEX_POINT('',#13996);
#4891=VERTEX_POINT('',#13998);
#4892=VERTEX_POINT('',#14000);
#4893=VERTEX_POINT('',#14002);
#4894=VERTEX_POINT('',#14004);
#4895=VERTEX_POINT('',#14006);
#4896=VERTEX_POINT('',#14010);
#4897=VERTEX_POINT('',#14012);
#4898=VERTEX_POINT('',#14013);
#4899=VERTEX_POINT('',#14015);
#4900=VERTEX_POINT('',#14018);
#4901=VERTEX_POINT('',#14020);
#4902=VERTEX_POINT('',#14022);
#4903=VERTEX_POINT('',#14026);
#4904=VERTEX_POINT('',#14028);
#4905=VERTEX_POINT('',#14032);
#4906=VERTEX_POINT('',#14036);
#4907=VERTEX_POINT('',#14040);
#4908=VERTEX_POINT('',#14044);
#4909=VERTEX_POINT('',#14048);
#4910=VERTEX_POINT('',#14052);
#4911=VERTEX_POINT('',#14056);
#4912=VERTEX_POINT('',#14060);
#4913=VERTEX_POINT('',#14064);
#4914=VERTEX_POINT('',#14068);
#4915=VERTEX_POINT('',#14072);
#4916=VERTEX_POINT('',#14076);
#4917=VERTEX_POINT('',#14080);
#4918=VERTEX_POINT('',#14084);
#4919=VERTEX_POINT('',#14088);
#4920=VERTEX_POINT('',#14092);
#4921=VERTEX_POINT('',#14096);
#4922=VERTEX_POINT('',#14100);
#4923=VERTEX_POINT('',#14104);
#4924=VERTEX_POINT('',#14108);
#4925=VERTEX_POINT('',#14109);
#4926=VERTEX_POINT('',#14112);
#4927=VERTEX_POINT('',#14115);
#4928=VERTEX_POINT('',#14117);
#4929=VERTEX_POINT('',#14121);
#4930=VERTEX_POINT('',#14125);
#4931=VERTEX_POINT('',#14127);
#4932=VERTEX_POINT('',#14130);
#4933=VERTEX_POINT('',#14132);
#4934=VERTEX_POINT('',#14134);
#4935=VERTEX_POINT('',#14138);
#4936=VERTEX_POINT('',#14142);
#4937=VERTEX_POINT('',#14146);
#4938=VERTEX_POINT('',#14150);
#4939=VERTEX_POINT('',#14154);
#4940=VERTEX_POINT('',#14158);
#4941=VERTEX_POINT('',#14162);
#4942=VERTEX_POINT('',#14166);
#4943=VERTEX_POINT('',#14172);
#4944=VERTEX_POINT('',#14174);
#4945=VERTEX_POINT('',#14176);
#4946=VERTEX_POINT('',#14178);
#4947=VERTEX_POINT('',#14180);
#4948=VERTEX_POINT('',#14182);
#4949=VERTEX_POINT('',#14184);
#4950=VERTEX_POINT('',#14185);
#4951=VERTEX_POINT('',#14187);
#4952=VERTEX_POINT('',#14189);
#4953=VERTEX_POINT('',#14191);
#4954=VERTEX_POINT('',#14193);
#4955=VERTEX_POINT('',#14195);
#4956=VERTEX_POINT('',#14197);
#4957=VERTEX_POINT('',#14199);
#4958=VERTEX_POINT('',#14201);
#4959=VERTEX_POINT('',#14203);
#4960=VERTEX_POINT('',#14205);
#4961=VERTEX_POINT('',#14207);
#4962=VERTEX_POINT('',#14209);
#4963=VERTEX_POINT('',#14211);
#4964=VERTEX_POINT('',#14213);
#4965=VERTEX_POINT('',#14215);
#4966=VERTEX_POINT('',#14217);
#4967=VERTEX_POINT('',#14219);
#4968=VERTEX_POINT('',#14221);
#4969=VERTEX_POINT('',#14223);
#4970=VERTEX_POINT('',#14225);
#4971=VERTEX_POINT('',#14227);
#4972=VERTEX_POINT('',#14229);
#4973=VERTEX_POINT('',#14231);
#4974=VERTEX_POINT('',#14233);
#4975=VERTEX_POINT('',#14235);
#4976=VERTEX_POINT('',#14237);
#4977=VERTEX_POINT('',#14239);
#4978=VERTEX_POINT('',#14241);
#4979=VERTEX_POINT('',#14243);
#4980=VERTEX_POINT('',#14245);
#4981=VERTEX_POINT('',#14313);
#4982=VERTEX_POINT('',#14314);
#4983=VERTEX_POINT('',#14319);
#4984=VERTEX_POINT('',#14323);
#4985=VERTEX_POINT('',#14327);
#4986=VERTEX_POINT('',#14331);
#4987=VERTEX_POINT('',#14335);
#4988=VERTEX_POINT('',#14339);
#4989=VERTEX_POINT('',#14343);
#4990=VERTEX_POINT('',#14347);
#4991=VERTEX_POINT('',#14351);
#4992=VERTEX_POINT('',#14355);
#4993=VERTEX_POINT('',#14359);
#4994=VERTEX_POINT('',#14363);
#4995=VERTEX_POINT('',#14367);
#4996=VERTEX_POINT('',#14371);
#4997=VERTEX_POINT('',#14375);
#4998=VERTEX_POINT('',#14379);
#4999=VERTEX_POINT('',#14383);
#5000=VERTEX_POINT('',#14385);
#5001=VERTEX_POINT('',#14387);
#5002=VERTEX_POINT('',#14389);
#5003=VERTEX_POINT('',#14392);
#5004=VERTEX_POINT('',#14398);
#5005=VERTEX_POINT('',#14402);
#5006=VERTEX_POINT('',#14406);
#5007=VERTEX_POINT('',#14410);
#5008=VERTEX_POINT('',#14414);
#5009=VERTEX_POINT('',#14418);
#5010=VERTEX_POINT('',#14422);
#5011=VERTEX_POINT('',#14426);
#5012=VERTEX_POINT('',#14430);
#5013=VERTEX_POINT('',#14434);
#5014=VERTEX_POINT('',#14438);
#5015=VERTEX_POINT('',#14470);
#5016=VERTEX_POINT('',#14471);
#5017=VERTEX_POINT('',#14473);
#5018=VERTEX_POINT('',#14475);
#5019=VERTEX_POINT('',#14477);
#5020=VERTEX_POINT('',#14479);
#5021=VERTEX_POINT('',#14483);
#5022=VERTEX_POINT('',#14484);
#5023=VERTEX_POINT('',#14486);
#5024=VERTEX_POINT('',#14488);
#5025=VERTEX_POINT('',#14492);
#5026=VERTEX_POINT('',#14493);
#5027=VERTEX_POINT('',#14498);
#5028=VERTEX_POINT('',#14500);
#5029=VERTEX_POINT('',#14502);
#5030=VERTEX_POINT('',#14504);
#5031=VERTEX_POINT('',#14506);
#5032=VERTEX_POINT('',#14508);
#5033=VERTEX_POINT('',#14510);
#5034=VERTEX_POINT('',#14512);
#5035=VERTEX_POINT('',#14514);
#5036=VERTEX_POINT('',#14516);
#5037=VERTEX_POINT('',#14518);
#5038=VERTEX_POINT('',#14520);
#5039=VERTEX_POINT('',#14522);
#5040=VERTEX_POINT('',#14524);
#5041=VERTEX_POINT('',#14526);
#5042=VERTEX_POINT('',#14528);
#5043=VERTEX_POINT('',#14530);
#5044=VERTEX_POINT('',#14532);
#5045=VERTEX_POINT('',#14534);
#5046=VERTEX_POINT('',#14536);
#5047=VERTEX_POINT('',#14538);
#5048=VERTEX_POINT('',#14540);
#5049=VERTEX_POINT('',#14542);
#5050=VERTEX_POINT('',#14544);
#5051=VERTEX_POINT('',#14546);
#5052=VERTEX_POINT('',#14548);
#5053=VERTEX_POINT('',#14550);
#5054=VERTEX_POINT('',#14552);
#5055=VERTEX_POINT('',#14554);
#5056=VERTEX_POINT('',#14556);
#5057=VERTEX_POINT('',#14558);
#5058=VERTEX_POINT('',#14560);
#5059=VERTEX_POINT('',#14562);
#5060=VERTEX_POINT('',#14564);
#5061=VERTEX_POINT('',#14566);
#5062=VERTEX_POINT('',#14568);
#5063=VERTEX_POINT('',#14570);
#5064=VERTEX_POINT('',#14572);
#5065=VERTEX_POINT('',#14574);
#5066=VERTEX_POINT('',#14576);
#5067=VERTEX_POINT('',#14578);
#5068=VERTEX_POINT('',#14580);
#5069=VERTEX_POINT('',#14582);
#5070=VERTEX_POINT('',#14584);
#5071=VERTEX_POINT('',#14586);
#5072=VERTEX_POINT('',#14588);
#5073=VERTEX_POINT('',#14590);
#5074=VERTEX_POINT('',#14592);
#5075=VERTEX_POINT('',#14594);
#5076=VERTEX_POINT('',#14596);
#5077=VERTEX_POINT('',#14598);
#5078=VERTEX_POINT('',#14600);
#5079=VERTEX_POINT('',#14602);
#5080=VERTEX_POINT('',#14604);
#5081=VERTEX_POINT('',#14606);
#5082=VERTEX_POINT('',#14608);
#5083=VERTEX_POINT('',#14610);
#5084=VERTEX_POINT('',#14612);
#5085=VERTEX_POINT('',#14614);
#5086=VERTEX_POINT('',#14616);
#5087=VERTEX_POINT('',#14618);
#5088=VERTEX_POINT('',#14620);
#5089=VERTEX_POINT('',#14622);
#5090=VERTEX_POINT('',#14624);
#5091=VERTEX_POINT('',#14626);
#5092=VERTEX_POINT('',#14628);
#5093=VERTEX_POINT('',#14630);
#5094=VERTEX_POINT('',#14634);
#5095=VERTEX_POINT('',#14636);
#5096=VERTEX_POINT('',#14640);
#5097=VERTEX_POINT('',#14644);
#5098=VERTEX_POINT('',#14648);
#5099=VERTEX_POINT('',#14652);
#5100=VERTEX_POINT('',#14656);
#5101=VERTEX_POINT('',#14660);
#5102=VERTEX_POINT('',#14664);
#5103=VERTEX_POINT('',#14668);
#5104=VERTEX_POINT('',#14672);
#5105=VERTEX_POINT('',#14676);
#5106=VERTEX_POINT('',#14680);
#5107=VERTEX_POINT('',#14684);
#5108=VERTEX_POINT('',#14688);
#5109=VERTEX_POINT('',#14692);
#5110=VERTEX_POINT('',#14696);
#5111=VERTEX_POINT('',#14700);
#5112=VERTEX_POINT('',#14704);
#5113=VERTEX_POINT('',#14708);
#5114=VERTEX_POINT('',#14712);
#5115=VERTEX_POINT('',#14719);
#5116=VERTEX_POINT('',#14721);
#5117=VERTEX_POINT('',#14725);
#5118=VERTEX_POINT('',#14726);
#5119=VERTEX_POINT('',#14729);
#5120=VERTEX_POINT('',#14732);
#5121=VERTEX_POINT('',#14734);
#5122=VERTEX_POINT('',#14736);
#5123=VERTEX_POINT('',#14740);
#5124=VERTEX_POINT('',#14744);
#5125=VERTEX_POINT('',#14748);
#5126=VERTEX_POINT('',#14752);
#5127=VERTEX_POINT('',#14756);
#5128=VERTEX_POINT('',#14760);
#5129=VERTEX_POINT('',#14764);
#5130=VERTEX_POINT('',#14768);
#5131=VERTEX_POINT('',#14772);
#5132=VERTEX_POINT('',#14774);
#5133=VERTEX_POINT('',#14778);
#5134=VERTEX_POINT('',#14782);
#5135=VERTEX_POINT('',#14786);
#5136=VERTEX_POINT('',#14790);
#5137=VERTEX_POINT('',#14794);
#5138=VERTEX_POINT('',#14798);
#5139=VERTEX_POINT('',#14802);
#5140=VERTEX_POINT('',#14806);
#5141=VERTEX_POINT('',#14810);
#5142=VERTEX_POINT('',#14814);
#5143=VERTEX_POINT('',#14818);
#5144=VERTEX_POINT('',#14822);
#5145=VERTEX_POINT('',#14826);
#5146=VERTEX_POINT('',#14830);
#5147=VERTEX_POINT('',#14834);
#5148=VERTEX_POINT('',#14838);
#5149=VERTEX_POINT('',#14842);
#5150=VERTEX_POINT('',#14846);
#5151=VERTEX_POINT('',#14850);
#5152=VERTEX_POINT('',#14854);
#5153=VERTEX_POINT('',#14858);
#5154=VERTEX_POINT('',#14860);
#5155=VERTEX_POINT('',#14862);
#5156=VERTEX_POINT('',#14864);
#5157=VERTEX_POINT('',#14866);
#5158=VERTEX_POINT('',#14868);
#5159=VERTEX_POINT('',#14870);
#5160=VERTEX_POINT('',#14874);
#5161=VERTEX_POINT('',#14875);
#5162=VERTEX_POINT('',#14880);
#5163=VERTEX_POINT('',#14881);
#5164=VERTEX_POINT('',#14883);
#5165=VERTEX_POINT('',#14885);
#5166=VERTEX_POINT('',#14890);
#5167=VERTEX_POINT('',#14894);
#5168=VERTEX_POINT('',#14898);
#5169=VERTEX_POINT('',#14902);
#5170=VERTEX_POINT('',#14906);
#5171=VERTEX_POINT('',#14910);
#5172=VERTEX_POINT('',#14914);
#5173=VERTEX_POINT('',#14922);
#5174=VERTEX_POINT('',#14927);
#5175=VERTEX_POINT('',#14928);
#5176=VERTEX_POINT('',#14930);
#5177=VERTEX_POINT('',#14932);
#5178=VERTEX_POINT('',#14936);
#5179=VERTEX_POINT('',#14937);
#5180=VERTEX_POINT('',#14942);
#5181=VERTEX_POINT('',#14943);
#5182=VERTEX_POINT('',#14948);
#5183=VERTEX_POINT('',#14949);
#5184=VERTEX_POINT('',#14954);
#5185=VERTEX_POINT('',#14955);
#5186=VERTEX_POINT('',#14960);
#5187=VERTEX_POINT('',#14961);
#5188=VERTEX_POINT('',#14966);
#5189=VERTEX_POINT('',#14967);
#5190=VERTEX_POINT('',#14972);
#5191=VERTEX_POINT('',#14973);
#5192=VERTEX_POINT('',#14978);
#5193=VERTEX_POINT('',#14979);
#5194=VERTEX_POINT('',#14984);
#5195=VERTEX_POINT('',#14985);
#5196=VERTEX_POINT('',#14990);
#5197=VERTEX_POINT('',#14991);
#5198=VERTEX_POINT('',#14996);
#5199=VERTEX_POINT('',#14997);
#5200=VERTEX_POINT('',#14999);
#5201=VERTEX_POINT('',#15001);
#5202=VERTEX_POINT('',#15005);
#5203=VERTEX_POINT('',#15006);
#5204=VERTEX_POINT('',#15011);
#5205=VERTEX_POINT('',#15012);
#5206=VERTEX_POINT('',#15017);
#5207=VERTEX_POINT('',#15018);
#5208=VERTEX_POINT('',#15021);
#5209=VERTEX_POINT('',#15023);
#5210=VERTEX_POINT('',#15027);
#5211=VERTEX_POINT('',#15028);
#5212=VERTEX_POINT('',#15033);
#5213=VERTEX_POINT('',#15034);
#5214=VERTEX_POINT('',#15039);
#5215=VERTEX_POINT('',#15040);
#5216=VERTEX_POINT('',#15045);
#5217=VERTEX_POINT('',#15046);
#5218=VERTEX_POINT('',#15051);
#5219=VERTEX_POINT('',#15052);
#5220=VERTEX_POINT('',#15057);
#5221=VERTEX_POINT('',#15058);
#5222=VERTEX_POINT('',#15063);
#5223=VERTEX_POINT('',#15064);
#5224=VERTEX_POINT('',#15069);
#5225=VERTEX_POINT('',#15070);
#5226=VERTEX_POINT('',#15075);
#5227=VERTEX_POINT('',#15076);
#5228=VERTEX_POINT('',#15081);
#5229=VERTEX_POINT('',#15082);
#5230=VERTEX_POINT('',#15087);
#5231=VERTEX_POINT('',#15088);
#5232=VERTEX_POINT('',#15093);
#5233=VERTEX_POINT('',#15094);
#5234=VERTEX_POINT('',#15099);
#5235=VERTEX_POINT('',#15100);
#5236=VERTEX_POINT('',#15105);
#5237=VERTEX_POINT('',#15106);
#5238=VERTEX_POINT('',#15111);
#5239=VERTEX_POINT('',#15112);
#5240=VERTEX_POINT('',#15117);
#5241=VERTEX_POINT('',#15118);
#5242=VERTEX_POINT('',#15123);
#5243=VERTEX_POINT('',#15124);
#5244=VERTEX_POINT('',#15129);
#5245=VERTEX_POINT('',#15130);
#5246=VERTEX_POINT('',#15135);
#5247=VERTEX_POINT('',#15136);
#5248=VERTEX_POINT('',#15141);
#5249=VERTEX_POINT('',#15142);
#5250=VERTEX_POINT('',#15147);
#5251=VERTEX_POINT('',#15148);
#5252=VERTEX_POINT('',#15153);
#5253=VERTEX_POINT('',#15154);
#5254=VERTEX_POINT('',#15159);
#5255=VERTEX_POINT('',#15160);
#5256=VERTEX_POINT('',#15165);
#5257=VERTEX_POINT('',#15166);
#5258=VERTEX_POINT('',#15171);
#5259=VERTEX_POINT('',#15172);
#5260=VERTEX_POINT('',#15177);
#5261=VERTEX_POINT('',#15178);
#5262=VERTEX_POINT('',#15183);
#5263=VERTEX_POINT('',#15184);
#5264=VERTEX_POINT('',#15189);
#5265=VERTEX_POINT('',#15190);
#5266=VERTEX_POINT('',#15193);
#5267=VERTEX_POINT('',#15197);
#5268=VERTEX_POINT('',#15199);
#5269=VERTEX_POINT('',#15203);
#5270=VERTEX_POINT('',#15214);
#5271=VERTEX_POINT('',#15215);
#5272=VERTEX_POINT('',#15217);
#5273=VERTEX_POINT('',#15219);
#5274=VERTEX_POINT('',#15221);
#5275=VERTEX_POINT('',#15223);
#5276=VERTEX_POINT('',#15225);
#5277=VERTEX_POINT('',#15227);
#5278=VERTEX_POINT('',#15229);
#5279=VERTEX_POINT('',#15231);
#5280=VERTEX_POINT('',#15233);
#5281=VERTEX_POINT('',#15235);
#5282=VERTEX_POINT('',#15238);
#5283=VERTEX_POINT('',#15239);
#5284=VERTEX_POINT('',#15242);
#5285=VERTEX_POINT('',#15244);
#5286=VERTEX_POINT('',#15246);
#5287=VERTEX_POINT('',#15248);
#5288=VERTEX_POINT('',#15250);
#5289=VERTEX_POINT('',#15252);
#5290=VERTEX_POINT('',#15254);
#5291=VERTEX_POINT('',#15256);
#5292=VERTEX_POINT('',#15258);
#5293=VERTEX_POINT('',#15260);
#5294=VERTEX_POINT('',#15262);
#5295=VERTEX_POINT('',#15264);
#5296=VERTEX_POINT('',#15266);
#5297=VERTEX_POINT('',#15268);
#5298=VERTEX_POINT('',#15270);
#5299=VERTEX_POINT('',#15272);
#5300=VERTEX_POINT('',#15274);
#5301=VERTEX_POINT('',#15276);
#5302=VERTEX_POINT('',#15278);
#5303=VERTEX_POINT('',#15280);
#5304=VERTEX_POINT('',#15282);
#5305=VERTEX_POINT('',#15284);
#5306=VERTEX_POINT('',#15286);
#5307=VERTEX_POINT('',#15288);
#5308=VERTEX_POINT('',#15290);
#5309=VERTEX_POINT('',#15292);
#5310=VERTEX_POINT('',#15294);
#5311=VERTEX_POINT('',#15296);
#5312=VERTEX_POINT('',#15298);
#5313=VERTEX_POINT('',#15300);
#5314=VERTEX_POINT('',#15303);
#5315=VERTEX_POINT('',#15304);
#5316=VERTEX_POINT('',#15307);
#5317=VERTEX_POINT('',#15309);
#5318=VERTEX_POINT('',#15311);
#5319=VERTEX_POINT('',#15313);
#5320=VERTEX_POINT('',#15315);
#5321=VERTEX_POINT('',#15317);
#5322=VERTEX_POINT('',#15319);
#5323=VERTEX_POINT('',#15321);
#5324=VERTEX_POINT('',#15323);
#5325=VERTEX_POINT('',#15325);
#5326=VERTEX_POINT('',#15327);
#5327=VERTEX_POINT('',#15329);
#5328=VERTEX_POINT('',#15331);
#5329=VERTEX_POINT('',#15333);
#5330=VERTEX_POINT('',#15335);
#5331=VERTEX_POINT('',#15337);
#5332=VERTEX_POINT('',#15339);
#5333=VERTEX_POINT('',#15341);
#5334=VERTEX_POINT('',#15343);
#5335=VERTEX_POINT('',#15345);
#5336=VERTEX_POINT('',#15347);
#5337=VERTEX_POINT('',#15349);
#5338=VERTEX_POINT('',#15351);
#5339=VERTEX_POINT('',#15353);
#5340=VERTEX_POINT('',#15355);
#5341=VERTEX_POINT('',#15357);
#5342=VERTEX_POINT('',#15359);
#5343=VERTEX_POINT('',#15361);
#5344=VERTEX_POINT('',#15366);
#5345=VERTEX_POINT('',#15368);
#5346=VERTEX_POINT('',#15370);
#5347=VERTEX_POINT('',#15372);
#5348=VERTEX_POINT('',#15374);
#5349=VERTEX_POINT('',#15376);
#5350=VERTEX_POINT('',#15378);
#5351=VERTEX_POINT('',#15466);
#5352=VERTEX_POINT('',#15470);
#5353=VERTEX_POINT('',#15474);
#5354=VERTEX_POINT('',#15478);
#5355=VERTEX_POINT('',#15482);
#5356=VERTEX_POINT('',#15486);
#5357=VERTEX_POINT('',#15490);
#5358=VERTEX_POINT('',#15570);
#5359=VERTEX_POINT('',#15573);
#5360=VERTEX_POINT('',#15576);
#5361=VERTEX_POINT('',#15579);
#5362=VERTEX_POINT('',#15582);
#5363=VERTEX_POINT('',#15585);
#5364=LINE('',#12914,#6344);
#5365=LINE('',#12917,#6345);
#5366=LINE('',#12919,#6346);
#5367=LINE('',#12921,#6347);
#5368=LINE('',#12923,#6348);
#5369=LINE('',#12926,#6349);
#5370=LINE('',#12928,#6350);
#5371=LINE('',#12930,#6351);
#5372=LINE('',#12931,#6352);
#5373=LINE('',#12934,#6353);
#5374=LINE('',#12936,#6354);
#5375=LINE('',#12938,#6355);
#5376=LINE('',#12939,#6356);
#5377=LINE('',#12942,#6357);
#5378=LINE('',#12944,#6358);
#5379=LINE('',#12946,#6359);
#5380=LINE('',#12947,#6360);
#5381=LINE('',#12950,#6361);
#5382=LINE('',#12952,#6362);
#5383=LINE('',#12954,#6363);
#5384=LINE('',#12955,#6364);
#5385=LINE('',#12958,#6365);
#5386=LINE('',#12960,#6366);
#5387=LINE('',#12962,#6367);
#5388=LINE('',#12963,#6368);
#5389=LINE('',#12966,#6369);
#5390=LINE('',#12968,#6370);
#5391=LINE('',#12970,#6371);
#5392=LINE('',#12971,#6372);
#5393=LINE('',#12974,#6373);
#5394=LINE('',#12976,#6374);
#5395=LINE('',#12978,#6375);
#5396=LINE('',#12979,#6376);
#5397=LINE('',#12982,#6377);
#5398=LINE('',#12984,#6378);
#5399=LINE('',#12986,#6379);
#5400=LINE('',#12987,#6380);
#5401=LINE('',#12990,#6381);
#5402=LINE('',#12992,#6382);
#5403=LINE('',#12994,#6383);
#5404=LINE('',#12995,#6384);
#5405=LINE('',#12998,#6385);
#5406=LINE('',#13000,#6386);
#5407=LINE('',#13002,#6387);
#5408=LINE('',#13003,#6388);
#5409=LINE('',#13006,#6389);
#5410=LINE('',#13008,#6390);
#5411=LINE('',#13010,#6391);
#5412=LINE('',#13011,#6392);
#5413=LINE('',#13014,#6393);
#5414=LINE('',#13016,#6394);
#5415=LINE('',#13018,#6395);
#5416=LINE('',#13019,#6396);
#5417=LINE('',#13022,#6397);
#5418=LINE('',#13024,#6398);
#5419=LINE('',#13026,#6399);
#5420=LINE('',#13027,#6400);
#5421=LINE('',#13030,#6401);
#5422=LINE('',#13032,#6402);
#5423=LINE('',#13034,#6403);
#5424=LINE('',#13035,#6404);
#5425=LINE('',#13038,#6405);
#5426=LINE('',#13040,#6406);
#5427=LINE('',#13042,#6407);
#5428=LINE('',#13043,#6408);
#5429=LINE('',#13046,#6409);
#5430=LINE('',#13048,#6410);
#5431=LINE('',#13050,#6411);
#5432=LINE('',#13051,#6412);
#5433=LINE('',#13054,#6413);
#5434=LINE('',#13056,#6414);
#5435=LINE('',#13058,#6415);
#5436=LINE('',#13059,#6416);
#5437=LINE('',#13062,#6417);
#5438=LINE('',#13064,#6418);
#5439=LINE('',#13066,#6419);
#5440=LINE('',#13067,#6420);
#5441=LINE('',#13070,#6421);
#5442=LINE('',#13072,#6422);
#5443=LINE('',#13074,#6423);
#5444=LINE('',#13075,#6424);
#5445=LINE('',#13078,#6425);
#5446=LINE('',#13080,#6426);
#5447=LINE('',#13082,#6427);
#5448=LINE('',#13083,#6428);
#5449=LINE('',#13086,#6429);
#5450=LINE('',#13088,#6430);
#5451=LINE('',#13090,#6431);
#5452=LINE('',#13091,#6432);
#5453=LINE('',#13094,#6433);
#5454=LINE('',#13096,#6434);
#5455=LINE('',#13098,#6435);
#5456=LINE('',#13099,#6436);
#5457=LINE('',#13102,#6437);
#5458=LINE('',#13104,#6438);
#5459=LINE('',#13106,#6439);
#5460=LINE('',#13107,#6440);
#5461=LINE('',#13110,#6441);
#5462=LINE('',#13112,#6442);
#5463=LINE('',#13114,#6443);
#5464=LINE('',#13115,#6444);
#5465=LINE('',#13118,#6445);
#5466=LINE('',#13120,#6446);
#5467=LINE('',#13122,#6447);
#5468=LINE('',#13123,#6448);
#5469=LINE('',#13126,#6449);
#5470=LINE('',#13128,#6450);
#5471=LINE('',#13130,#6451);
#5472=LINE('',#13131,#6452);
#5473=LINE('',#13134,#6453);
#5474=LINE('',#13136,#6454);
#5475=LINE('',#13138,#6455);
#5476=LINE('',#13153,#6456);
#5477=LINE('',#13156,#6457);
#5478=LINE('',#13158,#6458);
#5479=LINE('',#13162,#6459);
#5480=LINE('',#13166,#6460);
#5481=LINE('',#13168,#6461);
#5482=LINE('',#13170,#6462);
#5483=LINE('',#13174,#6463);
#5484=LINE('',#13178,#6464);
#5485=LINE('',#13182,#6465);
#5486=LINE('',#13186,#6466);
#5487=LINE('',#13190,#6467);
#5488=LINE('',#13194,#6468);
#5489=LINE('',#13198,#6469);
#5490=LINE('',#13202,#6470);
#5491=LINE('',#13206,#6471);
#5492=LINE('',#13210,#6472);
#5493=LINE('',#13214,#6473);
#5494=LINE('',#13218,#6474);
#5495=LINE('',#13222,#6475);
#5496=LINE('',#13226,#6476);
#5497=LINE('',#13230,#6477);
#5498=LINE('',#13233,#6478);
#5499=LINE('',#13235,#6479);
#5500=LINE('',#13238,#6480);
#5501=LINE('',#13239,#6481);
#5502=LINE('',#13241,#6482);
#5503=LINE('',#13243,#6483);
#5504=LINE('',#13245,#6484);
#5505=LINE('',#13247,#6485);
#5506=LINE('',#13249,#6486);
#5507=LINE('',#13252,#6487);
#5508=LINE('',#13253,#6488);
#5509=LINE('',#13255,#6489);
#5510=LINE('',#13257,#6490);
#5511=LINE('',#13259,#6491);
#5512=LINE('',#13261,#6492);
#5513=LINE('',#13263,#6493);
#5514=LINE('',#13266,#6494);
#5515=LINE('',#13267,#6495);
#5516=LINE('',#13269,#6496);
#5517=LINE('',#13271,#6497);
#5518=LINE('',#13273,#6498);
#5519=LINE('',#13275,#6499);
#5520=LINE('',#13277,#6500);
#5521=LINE('',#13280,#6501);
#5522=LINE('',#13281,#6502);
#5523=LINE('',#13283,#6503);
#5524=LINE('',#13285,#6504);
#5525=LINE('',#13287,#6505);
#5526=LINE('',#13289,#6506);
#5527=LINE('',#13291,#6507);
#5528=LINE('',#13294,#6508);
#5529=LINE('',#13295,#6509);
#5530=LINE('',#13297,#6510);
#5531=LINE('',#13299,#6511);
#5532=LINE('',#13301,#6512);
#5533=LINE('',#13303,#6513);
#5534=LINE('',#13305,#6514);
#5535=LINE('',#13308,#6515);
#5536=LINE('',#13309,#6516);
#5537=LINE('',#13311,#6517);
#5538=LINE('',#13313,#6518);
#5539=LINE('',#13315,#6519);
#5540=LINE('',#13317,#6520);
#5541=LINE('',#13319,#6521);
#5542=LINE('',#13322,#6522);
#5543=LINE('',#13323,#6523);
#5544=LINE('',#13325,#6524);
#5545=LINE('',#13327,#6525);
#5546=LINE('',#13329,#6526);
#5547=LINE('',#13331,#6527);
#5548=LINE('',#13333,#6528);
#5549=LINE('',#13336,#6529);
#5550=LINE('',#13337,#6530);
#5551=LINE('',#13339,#6531);
#5552=LINE('',#13341,#6532);
#5553=LINE('',#13343,#6533);
#5554=LINE('',#13345,#6534);
#5555=LINE('',#13347,#6535);
#5556=LINE('',#13350,#6536);
#5557=LINE('',#13351,#6537);
#5558=LINE('',#13353,#6538);
#5559=LINE('',#13355,#6539);
#5560=LINE('',#13357,#6540);
#5561=LINE('',#13359,#6541);
#5562=LINE('',#13361,#6542);
#5563=LINE('',#13364,#6543);
#5564=LINE('',#13365,#6544);
#5565=LINE('',#13367,#6545);
#5566=LINE('',#13369,#6546);
#5567=LINE('',#13371,#6547);
#5568=LINE('',#13373,#6548);
#5569=LINE('',#13375,#6549);
#5570=LINE('',#13378,#6550);
#5571=LINE('',#13379,#6551);
#5572=LINE('',#13381,#6552);
#5573=LINE('',#13383,#6553);
#5574=LINE('',#13385,#6554);
#5575=LINE('',#13387,#6555);
#5576=LINE('',#13389,#6556);
#5577=LINE('',#13392,#6557);
#5578=LINE('',#13393,#6558);
#5579=LINE('',#13395,#6559);
#5580=LINE('',#13397,#6560);
#5581=LINE('',#13399,#6561);
#5582=LINE('',#13401,#6562);
#5583=LINE('',#13403,#6563);
#5584=LINE('',#13406,#6564);
#5585=LINE('',#13407,#6565);
#5586=LINE('',#13409,#6566);
#5587=LINE('',#13411,#6567);
#5588=LINE('',#13413,#6568);
#5589=LINE('',#13415,#6569);
#5590=LINE('',#13417,#6570);
#5591=LINE('',#13420,#6571);
#5592=LINE('',#13421,#6572);
#5593=LINE('',#13423,#6573);
#5594=LINE('',#13425,#6574);
#5595=LINE('',#13427,#6575);
#5596=LINE('',#13429,#6576);
#5597=LINE('',#13431,#6577);
#5598=LINE('',#13434,#6578);
#5599=LINE('',#13435,#6579);
#5600=LINE('',#13437,#6580);
#5601=LINE('',#13439,#6581);
#5602=LINE('',#13441,#6582);
#5603=LINE('',#13443,#6583);
#5604=LINE('',#13445,#6584);
#5605=LINE('',#13448,#6585);
#5606=LINE('',#13449,#6586);
#5607=LINE('',#13451,#6587);
#5608=LINE('',#13453,#6588);
#5609=LINE('',#13455,#6589);
#5610=LINE('',#13457,#6590);
#5611=LINE('',#13459,#6591);
#5612=LINE('',#13462,#6592);
#5613=LINE('',#13463,#6593);
#5614=LINE('',#13465,#6594);
#5615=LINE('',#13467,#6595);
#5616=LINE('',#13469,#6596);
#5617=LINE('',#13471,#6597);
#5618=LINE('',#13473,#6598);
#5619=LINE('',#13476,#6599);
#5620=LINE('',#13477,#6600);
#5621=LINE('',#13479,#6601);
#5622=LINE('',#13481,#6602);
#5623=LINE('',#13483,#6603);
#5624=LINE('',#13485,#6604);
#5625=LINE('',#13487,#6605);
#5626=LINE('',#13490,#6606);
#5627=LINE('',#13491,#6607);
#5628=LINE('',#13493,#6608);
#5629=LINE('',#13495,#6609);
#5630=LINE('',#13497,#6610);
#5631=LINE('',#13499,#6611);
#5632=LINE('',#13501,#6612);
#5633=LINE('',#13504,#6613);
#5634=LINE('',#13505,#6614);
#5635=LINE('',#13507,#6615);
#5636=LINE('',#13509,#6616);
#5637=LINE('',#13511,#6617);
#5638=LINE('',#13513,#6618);
#5639=LINE('',#13515,#6619);
#5640=LINE('',#13518,#6620);
#5641=LINE('',#13519,#6621);
#5642=LINE('',#13521,#6622);
#5643=LINE('',#13523,#6623);
#5644=LINE('',#13525,#6624);
#5645=LINE('',#13527,#6625);
#5646=LINE('',#13529,#6626);
#5647=LINE('',#13532,#6627);
#5648=LINE('',#13533,#6628);
#5649=LINE('',#13535,#6629);
#5650=LINE('',#13537,#6630);
#5651=LINE('',#13539,#6631);
#5652=LINE('',#13541,#6632);
#5653=LINE('',#13543,#6633);
#5654=LINE('',#13546,#6634);
#5655=LINE('',#13547,#6635);
#5656=LINE('',#13549,#6636);
#5657=LINE('',#13551,#6637);
#5658=LINE('',#13553,#6638);
#5659=LINE('',#13555,#6639);
#5660=LINE('',#13557,#6640);
#5661=LINE('',#13560,#6641);
#5662=LINE('',#13561,#6642);
#5663=LINE('',#13563,#6643);
#5664=LINE('',#13565,#6644);
#5665=LINE('',#13567,#6645);
#5666=LINE('',#13569,#6646);
#5667=LINE('',#13571,#6647);
#5668=LINE('',#13574,#6648);
#5669=LINE('',#13575,#6649);
#5670=LINE('',#13577,#6650);
#5671=LINE('',#13579,#6651);
#5672=LINE('',#13581,#6652);
#5673=LINE('',#13583,#6653);
#5674=LINE('',#13585,#6654);
#5675=LINE('',#13588,#6655);
#5676=LINE('',#13589,#6656);
#5677=LINE('',#13591,#6657);
#5678=LINE('',#13593,#6658);
#5679=LINE('',#13595,#6659);
#5680=LINE('',#13597,#6660);
#5681=LINE('',#13599,#6661);
#5682=LINE('',#13602,#6662);
#5683=LINE('',#13603,#6663);
#5684=LINE('',#13605,#6664);
#5685=LINE('',#13607,#6665);
#5686=LINE('',#13609,#6666);
#5687=LINE('',#13611,#6667);
#5688=LINE('',#13613,#6668);
#5689=LINE('',#13616,#6669);
#5690=LINE('',#13617,#6670);
#5691=LINE('',#13619,#6671);
#5692=LINE('',#13621,#6672);
#5693=LINE('',#13623,#6673);
#5694=LINE('',#13625,#6674);
#5695=LINE('',#13629,#6675);
#5696=LINE('',#13631,#6676);
#5697=LINE('',#13633,#6677);
#5698=LINE('',#13637,#6678);
#5699=LINE('',#13639,#6679);
#5700=LINE('',#13641,#6680);
#5701=LINE('',#13645,#6681);
#5702=LINE('',#13647,#6682);
#5703=LINE('',#13649,#6683);
#5704=LINE('',#13653,#6684);
#5705=LINE('',#13655,#6685);
#5706=LINE('',#13657,#6686);
#5707=LINE('',#13661,#6687);
#5708=LINE('',#13663,#6688);
#5709=LINE('',#13665,#6689);
#5710=LINE('',#13669,#6690);
#5711=LINE('',#13671,#6691);
#5712=LINE('',#13673,#6692);
#5713=LINE('',#13677,#6693);
#5714=LINE('',#13679,#6694);
#5715=LINE('',#13681,#6695);
#5716=LINE('',#13685,#6696);
#5717=LINE('',#13687,#6697);
#5718=LINE('',#13689,#6698);
#5719=LINE('',#13693,#6699);
#5720=LINE('',#13695,#6700);
#5721=LINE('',#13697,#6701);
#5722=LINE('',#13701,#6702);
#5723=LINE('',#13703,#6703);
#5724=LINE('',#13705,#6704);
#5725=LINE('',#13709,#6705);
#5726=LINE('',#13711,#6706);
#5727=LINE('',#13713,#6707);
#5728=LINE('',#13717,#6708);
#5729=LINE('',#13719,#6709);
#5730=LINE('',#13721,#6710);
#5731=LINE('',#13725,#6711);
#5732=LINE('',#13727,#6712);
#5733=LINE('',#13729,#6713);
#5734=LINE('',#13733,#6714);
#5735=LINE('',#13735,#6715);
#5736=LINE('',#13737,#6716);
#5737=LINE('',#13741,#6717);
#5738=LINE('',#13743,#6718);
#5739=LINE('',#13745,#6719);
#5740=LINE('',#13749,#6720);
#5741=LINE('',#13751,#6721);
#5742=LINE('',#13753,#6722);
#5743=LINE('',#13757,#6723);
#5744=LINE('',#13759,#6724);
#5745=LINE('',#13761,#6725);
#5746=LINE('',#13781,#6726);
#5747=LINE('',#13783,#6727);
#5748=LINE('',#13785,#6728);
#5749=LINE('',#13787,#6729);
#5750=LINE('',#13789,#6730);
#5751=LINE('',#13791,#6731);
#5752=LINE('',#13793,#6732);
#5753=LINE('',#13795,#6733);
#5754=LINE('',#13797,#6734);
#5755=LINE('',#13799,#6735);
#5756=LINE('',#13801,#6736);
#5757=LINE('',#13803,#6737);
#5758=LINE('',#13805,#6738);
#5759=LINE('',#13807,#6739);
#5760=LINE('',#13809,#6740);
#5761=LINE('',#13811,#6741);
#5762=LINE('',#13813,#6742);
#5763=LINE('',#13815,#6743);
#5764=LINE('',#13817,#6744);
#5765=LINE('',#13819,#6745);
#5766=LINE('',#13821,#6746);
#5767=LINE('',#13823,#6747);
#5768=LINE('',#13825,#6748);
#5769=LINE('',#13827,#6749);
#5770=LINE('',#13829,#6750);
#5771=LINE('',#13831,#6751);
#5772=LINE('',#13833,#6752);
#5773=LINE('',#13840,#6753);
#5774=LINE('',#13843,#6754);
#5775=LINE('',#13844,#6755);
#5776=LINE('',#13846,#6756);
#5777=LINE('',#13848,#6757);
#5778=LINE('',#13862,#6758);
#5779=LINE('',#13865,#6759);
#5780=LINE('',#13867,#6760);
#5781=LINE('',#13871,#6761);
#5782=LINE('',#13875,#6762);
#5783=LINE('',#13879,#6763);
#5784=LINE('',#13883,#6764);
#5785=LINE('',#13887,#6765);
#5786=LINE('',#13891,#6766);
#5787=LINE('',#13895,#6767);
#5788=LINE('',#13899,#6768);
#5789=LINE('',#13903,#6769);
#5790=LINE('',#13907,#6770);
#5791=LINE('',#13911,#6771);
#5792=LINE('',#13915,#6772);
#5793=LINE('',#13919,#6773);
#5794=LINE('',#13923,#6774);
#5795=LINE('',#13927,#6775);
#5796=LINE('',#13929,#6776);
#5797=LINE('',#13931,#6777);
#5798=LINE('',#13935,#6778);
#5799=LINE('',#13939,#6779);
#5800=LINE('',#13943,#6780);
#5801=LINE('',#13947,#6781);
#5802=LINE('',#13951,#6782);
#5803=LINE('',#13955,#6783);
#5804=LINE('',#13959,#6784);
#5805=LINE('',#13963,#6785);
#5806=LINE('',#13967,#6786);
#5807=LINE('',#13971,#6787);
#5808=LINE('',#13975,#6788);
#5809=LINE('',#13979,#6789);
#5810=LINE('',#13983,#6790);
#5811=LINE('',#13987,#6791);
#5812=LINE('',#13991,#6792);
#5813=LINE('',#13995,#6793);
#5814=LINE('',#13999,#6794);
#5815=LINE('',#14001,#6795);
#5816=LINE('',#14003,#6796);
#5817=LINE('',#14005,#6797);
#5818=LINE('',#14007,#6798);
#5819=LINE('',#14011,#6799);
#5820=LINE('',#14014,#6800);
#5821=LINE('',#14017,#6801);
#5822=LINE('',#14019,#6802);
#5823=LINE('',#14023,#6803);
#5824=LINE('',#14025,#6804);
#5825=LINE('',#14027,#6805);
#5826=LINE('',#14029,#6806);
#5827=LINE('',#14033,#6807);
#5828=LINE('',#14035,#6808);
#5829=LINE('',#14037,#6809);
#5830=LINE('',#14041,#6810);
#5831=LINE('',#14043,#6811);
#5832=LINE('',#14045,#6812);
#5833=LINE('',#14049,#6813);
#5834=LINE('',#14051,#6814);
#5835=LINE('',#14053,#6815);
#5836=LINE('',#14057,#6816);
#5837=LINE('',#14059,#6817);
#5838=LINE('',#14061,#6818);
#5839=LINE('',#14065,#6819);
#5840=LINE('',#14067,#6820);
#5841=LINE('',#14069,#6821);
#5842=LINE('',#14073,#6822);
#5843=LINE('',#14075,#6823);
#5844=LINE('',#14077,#6824);
#5845=LINE('',#14081,#6825);
#5846=LINE('',#14083,#6826);
#5847=LINE('',#14085,#6827);
#5848=LINE('',#14089,#6828);
#5849=LINE('',#14091,#6829);
#5850=LINE('',#14093,#6830);
#5851=LINE('',#14097,#6831);
#5852=LINE('',#14099,#6832);
#5853=LINE('',#14101,#6833);
#5854=LINE('',#14105,#6834);
#5855=LINE('',#14110,#6835);
#5856=LINE('',#14111,#6836);
#5857=LINE('',#14113,#6837);
#5858=LINE('',#14114,#6838);
#5859=LINE('',#14118,#6839);
#5860=LINE('',#14122,#6840);
#5861=LINE('',#14124,#6841);
#5862=LINE('',#14126,#6842);
#5863=LINE('',#14128,#6843);
#5864=LINE('',#14129,#6844);
#5865=LINE('',#14133,#6845);
#5866=LINE('',#14139,#6846);
#5867=LINE('',#14141,#6847);
#5868=LINE('',#14143,#6848);
#5869=LINE('',#14147,#6849);
#5870=LINE('',#14149,#6850);
#5871=LINE('',#14151,#6851);
#5872=LINE('',#14155,#6852);
#5873=LINE('',#14157,#6853);
#5874=LINE('',#14159,#6854);
#5875=LINE('',#14163,#6855);
#5876=LINE('',#14165,#6856);
#5877=LINE('',#14167,#6857);
#5878=LINE('',#14183,#6858);
#5879=LINE('',#14188,#6859);
#5880=LINE('',#14192,#6860);
#5881=LINE('',#14196,#6861);
#5882=LINE('',#14200,#6862);
#5883=LINE('',#14204,#6863);
#5884=LINE('',#14208,#6864);
#5885=LINE('',#14212,#6865);
#5886=LINE('',#14216,#6866);
#5887=LINE('',#14220,#6867);
#5888=LINE('',#14224,#6868);
#5889=LINE('',#14228,#6869);
#5890=LINE('',#14232,#6870);
#5891=LINE('',#14236,#6871);
#5892=LINE('',#14240,#6872);
#5893=LINE('',#14244,#6873);
#5894=LINE('',#14315,#6874);
#5895=LINE('',#14316,#6875);
#5896=LINE('',#14318,#6876);
#5897=LINE('',#14320,#6877);
#5898=LINE('',#14324,#6878);
#5899=LINE('',#14326,#6879);
#5900=LINE('',#14328,#6880);
#5901=LINE('',#14332,#6881);
#5902=LINE('',#14334,#6882);
#5903=LINE('',#14336,#6883);
#5904=LINE('',#14340,#6884);
#5905=LINE('',#14342,#6885);
#5906=LINE('',#14344,#6886);
#5907=LINE('',#14348,#6887);
#5908=LINE('',#14350,#6888);
#5909=LINE('',#14352,#6889);
#5910=LINE('',#14356,#6890);
#5911=LINE('',#14358,#6891);
#5912=LINE('',#14360,#6892);
#5913=LINE('',#14364,#6893);
#5914=LINE('',#14366,#6894);
#5915=LINE('',#14368,#6895);
#5916=LINE('',#14372,#6896);
#5917=LINE('',#14374,#6897);
#5918=LINE('',#14376,#6898);
#5919=LINE('',#14380,#6899);
#5920=LINE('',#14382,#6900);
#5921=LINE('',#14386,#6901);
#5922=LINE('',#14390,#6902);
#5923=LINE('',#14391,#6903);
#5924=LINE('',#14393,#6904);
#5925=LINE('',#14399,#6905);
#5926=LINE('',#14401,#6906);
#5927=LINE('',#14403,#6907);
#5928=LINE('',#14407,#6908);
#5929=LINE('',#14409,#6909);
#5930=LINE('',#14411,#6910);
#5931=LINE('',#14415,#6911);
#5932=LINE('',#14417,#6912);
#5933=LINE('',#14419,#6913);
#5934=LINE('',#14423,#6914);
#5935=LINE('',#14425,#6915);
#5936=LINE('',#14427,#6916);
#5937=LINE('',#14431,#6917);
#5938=LINE('',#14433,#6918);
#5939=LINE('',#14435,#6919);
#5940=LINE('',#14439,#6920);
#5941=LINE('',#14441,#6921);
#5942=LINE('',#14444,#6922);
#5943=LINE('',#14445,#6923);
#5944=LINE('',#14447,#6924);
#5945=LINE('',#14449,#6925);
#5946=LINE('',#14453,#6926);
#5947=LINE('',#14455,#6927);
#5948=LINE('',#14457,#6928);
#5949=LINE('',#14459,#6929);
#5950=LINE('',#14469,#6930);
#5951=LINE('',#14472,#6931);
#5952=LINE('',#14474,#6932);
#5953=LINE('',#14476,#6933);
#5954=LINE('',#14478,#6934);
#5955=LINE('',#14480,#6935);
#5956=LINE('',#14482,#6936);
#5957=LINE('',#14485,#6937);
#5958=LINE('',#14487,#6938);
#5959=LINE('',#14489,#6939);
#5960=LINE('',#14491,#6940);
#5961=LINE('',#14494,#6941);
#5962=LINE('',#14495,#6942);
#5963=LINE('',#14507,#6943);
#5964=LINE('',#14509,#6944);
#5965=LINE('',#14513,#6945);
#5966=LINE('',#14517,#6946);
#5967=LINE('',#14521,#6947);
#5968=LINE('',#14525,#6948);
#5969=LINE('',#14529,#6949);
#5970=LINE('',#14533,#6950);
#5971=LINE('',#14537,#6951);
#5972=LINE('',#14541,#6952);
#5973=LINE('',#14545,#6953);
#5974=LINE('',#14549,#6954);
#5975=LINE('',#14553,#6955);
#5976=LINE('',#14557,#6956);
#5977=LINE('',#14561,#6957);
#5978=LINE('',#14565,#6958);
#5979=LINE('',#14569,#6959);
#5980=LINE('',#14571,#6960);
#5981=LINE('',#14573,#6961);
#5982=LINE('',#14577,#6962);
#5983=LINE('',#14581,#6963);
#5984=LINE('',#14585,#6964);
#5985=LINE('',#14589,#6965);
#5986=LINE('',#14593,#6966);
#5987=LINE('',#14597,#6967);
#5988=LINE('',#14601,#6968);
#5989=LINE('',#14605,#6969);
#5990=LINE('',#14609,#6970);
#5991=LINE('',#14613,#6971);
#5992=LINE('',#14617,#6972);
#5993=LINE('',#14621,#6973);
#5994=LINE('',#14625,#6974);
#5995=LINE('',#14629,#6975);
#5996=LINE('',#14633,#6976);
#5997=LINE('',#14635,#6977);
#5998=LINE('',#14637,#6978);
#5999=LINE('',#14639,#6979);
#6000=LINE('',#14643,#6980);
#6001=LINE('',#14645,#6981);
#6002=LINE('',#14647,#6982);
#6003=LINE('',#14651,#6983);
#6004=LINE('',#14653,#6984);
#6005=LINE('',#14655,#6985);
#6006=LINE('',#14659,#6986);
#6007=LINE('',#14661,#6987);
#6008=LINE('',#14663,#6988);
#6009=LINE('',#14667,#6989);
#6010=LINE('',#14669,#6990);
#6011=LINE('',#14671,#6991);
#6012=LINE('',#14675,#6992);
#6013=LINE('',#14677,#6993);
#6014=LINE('',#14679,#6994);
#6015=LINE('',#14683,#6995);
#6016=LINE('',#14685,#6996);
#6017=LINE('',#14687,#6997);
#6018=LINE('',#14691,#6998);
#6019=LINE('',#14693,#6999);
#6020=LINE('',#14695,#7000);
#6021=LINE('',#14699,#7001);
#6022=LINE('',#14701,#7002);
#6023=LINE('',#14703,#7003);
#6024=LINE('',#14707,#7004);
#6025=LINE('',#14709,#7005);
#6026=LINE('',#14711,#7006);
#6027=LINE('',#14715,#7007);
#6028=LINE('',#14716,#7008);
#6029=LINE('',#14720,#7009);
#6030=LINE('',#14727,#7010);
#6031=LINE('',#14728,#7011);
#6032=LINE('',#14730,#7012);
#6033=LINE('',#14731,#7013);
#6034=LINE('',#14733,#7014);
#6035=LINE('',#14737,#7015);
#6036=LINE('',#14739,#7016);
#6037=LINE('',#14743,#7017);
#6038=LINE('',#14745,#7018);
#6039=LINE('',#14747,#7019);
#6040=LINE('',#14751,#7020);
#6041=LINE('',#14753,#7021);
#6042=LINE('',#14755,#7022);
#6043=LINE('',#14759,#7023);
#6044=LINE('',#14761,#7024);
#6045=LINE('',#14763,#7025);
#6046=LINE('',#14767,#7026);
#6047=LINE('',#14769,#7027);
#6048=LINE('',#14771,#7028);
#6049=LINE('',#14775,#7029);
#6050=LINE('',#14777,#7030);
#6051=LINE('',#14779,#7031);
#6052=LINE('',#14781,#7032);
#6053=LINE('',#14785,#7033);
#6054=LINE('',#14787,#7034);
#6055=LINE('',#14789,#7035);
#6056=LINE('',#14793,#7036);
#6057=LINE('',#14795,#7037);
#6058=LINE('',#14797,#7038);
#6059=LINE('',#14801,#7039);
#6060=LINE('',#14803,#7040);
#6061=LINE('',#14805,#7041);
#6062=LINE('',#14809,#7042);
#6063=LINE('',#14811,#7043);
#6064=LINE('',#14813,#7044);
#6065=LINE('',#14817,#7045);
#6066=LINE('',#14819,#7046);
#6067=LINE('',#14821,#7047);
#6068=LINE('',#14825,#7048);
#6069=LINE('',#14827,#7049);
#6070=LINE('',#14829,#7050);
#6071=LINE('',#14833,#7051);
#6072=LINE('',#14835,#7052);
#6073=LINE('',#14837,#7053);
#6074=LINE('',#14841,#7054);
#6075=LINE('',#14843,#7055);
#6076=LINE('',#14845,#7056);
#6077=LINE('',#14849,#7057);
#6078=LINE('',#14851,#7058);
#6079=LINE('',#14853,#7059);
#6080=LINE('',#14857,#7060);
#6081=LINE('',#14861,#7061);
#6082=LINE('',#14865,#7062);
#6083=LINE('',#14867,#7063);
#6084=LINE('',#14869,#7064);
#6085=LINE('',#14871,#7065);
#6086=LINE('',#14873,#7066);
#6087=LINE('',#14879,#7067);
#6088=LINE('',#14882,#7068);
#6089=LINE('',#14884,#7069);
#6090=LINE('',#14886,#7070);
#6091=LINE('',#14887,#7071);
#6092=LINE('',#14889,#7072);
#6093=LINE('',#14893,#7073);
#6094=LINE('',#14895,#7074);
#6095=LINE('',#14897,#7075);
#6096=LINE('',#14901,#7076);
#6097=LINE('',#14903,#7077);
#6098=LINE('',#14905,#7078);
#6099=LINE('',#14909,#7079);
#6100=LINE('',#14911,#7080);
#6101=LINE('',#14913,#7081);
#6102=LINE('',#14917,#7082);
#6103=LINE('',#14923,#7083);
#6104=LINE('',#14924,#7084);
#6105=LINE('',#14926,#7085);
#6106=LINE('',#14929,#7086);
#6107=LINE('',#14931,#7087);
#6108=LINE('',#14933,#7088);
#6109=LINE('',#14935,#7089);
#6110=LINE('',#14938,#7090);
#6111=LINE('',#14939,#7091);
#6112=LINE('',#14941,#7092);
#6113=LINE('',#14944,#7093);
#6114=LINE('',#14945,#7094);
#6115=LINE('',#14947,#7095);
#6116=LINE('',#14950,#7096);
#6117=LINE('',#14951,#7097);
#6118=LINE('',#14953,#7098);
#6119=LINE('',#14956,#7099);
#6120=LINE('',#14957,#7100);
#6121=LINE('',#14959,#7101);
#6122=LINE('',#14962,#7102);
#6123=LINE('',#14963,#7103);
#6124=LINE('',#14965,#7104);
#6125=LINE('',#14968,#7105);
#6126=LINE('',#14969,#7106);
#6127=LINE('',#14971,#7107);
#6128=LINE('',#14974,#7108);
#6129=LINE('',#14975,#7109);
#6130=LINE('',#14977,#7110);
#6131=LINE('',#14980,#7111);
#6132=LINE('',#14981,#7112);
#6133=LINE('',#14983,#7113);
#6134=LINE('',#14986,#7114);
#6135=LINE('',#14987,#7115);
#6136=LINE('',#14989,#7116);
#6137=LINE('',#14992,#7117);
#6138=LINE('',#14993,#7118);
#6139=LINE('',#14995,#7119);
#6140=LINE('',#14998,#7120);
#6141=LINE('',#15000,#7121);
#6142=LINE('',#15002,#7122);
#6143=LINE('',#15004,#7123);
#6144=LINE('',#15007,#7124);
#6145=LINE('',#15008,#7125);
#6146=LINE('',#15010,#7126);
#6147=LINE('',#15013,#7127);
#6148=LINE('',#15014,#7128);
#6149=LINE('',#15016,#7129);
#6150=LINE('',#15020,#7130);
#6151=LINE('',#15022,#7131);
#6152=LINE('',#15026,#7132);
#6153=LINE('',#15029,#7133);
#6154=LINE('',#15030,#7134);
#6155=LINE('',#15032,#7135);
#6156=LINE('',#15035,#7136);
#6157=LINE('',#15036,#7137);
#6158=LINE('',#15038,#7138);
#6159=LINE('',#15041,#7139);
#6160=LINE('',#15042,#7140);
#6161=LINE('',#15044,#7141);
#6162=LINE('',#15047,#7142);
#6163=LINE('',#15048,#7143);
#6164=LINE('',#15050,#7144);
#6165=LINE('',#15053,#7145);
#6166=LINE('',#15054,#7146);
#6167=LINE('',#15056,#7147);
#6168=LINE('',#15059,#7148);
#6169=LINE('',#15060,#7149);
#6170=LINE('',#15062,#7150);
#6171=LINE('',#15065,#7151);
#6172=LINE('',#15066,#7152);
#6173=LINE('',#15068,#7153);
#6174=LINE('',#15071,#7154);
#6175=LINE('',#15072,#7155);
#6176=LINE('',#15074,#7156);
#6177=LINE('',#15077,#7157);
#6178=LINE('',#15078,#7158);
#6179=LINE('',#15080,#7159);
#6180=LINE('',#15083,#7160);
#6181=LINE('',#15084,#7161);
#6182=LINE('',#15086,#7162);
#6183=LINE('',#15089,#7163);
#6184=LINE('',#15090,#7164);
#6185=LINE('',#15092,#7165);
#6186=LINE('',#15095,#7166);
#6187=LINE('',#15096,#7167);
#6188=LINE('',#15098,#7168);
#6189=LINE('',#15101,#7169);
#6190=LINE('',#15102,#7170);
#6191=LINE('',#15104,#7171);
#6192=LINE('',#15107,#7172);
#6193=LINE('',#15108,#7173);
#6194=LINE('',#15110,#7174);
#6195=LINE('',#15113,#7175);
#6196=LINE('',#15114,#7176);
#6197=LINE('',#15116,#7177);
#6198=LINE('',#15119,#7178);
#6199=LINE('',#15120,#7179);
#6200=LINE('',#15122,#7180);
#6201=LINE('',#15125,#7181);
#6202=LINE('',#15126,#7182);
#6203=LINE('',#15128,#7183);
#6204=LINE('',#15131,#7184);
#6205=LINE('',#15132,#7185);
#6206=LINE('',#15134,#7186);
#6207=LINE('',#15137,#7187);
#6208=LINE('',#15138,#7188);
#6209=LINE('',#15140,#7189);
#6210=LINE('',#15143,#7190);
#6211=LINE('',#15144,#7191);
#6212=LINE('',#15146,#7192);
#6213=LINE('',#15149,#7193);
#6214=LINE('',#15150,#7194);
#6215=LINE('',#15152,#7195);
#6216=LINE('',#15155,#7196);
#6217=LINE('',#15156,#7197);
#6218=LINE('',#15158,#7198);
#6219=LINE('',#15161,#7199);
#6220=LINE('',#15162,#7200);
#6221=LINE('',#15164,#7201);
#6222=LINE('',#15167,#7202);
#6223=LINE('',#15168,#7203);
#6224=LINE('',#15170,#7204);
#6225=LINE('',#15173,#7205);
#6226=LINE('',#15174,#7206);
#6227=LINE('',#15176,#7207);
#6228=LINE('',#15179,#7208);
#6229=LINE('',#15180,#7209);
#6230=LINE('',#15182,#7210);
#6231=LINE('',#15185,#7211);
#6232=LINE('',#15186,#7212);
#6233=LINE('',#15188,#7213);
#6234=LINE('',#15191,#7214);
#6235=LINE('',#15192,#7215);
#6236=LINE('',#15194,#7216);
#6237=LINE('',#15196,#7217);
#6238=LINE('',#15198,#7218);
#6239=LINE('',#15200,#7219);
#6240=LINE('',#15202,#7220);
#6241=LINE('',#15204,#7221);
#6242=LINE('',#15205,#7222);
#6243=LINE('',#15207,#7223);
#6244=LINE('',#15208,#7224);
#6245=LINE('',#15210,#7225);
#6246=LINE('',#15211,#7226);
#6247=LINE('',#15213,#7227);
#6248=LINE('',#15216,#7228);
#6249=LINE('',#15218,#7229);
#6250=LINE('',#15220,#7230);
#6251=LINE('',#15222,#7231);
#6252=LINE('',#15224,#7232);
#6253=LINE('',#15226,#7233);
#6254=LINE('',#15228,#7234);
#6255=LINE('',#15230,#7235);
#6256=LINE('',#15232,#7236);
#6257=LINE('',#15234,#7237);
#6258=LINE('',#15236,#7238);
#6259=LINE('',#15240,#7239);
#6260=LINE('',#15241,#7240);
#6261=LINE('',#15245,#7241);
#6262=LINE('',#15249,#7242);
#6263=LINE('',#15253,#7243);
#6264=LINE('',#15257,#7244);
#6265=LINE('',#15261,#7245);
#6266=LINE('',#15265,#7246);
#6267=LINE('',#15269,#7247);
#6268=LINE('',#15273,#7248);
#6269=LINE('',#15277,#7249);
#6270=LINE('',#15281,#7250);
#6271=LINE('',#15285,#7251);
#6272=LINE('',#15289,#7252);
#6273=LINE('',#15293,#7253);
#6274=LINE('',#15297,#7254);
#6275=LINE('',#15301,#7255);
#6276=LINE('',#15302,#7256);
#6277=LINE('',#15305,#7257);
#6278=LINE('',#15306,#7258);
#6279=LINE('',#15308,#7259);
#6280=LINE('',#15310,#7260);
#6281=LINE('',#15312,#7261);
#6282=LINE('',#15314,#7262);
#6283=LINE('',#15316,#7263);
#6284=LINE('',#15318,#7264);
#6285=LINE('',#15320,#7265);
#6286=LINE('',#15322,#7266);
#6287=LINE('',#15324,#7267);
#6288=LINE('',#15326,#7268);
#6289=LINE('',#15328,#7269);
#6290=LINE('',#15330,#7270);
#6291=LINE('',#15332,#7271);
#6292=LINE('',#15334,#7272);
#6293=LINE('',#15336,#7273);
#6294=LINE('',#15338,#7274);
#6295=LINE('',#15340,#7275);
#6296=LINE('',#15342,#7276);
#6297=LINE('',#15344,#7277);
#6298=LINE('',#15346,#7278);
#6299=LINE('',#15348,#7279);
#6300=LINE('',#15350,#7280);
#6301=LINE('',#15352,#7281);
#6302=LINE('',#15354,#7282);
#6303=LINE('',#15356,#7283);
#6304=LINE('',#15358,#7284);
#6305=LINE('',#15360,#7285);
#6306=LINE('',#15362,#7286);
#6307=LINE('',#15364,#7287);
#6308=LINE('',#15493,#7288);
#6309=LINE('',#15495,#7289);
#6310=LINE('',#15497,#7290);
#6311=LINE('',#15499,#7291);
#6312=LINE('',#15501,#7292);
#6313=LINE('',#15503,#7293);
#6314=LINE('',#15505,#7294);
#6315=LINE('',#15507,#7295);
#6316=LINE('',#15509,#7296);
#6317=LINE('',#15511,#7297);
#6318=LINE('',#15513,#7298);
#6319=LINE('',#15515,#7299);
#6320=LINE('',#15517,#7300);
#6321=LINE('',#15519,#7301);
#6322=LINE('',#15521,#7302);
#6323=LINE('',#15523,#7303);
#6324=LINE('',#15525,#7304);
#6325=LINE('',#15527,#7305);
#6326=LINE('',#15529,#7306);
#6327=LINE('',#15531,#7307);
#6328=LINE('',#15533,#7308);
#6329=LINE('',#15535,#7309);
#6330=LINE('',#15537,#7310);
#6331=LINE('',#15539,#7311);
#6332=LINE('',#15541,#7312);
#6333=LINE('',#15543,#7313);
#6334=LINE('',#15545,#7314);
#6335=LINE('',#15547,#7315);
#6336=LINE('',#15549,#7316);
#6337=LINE('',#15551,#7317);
#6338=LINE('',#15553,#7318);
#6339=LINE('',#15555,#7319);
#6340=LINE('',#15558,#7320);
#6341=LINE('',#15559,#7321);
#6342=LINE('',#15561,#7322);
#6343=LINE('',#15562,#7323);
#6344=VECTOR('',#10254,1.);
#6345=VECTOR('',#10255,1.);
#6346=VECTOR('',#10256,1.);
#6347=VECTOR('',#10257,1.);
#6348=VECTOR('',#10260,1.);
#6349=VECTOR('',#10261,1.);
#6350=VECTOR('',#10262,1.);
#6351=VECTOR('',#10263,1.);
#6352=VECTOR('',#10264,1.);
#6353=VECTOR('',#10265,1.);
#6354=VECTOR('',#10266,1.);
#6355=VECTOR('',#10267,1.);
#6356=VECTOR('',#10268,1.);
#6357=VECTOR('',#10269,1.);
#6358=VECTOR('',#10270,1.);
#6359=VECTOR('',#10271,1.);
#6360=VECTOR('',#10272,1.);
#6361=VECTOR('',#10273,1.);
#6362=VECTOR('',#10274,1.);
#6363=VECTOR('',#10275,1.);
#6364=VECTOR('',#10276,1.);
#6365=VECTOR('',#10277,1.);
#6366=VECTOR('',#10278,1.);
#6367=VECTOR('',#10279,1.);
#6368=VECTOR('',#10280,1.);
#6369=VECTOR('',#10281,1.);
#6370=VECTOR('',#10282,1.);
#6371=VECTOR('',#10283,1.);
#6372=VECTOR('',#10284,1.);
#6373=VECTOR('',#10285,1.);
#6374=VECTOR('',#10286,1.);
#6375=VECTOR('',#10287,1.);
#6376=VECTOR('',#10288,1.);
#6377=VECTOR('',#10289,1.);
#6378=VECTOR('',#10290,1.);
#6379=VECTOR('',#10291,1.);
#6380=VECTOR('',#10292,1.);
#6381=VECTOR('',#10293,1.);
#6382=VECTOR('',#10294,1.);
#6383=VECTOR('',#10295,1.);
#6384=VECTOR('',#10296,1.);
#6385=VECTOR('',#10297,1.);
#6386=VECTOR('',#10298,1.);
#6387=VECTOR('',#10299,1.);
#6388=VECTOR('',#10300,1.);
#6389=VECTOR('',#10301,1.);
#6390=VECTOR('',#10302,1.);
#6391=VECTOR('',#10303,1.);
#6392=VECTOR('',#10304,1.);
#6393=VECTOR('',#10305,1.);
#6394=VECTOR('',#10306,1.);
#6395=VECTOR('',#10307,1.);
#6396=VECTOR('',#10308,1.);
#6397=VECTOR('',#10309,1.);
#6398=VECTOR('',#10310,1.);
#6399=VECTOR('',#10311,1.);
#6400=VECTOR('',#10312,1.);
#6401=VECTOR('',#10313,1.);
#6402=VECTOR('',#10314,1.);
#6403=VECTOR('',#10315,1.);
#6404=VECTOR('',#10316,1.);
#6405=VECTOR('',#10317,1.);
#6406=VECTOR('',#10318,1.);
#6407=VECTOR('',#10319,1.);
#6408=VECTOR('',#10320,1.);
#6409=VECTOR('',#10321,1.);
#6410=VECTOR('',#10322,1.);
#6411=VECTOR('',#10323,1.);
#6412=VECTOR('',#10324,1.);
#6413=VECTOR('',#10325,1.);
#6414=VECTOR('',#10326,1.);
#6415=VECTOR('',#10327,1.);
#6416=VECTOR('',#10328,1.);
#6417=VECTOR('',#10329,1.);
#6418=VECTOR('',#10330,1.);
#6419=VECTOR('',#10331,1.);
#6420=VECTOR('',#10332,1.);
#6421=VECTOR('',#10333,1.);
#6422=VECTOR('',#10334,1.);
#6423=VECTOR('',#10335,1.);
#6424=VECTOR('',#10336,1.);
#6425=VECTOR('',#10337,1.);
#6426=VECTOR('',#10338,1.);
#6427=VECTOR('',#10339,1.);
#6428=VECTOR('',#10340,1.);
#6429=VECTOR('',#10341,1.);
#6430=VECTOR('',#10342,1.);
#6431=VECTOR('',#10343,1.);
#6432=VECTOR('',#10344,1.);
#6433=VECTOR('',#10345,1.);
#6434=VECTOR('',#10346,1.);
#6435=VECTOR('',#10347,1.);
#6436=VECTOR('',#10348,1.);
#6437=VECTOR('',#10349,1.);
#6438=VECTOR('',#10350,1.);
#6439=VECTOR('',#10351,1.);
#6440=VECTOR('',#10352,1.);
#6441=VECTOR('',#10353,1.);
#6442=VECTOR('',#10354,1.);
#6443=VECTOR('',#10355,1.);
#6444=VECTOR('',#10356,1.);
#6445=VECTOR('',#10357,1.);
#6446=VECTOR('',#10358,1.);
#6447=VECTOR('',#10359,1.);
#6448=VECTOR('',#10360,1.);
#6449=VECTOR('',#10361,1.);
#6450=VECTOR('',#10362,1.);
#6451=VECTOR('',#10363,1.);
#6452=VECTOR('',#10364,1.);
#6453=VECTOR('',#10365,1.);
#6454=VECTOR('',#10366,1.);
#6455=VECTOR('',#10367,1.);
#6456=VECTOR('',#10382,1.);
#6457=VECTOR('',#10383,1.);
#6458=VECTOR('',#10384,1.);
#6459=VECTOR('',#10387,1.);
#6460=VECTOR('',#10390,1.);
#6461=VECTOR('',#10391,1.);
#6462=VECTOR('',#10392,1.);
#6463=VECTOR('',#10395,1.);
#6464=VECTOR('',#10398,1.);
#6465=VECTOR('',#10401,1.);
#6466=VECTOR('',#10404,1.);
#6467=VECTOR('',#10407,1.);
#6468=VECTOR('',#10410,1.);
#6469=VECTOR('',#10413,1.);
#6470=VECTOR('',#10416,1.);
#6471=VECTOR('',#10419,1.);
#6472=VECTOR('',#10422,1.);
#6473=VECTOR('',#10425,1.);
#6474=VECTOR('',#10428,1.);
#6475=VECTOR('',#10431,1.);
#6476=VECTOR('',#10434,1.);
#6477=VECTOR('',#10437,1.);
#6478=VECTOR('',#10440,1.);
#6479=VECTOR('',#10443,1.);
#6480=VECTOR('',#10444,1.);
#6481=VECTOR('',#10445,1.);
#6482=VECTOR('',#10448,1.);
#6483=VECTOR('',#10449,1.);
#6484=VECTOR('',#10452,1.);
#6485=VECTOR('',#10453,1.);
#6486=VECTOR('',#10456,1.);
#6487=VECTOR('',#10457,1.);
#6488=VECTOR('',#10458,1.);
#6489=VECTOR('',#10461,1.);
#6490=VECTOR('',#10462,1.);
#6491=VECTOR('',#10465,1.);
#6492=VECTOR('',#10466,1.);
#6493=VECTOR('',#10469,1.);
#6494=VECTOR('',#10470,1.);
#6495=VECTOR('',#10471,1.);
#6496=VECTOR('',#10474,1.);
#6497=VECTOR('',#10475,1.);
#6498=VECTOR('',#10478,1.);
#6499=VECTOR('',#10479,1.);
#6500=VECTOR('',#10482,1.);
#6501=VECTOR('',#10483,1.);
#6502=VECTOR('',#10484,1.);
#6503=VECTOR('',#10487,1.);
#6504=VECTOR('',#10488,1.);
#6505=VECTOR('',#10491,1.);
#6506=VECTOR('',#10492,1.);
#6507=VECTOR('',#10495,1.);
#6508=VECTOR('',#10496,1.);
#6509=VECTOR('',#10497,1.);
#6510=VECTOR('',#10500,1.);
#6511=VECTOR('',#10501,1.);
#6512=VECTOR('',#10504,1.);
#6513=VECTOR('',#10505,1.);
#6514=VECTOR('',#10508,1.);
#6515=VECTOR('',#10509,1.);
#6516=VECTOR('',#10510,1.);
#6517=VECTOR('',#10513,1.);
#6518=VECTOR('',#10514,1.);
#6519=VECTOR('',#10517,1.);
#6520=VECTOR('',#10518,1.);
#6521=VECTOR('',#10521,1.);
#6522=VECTOR('',#10522,1.);
#6523=VECTOR('',#10523,1.);
#6524=VECTOR('',#10526,1.);
#6525=VECTOR('',#10527,1.);
#6526=VECTOR('',#10530,1.);
#6527=VECTOR('',#10531,1.);
#6528=VECTOR('',#10534,1.);
#6529=VECTOR('',#10535,1.);
#6530=VECTOR('',#10536,1.);
#6531=VECTOR('',#10539,1.);
#6532=VECTOR('',#10540,1.);
#6533=VECTOR('',#10543,1.);
#6534=VECTOR('',#10544,1.);
#6535=VECTOR('',#10547,1.);
#6536=VECTOR('',#10548,1.);
#6537=VECTOR('',#10549,1.);
#6538=VECTOR('',#10552,1.);
#6539=VECTOR('',#10553,1.);
#6540=VECTOR('',#10556,1.);
#6541=VECTOR('',#10557,1.);
#6542=VECTOR('',#10560,1.);
#6543=VECTOR('',#10561,1.);
#6544=VECTOR('',#10562,1.);
#6545=VECTOR('',#10565,1.);
#6546=VECTOR('',#10566,1.);
#6547=VECTOR('',#10569,1.);
#6548=VECTOR('',#10570,1.);
#6549=VECTOR('',#10573,1.);
#6550=VECTOR('',#10574,1.);
#6551=VECTOR('',#10575,1.);
#6552=VECTOR('',#10578,1.);
#6553=VECTOR('',#10579,1.);
#6554=VECTOR('',#10582,1.);
#6555=VECTOR('',#10583,1.);
#6556=VECTOR('',#10586,1.);
#6557=VECTOR('',#10587,1.);
#6558=VECTOR('',#10588,1.);
#6559=VECTOR('',#10591,1.);
#6560=VECTOR('',#10592,1.);
#6561=VECTOR('',#10595,1.);
#6562=VECTOR('',#10596,1.);
#6563=VECTOR('',#10599,1.);
#6564=VECTOR('',#10600,1.);
#6565=VECTOR('',#10601,1.);
#6566=VECTOR('',#10604,1.);
#6567=VECTOR('',#10605,1.);
#6568=VECTOR('',#10608,1.);
#6569=VECTOR('',#10609,1.);
#6570=VECTOR('',#10612,1.);
#6571=VECTOR('',#10613,1.);
#6572=VECTOR('',#10614,1.);
#6573=VECTOR('',#10617,1.);
#6574=VECTOR('',#10618,1.);
#6575=VECTOR('',#10621,1.);
#6576=VECTOR('',#10622,1.);
#6577=VECTOR('',#10625,1.);
#6578=VECTOR('',#10626,1.);
#6579=VECTOR('',#10627,1.);
#6580=VECTOR('',#10630,1.);
#6581=VECTOR('',#10631,1.);
#6582=VECTOR('',#10634,1.);
#6583=VECTOR('',#10635,1.);
#6584=VECTOR('',#10638,1.);
#6585=VECTOR('',#10639,1.);
#6586=VECTOR('',#10640,1.);
#6587=VECTOR('',#10643,1.);
#6588=VECTOR('',#10644,1.);
#6589=VECTOR('',#10647,1.);
#6590=VECTOR('',#10648,1.);
#6591=VECTOR('',#10651,1.);
#6592=VECTOR('',#10652,1.);
#6593=VECTOR('',#10653,1.);
#6594=VECTOR('',#10656,1.);
#6595=VECTOR('',#10657,1.);
#6596=VECTOR('',#10660,1.);
#6597=VECTOR('',#10661,1.);
#6598=VECTOR('',#10664,1.);
#6599=VECTOR('',#10665,1.);
#6600=VECTOR('',#10666,1.);
#6601=VECTOR('',#10669,1.);
#6602=VECTOR('',#10670,1.);
#6603=VECTOR('',#10673,1.);
#6604=VECTOR('',#10674,1.);
#6605=VECTOR('',#10677,1.);
#6606=VECTOR('',#10678,1.);
#6607=VECTOR('',#10679,1.);
#6608=VECTOR('',#10682,1.);
#6609=VECTOR('',#10683,1.);
#6610=VECTOR('',#10686,1.);
#6611=VECTOR('',#10687,1.);
#6612=VECTOR('',#10690,1.);
#6613=VECTOR('',#10691,1.);
#6614=VECTOR('',#10692,1.);
#6615=VECTOR('',#10695,1.);
#6616=VECTOR('',#10696,1.);
#6617=VECTOR('',#10699,1.);
#6618=VECTOR('',#10700,1.);
#6619=VECTOR('',#10703,1.);
#6620=VECTOR('',#10704,1.);
#6621=VECTOR('',#10705,1.);
#6622=VECTOR('',#10708,1.);
#6623=VECTOR('',#10709,1.);
#6624=VECTOR('',#10712,1.);
#6625=VECTOR('',#10713,1.);
#6626=VECTOR('',#10716,1.);
#6627=VECTOR('',#10717,1.);
#6628=VECTOR('',#10718,1.);
#6629=VECTOR('',#10721,1.);
#6630=VECTOR('',#10722,1.);
#6631=VECTOR('',#10725,1.);
#6632=VECTOR('',#10726,1.);
#6633=VECTOR('',#10729,1.);
#6634=VECTOR('',#10730,1.);
#6635=VECTOR('',#10731,1.);
#6636=VECTOR('',#10734,1.);
#6637=VECTOR('',#10735,1.);
#6638=VECTOR('',#10738,1.);
#6639=VECTOR('',#10739,1.);
#6640=VECTOR('',#10742,1.);
#6641=VECTOR('',#10743,1.);
#6642=VECTOR('',#10744,1.);
#6643=VECTOR('',#10747,1.);
#6644=VECTOR('',#10748,1.);
#6645=VECTOR('',#10751,1.);
#6646=VECTOR('',#10752,1.);
#6647=VECTOR('',#10755,1.);
#6648=VECTOR('',#10756,1.);
#6649=VECTOR('',#10757,1.);
#6650=VECTOR('',#10760,1.);
#6651=VECTOR('',#10761,1.);
#6652=VECTOR('',#10764,1.);
#6653=VECTOR('',#10765,1.);
#6654=VECTOR('',#10768,1.);
#6655=VECTOR('',#10769,1.);
#6656=VECTOR('',#10770,1.);
#6657=VECTOR('',#10773,1.);
#6658=VECTOR('',#10774,1.);
#6659=VECTOR('',#10777,1.);
#6660=VECTOR('',#10778,1.);
#6661=VECTOR('',#10781,1.);
#6662=VECTOR('',#10782,1.);
#6663=VECTOR('',#10783,1.);
#6664=VECTOR('',#10786,1.);
#6665=VECTOR('',#10787,1.);
#6666=VECTOR('',#10790,1.);
#6667=VECTOR('',#10791,1.);
#6668=VECTOR('',#10794,1.);
#6669=VECTOR('',#10795,1.);
#6670=VECTOR('',#10796,1.);
#6671=VECTOR('',#10799,1.);
#6672=VECTOR('',#10800,1.);
#6673=VECTOR('',#10803,1.);
#6674=VECTOR('',#10804,1.);
#6675=VECTOR('',#10809,1.);
#6676=VECTOR('',#10812,1.);
#6677=VECTOR('',#10813,1.);
#6678=VECTOR('',#10818,1.);
#6679=VECTOR('',#10821,1.);
#6680=VECTOR('',#10822,1.);
#6681=VECTOR('',#10827,1.);
#6682=VECTOR('',#10830,1.);
#6683=VECTOR('',#10831,1.);
#6684=VECTOR('',#10836,1.);
#6685=VECTOR('',#10839,1.);
#6686=VECTOR('',#10840,1.);
#6687=VECTOR('',#10845,1.);
#6688=VECTOR('',#10848,1.);
#6689=VECTOR('',#10849,1.);
#6690=VECTOR('',#10854,1.);
#6691=VECTOR('',#10857,1.);
#6692=VECTOR('',#10858,1.);
#6693=VECTOR('',#10863,1.);
#6694=VECTOR('',#10866,1.);
#6695=VECTOR('',#10867,1.);
#6696=VECTOR('',#10872,1.);
#6697=VECTOR('',#10875,1.);
#6698=VECTOR('',#10876,1.);
#6699=VECTOR('',#10881,1.);
#6700=VECTOR('',#10884,1.);
#6701=VECTOR('',#10885,1.);
#6702=VECTOR('',#10890,1.);
#6703=VECTOR('',#10893,1.);
#6704=VECTOR('',#10894,1.);
#6705=VECTOR('',#10899,1.);
#6706=VECTOR('',#10902,1.);
#6707=VECTOR('',#10903,1.);
#6708=VECTOR('',#10908,1.);
#6709=VECTOR('',#10911,1.);
#6710=VECTOR('',#10912,1.);
#6711=VECTOR('',#10917,1.);
#6712=VECTOR('',#10920,1.);
#6713=VECTOR('',#10921,1.);
#6714=VECTOR('',#10926,1.);
#6715=VECTOR('',#10929,1.);
#6716=VECTOR('',#10930,1.);
#6717=VECTOR('',#10935,1.);
#6718=VECTOR('',#10938,1.);
#6719=VECTOR('',#10939,1.);
#6720=VECTOR('',#10946,1.);
#6721=VECTOR('',#10947,1.);
#6722=VECTOR('',#10948,1.);
#6723=VECTOR('',#10953,1.);
#6724=VECTOR('',#10956,1.);
#6725=VECTOR('',#10957,1.);
#6726=VECTOR('',#10984,1.);
#6727=VECTOR('',#10987,1.);
#6728=VECTOR('',#10990,1.);
#6729=VECTOR('',#10993,1.);
#6730=VECTOR('',#10996,1.);
#6731=VECTOR('',#10999,1.);
#6732=VECTOR('',#11002,1.);
#6733=VECTOR('',#11005,1.);
#6734=VECTOR('',#11008,1.);
#6735=VECTOR('',#11011,1.);
#6736=VECTOR('',#11014,1.);
#6737=VECTOR('',#11017,1.);
#6738=VECTOR('',#11020,1.);
#6739=VECTOR('',#11023,1.);
#6740=VECTOR('',#11026,1.);
#6741=VECTOR('',#11029,1.);
#6742=VECTOR('',#11032,1.);
#6743=VECTOR('',#11035,1.);
#6744=VECTOR('',#11038,1.);
#6745=VECTOR('',#11041,1.);
#6746=VECTOR('',#11044,1.);
#6747=VECTOR('',#11047,1.);
#6748=VECTOR('',#11050,1.);
#6749=VECTOR('',#11053,1.);
#6750=VECTOR('',#11056,1.);
#6751=VECTOR('',#11059,1.);
#6752=VECTOR('',#11062,1.);
#6753=VECTOR('',#11073,1.);
#6754=VECTOR('',#11074,1.);
#6755=VECTOR('',#11075,1.);
#6756=VECTOR('',#11078,1.);
#6757=VECTOR('',#11081,1.);
#6758=VECTOR('',#11098,1.);
#6759=VECTOR('',#11099,1.);
#6760=VECTOR('',#11100,1.);
#6761=VECTOR('',#11103,1.);
#6762=VECTOR('',#11106,1.);
#6763=VECTOR('',#11109,1.);
#6764=VECTOR('',#11112,1.);
#6765=VECTOR('',#11115,1.);
#6766=VECTOR('',#11118,1.);
#6767=VECTOR('',#11121,1.);
#6768=VECTOR('',#11124,1.);
#6769=VECTOR('',#11127,1.);
#6770=VECTOR('',#11130,1.);
#6771=VECTOR('',#11133,1.);
#6772=VECTOR('',#11136,1.);
#6773=VECTOR('',#11139,1.);
#6774=VECTOR('',#11142,1.);
#6775=VECTOR('',#11145,1.);
#6776=VECTOR('',#11146,1.);
#6777=VECTOR('',#11147,1.);
#6778=VECTOR('',#11150,1.);
#6779=VECTOR('',#11153,1.);
#6780=VECTOR('',#11156,1.);
#6781=VECTOR('',#11159,1.);
#6782=VECTOR('',#11162,1.);
#6783=VECTOR('',#11165,1.);
#6784=VECTOR('',#11168,1.);
#6785=VECTOR('',#11171,1.);
#6786=VECTOR('',#11174,1.);
#6787=VECTOR('',#11177,1.);
#6788=VECTOR('',#11180,1.);
#6789=VECTOR('',#11183,1.);
#6790=VECTOR('',#11186,1.);
#6791=VECTOR('',#11189,1.);
#6792=VECTOR('',#11194,1.);
#6793=VECTOR('',#11197,1.);
#6794=VECTOR('',#11200,1.);
#6795=VECTOR('',#11201,1.);
#6796=VECTOR('',#11202,1.);
#6797=VECTOR('',#11203,1.);
#6798=VECTOR('',#11204,1.);
#6799=VECTOR('',#11209,1.);
#6800=VECTOR('',#11210,1.);
#6801=VECTOR('',#11213,1.);
#6802=VECTOR('',#11214,1.);
#6803=VECTOR('',#11217,1.);
#6804=VECTOR('',#11220,1.);
#6805=VECTOR('',#11221,1.);
#6806=VECTOR('',#11222,1.);
#6807=VECTOR('',#11227,1.);
#6808=VECTOR('',#11230,1.);
#6809=VECTOR('',#11231,1.);
#6810=VECTOR('',#11236,1.);
#6811=VECTOR('',#11239,1.);
#6812=VECTOR('',#11240,1.);
#6813=VECTOR('',#11245,1.);
#6814=VECTOR('',#11248,1.);
#6815=VECTOR('',#11249,1.);
#6816=VECTOR('',#11254,1.);
#6817=VECTOR('',#11257,1.);
#6818=VECTOR('',#11258,1.);
#6819=VECTOR('',#11263,1.);
#6820=VECTOR('',#11266,1.);
#6821=VECTOR('',#11267,1.);
#6822=VECTOR('',#11272,1.);
#6823=VECTOR('',#11275,1.);
#6824=VECTOR('',#11276,1.);
#6825=VECTOR('',#11281,1.);
#6826=VECTOR('',#11284,1.);
#6827=VECTOR('',#11285,1.);
#6828=VECTOR('',#11290,1.);
#6829=VECTOR('',#11293,1.);
#6830=VECTOR('',#11294,1.);
#6831=VECTOR('',#11299,1.);
#6832=VECTOR('',#11302,1.);
#6833=VECTOR('',#11303,1.);
#6834=VECTOR('',#11308,1.);
#6835=VECTOR('',#11313,1.);
#6836=VECTOR('',#11314,1.);
#6837=VECTOR('',#11315,1.);
#6838=VECTOR('',#11316,1.);
#6839=VECTOR('',#11319,1.);
#6840=VECTOR('',#11324,1.);
#6841=VECTOR('',#11327,1.);
#6842=VECTOR('',#11328,1.);
#6843=VECTOR('',#11329,1.);
#6844=VECTOR('',#11330,1.);
#6845=VECTOR('',#11333,1.);
#6846=VECTOR('',#11340,1.);
#6847=VECTOR('',#11343,1.);
#6848=VECTOR('',#11344,1.);
#6849=VECTOR('',#11349,1.);
#6850=VECTOR('',#11352,1.);
#6851=VECTOR('',#11353,1.);
#6852=VECTOR('',#11358,1.);
#6853=VECTOR('',#11361,1.);
#6854=VECTOR('',#11362,1.);
#6855=VECTOR('',#11367,1.);
#6856=VECTOR('',#11370,1.);
#6857=VECTOR('',#11371,1.);
#6858=VECTOR('',#11390,1.);
#6859=VECTOR('',#11393,1.);
#6860=VECTOR('',#11396,1.);
#6861=VECTOR('',#11399,1.);
#6862=VECTOR('',#11402,1.);
#6863=VECTOR('',#11405,1.);
#6864=VECTOR('',#11408,1.);
#6865=VECTOR('',#11411,1.);
#6866=VECTOR('',#11414,1.);
#6867=VECTOR('',#11417,1.);
#6868=VECTOR('',#11420,1.);
#6869=VECTOR('',#11423,1.);
#6870=VECTOR('',#11426,1.);
#6871=VECTOR('',#11429,1.);
#6872=VECTOR('',#11432,1.);
#6873=VECTOR('',#11435,1.);
#6874=VECTOR('',#11570,1.);
#6875=VECTOR('',#11571,1.);
#6876=VECTOR('',#11574,1.);
#6877=VECTOR('',#11575,1.);
#6878=VECTOR('',#11580,1.);
#6879=VECTOR('',#11583,1.);
#6880=VECTOR('',#11584,1.);
#6881=VECTOR('',#11589,1.);
#6882=VECTOR('',#11592,1.);
#6883=VECTOR('',#11593,1.);
#6884=VECTOR('',#11598,1.);
#6885=VECTOR('',#11601,1.);
#6886=VECTOR('',#11602,1.);
#6887=VECTOR('',#11607,1.);
#6888=VECTOR('',#11610,1.);
#6889=VECTOR('',#11611,1.);
#6890=VECTOR('',#11616,1.);
#6891=VECTOR('',#11619,1.);
#6892=VECTOR('',#11620,1.);
#6893=VECTOR('',#11625,1.);
#6894=VECTOR('',#11628,1.);
#6895=VECTOR('',#11629,1.);
#6896=VECTOR('',#11634,1.);
#6897=VECTOR('',#11637,1.);
#6898=VECTOR('',#11638,1.);
#6899=VECTOR('',#11643,1.);
#6900=VECTOR('',#11646,1.);
#6901=VECTOR('',#11649,1.);
#6902=VECTOR('',#11652,1.);
#6903=VECTOR('',#11653,1.);
#6904=VECTOR('',#11654,1.);
#6905=VECTOR('',#11663,1.);
#6906=VECTOR('',#11666,1.);
#6907=VECTOR('',#11667,1.);
#6908=VECTOR('',#11672,1.);
#6909=VECTOR('',#11675,1.);
#6910=VECTOR('',#11676,1.);
#6911=VECTOR('',#11681,1.);
#6912=VECTOR('',#11684,1.);
#6913=VECTOR('',#11685,1.);
#6914=VECTOR('',#11690,1.);
#6915=VECTOR('',#11693,1.);
#6916=VECTOR('',#11694,1.);
#6917=VECTOR('',#11699,1.);
#6918=VECTOR('',#11702,1.);
#6919=VECTOR('',#11703,1.);
#6920=VECTOR('',#11708,1.);
#6921=VECTOR('',#11711,1.);
#6922=VECTOR('',#11716,1.);
#6923=VECTOR('',#11717,1.);
#6924=VECTOR('',#11720,1.);
#6925=VECTOR('',#11723,1.);
#6926=VECTOR('',#11730,1.);
#6927=VECTOR('',#11733,1.);
#6928=VECTOR('',#11736,1.);
#6929=VECTOR('',#11739,1.);
#6930=VECTOR('',#11758,1.);
#6931=VECTOR('',#11759,1.);
#6932=VECTOR('',#11760,1.);
#6933=VECTOR('',#11761,1.);
#6934=VECTOR('',#11762,1.);
#6935=VECTOR('',#11763,1.);
#6936=VECTOR('',#11766,1.);
#6937=VECTOR('',#11767,1.);
#6938=VECTOR('',#11768,1.);
#6939=VECTOR('',#11769,1.);
#6940=VECTOR('',#11772,1.);
#6941=VECTOR('',#11773,1.);
#6942=VECTOR('',#11774,1.);
#6943=VECTOR('',#11787,1.);
#6944=VECTOR('',#11788,1.);
#6945=VECTOR('',#11791,1.);
#6946=VECTOR('',#11794,1.);
#6947=VECTOR('',#11797,1.);
#6948=VECTOR('',#11800,1.);
#6949=VECTOR('',#11803,1.);
#6950=VECTOR('',#11806,1.);
#6951=VECTOR('',#11809,1.);
#6952=VECTOR('',#11812,1.);
#6953=VECTOR('',#11815,1.);
#6954=VECTOR('',#11818,1.);
#6955=VECTOR('',#11821,1.);
#6956=VECTOR('',#11824,1.);
#6957=VECTOR('',#11827,1.);
#6958=VECTOR('',#11830,1.);
#6959=VECTOR('',#11833,1.);
#6960=VECTOR('',#11834,1.);
#6961=VECTOR('',#11835,1.);
#6962=VECTOR('',#11838,1.);
#6963=VECTOR('',#11841,1.);
#6964=VECTOR('',#11844,1.);
#6965=VECTOR('',#11847,1.);
#6966=VECTOR('',#11850,1.);
#6967=VECTOR('',#11853,1.);
#6968=VECTOR('',#11856,1.);
#6969=VECTOR('',#11859,1.);
#6970=VECTOR('',#11862,1.);
#6971=VECTOR('',#11865,1.);
#6972=VECTOR('',#11868,1.);
#6973=VECTOR('',#11871,1.);
#6974=VECTOR('',#11874,1.);
#6975=VECTOR('',#11877,1.);
#6976=VECTOR('',#11882,1.);
#6977=VECTOR('',#11883,1.);
#6978=VECTOR('',#11884,1.);
#6979=VECTOR('',#11887,1.);
#6980=VECTOR('',#11892,1.);
#6981=VECTOR('',#11893,1.);
#6982=VECTOR('',#11896,1.);
#6983=VECTOR('',#11901,1.);
#6984=VECTOR('',#11902,1.);
#6985=VECTOR('',#11905,1.);
#6986=VECTOR('',#11910,1.);
#6987=VECTOR('',#11911,1.);
#6988=VECTOR('',#11914,1.);
#6989=VECTOR('',#11919,1.);
#6990=VECTOR('',#11920,1.);
#6991=VECTOR('',#11923,1.);
#6992=VECTOR('',#11928,1.);
#6993=VECTOR('',#11929,1.);
#6994=VECTOR('',#11932,1.);
#6995=VECTOR('',#11937,1.);
#6996=VECTOR('',#11938,1.);
#6997=VECTOR('',#11941,1.);
#6998=VECTOR('',#11946,1.);
#6999=VECTOR('',#11947,1.);
#7000=VECTOR('',#11950,1.);
#7001=VECTOR('',#11955,1.);
#7002=VECTOR('',#11956,1.);
#7003=VECTOR('',#11959,1.);
#7004=VECTOR('',#11964,1.);
#7005=VECTOR('',#11965,1.);
#7006=VECTOR('',#11968,1.);
#7007=VECTOR('',#11973,1.);
#7008=VECTOR('',#11974,1.);
#7009=VECTOR('',#11979,1.);
#7010=VECTOR('',#11986,1.);
#7011=VECTOR('',#11987,1.);
#7012=VECTOR('',#11988,1.);
#7013=VECTOR('',#11989,1.);
#7014=VECTOR('',#11990,1.);
#7015=VECTOR('',#11993,1.);
#7016=VECTOR('',#11996,1.);
#7017=VECTOR('',#12001,1.);
#7018=VECTOR('',#12002,1.);
#7019=VECTOR('',#12005,1.);
#7020=VECTOR('',#12010,1.);
#7021=VECTOR('',#12011,1.);
#7022=VECTOR('',#12014,1.);
#7023=VECTOR('',#12019,1.);
#7024=VECTOR('',#12020,1.);
#7025=VECTOR('',#12023,1.);
#7026=VECTOR('',#12028,1.);
#7027=VECTOR('',#12029,1.);
#7028=VECTOR('',#12032,1.);
#7029=VECTOR('',#12035,1.);
#7030=VECTOR('',#12038,1.);
#7031=VECTOR('',#12039,1.);
#7032=VECTOR('',#12042,1.);
#7033=VECTOR('',#12047,1.);
#7034=VECTOR('',#12048,1.);
#7035=VECTOR('',#12051,1.);
#7036=VECTOR('',#12056,1.);
#7037=VECTOR('',#12057,1.);
#7038=VECTOR('',#12060,1.);
#7039=VECTOR('',#12065,1.);
#7040=VECTOR('',#12066,1.);
#7041=VECTOR('',#12069,1.);
#7042=VECTOR('',#12074,1.);
#7043=VECTOR('',#12075,1.);
#7044=VECTOR('',#12078,1.);
#7045=VECTOR('',#12083,1.);
#7046=VECTOR('',#12084,1.);
#7047=VECTOR('',#12087,1.);
#7048=VECTOR('',#12092,1.);
#7049=VECTOR('',#12093,1.);
#7050=VECTOR('',#12096,1.);
#7051=VECTOR('',#12101,1.);
#7052=VECTOR('',#12102,1.);
#7053=VECTOR('',#12105,1.);
#7054=VECTOR('',#12110,1.);
#7055=VECTOR('',#12111,1.);
#7056=VECTOR('',#12114,1.);
#7057=VECTOR('',#12119,1.);
#7058=VECTOR('',#12120,1.);
#7059=VECTOR('',#12123,1.);
#7060=VECTOR('',#12128,1.);
#7061=VECTOR('',#12131,1.);
#7062=VECTOR('',#12134,1.);
#7063=VECTOR('',#12135,1.);
#7064=VECTOR('',#12136,1.);
#7065=VECTOR('',#12137,1.);
#7066=VECTOR('',#12140,1.);
#7067=VECTOR('',#12147,1.);
#7068=VECTOR('',#12148,1.);
#7069=VECTOR('',#12149,1.);
#7070=VECTOR('',#12150,1.);
#7071=VECTOR('',#12151,1.);
#7072=VECTOR('',#12154,1.);
#7073=VECTOR('',#12159,1.);
#7074=VECTOR('',#12160,1.);
#7075=VECTOR('',#12163,1.);
#7076=VECTOR('',#12168,1.);
#7077=VECTOR('',#12169,1.);
#7078=VECTOR('',#12172,1.);
#7079=VECTOR('',#12177,1.);
#7080=VECTOR('',#12178,1.);
#7081=VECTOR('',#12181,1.);
#7082=VECTOR('',#12186,1.);
#7083=VECTOR('',#12195,1.);
#7084=VECTOR('',#12196,1.);
#7085=VECTOR('',#12199,1.);
#7086=VECTOR('',#12200,1.);
#7087=VECTOR('',#12201,1.);
#7088=VECTOR('',#12202,1.);
#7089=VECTOR('',#12205,1.);
#7090=VECTOR('',#12206,1.);
#7091=VECTOR('',#12207,1.);
#7092=VECTOR('',#12210,1.);
#7093=VECTOR('',#12211,1.);
#7094=VECTOR('',#12212,1.);
#7095=VECTOR('',#12215,1.);
#7096=VECTOR('',#12216,1.);
#7097=VECTOR('',#12217,1.);
#7098=VECTOR('',#12220,1.);
#7099=VECTOR('',#12221,1.);
#7100=VECTOR('',#12222,1.);
#7101=VECTOR('',#12225,1.);
#7102=VECTOR('',#12226,1.);
#7103=VECTOR('',#12227,1.);
#7104=VECTOR('',#12230,1.);
#7105=VECTOR('',#12231,1.);
#7106=VECTOR('',#12232,1.);
#7107=VECTOR('',#12235,1.);
#7108=VECTOR('',#12236,1.);
#7109=VECTOR('',#12237,1.);
#7110=VECTOR('',#12240,1.);
#7111=VECTOR('',#12241,1.);
#7112=VECTOR('',#12242,1.);
#7113=VECTOR('',#12245,1.);
#7114=VECTOR('',#12246,1.);
#7115=VECTOR('',#12247,1.);
#7116=VECTOR('',#12250,1.);
#7117=VECTOR('',#12251,1.);
#7118=VECTOR('',#12252,1.);
#7119=VECTOR('',#12255,1.);
#7120=VECTOR('',#12256,1.);
#7121=VECTOR('',#12257,1.);
#7122=VECTOR('',#12258,1.);
#7123=VECTOR('',#12261,1.);
#7124=VECTOR('',#12262,1.);
#7125=VECTOR('',#12263,1.);
#7126=VECTOR('',#12266,1.);
#7127=VECTOR('',#12267,1.);
#7128=VECTOR('',#12268,1.);
#7129=VECTOR('',#12271,1.);
#7130=VECTOR('',#12274,1.);
#7131=VECTOR('',#12275,1.);
#7132=VECTOR('',#12280,1.);
#7133=VECTOR('',#12281,1.);
#7134=VECTOR('',#12282,1.);
#7135=VECTOR('',#12285,1.);
#7136=VECTOR('',#12286,1.);
#7137=VECTOR('',#12287,1.);
#7138=VECTOR('',#12290,1.);
#7139=VECTOR('',#12291,1.);
#7140=VECTOR('',#12292,1.);
#7141=VECTOR('',#12295,1.);
#7142=VECTOR('',#12296,1.);
#7143=VECTOR('',#12297,1.);
#7144=VECTOR('',#12300,1.);
#7145=VECTOR('',#12301,1.);
#7146=VECTOR('',#12302,1.);
#7147=VECTOR('',#12305,1.);
#7148=VECTOR('',#12306,1.);
#7149=VECTOR('',#12307,1.);
#7150=VECTOR('',#12310,1.);
#7151=VECTOR('',#12311,1.);
#7152=VECTOR('',#12312,1.);
#7153=VECTOR('',#12315,1.);
#7154=VECTOR('',#12316,1.);
#7155=VECTOR('',#12317,1.);
#7156=VECTOR('',#12320,1.);
#7157=VECTOR('',#12321,1.);
#7158=VECTOR('',#12322,1.);
#7159=VECTOR('',#12325,1.);
#7160=VECTOR('',#12326,1.);
#7161=VECTOR('',#12327,1.);
#7162=VECTOR('',#12330,1.);
#7163=VECTOR('',#12331,1.);
#7164=VECTOR('',#12332,1.);
#7165=VECTOR('',#12335,1.);
#7166=VECTOR('',#12336,1.);
#7167=VECTOR('',#12337,1.);
#7168=VECTOR('',#12340,1.);
#7169=VECTOR('',#12341,1.);
#7170=VECTOR('',#12342,1.);
#7171=VECTOR('',#12345,1.);
#7172=VECTOR('',#12346,1.);
#7173=VECTOR('',#12347,1.);
#7174=VECTOR('',#12350,1.);
#7175=VECTOR('',#12351,1.);
#7176=VECTOR('',#12352,1.);
#7177=VECTOR('',#12355,1.);
#7178=VECTOR('',#12356,1.);
#7179=VECTOR('',#12357,1.);
#7180=VECTOR('',#12360,1.);
#7181=VECTOR('',#12361,1.);
#7182=VECTOR('',#12362,1.);
#7183=VECTOR('',#12365,1.);
#7184=VECTOR('',#12366,1.);
#7185=VECTOR('',#12367,1.);
#7186=VECTOR('',#12370,1.);
#7187=VECTOR('',#12371,1.);
#7188=VECTOR('',#12372,1.);
#7189=VECTOR('',#12375,1.);
#7190=VECTOR('',#12376,1.);
#7191=VECTOR('',#12377,1.);
#7192=VECTOR('',#12380,1.);
#7193=VECTOR('',#12381,1.);
#7194=VECTOR('',#12382,1.);
#7195=VECTOR('',#12385,1.);
#7196=VECTOR('',#12386,1.);
#7197=VECTOR('',#12387,1.);
#7198=VECTOR('',#12390,1.);
#7199=VECTOR('',#12391,1.);
#7200=VECTOR('',#12392,1.);
#7201=VECTOR('',#12395,1.);
#7202=VECTOR('',#12396,1.);
#7203=VECTOR('',#12397,1.);
#7204=VECTOR('',#12400,1.);
#7205=VECTOR('',#12401,1.);
#7206=VECTOR('',#12402,1.);
#7207=VECTOR('',#12405,1.);
#7208=VECTOR('',#12406,1.);
#7209=VECTOR('',#12407,1.);
#7210=VECTOR('',#12410,1.);
#7211=VECTOR('',#12411,1.);
#7212=VECTOR('',#12412,1.);
#7213=VECTOR('',#12415,1.);
#7214=VECTOR('',#12416,1.);
#7215=VECTOR('',#12417,1.);
#7216=VECTOR('',#12418,1.);
#7217=VECTOR('',#12421,1.);
#7218=VECTOR('',#12422,1.);
#7219=VECTOR('',#12423,1.);
#7220=VECTOR('',#12426,1.);
#7221=VECTOR('',#12427,1.);
#7222=VECTOR('',#12428,1.);
#7223=VECTOR('',#12431,1.);
#7224=VECTOR('',#12432,1.);
#7225=VECTOR('',#12435,1.);
#7226=VECTOR('',#12436,1.);
#7227=VECTOR('',#12439,1.);
#7228=VECTOR('',#12440,1.);
#7229=VECTOR('',#12441,1.);
#7230=VECTOR('',#12442,1.);
#7231=VECTOR('',#12443,1.);
#7232=VECTOR('',#12444,1.);
#7233=VECTOR('',#12445,1.);
#7234=VECTOR('',#12446,1.);
#7235=VECTOR('',#12447,1.);
#7236=VECTOR('',#12448,1.);
#7237=VECTOR('',#12449,1.);
#7238=VECTOR('',#12450,1.);
#7239=VECTOR('',#12453,1.);
#7240=VECTOR('',#12454,1.);
#7241=VECTOR('',#12457,1.);
#7242=VECTOR('',#12460,1.);
#7243=VECTOR('',#12463,1.);
#7244=VECTOR('',#12466,1.);
#7245=VECTOR('',#12469,1.);
#7246=VECTOR('',#12472,1.);
#7247=VECTOR('',#12475,1.);
#7248=VECTOR('',#12478,1.);
#7249=VECTOR('',#12481,1.);
#7250=VECTOR('',#12484,1.);
#7251=VECTOR('',#12487,1.);
#7252=VECTOR('',#12490,1.);
#7253=VECTOR('',#12493,1.);
#7254=VECTOR('',#12496,1.);
#7255=VECTOR('',#12499,1.);
#7256=VECTOR('',#12500,1.);
#7257=VECTOR('',#12501,1.);
#7258=VECTOR('',#12502,1.);
#7259=VECTOR('',#12503,1.);
#7260=VECTOR('',#12504,1.);
#7261=VECTOR('',#12505,1.);
#7262=VECTOR('',#12506,1.);
#7263=VECTOR('',#12507,1.);
#7264=VECTOR('',#12508,1.);
#7265=VECTOR('',#12509,1.);
#7266=VECTOR('',#12510,1.);
#7267=VECTOR('',#12511,1.);
#7268=VECTOR('',#12512,1.);
#7269=VECTOR('',#12513,1.);
#7270=VECTOR('',#12514,1.);
#7271=VECTOR('',#12515,1.);
#7272=VECTOR('',#12516,1.);
#7273=VECTOR('',#12517,1.);
#7274=VECTOR('',#12518,1.);
#7275=VECTOR('',#12519,1.);
#7276=VECTOR('',#12520,1.);
#7277=VECTOR('',#12521,1.);
#7278=VECTOR('',#12522,1.);
#7279=VECTOR('',#12523,1.);
#7280=VECTOR('',#12524,1.);
#7281=VECTOR('',#12525,1.);
#7282=VECTOR('',#12526,1.);
#7283=VECTOR('',#12527,1.);
#7284=VECTOR('',#12528,1.);
#7285=VECTOR('',#12529,1.);
#7286=VECTOR('',#12530,1.);
#7287=VECTOR('',#12533,1.);
#7288=VECTOR('',#12762,1.);
#7289=VECTOR('',#12765,1.);
#7290=VECTOR('',#12768,1.);
#7291=VECTOR('',#12771,1.);
#7292=VECTOR('',#12774,1.);
#7293=VECTOR('',#12777,1.);
#7294=VECTOR('',#12780,1.);
#7295=VECTOR('',#12783,1.);
#7296=VECTOR('',#12786,1.);
#7297=VECTOR('',#12789,1.);
#7298=VECTOR('',#12792,1.);
#7299=VECTOR('',#12795,1.);
#7300=VECTOR('',#12798,1.);
#7301=VECTOR('',#12801,1.);
#7302=VECTOR('',#12804,1.);
#7303=VECTOR('',#12807,1.);
#7304=VECTOR('',#12810,1.);
#7305=VECTOR('',#12813,1.);
#7306=VECTOR('',#12816,1.);
#7307=VECTOR('',#12819,1.);
#7308=VECTOR('',#12822,1.);
#7309=VECTOR('',#12825,1.);
#7310=VECTOR('',#12828,1.);
#7311=VECTOR('',#12831,1.);
#7312=VECTOR('',#12834,1.);
#7313=VECTOR('',#12837,1.);
#7314=VECTOR('',#12840,1.);
#7315=VECTOR('',#12843,1.);
#7316=VECTOR('',#12846,1.);
#7317=VECTOR('',#12849,1.);
#7318=VECTOR('',#12852,1.);
#7319=VECTOR('',#12855,1.);
#7320=VECTOR('',#12860,1.);
#7321=VECTOR('',#12861,1.);
#7322=VECTOR('',#12864,1.);
#7323=VECTOR('',#12865,1.);
#7324=EDGE_LOOP('',(#557,#558,#559,#560));
#7325=EDGE_LOOP('',(#561,#562,#563,#564));
#7326=EDGE_LOOP('',(#565,#566,#567,#568));
#7327=EDGE_LOOP('',(#569,#570,#571,#572));
#7328=EDGE_LOOP('',(#573,#574,#575,#576));
#7329=EDGE_LOOP('',(#577,#578,#579,#580));
#7330=EDGE_LOOP('',(#581,#582,#583,#584));
#7331=EDGE_LOOP('',(#585,#586,#587,#588));
#7332=EDGE_LOOP('',(#589,#590,#591,#592));
#7333=EDGE_LOOP('',(#593,#594,#595,#596));
#7334=EDGE_LOOP('',(#597,#598,#599,#600));
#7335=EDGE_LOOP('',(#601,#602,#603,#604));
#7336=EDGE_LOOP('',(#605,#606,#607,#608));
#7337=EDGE_LOOP('',(#609,#610,#611,#612));
#7338=EDGE_LOOP('',(#613,#614,#615,#616));
#7339=EDGE_LOOP('',(#617,#618,#619,#620));
#7340=EDGE_LOOP('',(#621,#622,#623,#624));
#7341=EDGE_LOOP('',(#625,#626,#627,#628));
#7342=EDGE_LOOP('',(#629,#630,#631,#632));
#7343=EDGE_LOOP('',(#633,#634,#635,#636));
#7344=EDGE_LOOP('',(#637,#638,#639,#640));
#7345=EDGE_LOOP('',(#641,#642,#643,#644));
#7346=EDGE_LOOP('',(#645,#646,#647,#648));
#7347=EDGE_LOOP('',(#649,#650,#651,#652));
#7348=EDGE_LOOP('',(#653,#654,#655,#656));
#7349=EDGE_LOOP('',(#657,#658,#659,#660));
#7350=EDGE_LOOP('',(#661,#662,#663,#664));
#7351=EDGE_LOOP('',(#665,#666,#667,#668));
#7352=EDGE_LOOP('',(#669));
#7353=EDGE_LOOP('',(#670));
#7354=EDGE_LOOP('',(#671));
#7355=EDGE_LOOP('',(#672));
#7356=EDGE_LOOP('',(#673));
#7357=EDGE_LOOP('',(#674));
#7358=EDGE_LOOP('',(#675));
#7359=EDGE_LOOP('',(#676,#677,#678,#679,#680,#681,#682,#683,#684,#685,#686,
#687,#688,#689,#690,#691,#692,#693,#694,#695,#696,#697,#698,#699,#700,#701,
#702,#703,#704,#705,#706,#707,#708,#709,#710,#711,#712,#713,#714,#715,#716,
#717));
#7360=EDGE_LOOP('',(#718,#719,#720,#721));
#7361=EDGE_LOOP('',(#722,#723,#724,#725));
#7362=EDGE_LOOP('',(#726,#727,#728,#729));
#7363=EDGE_LOOP('',(#730,#731,#732,#733));
#7364=EDGE_LOOP('',(#734,#735,#736,#737));
#7365=EDGE_LOOP('',(#738,#739,#740,#741));
#7366=EDGE_LOOP('',(#742,#743,#744,#745));
#7367=EDGE_LOOP('',(#746,#747,#748,#749));
#7368=EDGE_LOOP('',(#750,#751,#752,#753));
#7369=EDGE_LOOP('',(#754,#755,#756,#757));
#7370=EDGE_LOOP('',(#758,#759,#760,#761));
#7371=EDGE_LOOP('',(#762,#763,#764,#765));
#7372=EDGE_LOOP('',(#766,#767,#768,#769));
#7373=EDGE_LOOP('',(#770,#771,#772,#773));
#7374=EDGE_LOOP('',(#774,#775,#776,#777));
#7375=EDGE_LOOP('',(#778,#779,#780,#781));
#7376=EDGE_LOOP('',(#782,#783,#784,#785));
#7377=EDGE_LOOP('',(#786,#787,#788,#789));
#7378=EDGE_LOOP('',(#790,#791,#792,#793));
#7379=EDGE_LOOP('',(#794,#795,#796,#797));
#7380=EDGE_LOOP('',(#798,#799,#800,#801));
#7381=EDGE_LOOP('',(#802,#803,#804,#805));
#7382=EDGE_LOOP('',(#806,#807,#808,#809));
#7383=EDGE_LOOP('',(#810,#811,#812,#813));
#7384=EDGE_LOOP('',(#814,#815,#816,#817));
#7385=EDGE_LOOP('',(#818,#819,#820,#821));
#7386=EDGE_LOOP('',(#822,#823,#824,#825));
#7387=EDGE_LOOP('',(#826,#827,#828,#829));
#7388=EDGE_LOOP('',(#830,#831,#832,#833));
#7389=EDGE_LOOP('',(#834,#835,#836,#837));
#7390=EDGE_LOOP('',(#838,#839,#840,#841));
#7391=EDGE_LOOP('',(#842,#843,#844,#845));
#7392=EDGE_LOOP('',(#846,#847,#848,#849));
#7393=EDGE_LOOP('',(#850,#851,#852,#853));
#7394=EDGE_LOOP('',(#854,#855,#856,#857));
#7395=EDGE_LOOP('',(#858,#859,#860,#861));
#7396=EDGE_LOOP('',(#862,#863,#864,#865));
#7397=EDGE_LOOP('',(#866,#867,#868,#869));
#7398=EDGE_LOOP('',(#870,#871,#872,#873));
#7399=EDGE_LOOP('',(#874,#875,#876,#877));
#7400=EDGE_LOOP('',(#878,#879,#880,#881));
#7401=EDGE_LOOP('',(#882,#883,#884,#885));
#7402=EDGE_LOOP('',(#886,#887,#888,#889));
#7403=EDGE_LOOP('',(#890,#891,#892,#893));
#7404=EDGE_LOOP('',(#894,#895,#896,#897));
#7405=EDGE_LOOP('',(#898,#899,#900,#901));
#7406=EDGE_LOOP('',(#902,#903,#904,#905));
#7407=EDGE_LOOP('',(#906,#907,#908,#909));
#7408=EDGE_LOOP('',(#910,#911,#912,#913));
#7409=EDGE_LOOP('',(#914,#915,#916,#917));
#7410=EDGE_LOOP('',(#918,#919,#920,#921));
#7411=EDGE_LOOP('',(#922,#923,#924,#925));
#7412=EDGE_LOOP('',(#926,#927,#928,#929));
#7413=EDGE_LOOP('',(#930,#931,#932,#933));
#7414=EDGE_LOOP('',(#934,#935,#936,#937));
#7415=EDGE_LOOP('',(#938,#939,#940,#941));
#7416=EDGE_LOOP('',(#942,#943,#944,#945));
#7417=EDGE_LOOP('',(#946,#947,#948,#949));
#7418=EDGE_LOOP('',(#950,#951,#952,#953));
#7419=EDGE_LOOP('',(#954,#955,#956,#957));
#7420=EDGE_LOOP('',(#958,#959,#960,#961));
#7421=EDGE_LOOP('',(#962,#963,#964,#965));
#7422=EDGE_LOOP('',(#966,#967,#968,#969));
#7423=EDGE_LOOP('',(#970,#971,#972,#973));
#7424=EDGE_LOOP('',(#974,#975,#976,#977));
#7425=EDGE_LOOP('',(#978,#979,#980,#981));
#7426=EDGE_LOOP('',(#982,#983,#984,#985));
#7427=EDGE_LOOP('',(#986,#987,#988,#989));
#7428=EDGE_LOOP('',(#990,#991,#992,#993));
#7429=EDGE_LOOP('',(#994,#995,#996,#997));
#7430=EDGE_LOOP('',(#998,#999,#1000,#1001));
#7431=EDGE_LOOP('',(#1002,#1003,#1004,#1005));
#7432=EDGE_LOOP('',(#1006,#1007,#1008,#1009));
#7433=EDGE_LOOP('',(#1010,#1011,#1012,#1013));
#7434=EDGE_LOOP('',(#1014,#1015,#1016,#1017));
#7435=EDGE_LOOP('',(#1018,#1019,#1020,#1021));
#7436=EDGE_LOOP('',(#1022,#1023,#1024,#1025));
#7437=EDGE_LOOP('',(#1026,#1027,#1028,#1029));
#7438=EDGE_LOOP('',(#1030,#1031,#1032,#1033));
#7439=EDGE_LOOP('',(#1034,#1035,#1036,#1037));
#7440=EDGE_LOOP('',(#1038,#1039,#1040,#1041));
#7441=EDGE_LOOP('',(#1042,#1043,#1044,#1045));
#7442=EDGE_LOOP('',(#1046,#1047,#1048,#1049));
#7443=EDGE_LOOP('',(#1050,#1051,#1052,#1053));
#7444=EDGE_LOOP('',(#1054,#1055,#1056,#1057));
#7445=EDGE_LOOP('',(#1058,#1059,#1060,#1061));
#7446=EDGE_LOOP('',(#1062,#1063,#1064,#1065));
#7447=EDGE_LOOP('',(#1066,#1067,#1068,#1069));
#7448=EDGE_LOOP('',(#1070,#1071,#1072,#1073));
#7449=EDGE_LOOP('',(#1074,#1075,#1076,#1077));
#7450=EDGE_LOOP('',(#1078,#1079,#1080,#1081));
#7451=EDGE_LOOP('',(#1082,#1083,#1084,#1085));
#7452=EDGE_LOOP('',(#1086,#1087,#1088,#1089));
#7453=EDGE_LOOP('',(#1090,#1091,#1092,#1093));
#7454=EDGE_LOOP('',(#1094,#1095,#1096,#1097));
#7455=EDGE_LOOP('',(#1098,#1099,#1100,#1101));
#7456=EDGE_LOOP('',(#1102,#1103,#1104,#1105));
#7457=EDGE_LOOP('',(#1106,#1107,#1108,#1109));
#7458=EDGE_LOOP('',(#1110,#1111,#1112,#1113));
#7459=EDGE_LOOP('',(#1114,#1115,#1116,#1117));
#7460=EDGE_LOOP('',(#1118,#1119,#1120,#1121));
#7461=EDGE_LOOP('',(#1122,#1123,#1124,#1125));
#7462=EDGE_LOOP('',(#1126,#1127,#1128,#1129));
#7463=EDGE_LOOP('',(#1130,#1131,#1132,#1133));
#7464=EDGE_LOOP('',(#1134,#1135,#1136,#1137));
#7465=EDGE_LOOP('',(#1138,#1139,#1140,#1141));
#7466=EDGE_LOOP('',(#1142,#1143,#1144,#1145));
#7467=EDGE_LOOP('',(#1146,#1147,#1148,#1149));
#7468=EDGE_LOOP('',(#1150,#1151,#1152,#1153));
#7469=EDGE_LOOP('',(#1154,#1155,#1156,#1157));
#7470=EDGE_LOOP('',(#1158,#1159,#1160,#1161));
#7471=EDGE_LOOP('',(#1162,#1163,#1164,#1165));
#7472=EDGE_LOOP('',(#1166,#1167,#1168,#1169));
#7473=EDGE_LOOP('',(#1170,#1171,#1172,#1173));
#7474=EDGE_LOOP('',(#1174,#1175,#1176,#1177));
#7475=EDGE_LOOP('',(#1178,#1179,#1180,#1181));
#7476=EDGE_LOOP('',(#1182,#1183,#1184,#1185));
#7477=EDGE_LOOP('',(#1186,#1187,#1188,#1189));
#7478=EDGE_LOOP('',(#1190));
#7479=EDGE_LOOP('',(#1191));
#7480=EDGE_LOOP('',(#1192));
#7481=EDGE_LOOP('',(#1193));
#7482=EDGE_LOOP('',(#1194));
#7483=EDGE_LOOP('',(#1195));
#7484=EDGE_LOOP('',(#1196));
#7485=EDGE_LOOP('',(#1197));
#7486=EDGE_LOOP('',(#1198));
#7487=EDGE_LOOP('',(#1199));
#7488=EDGE_LOOP('',(#1200));
#7489=EDGE_LOOP('',(#1201));
#7490=EDGE_LOOP('',(#1202,#1203,#1204,#1205));
#7491=EDGE_LOOP('',(#1206,#1207,#1208,#1209));
#7492=EDGE_LOOP('',(#1210,#1211,#1212,#1213));
#7493=EDGE_LOOP('',(#1214,#1215,#1216,#1217));
#7494=EDGE_LOOP('',(#1218,#1219,#1220,#1221));
#7495=EDGE_LOOP('',(#1222,#1223,#1224,#1225));
#7496=EDGE_LOOP('',(#1226,#1227,#1228,#1229));
#7497=EDGE_LOOP('',(#1230,#1231,#1232,#1233));
#7498=EDGE_LOOP('',(#1234,#1235,#1236,#1237));
#7499=EDGE_LOOP('',(#1238,#1239,#1240,#1241));
#7500=EDGE_LOOP('',(#1242,#1243,#1244,#1245));
#7501=EDGE_LOOP('',(#1246,#1247,#1248,#1249));
#7502=EDGE_LOOP('',(#1250,#1251,#1252,#1253));
#7503=EDGE_LOOP('',(#1254,#1255,#1256,#1257));
#7504=EDGE_LOOP('',(#1258,#1259,#1260,#1261));
#7505=EDGE_LOOP('',(#1262,#1263,#1264,#1265));
#7506=EDGE_LOOP('',(#1266,#1267,#1268,#1269));
#7507=EDGE_LOOP('',(#1270,#1271,#1272,#1273));
#7508=EDGE_LOOP('',(#1274,#1275,#1276,#1277));
#7509=EDGE_LOOP('',(#1278,#1279,#1280,#1281));
#7510=EDGE_LOOP('',(#1282,#1283,#1284,#1285));
#7511=EDGE_LOOP('',(#1286,#1287,#1288,#1289));
#7512=EDGE_LOOP('',(#1290,#1291,#1292,#1293));
#7513=EDGE_LOOP('',(#1294,#1295,#1296,#1297));
#7514=EDGE_LOOP('',(#1298,#1299,#1300,#1301));
#7515=EDGE_LOOP('',(#1302,#1303,#1304,#1305));
#7516=EDGE_LOOP('',(#1306,#1307,#1308,#1309));
#7517=EDGE_LOOP('',(#1310,#1311,#1312,#1313));
#7518=EDGE_LOOP('',(#1314));
#7519=EDGE_LOOP('',(#1315));
#7520=EDGE_LOOP('',(#1316,#1317,#1318,#1319,#1320,#1321,#1322,#1323,#1324,
#1325,#1326,#1327,#1328,#1329,#1330,#1331,#1332,#1333,#1334,#1335,#1336,
#1337,#1338,#1339,#1340,#1341,#1342,#1343,#1344,#1345,#1346,#1347,#1348,
#1349,#1350,#1351,#1352,#1353,#1354,#1355,#1356,#1357));
#7521=EDGE_LOOP('',(#1358,#1359,#1360,#1361));
#7522=EDGE_LOOP('',(#1362,#1363,#1364,#1365));
#7523=EDGE_LOOP('',(#1366,#1367,#1368,#1369));
#7524=EDGE_LOOP('',(#1370,#1371,#1372,#1373));
#7525=EDGE_LOOP('',(#1374,#1375,#1376,#1377));
#7526=EDGE_LOOP('',(#1378,#1379,#1380,#1381));
#7527=EDGE_LOOP('',(#1382,#1383,#1384,#1385));
#7528=EDGE_LOOP('',(#1386,#1387,#1388,#1389));
#7529=EDGE_LOOP('',(#1390,#1391,#1392,#1393));
#7530=EDGE_LOOP('',(#1394,#1395,#1396,#1397));
#7531=EDGE_LOOP('',(#1398,#1399,#1400,#1401));
#7532=EDGE_LOOP('',(#1402,#1403,#1404,#1405));
#7533=EDGE_LOOP('',(#1406,#1407,#1408,#1409));
#7534=EDGE_LOOP('',(#1410,#1411,#1412,#1413));
#7535=EDGE_LOOP('',(#1414,#1415,#1416,#1417));
#7536=EDGE_LOOP('',(#1418,#1419,#1420,#1421));
#7537=EDGE_LOOP('',(#1422,#1423,#1424,#1425));
#7538=EDGE_LOOP('',(#1426,#1427,#1428,#1429));
#7539=EDGE_LOOP('',(#1430,#1431,#1432,#1433));
#7540=EDGE_LOOP('',(#1434,#1435,#1436,#1437));
#7541=EDGE_LOOP('',(#1438,#1439,#1440,#1441));
#7542=EDGE_LOOP('',(#1442,#1443,#1444,#1445));
#7543=EDGE_LOOP('',(#1446,#1447,#1448,#1449));
#7544=EDGE_LOOP('',(#1450,#1451,#1452,#1453));
#7545=EDGE_LOOP('',(#1454,#1455,#1456,#1457));
#7546=EDGE_LOOP('',(#1458,#1459,#1460,#1461));
#7547=EDGE_LOOP('',(#1462,#1463,#1464,#1465));
#7548=EDGE_LOOP('',(#1466));
#7549=EDGE_LOOP('',(#1467));
#7550=EDGE_LOOP('',(#1468));
#7551=EDGE_LOOP('',(#1469));
#7552=EDGE_LOOP('',(#1470));
#7553=EDGE_LOOP('',(#1471));
#7554=EDGE_LOOP('',(#1472));
#7555=EDGE_LOOP('',(#1473,#1474,#1475,#1476));
#7556=EDGE_LOOP('',(#1477,#1478,#1479,#1480));
#7557=EDGE_LOOP('',(#1481,#1482,#1483,#1484));
#7558=EDGE_LOOP('',(#1485));
#7559=EDGE_LOOP('',(#1486));
#7560=EDGE_LOOP('',(#1487));
#7561=EDGE_LOOP('',(#1488));
#7562=EDGE_LOOP('',(#1489));
#7563=EDGE_LOOP('',(#1490,#1491,#1492,#1493,#1494,#1495,#1496,#1497,#1498,
#1499,#1500,#1501,#1502,#1503,#1504,#1505,#1506,#1507,#1508,#1509,#1510,
#1511,#1512,#1513,#1514,#1515,#1516,#1517,#1518,#1519,#1520,#1521,#1522,
#1523,#1524,#1525,#1526,#1527,#1528,#1529,#1530,#1531,#1532,#1533,#1534,
#1535,#1536,#1537,#1538,#1539,#1540,#1541,#1542,#1543,#1544,#1545,#1546,
#1547,#1548,#1549,#1550,#1551,#1552,#1553));
#7564=EDGE_LOOP('',(#1554,#1555,#1556,#1557,#1558,#1559,#1560,#1561,#1562,
#1563));
#7565=EDGE_LOOP('',(#1564));
#7566=EDGE_LOOP('',(#1565,#1566,#1567,#1568,#1569,#1570,#1571,#1572));
#7567=EDGE_LOOP('',(#1573,#1574,#1575,#1576));
#7568=EDGE_LOOP('',(#1577,#1578,#1579,#1580));
#7569=EDGE_LOOP('',(#1581,#1582,#1583,#1584));
#7570=EDGE_LOOP('',(#1585,#1586,#1587,#1588));
#7571=EDGE_LOOP('',(#1589,#1590,#1591,#1592));
#7572=EDGE_LOOP('',(#1593,#1594,#1595,#1596));
#7573=EDGE_LOOP('',(#1597,#1598,#1599,#1600));
#7574=EDGE_LOOP('',(#1601,#1602,#1603,#1604));
#7575=EDGE_LOOP('',(#1605,#1606,#1607,#1608));
#7576=EDGE_LOOP('',(#1609,#1610,#1611,#1612));
#7577=EDGE_LOOP('',(#1613,#1614,#1615,#1616));
#7578=EDGE_LOOP('',(#1617,#1618,#1619,#1620));
#7579=EDGE_LOOP('',(#1621,#1622,#1623,#1624));
#7580=EDGE_LOOP('',(#1625,#1626,#1627,#1628));
#7581=EDGE_LOOP('',(#1629,#1630,#1631,#1632));
#7582=EDGE_LOOP('',(#1633,#1634,#1635,#1636));
#7583=EDGE_LOOP('',(#1637,#1638,#1639,#1640));
#7584=EDGE_LOOP('',(#1641,#1642,#1643,#1644));
#7585=EDGE_LOOP('',(#1645,#1646,#1647,#1648));
#7586=EDGE_LOOP('',(#1649,#1650,#1651,#1652));
#7587=EDGE_LOOP('',(#1653,#1654,#1655,#1656,#1657,#1658,#1659,#1660,#1661,
#1662));
#7588=EDGE_LOOP('',(#1663,#1664,#1665,#1666));
#7589=EDGE_LOOP('',(#1667,#1668,#1669,#1670,#1671,#1672,#1673,#1674,#1675,
#1676));
#7590=EDGE_LOOP('',(#1677,#1678,#1679,#1680));
#7591=EDGE_LOOP('',(#1681,#1682,#1683,#1684));
#7592=EDGE_LOOP('',(#1685,#1686,#1687,#1688));
#7593=EDGE_LOOP('',(#1689,#1690,#1691,#1692));
#7594=EDGE_LOOP('',(#1693,#1694,#1695,#1696));
#7595=EDGE_LOOP('',(#1697,#1698,#1699,#1700));
#7596=EDGE_LOOP('',(#1701,#1702,#1703,#1704));
#7597=EDGE_LOOP('',(#1705,#1706,#1707,#1708));
#7598=EDGE_LOOP('',(#1709,#1710,#1711,#1712));
#7599=EDGE_LOOP('',(#1713));
#7600=EDGE_LOOP('',(#1714));
#7601=EDGE_LOOP('',(#1715));
#7602=EDGE_LOOP('',(#1716));
#7603=EDGE_LOOP('',(#1717));
#7604=EDGE_LOOP('',(#1718));
#7605=EDGE_LOOP('',(#1719,#1720,#1721,#1722,#1723,#1724,#1725,#1726,#1727,
#1728,#1729,#1730,#1731,#1732,#1733,#1734,#1735,#1736,#1737,#1738,#1739,
#1740,#1741,#1742,#1743,#1744,#1745,#1746,#1747,#1748,#1749,#1750));
#7606=EDGE_LOOP('',(#1751,#1752,#1753,#1754));
#7607=EDGE_LOOP('',(#1755,#1756,#1757,#1758));
#7608=EDGE_LOOP('',(#1759,#1760,#1761,#1762));
#7609=EDGE_LOOP('',(#1763,#1764,#1765,#1766));
#7610=EDGE_LOOP('',(#1767,#1768,#1769,#1770));
#7611=EDGE_LOOP('',(#1771,#1772,#1773,#1774));
#7612=EDGE_LOOP('',(#1775,#1776,#1777,#1778));
#7613=EDGE_LOOP('',(#1779,#1780,#1781,#1782));
#7614=EDGE_LOOP('',(#1783,#1784,#1785,#1786));
#7615=EDGE_LOOP('',(#1787,#1788,#1789,#1790));
#7616=EDGE_LOOP('',(#1791,#1792,#1793,#1794));
#7617=EDGE_LOOP('',(#1795,#1796,#1797,#1798));
#7618=EDGE_LOOP('',(#1799,#1800,#1801,#1802));
#7619=EDGE_LOOP('',(#1803,#1804,#1805,#1806));
#7620=EDGE_LOOP('',(#1807,#1808,#1809,#1810));
#7621=EDGE_LOOP('',(#1811,#1812,#1813,#1814));
#7622=EDGE_LOOP('',(#1815,#1816,#1817,#1818));
#7623=EDGE_LOOP('',(#1819,#1820,#1821,#1822));
#7624=EDGE_LOOP('',(#1823,#1824,#1825,#1826));
#7625=EDGE_LOOP('',(#1827,#1828,#1829,#1830));
#7626=EDGE_LOOP('',(#1831,#1832,#1833,#1834));
#7627=EDGE_LOOP('',(#1835,#1836,#1837,#1838));
#7628=EDGE_LOOP('',(#1839,#1840,#1841,#1842));
#7629=EDGE_LOOP('',(#1843,#1844,#1845,#1846));
#7630=EDGE_LOOP('',(#1847,#1848,#1849,#1850));
#7631=EDGE_LOOP('',(#1851,#1852,#1853,#1854));
#7632=EDGE_LOOP('',(#1855,#1856,#1857,#1858));
#7633=EDGE_LOOP('',(#1859,#1860,#1861,#1862));
#7634=EDGE_LOOP('',(#1863,#1864,#1865,#1866));
#7635=EDGE_LOOP('',(#1867,#1868,#1869,#1870));
#7636=EDGE_LOOP('',(#1871,#1872,#1873,#1874));
#7637=EDGE_LOOP('',(#1875,#1876,#1877,#1878));
#7638=EDGE_LOOP('',(#1879,#1880,#1881,#1882));
#7639=EDGE_LOOP('',(#1883,#1884,#1885,#1886));
#7640=EDGE_LOOP('',(#1887,#1888,#1889,#1890));
#7641=EDGE_LOOP('',(#1891,#1892,#1893,#1894));
#7642=EDGE_LOOP('',(#1895,#1896,#1897,#1898));
#7643=EDGE_LOOP('',(#1899,#1900,#1901,#1902));
#7644=EDGE_LOOP('',(#1903,#1904,#1905,#1906));
#7645=EDGE_LOOP('',(#1907,#1908,#1909,#1910));
#7646=EDGE_LOOP('',(#1911,#1912,#1913,#1914));
#7647=EDGE_LOOP('',(#1915,#1916,#1917,#1918));
#7648=EDGE_LOOP('',(#1919,#1920,#1921,#1922));
#7649=EDGE_LOOP('',(#1923,#1924,#1925,#1926));
#7650=EDGE_LOOP('',(#1927,#1928,#1929,#1930));
#7651=EDGE_LOOP('',(#1931,#1932,#1933,#1934));
#7652=EDGE_LOOP('',(#1935,#1936,#1937,#1938));
#7653=EDGE_LOOP('',(#1939,#1940,#1941,#1942));
#7654=EDGE_LOOP('',(#1943,#1944,#1945,#1946));
#7655=EDGE_LOOP('',(#1947,#1948,#1949,#1950,#1951,#1952,#1953,#1954,#1955,
#1956));
#7656=EDGE_LOOP('',(#1957,#1958,#1959,#1960));
#7657=EDGE_LOOP('',(#1961,#1962,#1963,#1964));
#7658=EDGE_LOOP('',(#1965,#1966,#1967,#1968));
#7659=EDGE_LOOP('',(#1969,#1970,#1971,#1972));
#7660=EDGE_LOOP('',(#1973,#1974,#1975,#1976));
#7661=EDGE_LOOP('',(#1977,#1978,#1979,#1980));
#7662=EDGE_LOOP('',(#1981,#1982,#1983,#1984));
#7663=EDGE_LOOP('',(#1985,#1986,#1987,#1988));
#7664=EDGE_LOOP('',(#1989,#1990,#1991,#1992));
#7665=EDGE_LOOP('',(#1993,#1994,#1995,#1996));
#7666=EDGE_LOOP('',(#1997,#1998,#1999,#2000));
#7667=EDGE_LOOP('',(#2001,#2002,#2003,#2004));
#7668=EDGE_LOOP('',(#2005,#2006,#2007,#2008));
#7669=EDGE_LOOP('',(#2009,#2010,#2011,#2012,#2013,#2014,#2015,#2016,#2017,
#2018,#2019,#2020,#2021,#2022,#2023,#2024,#2025,#2026,#2027,#2028,#2029,
#2030,#2031,#2032,#2033,#2034,#2035,#2036,#2037,#2038,#2039,#2040));
#7670=EDGE_LOOP('',(#2041,#2042,#2043,#2044));
#7671=EDGE_LOOP('',(#2045,#2046,#2047,#2048));
#7672=EDGE_LOOP('',(#2049,#2050,#2051,#2052));
#7673=EDGE_LOOP('',(#2053,#2054,#2055,#2056));
#7674=EDGE_LOOP('',(#2057,#2058,#2059,#2060));
#7675=EDGE_LOOP('',(#2061,#2062,#2063,#2064));
#7676=EDGE_LOOP('',(#2065,#2066,#2067,#2068));
#7677=EDGE_LOOP('',(#2069,#2070,#2071,#2072));
#7678=EDGE_LOOP('',(#2073,#2074,#2075,#2076));
#7679=EDGE_LOOP('',(#2077,#2078,#2079,#2080));
#7680=EDGE_LOOP('',(#2081));
#7681=EDGE_LOOP('',(#2082));
#7682=EDGE_LOOP('',(#2083));
#7683=EDGE_LOOP('',(#2084));
#7684=EDGE_LOOP('',(#2085));
#7685=EDGE_LOOP('',(#2086));
#7686=EDGE_LOOP('',(#2087));
#7687=EDGE_LOOP('',(#2088));
#7688=EDGE_LOOP('',(#2089));
#7689=EDGE_LOOP('',(#2090));
#7690=EDGE_LOOP('',(#2091));
#7691=EDGE_LOOP('',(#2092));
#7692=EDGE_LOOP('',(#2093,#2094,#2095,#2096,#2097,#2098));
#7693=EDGE_LOOP('',(#2099,#2100,#2101,#2102));
#7694=EDGE_LOOP('',(#2103,#2104,#2105,#2106));
#7695=EDGE_LOOP('',(#2107));
#7696=EDGE_LOOP('',(#2108));
#7697=EDGE_LOOP('',(#2109));
#7698=EDGE_LOOP('',(#2110));
#7699=EDGE_LOOP('',(#2111));
#7700=EDGE_LOOP('',(#2112,#2113,#2114,#2115,#2116,#2117,#2118,#2119,#2120,
#2121,#2122,#2123,#2124,#2125,#2126,#2127,#2128,#2129,#2130,#2131,#2132,
#2133,#2134,#2135,#2136,#2137,#2138,#2139,#2140,#2141,#2142,#2143,#2144,
#2145,#2146,#2147,#2148,#2149,#2150,#2151,#2152,#2153,#2154,#2155,#2156,
#2157,#2158,#2159,#2160,#2161,#2162,#2163,#2164,#2165,#2166,#2167,#2168,
#2169,#2170,#2171,#2172,#2173,#2174,#2175));
#7701=EDGE_LOOP('',(#2176,#2177,#2178,#2179));
#7702=EDGE_LOOP('',(#2180,#2181,#2182,#2183));
#7703=EDGE_LOOP('',(#2184,#2185,#2186,#2187));
#7704=EDGE_LOOP('',(#2188,#2189,#2190,#2191));
#7705=EDGE_LOOP('',(#2192,#2193,#2194,#2195));
#7706=EDGE_LOOP('',(#2196,#2197,#2198,#2199));
#7707=EDGE_LOOP('',(#2200,#2201,#2202,#2203));
#7708=EDGE_LOOP('',(#2204,#2205,#2206,#2207));
#7709=EDGE_LOOP('',(#2208,#2209,#2210,#2211));
#7710=EDGE_LOOP('',(#2212,#2213,#2214,#2215));
#7711=EDGE_LOOP('',(#2216,#2217,#2218,#2219));
#7712=EDGE_LOOP('',(#2220,#2221,#2222,#2223));
#7713=EDGE_LOOP('',(#2224,#2225,#2226,#2227));
#7714=EDGE_LOOP('',(#2228,#2229,#2230,#2231));
#7715=EDGE_LOOP('',(#2232,#2233,#2234,#2235));
#7716=EDGE_LOOP('',(#2236,#2237,#2238,#2239));
#7717=EDGE_LOOP('',(#2240,#2241,#2242,#2243));
#7718=EDGE_LOOP('',(#2244,#2245,#2246,#2247));
#7719=EDGE_LOOP('',(#2248,#2249,#2250,#2251));
#7720=EDGE_LOOP('',(#2252,#2253,#2254,#2255));
#7721=EDGE_LOOP('',(#2256,#2257,#2258,#2259,#2260));
#7722=EDGE_LOOP('',(#2261,#2262,#2263,#2264));
#7723=EDGE_LOOP('',(#2265,#2266,#2267,#2268,#2269,#2270,#2271,#2272,#2273,
#2274));
#7724=EDGE_LOOP('',(#2275,#2276,#2277,#2278));
#7725=EDGE_LOOP('',(#2279,#2280,#2281,#2282));
#7726=EDGE_LOOP('',(#2283,#2284,#2285,#2286));
#7727=EDGE_LOOP('',(#2287,#2288,#2289,#2290));
#7728=EDGE_LOOP('',(#2291,#2292,#2293,#2294));
#7729=EDGE_LOOP('',(#2295,#2296,#2297,#2298));
#7730=EDGE_LOOP('',(#2299,#2300,#2301,#2302));
#7731=EDGE_LOOP('',(#2303,#2304,#2305,#2306));
#7732=EDGE_LOOP('',(#2307,#2308,#2309,#2310));
#7733=EDGE_LOOP('',(#2311,#2312,#2313,#2314));
#7734=EDGE_LOOP('',(#2315,#2316,#2317,#2318));
#7735=EDGE_LOOP('',(#2319,#2320,#2321,#2322));
#7736=EDGE_LOOP('',(#2323,#2324,#2325,#2326));
#7737=EDGE_LOOP('',(#2327,#2328,#2329,#2330));
#7738=EDGE_LOOP('',(#2331,#2332,#2333,#2334));
#7739=EDGE_LOOP('',(#2335,#2336,#2337,#2338));
#7740=EDGE_LOOP('',(#2339,#2340,#2341,#2342));
#7741=EDGE_LOOP('',(#2343,#2344,#2345,#2346));
#7742=EDGE_LOOP('',(#2347,#2348,#2349,#2350));
#7743=EDGE_LOOP('',(#2351,#2352,#2353,#2354));
#7744=EDGE_LOOP('',(#2355,#2356,#2357,#2358));
#7745=EDGE_LOOP('',(#2359,#2360,#2361,#2362));
#7746=EDGE_LOOP('',(#2363,#2364,#2365,#2366));
#7747=EDGE_LOOP('',(#2367,#2368,#2369,#2370));
#7748=EDGE_LOOP('',(#2371,#2372,#2373,#2374));
#7749=EDGE_LOOP('',(#2375,#2376,#2377,#2378));
#7750=EDGE_LOOP('',(#2379,#2380,#2381,#2382));
#7751=EDGE_LOOP('',(#2383,#2384,#2385,#2386));
#7752=EDGE_LOOP('',(#2387,#2388,#2389,#2390));
#7753=EDGE_LOOP('',(#2391,#2392,#2393,#2394,#2395,#2396,#2397,#2398,#2399,
#2400));
#7754=EDGE_LOOP('',(#2401,#2402,#2403,#2404));
#7755=EDGE_LOOP('',(#2405,#2406,#2407,#2408,#2409,#2410));
#7756=EDGE_LOOP('',(#2411,#2412,#2413,#2414));
#7757=EDGE_LOOP('',(#2415,#2416,#2417,#2418));
#7758=EDGE_LOOP('',(#2419,#2420,#2421,#2422));
#7759=EDGE_LOOP('',(#2423,#2424,#2425,#2426));
#7760=EDGE_LOOP('',(#2427,#2428,#2429,#2430));
#7761=EDGE_LOOP('',(#2431,#2432,#2433,#2434));
#7762=EDGE_LOOP('',(#2435,#2436,#2437,#2438));
#7763=EDGE_LOOP('',(#2439,#2440,#2441,#2442));
#7764=EDGE_LOOP('',(#2443,#2444,#2445,#2446));
#7765=EDGE_LOOP('',(#2447));
#7766=EDGE_LOOP('',(#2448,#2449,#2450,#2451,#2452,#2453,#2454,#2455));
#7767=EDGE_LOOP('',(#2456,#2457,#2458,#2459));
#7768=EDGE_LOOP('',(#2460,#2461,#2462,#2463));
#7769=EDGE_LOOP('',(#2464,#2465,#2466,#2467));
#7770=EDGE_LOOP('',(#2468,#2469,#2470,#2471));
#7771=EDGE_LOOP('',(#2472,#2473,#2474,#2475));
#7772=EDGE_LOOP('',(#2476,#2477,#2478,#2479));
#7773=EDGE_LOOP('',(#2480,#2481,#2482,#2483));
#7774=EDGE_LOOP('',(#2484,#2485,#2486,#2487));
#7775=EDGE_LOOP('',(#2488,#2489,#2490,#2491));
#7776=EDGE_LOOP('',(#2492,#2493,#2494,#2495));
#7777=EDGE_LOOP('',(#2496,#2497,#2498,#2499));
#7778=EDGE_LOOP('',(#2500,#2501,#2502,#2503));
#7779=EDGE_LOOP('',(#2504,#2505,#2506,#2507));
#7780=EDGE_LOOP('',(#2508,#2509,#2510,#2511));
#7781=EDGE_LOOP('',(#2512,#2513,#2514,#2515,#2516,#2517));
#7782=EDGE_LOOP('',(#2518,#2519,#2520,#2521));
#7783=EDGE_LOOP('',(#2522,#2523,#2524,#2525));
#7784=EDGE_LOOP('',(#2526,#2527,#2528,#2529));
#7785=EDGE_LOOP('',(#2530,#2531,#2532,#2533));
#7786=EDGE_LOOP('',(#2534,#2535,#2536,#2537));
#7787=EDGE_LOOP('',(#2538,#2539,#2540,#2541));
#7788=EDGE_LOOP('',(#2542,#2543,#2544,#2545));
#7789=EDGE_LOOP('',(#2546,#2547,#2548,#2549));
#7790=EDGE_LOOP('',(#2550,#2551,#2552,#2553));
#7791=EDGE_LOOP('',(#2554,#2555,#2556,#2557));
#7792=EDGE_LOOP('',(#2558,#2559,#2560,#2561));
#7793=EDGE_LOOP('',(#2562,#2563,#2564,#2565));
#7794=EDGE_LOOP('',(#2566,#2567,#2568,#2569));
#7795=EDGE_LOOP('',(#2570,#2571,#2572,#2573));
#7796=EDGE_LOOP('',(#2574,#2575,#2576,#2577));
#7797=EDGE_LOOP('',(#2578,#2579,#2580,#2581));
#7798=EDGE_LOOP('',(#2582,#2583,#2584,#2585));
#7799=EDGE_LOOP('',(#2586,#2587,#2588,#2589));
#7800=EDGE_LOOP('',(#2590,#2591,#2592,#2593));
#7801=EDGE_LOOP('',(#2594,#2595,#2596,#2597));
#7802=EDGE_LOOP('',(#2598,#2599,#2600,#2601));
#7803=EDGE_LOOP('',(#2602,#2603,#2604,#2605));
#7804=EDGE_LOOP('',(#2606,#2607,#2608,#2609));
#7805=EDGE_LOOP('',(#2610,#2611,#2612,#2613));
#7806=EDGE_LOOP('',(#2614,#2615,#2616,#2617));
#7807=EDGE_LOOP('',(#2618,#2619,#2620,#2621));
#7808=EDGE_LOOP('',(#2622,#2623,#2624,#2625));
#7809=EDGE_LOOP('',(#2626,#2627,#2628,#2629,#2630));
#7810=EDGE_LOOP('',(#2631,#2632,#2633,#2634));
#7811=EDGE_LOOP('',(#2635,#2636,#2637,#2638,#2639,#2640));
#7812=EDGE_LOOP('',(#2641,#2642,#2643,#2644));
#7813=EDGE_LOOP('',(#2645,#2646,#2647,#2648));
#7814=EDGE_LOOP('',(#2649,#2650,#2651,#2652,#2653,#2654,#2655,#2656,#2657,
#2658,#2659,#2660));
#7815=EDGE_LOOP('',(#2661,#2662,#2663,#2664,#2665,#2666,#2667,#2668,#2669,
#2670,#2671,#2672,#2673,#2674,#2675,#2676,#2677,#2678,#2679,#2680,#2681,
#2682,#2683,#2684,#2685,#2686,#2687,#2688,#2689,#2690,#2691,#2692,#2693,
#2694,#2695,#2696));
#7816=EDGE_LOOP('',(#2697,#2698,#2699,#2700,#2701,#2702,#2703,#2704,#2705,
#2706,#2707,#2708,#2709,#2710,#2711,#2712,#2713,#2714,#2715,#2716,#2717,
#2718,#2719,#2720,#2721,#2722,#2723,#2724,#2725,#2726,#2727,#2728));
#7817=EDGE_LOOP('',(#2729,#2730,#2731,#2732,#2733,#2734,#2735,#2736,#2737,
#2738,#2739,#2740,#2741,#2742,#2743,#2744,#2745,#2746,#2747,#2748,#2749,
#2750,#2751,#2752,#2753,#2754,#2755,#2756,#2757,#2758,#2759,#2760,#2761,
#2762,#2763,#2764,#2765,#2766));
#7818=EDGE_LOOP('',(#2767,#2768,#2769,#2770,#2771,#2772,#2773,#2774,#2775,
#2776,#2777,#2778));
#7819=EDGE_LOOP('',(#2779,#2780,#2781,#2782,#2783,#2784,#2785,#2786,#2787,
#2788,#2789,#2790,#2791,#2792,#2793,#2794,#2795,#2796,#2797,#2798,#2799,
#2800,#2801,#2802,#2803,#2804,#2805,#2806,#2807,#2808,#2809,#2810));
#7820=EDGE_LOOP('',(#2811));
#7821=EDGE_LOOP('',(#2812));
#7822=EDGE_LOOP('',(#2813));
#7823=EDGE_LOOP('',(#2814));
#7824=EDGE_LOOP('',(#2815));
#7825=EDGE_LOOP('',(#2816));
#7826=EDGE_LOOP('',(#2817));
#7827=EDGE_LOOP('',(#2818,#2819,#2820,#2821));
#7828=EDGE_LOOP('',(#2822,#2823,#2824,#2825));
#7829=EDGE_LOOP('',(#2826,#2827,#2828,#2829));
#7830=EDGE_LOOP('',(#2830,#2831,#2832,#2833));
#7831=EDGE_LOOP('',(#2834,#2835,#2836,#2837));
#7832=EDGE_LOOP('',(#2838,#2839,#2840,#2841));
#7833=EDGE_LOOP('',(#2842,#2843,#2844,#2845));
#7834=EDGE_LOOP('',(#2846,#2847,#2848,#2849));
#7835=EDGE_LOOP('',(#2850,#2851,#2852,#2853));
#7836=EDGE_LOOP('',(#2854,#2855,#2856,#2857));
#7837=EDGE_LOOP('',(#2858,#2859,#2860,#2861));
#7838=EDGE_LOOP('',(#2862,#2863,#2864,#2865));
#7839=EDGE_LOOP('',(#2866,#2867,#2868,#2869));
#7840=EDGE_LOOP('',(#2870,#2871,#2872,#2873));
#7841=EDGE_LOOP('',(#2874,#2875,#2876,#2877));
#7842=EDGE_LOOP('',(#2878,#2879,#2880,#2881));
#7843=EDGE_LOOP('',(#2882,#2883,#2884,#2885));
#7844=EDGE_LOOP('',(#2886,#2887,#2888,#2889));
#7845=EDGE_LOOP('',(#2890,#2891,#2892,#2893));
#7846=EDGE_LOOP('',(#2894,#2895,#2896,#2897));
#7847=EDGE_LOOP('',(#2898,#2899,#2900,#2901));
#7848=EDGE_LOOP('',(#2902,#2903,#2904,#2905));
#7849=EDGE_LOOP('',(#2906,#2907,#2908,#2909));
#7850=EDGE_LOOP('',(#2910,#2911,#2912,#2913));
#7851=EDGE_LOOP('',(#2914,#2915,#2916,#2917));
#7852=EDGE_LOOP('',(#2918,#2919,#2920,#2921));
#7853=EDGE_LOOP('',(#2922,#2923,#2924,#2925));
#7854=EDGE_LOOP('',(#2926,#2927,#2928,#2929));
#7855=EDGE_LOOP('',(#2930,#2931,#2932,#2933));
#7856=EDGE_LOOP('',(#2934,#2935,#2936,#2937));
#7857=EDGE_LOOP('',(#2938,#2939,#2940,#2941));
#7858=EDGE_LOOP('',(#2942,#2943,#2944,#2945));
#7859=EDGE_LOOP('',(#2946,#2947,#2948,#2949));
#7860=EDGE_LOOP('',(#2950,#2951,#2952,#2953));
#7861=EDGE_LOOP('',(#2954,#2955,#2956,#2957));
#7862=EDGE_LOOP('',(#2958,#2959,#2960,#2961));
#7863=EDGE_LOOP('',(#2962,#2963,#2964,#2965));
#7864=EDGE_LOOP('',(#2966,#2967,#2968,#2969));
#7865=EDGE_LOOP('',(#2970,#2971,#2972,#2973));
#7866=EDGE_LOOP('',(#2974,#2975,#2976,#2977));
#7867=EDGE_LOOP('',(#2978,#2979,#2980,#2981));
#7868=EDGE_LOOP('',(#2982,#2983,#2984,#2985));
#7869=EDGE_LOOP('',(#2986,#2987,#2988,#2989));
#7870=EDGE_LOOP('',(#2990));
#7871=EDGE_LOOP('',(#2991));
#7872=EDGE_LOOP('',(#2992));
#7873=EDGE_LOOP('',(#2993));
#7874=EDGE_LOOP('',(#2994));
#7875=EDGE_LOOP('',(#2995));
#7876=EDGE_LOOP('',(#2996));
#7877=EDGE_LOOP('',(#2997));
#7878=EDGE_LOOP('',(#2998));
#7879=EDGE_LOOP('',(#2999));
#7880=EDGE_LOOP('',(#3000));
#7881=EDGE_LOOP('',(#3001));
#7882=EDGE_LOOP('',(#3002));
#7883=EDGE_LOOP('',(#3003));
#7884=EDGE_LOOP('',(#3004));
#7885=EDGE_LOOP('',(#3005));
#7886=EDGE_LOOP('',(#3006));
#7887=EDGE_LOOP('',(#3007));
#7888=EDGE_LOOP('',(#3008));
#7889=EDGE_LOOP('',(#3009));
#7890=EDGE_LOOP('',(#3010));
#7891=EDGE_LOOP('',(#3011,#3012,#3013,#3014));
#7892=EDGE_LOOP('',(#3015,#3016,#3017,#3018));
#7893=EDGE_LOOP('',(#3019,#3020,#3021,#3022));
#7894=EDGE_LOOP('',(#3023,#3024,#3025,#3026));
#7895=EDGE_LOOP('',(#3027,#3028,#3029,#3030));
#7896=EDGE_LOOP('',(#3031,#3032,#3033,#3034));
#7897=EDGE_LOOP('',(#3035,#3036,#3037,#3038));
#7898=EDGE_LOOP('',(#3039,#3040,#3041,#3042));
#7899=EDGE_LOOP('',(#3043,#3044,#3045,#3046));
#7900=EDGE_LOOP('',(#3047,#3048,#3049,#3050));
#7901=EDGE_LOOP('',(#3051,#3052,#3053,#3054));
#7902=EDGE_LOOP('',(#3055,#3056,#3057,#3058));
#7903=EDGE_LOOP('',(#3059,#3060,#3061,#3062));
#7904=EDGE_LOOP('',(#3063,#3064,#3065,#3066));
#7905=EDGE_LOOP('',(#3067,#3068,#3069,#3070));
#7906=EDGE_LOOP('',(#3071,#3072,#3073,#3074));
#7907=EDGE_LOOP('',(#3075,#3076,#3077,#3078));
#7908=EDGE_LOOP('',(#3079,#3080,#3081,#3082));
#7909=EDGE_LOOP('',(#3083,#3084,#3085,#3086));
#7910=EDGE_LOOP('',(#3087,#3088,#3089,#3090));
#7911=EDGE_LOOP('',(#3091,#3092,#3093,#3094));
#7912=EDGE_LOOP('',(#3095,#3096,#3097,#3098));
#7913=EDGE_LOOP('',(#3099,#3100,#3101,#3102));
#7914=EDGE_LOOP('',(#3103,#3104,#3105,#3106));
#7915=EDGE_LOOP('',(#3107,#3108,#3109,#3110));
#7916=EDGE_LOOP('',(#3111,#3112,#3113,#3114));
#7917=EDGE_LOOP('',(#3115,#3116,#3117,#3118));
#7918=EDGE_LOOP('',(#3119,#3120,#3121,#3122));
#7919=EDGE_LOOP('',(#3123,#3124,#3125,#3126));
#7920=EDGE_LOOP('',(#3127,#3128,#3129,#3130));
#7921=EDGE_LOOP('',(#3131,#3132,#3133,#3134));
#7922=EDGE_LOOP('',(#3135,#3136,#3137,#3138));
#7923=EDGE_LOOP('',(#3139,#3140,#3141,#3142));
#7924=EDGE_LOOP('',(#3143,#3144,#3145,#3146));
#7925=EDGE_LOOP('',(#3147,#3148,#3149,#3150));
#7926=EDGE_LOOP('',(#3151,#3152,#3153,#3154));
#7927=EDGE_LOOP('',(#3155,#3156,#3157,#3158));
#7928=EDGE_LOOP('',(#3159,#3160,#3161,#3162));
#7929=EDGE_LOOP('',(#3163,#3164,#3165,#3166));
#7930=EDGE_LOOP('',(#3167,#3168,#3169,#3170));
#7931=EDGE_LOOP('',(#3171));
#7932=EDGE_LOOP('',(#3172));
#7933=EDGE_LOOP('',(#3173));
#7934=EDGE_LOOP('',(#3174));
#7935=EDGE_LOOP('',(#3175));
#7936=EDGE_LOOP('',(#3176));
#7937=EDGE_LOOP('',(#3177));
#7938=EDGE_LOOP('',(#3178));
#7939=EDGE_LOOP('',(#3179));
#7940=EDGE_LOOP('',(#3180));
#7941=EDGE_LOOP('',(#3181));
#7942=EDGE_LOOP('',(#3182));
#7943=EDGE_LOOP('',(#3183));
#7944=EDGE_LOOP('',(#3184));
#7945=EDGE_LOOP('',(#3185));
#7946=EDGE_LOOP('',(#3186));
#7947=EDGE_LOOP('',(#3187));
#7948=EDGE_LOOP('',(#3188));
#7949=FACE_BOUND('',#7324,.T.);
#7950=FACE_BOUND('',#7325,.T.);
#7951=FACE_BOUND('',#7326,.T.);
#7952=FACE_BOUND('',#7327,.T.);
#7953=FACE_BOUND('',#7328,.T.);
#7954=FACE_BOUND('',#7329,.T.);
#7955=FACE_BOUND('',#7330,.T.);
#7956=FACE_BOUND('',#7331,.T.);
#7957=FACE_BOUND('',#7332,.T.);
#7958=FACE_BOUND('',#7333,.T.);
#7959=FACE_BOUND('',#7334,.T.);
#7960=FACE_BOUND('',#7335,.T.);
#7961=FACE_BOUND('',#7336,.T.);
#7962=FACE_BOUND('',#7337,.T.);
#7963=FACE_BOUND('',#7338,.T.);
#7964=FACE_BOUND('',#7339,.T.);
#7965=FACE_BOUND('',#7340,.T.);
#7966=FACE_BOUND('',#7341,.T.);
#7967=FACE_BOUND('',#7342,.T.);
#7968=FACE_BOUND('',#7343,.T.);
#7969=FACE_BOUND('',#7344,.T.);
#7970=FACE_BOUND('',#7345,.T.);
#7971=FACE_BOUND('',#7346,.T.);
#7972=FACE_BOUND('',#7347,.T.);
#7973=FACE_BOUND('',#7348,.T.);
#7974=FACE_BOUND('',#7349,.T.);
#7975=FACE_BOUND('',#7350,.T.);
#7976=FACE_BOUND('',#7351,.T.);
#7977=FACE_BOUND('',#7352,.T.);
#7978=FACE_BOUND('',#7353,.T.);
#7979=FACE_BOUND('',#7354,.T.);
#7980=FACE_BOUND('',#7355,.T.);
#7981=FACE_BOUND('',#7356,.T.);
#7982=FACE_BOUND('',#7357,.T.);
#7983=FACE_BOUND('',#7358,.T.);
#7984=FACE_BOUND('',#7359,.T.);
#7985=FACE_BOUND('',#7360,.T.);
#7986=FACE_BOUND('',#7361,.T.);
#7987=FACE_BOUND('',#7362,.T.);
#7988=FACE_BOUND('',#7363,.T.);
#7989=FACE_BOUND('',#7364,.T.);
#7990=FACE_BOUND('',#7365,.T.);
#7991=FACE_BOUND('',#7366,.T.);
#7992=FACE_BOUND('',#7367,.T.);
#7993=FACE_BOUND('',#7368,.T.);
#7994=FACE_BOUND('',#7369,.T.);
#7995=FACE_BOUND('',#7370,.T.);
#7996=FACE_BOUND('',#7371,.T.);
#7997=FACE_BOUND('',#7372,.T.);
#7998=FACE_BOUND('',#7373,.T.);
#7999=FACE_BOUND('',#7374,.T.);
#8000=FACE_BOUND('',#7375,.T.);
#8001=FACE_BOUND('',#7376,.T.);
#8002=FACE_BOUND('',#7377,.T.);
#8003=FACE_BOUND('',#7378,.T.);
#8004=FACE_BOUND('',#7379,.T.);
#8005=FACE_BOUND('',#7380,.T.);
#8006=FACE_BOUND('',#7381,.T.);
#8007=FACE_BOUND('',#7382,.T.);
#8008=FACE_BOUND('',#7383,.T.);
#8009=FACE_BOUND('',#7384,.T.);
#8010=FACE_BOUND('',#7385,.T.);
#8011=FACE_BOUND('',#7386,.T.);
#8012=FACE_BOUND('',#7387,.T.);
#8013=FACE_BOUND('',#7388,.T.);
#8014=FACE_BOUND('',#7389,.T.);
#8015=FACE_BOUND('',#7390,.T.);
#8016=FACE_BOUND('',#7391,.T.);
#8017=FACE_BOUND('',#7392,.T.);
#8018=FACE_BOUND('',#7393,.T.);
#8019=FACE_BOUND('',#7394,.T.);
#8020=FACE_BOUND('',#7395,.T.);
#8021=FACE_BOUND('',#7396,.T.);
#8022=FACE_BOUND('',#7397,.T.);
#8023=FACE_BOUND('',#7398,.T.);
#8024=FACE_BOUND('',#7399,.T.);
#8025=FACE_BOUND('',#7400,.T.);
#8026=FACE_BOUND('',#7401,.T.);
#8027=FACE_BOUND('',#7402,.T.);
#8028=FACE_BOUND('',#7403,.T.);
#8029=FACE_BOUND('',#7404,.T.);
#8030=FACE_BOUND('',#7405,.T.);
#8031=FACE_BOUND('',#7406,.T.);
#8032=FACE_BOUND('',#7407,.T.);
#8033=FACE_BOUND('',#7408,.T.);
#8034=FACE_BOUND('',#7409,.T.);
#8035=FACE_BOUND('',#7410,.T.);
#8036=FACE_BOUND('',#7411,.T.);
#8037=FACE_BOUND('',#7412,.T.);
#8038=FACE_BOUND('',#7413,.T.);
#8039=FACE_BOUND('',#7414,.T.);
#8040=FACE_BOUND('',#7415,.T.);
#8041=FACE_BOUND('',#7416,.T.);
#8042=FACE_BOUND('',#7417,.T.);
#8043=FACE_BOUND('',#7418,.T.);
#8044=FACE_BOUND('',#7419,.T.);
#8045=FACE_BOUND('',#7420,.T.);
#8046=FACE_BOUND('',#7421,.T.);
#8047=FACE_BOUND('',#7422,.T.);
#8048=FACE_BOUND('',#7423,.T.);
#8049=FACE_BOUND('',#7424,.T.);
#8050=FACE_BOUND('',#7425,.T.);
#8051=FACE_BOUND('',#7426,.T.);
#8052=FACE_BOUND('',#7427,.T.);
#8053=FACE_BOUND('',#7428,.T.);
#8054=FACE_BOUND('',#7429,.T.);
#8055=FACE_BOUND('',#7430,.T.);
#8056=FACE_BOUND('',#7431,.T.);
#8057=FACE_BOUND('',#7432,.T.);
#8058=FACE_BOUND('',#7433,.T.);
#8059=FACE_BOUND('',#7434,.T.);
#8060=FACE_BOUND('',#7435,.T.);
#8061=FACE_BOUND('',#7436,.T.);
#8062=FACE_BOUND('',#7437,.T.);
#8063=FACE_BOUND('',#7438,.T.);
#8064=FACE_BOUND('',#7439,.T.);
#8065=FACE_BOUND('',#7440,.T.);
#8066=FACE_BOUND('',#7441,.T.);
#8067=FACE_BOUND('',#7442,.T.);
#8068=FACE_BOUND('',#7443,.T.);
#8069=FACE_BOUND('',#7444,.T.);
#8070=FACE_BOUND('',#7445,.T.);
#8071=FACE_BOUND('',#7446,.T.);
#8072=FACE_BOUND('',#7447,.T.);
#8073=FACE_BOUND('',#7448,.T.);
#8074=FACE_BOUND('',#7449,.T.);
#8075=FACE_BOUND('',#7450,.T.);
#8076=FACE_BOUND('',#7451,.T.);
#8077=FACE_BOUND('',#7452,.T.);
#8078=FACE_BOUND('',#7453,.T.);
#8079=FACE_BOUND('',#7454,.T.);
#8080=FACE_BOUND('',#7455,.T.);
#8081=FACE_BOUND('',#7456,.T.);
#8082=FACE_BOUND('',#7457,.T.);
#8083=FACE_BOUND('',#7458,.T.);
#8084=FACE_BOUND('',#7459,.T.);
#8085=FACE_BOUND('',#7460,.T.);
#8086=FACE_BOUND('',#7461,.T.);
#8087=FACE_BOUND('',#7462,.T.);
#8088=FACE_BOUND('',#7463,.T.);
#8089=FACE_BOUND('',#7464,.T.);
#8090=FACE_BOUND('',#7465,.T.);
#8091=FACE_BOUND('',#7466,.T.);
#8092=FACE_BOUND('',#7467,.T.);
#8093=FACE_BOUND('',#7468,.T.);
#8094=FACE_BOUND('',#7469,.T.);
#8095=FACE_BOUND('',#7470,.T.);
#8096=FACE_BOUND('',#7471,.T.);
#8097=FACE_BOUND('',#7472,.T.);
#8098=FACE_BOUND('',#7473,.T.);
#8099=FACE_BOUND('',#7474,.T.);
#8100=FACE_BOUND('',#7475,.T.);
#8101=FACE_BOUND('',#7476,.T.);
#8102=FACE_BOUND('',#7477,.T.);
#8103=FACE_BOUND('',#7478,.T.);
#8104=FACE_BOUND('',#7479,.T.);
#8105=FACE_BOUND('',#7480,.T.);
#8106=FACE_BOUND('',#7481,.T.);
#8107=FACE_BOUND('',#7482,.T.);
#8108=FACE_BOUND('',#7483,.T.);
#8109=FACE_BOUND('',#7484,.T.);
#8110=FACE_BOUND('',#7485,.T.);
#8111=FACE_BOUND('',#7486,.T.);
#8112=FACE_BOUND('',#7487,.T.);
#8113=FACE_BOUND('',#7488,.T.);
#8114=FACE_BOUND('',#7489,.T.);
#8115=FACE_BOUND('',#7490,.T.);
#8116=FACE_BOUND('',#7491,.T.);
#8117=FACE_BOUND('',#7492,.T.);
#8118=FACE_BOUND('',#7493,.T.);
#8119=FACE_BOUND('',#7494,.T.);
#8120=FACE_BOUND('',#7495,.T.);
#8121=FACE_BOUND('',#7496,.T.);
#8122=FACE_BOUND('',#7497,.T.);
#8123=FACE_BOUND('',#7498,.T.);
#8124=FACE_BOUND('',#7499,.T.);
#8125=FACE_BOUND('',#7500,.T.);
#8126=FACE_BOUND('',#7501,.T.);
#8127=FACE_BOUND('',#7502,.T.);
#8128=FACE_BOUND('',#7503,.T.);
#8129=FACE_BOUND('',#7504,.T.);
#8130=FACE_BOUND('',#7505,.T.);
#8131=FACE_BOUND('',#7506,.T.);
#8132=FACE_BOUND('',#7507,.T.);
#8133=FACE_BOUND('',#7508,.T.);
#8134=FACE_BOUND('',#7509,.T.);
#8135=FACE_BOUND('',#7510,.T.);
#8136=FACE_BOUND('',#7511,.T.);
#8137=FACE_BOUND('',#7512,.T.);
#8138=FACE_BOUND('',#7513,.T.);
#8139=FACE_BOUND('',#7514,.T.);
#8140=FACE_BOUND('',#7515,.T.);
#8141=FACE_BOUND('',#7516,.T.);
#8142=FACE_BOUND('',#7517,.T.);
#8143=FACE_BOUND('',#7518,.T.);
#8144=FACE_BOUND('',#7519,.T.);
#8145=FACE_BOUND('',#7520,.T.);
#8146=FACE_BOUND('',#7521,.T.);
#8147=FACE_BOUND('',#7522,.T.);
#8148=FACE_BOUND('',#7523,.T.);
#8149=FACE_BOUND('',#7524,.T.);
#8150=FACE_BOUND('',#7525,.T.);
#8151=FACE_BOUND('',#7526,.T.);
#8152=FACE_BOUND('',#7527,.T.);
#8153=FACE_BOUND('',#7528,.T.);
#8154=FACE_BOUND('',#7529,.T.);
#8155=FACE_BOUND('',#7530,.T.);
#8156=FACE_BOUND('',#7531,.T.);
#8157=FACE_BOUND('',#7532,.T.);
#8158=FACE_BOUND('',#7533,.T.);
#8159=FACE_BOUND('',#7534,.T.);
#8160=FACE_BOUND('',#7535,.T.);
#8161=FACE_BOUND('',#7536,.T.);
#8162=FACE_BOUND('',#7537,.T.);
#8163=FACE_BOUND('',#7538,.T.);
#8164=FACE_BOUND('',#7539,.T.);
#8165=FACE_BOUND('',#7540,.T.);
#8166=FACE_BOUND('',#7541,.T.);
#8167=FACE_BOUND('',#7542,.T.);
#8168=FACE_BOUND('',#7543,.T.);
#8169=FACE_BOUND('',#7544,.T.);
#8170=FACE_BOUND('',#7545,.T.);
#8171=FACE_BOUND('',#7546,.T.);
#8172=FACE_BOUND('',#7547,.T.);
#8173=FACE_BOUND('',#7548,.T.);
#8174=FACE_BOUND('',#7549,.T.);
#8175=FACE_BOUND('',#7550,.T.);
#8176=FACE_BOUND('',#7551,.T.);
#8177=FACE_BOUND('',#7552,.T.);
#8178=FACE_BOUND('',#7553,.T.);
#8179=FACE_BOUND('',#7554,.T.);
#8180=FACE_BOUND('',#7555,.T.);
#8181=FACE_BOUND('',#7556,.T.);
#8182=FACE_BOUND('',#7557,.T.);
#8183=FACE_BOUND('',#7558,.T.);
#8184=FACE_BOUND('',#7559,.T.);
#8185=FACE_BOUND('',#7560,.T.);
#8186=FACE_BOUND('',#7561,.T.);
#8187=FACE_BOUND('',#7562,.T.);
#8188=FACE_BOUND('',#7563,.T.);
#8189=FACE_BOUND('',#7564,.T.);
#8190=FACE_BOUND('',#7565,.T.);
#8191=FACE_BOUND('',#7566,.T.);
#8192=FACE_BOUND('',#7567,.T.);
#8193=FACE_BOUND('',#7568,.T.);
#8194=FACE_BOUND('',#7569,.T.);
#8195=FACE_BOUND('',#7570,.T.);
#8196=FACE_BOUND('',#7571,.T.);
#8197=FACE_BOUND('',#7572,.T.);
#8198=FACE_BOUND('',#7573,.T.);
#8199=FACE_BOUND('',#7574,.T.);
#8200=FACE_BOUND('',#7575,.T.);
#8201=FACE_BOUND('',#7576,.T.);
#8202=FACE_BOUND('',#7577,.T.);
#8203=FACE_BOUND('',#7578,.T.);
#8204=FACE_BOUND('',#7579,.T.);
#8205=FACE_BOUND('',#7580,.T.);
#8206=FACE_BOUND('',#7581,.T.);
#8207=FACE_BOUND('',#7582,.T.);
#8208=FACE_BOUND('',#7583,.T.);
#8209=FACE_BOUND('',#7584,.T.);
#8210=FACE_BOUND('',#7585,.T.);
#8211=FACE_BOUND('',#7586,.T.);
#8212=FACE_BOUND('',#7587,.T.);
#8213=FACE_BOUND('',#7588,.T.);
#8214=FACE_BOUND('',#7589,.T.);
#8215=FACE_BOUND('',#7590,.T.);
#8216=FACE_BOUND('',#7591,.T.);
#8217=FACE_BOUND('',#7592,.T.);
#8218=FACE_BOUND('',#7593,.T.);
#8219=FACE_BOUND('',#7594,.T.);
#8220=FACE_BOUND('',#7595,.T.);
#8221=FACE_BOUND('',#7596,.T.);
#8222=FACE_BOUND('',#7597,.T.);
#8223=FACE_BOUND('',#7598,.T.);
#8224=FACE_BOUND('',#7599,.T.);
#8225=FACE_BOUND('',#7600,.T.);
#8226=FACE_BOUND('',#7601,.T.);
#8227=FACE_BOUND('',#7602,.T.);
#8228=FACE_BOUND('',#7603,.T.);
#8229=FACE_BOUND('',#7604,.T.);
#8230=FACE_BOUND('',#7605,.T.);
#8231=FACE_BOUND('',#7606,.T.);
#8232=FACE_BOUND('',#7607,.T.);
#8233=FACE_BOUND('',#7608,.T.);
#8234=FACE_BOUND('',#7609,.T.);
#8235=FACE_BOUND('',#7610,.T.);
#8236=FACE_BOUND('',#7611,.T.);
#8237=FACE_BOUND('',#7612,.T.);
#8238=FACE_BOUND('',#7613,.T.);
#8239=FACE_BOUND('',#7614,.T.);
#8240=FACE_BOUND('',#7615,.T.);
#8241=FACE_BOUND('',#7616,.T.);
#8242=FACE_BOUND('',#7617,.T.);
#8243=FACE_BOUND('',#7618,.T.);
#8244=FACE_BOUND('',#7619,.T.);
#8245=FACE_BOUND('',#7620,.T.);
#8246=FACE_BOUND('',#7621,.T.);
#8247=FACE_BOUND('',#7622,.T.);
#8248=FACE_BOUND('',#7623,.T.);
#8249=FACE_BOUND('',#7624,.T.);
#8250=FACE_BOUND('',#7625,.T.);
#8251=FACE_BOUND('',#7626,.T.);
#8252=FACE_BOUND('',#7627,.T.);
#8253=FACE_BOUND('',#7628,.T.);
#8254=FACE_BOUND('',#7629,.T.);
#8255=FACE_BOUND('',#7630,.T.);
#8256=FACE_BOUND('',#7631,.T.);
#8257=FACE_BOUND('',#7632,.T.);
#8258=FACE_BOUND('',#7633,.T.);
#8259=FACE_BOUND('',#7634,.T.);
#8260=FACE_BOUND('',#7635,.T.);
#8261=FACE_BOUND('',#7636,.T.);
#8262=FACE_BOUND('',#7637,.T.);
#8263=FACE_BOUND('',#7638,.T.);
#8264=FACE_BOUND('',#7639,.T.);
#8265=FACE_BOUND('',#7640,.T.);
#8266=FACE_BOUND('',#7641,.T.);
#8267=FACE_BOUND('',#7642,.T.);
#8268=FACE_BOUND('',#7643,.T.);
#8269=FACE_BOUND('',#7644,.T.);
#8270=FACE_BOUND('',#7645,.T.);
#8271=FACE_BOUND('',#7646,.T.);
#8272=FACE_BOUND('',#7647,.T.);
#8273=FACE_BOUND('',#7648,.T.);
#8274=FACE_BOUND('',#7649,.T.);
#8275=FACE_BOUND('',#7650,.T.);
#8276=FACE_BOUND('',#7651,.T.);
#8277=FACE_BOUND('',#7652,.T.);
#8278=FACE_BOUND('',#7653,.T.);
#8279=FACE_BOUND('',#7654,.T.);
#8280=FACE_BOUND('',#7655,.T.);
#8281=FACE_BOUND('',#7656,.T.);
#8282=FACE_BOUND('',#7657,.T.);
#8283=FACE_BOUND('',#7658,.T.);
#8284=FACE_BOUND('',#7659,.T.);
#8285=FACE_BOUND('',#7660,.T.);
#8286=FACE_BOUND('',#7661,.T.);
#8287=FACE_BOUND('',#7662,.T.);
#8288=FACE_BOUND('',#7663,.T.);
#8289=FACE_BOUND('',#7664,.T.);
#8290=FACE_BOUND('',#7665,.T.);
#8291=FACE_BOUND('',#7666,.T.);
#8292=FACE_BOUND('',#7667,.T.);
#8293=FACE_BOUND('',#7668,.T.);
#8294=FACE_BOUND('',#7669,.T.);
#8295=FACE_BOUND('',#7670,.T.);
#8296=FACE_BOUND('',#7671,.T.);
#8297=FACE_BOUND('',#7672,.T.);
#8298=FACE_BOUND('',#7673,.T.);
#8299=FACE_BOUND('',#7674,.T.);
#8300=FACE_BOUND('',#7675,.T.);
#8301=FACE_BOUND('',#7676,.T.);
#8302=FACE_BOUND('',#7677,.T.);
#8303=FACE_BOUND('',#7678,.T.);
#8304=FACE_BOUND('',#7679,.T.);
#8305=FACE_BOUND('',#7680,.T.);
#8306=FACE_BOUND('',#7681,.T.);
#8307=FACE_BOUND('',#7682,.T.);
#8308=FACE_BOUND('',#7683,.T.);
#8309=FACE_BOUND('',#7684,.T.);
#8310=FACE_BOUND('',#7685,.T.);
#8311=FACE_BOUND('',#7686,.T.);
#8312=FACE_BOUND('',#7687,.T.);
#8313=FACE_BOUND('',#7688,.T.);
#8314=FACE_BOUND('',#7689,.T.);
#8315=FACE_BOUND('',#7690,.T.);
#8316=FACE_BOUND('',#7691,.T.);
#8317=FACE_BOUND('',#7692,.T.);
#8318=FACE_BOUND('',#7693,.T.);
#8319=FACE_BOUND('',#7694,.T.);
#8320=FACE_BOUND('',#7695,.T.);
#8321=FACE_BOUND('',#7696,.T.);
#8322=FACE_BOUND('',#7697,.T.);
#8323=FACE_BOUND('',#7698,.T.);
#8324=FACE_BOUND('',#7699,.T.);
#8325=FACE_BOUND('',#7700,.T.);
#8326=FACE_BOUND('',#7701,.T.);
#8327=FACE_BOUND('',#7702,.T.);
#8328=FACE_BOUND('',#7703,.T.);
#8329=FACE_BOUND('',#7704,.T.);
#8330=FACE_BOUND('',#7705,.T.);
#8331=FACE_BOUND('',#7706,.T.);
#8332=FACE_BOUND('',#7707,.T.);
#8333=FACE_BOUND('',#7708,.T.);
#8334=FACE_BOUND('',#7709,.T.);
#8335=FACE_BOUND('',#7710,.T.);
#8336=FACE_BOUND('',#7711,.T.);
#8337=FACE_BOUND('',#7712,.T.);
#8338=FACE_BOUND('',#7713,.T.);
#8339=FACE_BOUND('',#7714,.T.);
#8340=FACE_BOUND('',#7715,.T.);
#8341=FACE_BOUND('',#7716,.T.);
#8342=FACE_BOUND('',#7717,.T.);
#8343=FACE_BOUND('',#7718,.T.);
#8344=FACE_BOUND('',#7719,.T.);
#8345=FACE_BOUND('',#7720,.T.);
#8346=FACE_BOUND('',#7721,.T.);
#8347=FACE_BOUND('',#7722,.T.);
#8348=FACE_BOUND('',#7723,.T.);
#8349=FACE_BOUND('',#7724,.T.);
#8350=FACE_BOUND('',#7725,.T.);
#8351=FACE_BOUND('',#7726,.T.);
#8352=FACE_BOUND('',#7727,.T.);
#8353=FACE_BOUND('',#7728,.T.);
#8354=FACE_BOUND('',#7729,.T.);
#8355=FACE_BOUND('',#7730,.T.);
#8356=FACE_BOUND('',#7731,.T.);
#8357=FACE_BOUND('',#7732,.T.);
#8358=FACE_BOUND('',#7733,.T.);
#8359=FACE_BOUND('',#7734,.T.);
#8360=FACE_BOUND('',#7735,.T.);
#8361=FACE_BOUND('',#7736,.T.);
#8362=FACE_BOUND('',#7737,.T.);
#8363=FACE_BOUND('',#7738,.T.);
#8364=FACE_BOUND('',#7739,.T.);
#8365=FACE_BOUND('',#7740,.T.);
#8366=FACE_BOUND('',#7741,.T.);
#8367=FACE_BOUND('',#7742,.T.);
#8368=FACE_BOUND('',#7743,.T.);
#8369=FACE_BOUND('',#7744,.T.);
#8370=FACE_BOUND('',#7745,.T.);
#8371=FACE_BOUND('',#7746,.T.);
#8372=FACE_BOUND('',#7747,.T.);
#8373=FACE_BOUND('',#7748,.T.);
#8374=FACE_BOUND('',#7749,.T.);
#8375=FACE_BOUND('',#7750,.T.);
#8376=FACE_BOUND('',#7751,.T.);
#8377=FACE_BOUND('',#7752,.T.);
#8378=FACE_BOUND('',#7753,.T.);
#8379=FACE_BOUND('',#7754,.T.);
#8380=FACE_BOUND('',#7755,.T.);
#8381=FACE_BOUND('',#7756,.T.);
#8382=FACE_BOUND('',#7757,.T.);
#8383=FACE_BOUND('',#7758,.T.);
#8384=FACE_BOUND('',#7759,.T.);
#8385=FACE_BOUND('',#7760,.T.);
#8386=FACE_BOUND('',#7761,.T.);
#8387=FACE_BOUND('',#7762,.T.);
#8388=FACE_BOUND('',#7763,.T.);
#8389=FACE_BOUND('',#7764,.T.);
#8390=FACE_BOUND('',#7765,.T.);
#8391=FACE_BOUND('',#7766,.T.);
#8392=FACE_BOUND('',#7767,.T.);
#8393=FACE_BOUND('',#7768,.T.);
#8394=FACE_BOUND('',#7769,.T.);
#8395=FACE_BOUND('',#7770,.T.);
#8396=FACE_BOUND('',#7771,.T.);
#8397=FACE_BOUND('',#7772,.T.);
#8398=FACE_BOUND('',#7773,.T.);
#8399=FACE_BOUND('',#7774,.T.);
#8400=FACE_BOUND('',#7775,.T.);
#8401=FACE_BOUND('',#7776,.T.);
#8402=FACE_BOUND('',#7777,.T.);
#8403=FACE_BOUND('',#7778,.T.);
#8404=FACE_BOUND('',#7779,.T.);
#8405=FACE_BOUND('',#7780,.T.);
#8406=FACE_BOUND('',#7781,.T.);
#8407=FACE_BOUND('',#7782,.T.);
#8408=FACE_BOUND('',#7783,.T.);
#8409=FACE_BOUND('',#7784,.T.);
#8410=FACE_BOUND('',#7785,.T.);
#8411=FACE_BOUND('',#7786,.T.);
#8412=FACE_BOUND('',#7787,.T.);
#8413=FACE_BOUND('',#7788,.T.);
#8414=FACE_BOUND('',#7789,.T.);
#8415=FACE_BOUND('',#7790,.T.);
#8416=FACE_BOUND('',#7791,.T.);
#8417=FACE_BOUND('',#7792,.T.);
#8418=FACE_BOUND('',#7793,.T.);
#8419=FACE_BOUND('',#7794,.T.);
#8420=FACE_BOUND('',#7795,.T.);
#8421=FACE_BOUND('',#7796,.T.);
#8422=FACE_BOUND('',#7797,.T.);
#8423=FACE_BOUND('',#7798,.T.);
#8424=FACE_BOUND('',#7799,.T.);
#8425=FACE_BOUND('',#7800,.T.);
#8426=FACE_BOUND('',#7801,.T.);
#8427=FACE_BOUND('',#7802,.T.);
#8428=FACE_BOUND('',#7803,.T.);
#8429=FACE_BOUND('',#7804,.T.);
#8430=FACE_BOUND('',#7805,.T.);
#8431=FACE_BOUND('',#7806,.T.);
#8432=FACE_BOUND('',#7807,.T.);
#8433=FACE_BOUND('',#7808,.T.);
#8434=FACE_BOUND('',#7809,.T.);
#8435=FACE_BOUND('',#7810,.T.);
#8436=FACE_BOUND('',#7811,.T.);
#8437=FACE_BOUND('',#7812,.T.);
#8438=FACE_BOUND('',#7813,.T.);
#8439=FACE_BOUND('',#7814,.T.);
#8440=FACE_BOUND('',#7815,.T.);
#8441=FACE_BOUND('',#7816,.T.);
#8442=FACE_BOUND('',#7817,.T.);
#8443=FACE_BOUND('',#7818,.T.);
#8444=FACE_BOUND('',#7819,.T.);
#8445=FACE_BOUND('',#7820,.T.);
#8446=FACE_BOUND('',#7821,.T.);
#8447=FACE_BOUND('',#7822,.T.);
#8448=FACE_BOUND('',#7823,.T.);
#8449=FACE_BOUND('',#7824,.T.);
#8450=FACE_BOUND('',#7825,.T.);
#8451=FACE_BOUND('',#7826,.T.);
#8452=FACE_BOUND('',#7827,.T.);
#8453=FACE_BOUND('',#7828,.T.);
#8454=FACE_BOUND('',#7829,.T.);
#8455=FACE_BOUND('',#7830,.T.);
#8456=FACE_BOUND('',#7831,.T.);
#8457=FACE_BOUND('',#7832,.T.);
#8458=FACE_BOUND('',#7833,.T.);
#8459=FACE_BOUND('',#7834,.T.);
#8460=FACE_BOUND('',#7835,.T.);
#8461=FACE_BOUND('',#7836,.T.);
#8462=FACE_BOUND('',#7837,.T.);
#8463=FACE_BOUND('',#7838,.T.);
#8464=FACE_BOUND('',#7839,.T.);
#8465=FACE_BOUND('',#7840,.T.);
#8466=FACE_BOUND('',#7841,.T.);
#8467=FACE_BOUND('',#7842,.T.);
#8468=FACE_BOUND('',#7843,.T.);
#8469=FACE_BOUND('',#7844,.T.);
#8470=FACE_BOUND('',#7845,.T.);
#8471=FACE_BOUND('',#7846,.T.);
#8472=FACE_BOUND('',#7847,.T.);
#8473=FACE_BOUND('',#7848,.T.);
#8474=FACE_BOUND('',#7849,.T.);
#8475=FACE_BOUND('',#7850,.T.);
#8476=FACE_BOUND('',#7851,.T.);
#8477=FACE_BOUND('',#7852,.T.);
#8478=FACE_BOUND('',#7853,.T.);
#8479=FACE_BOUND('',#7854,.T.);
#8480=FACE_BOUND('',#7855,.T.);
#8481=FACE_BOUND('',#7856,.T.);
#8482=FACE_BOUND('',#7857,.T.);
#8483=FACE_BOUND('',#7858,.T.);
#8484=FACE_BOUND('',#7859,.T.);
#8485=FACE_BOUND('',#7860,.T.);
#8486=FACE_BOUND('',#7861,.T.);
#8487=FACE_BOUND('',#7862,.T.);
#8488=FACE_BOUND('',#7863,.T.);
#8489=FACE_BOUND('',#7864,.T.);
#8490=FACE_BOUND('',#7865,.T.);
#8491=FACE_BOUND('',#7866,.T.);
#8492=FACE_BOUND('',#7867,.T.);
#8493=FACE_BOUND('',#7868,.T.);
#8494=FACE_BOUND('',#7869,.T.);
#8495=FACE_BOUND('',#7870,.T.);
#8496=FACE_BOUND('',#7871,.T.);
#8497=FACE_BOUND('',#7872,.T.);
#8498=FACE_BOUND('',#7873,.T.);
#8499=FACE_BOUND('',#7874,.T.);
#8500=FACE_BOUND('',#7875,.T.);
#8501=FACE_BOUND('',#7876,.T.);
#8502=FACE_BOUND('',#7877,.T.);
#8503=FACE_BOUND('',#7878,.T.);
#8504=FACE_BOUND('',#7879,.T.);
#8505=FACE_BOUND('',#7880,.T.);
#8506=FACE_BOUND('',#7881,.T.);
#8507=FACE_BOUND('',#7882,.T.);
#8508=FACE_BOUND('',#7883,.T.);
#8509=FACE_BOUND('',#7884,.T.);
#8510=FACE_BOUND('',#7885,.T.);
#8511=FACE_BOUND('',#7886,.T.);
#8512=FACE_BOUND('',#7887,.T.);
#8513=FACE_BOUND('',#7888,.T.);
#8514=FACE_BOUND('',#7889,.T.);
#8515=FACE_BOUND('',#7890,.T.);
#8516=FACE_BOUND('',#7891,.T.);
#8517=FACE_BOUND('',#7892,.T.);
#8518=FACE_BOUND('',#7893,.T.);
#8519=FACE_BOUND('',#7894,.T.);
#8520=FACE_BOUND('',#7895,.T.);
#8521=FACE_BOUND('',#7896,.T.);
#8522=FACE_BOUND('',#7897,.T.);
#8523=FACE_BOUND('',#7898,.T.);
#8524=FACE_BOUND('',#7899,.T.);
#8525=FACE_BOUND('',#7900,.T.);
#8526=FACE_BOUND('',#7901,.T.);
#8527=FACE_BOUND('',#7902,.T.);
#8528=FACE_BOUND('',#7903,.T.);
#8529=FACE_BOUND('',#7904,.T.);
#8530=FACE_BOUND('',#7905,.T.);
#8531=FACE_BOUND('',#7906,.T.);
#8532=FACE_BOUND('',#7907,.T.);
#8533=FACE_BOUND('',#7908,.T.);
#8534=FACE_BOUND('',#7909,.T.);
#8535=FACE_BOUND('',#7910,.T.);
#8536=FACE_BOUND('',#7911,.T.);
#8537=FACE_BOUND('',#7912,.T.);
#8538=FACE_BOUND('',#7913,.T.);
#8539=FACE_BOUND('',#7914,.T.);
#8540=FACE_BOUND('',#7915,.T.);
#8541=FACE_BOUND('',#7916,.T.);
#8542=FACE_BOUND('',#7917,.T.);
#8543=FACE_BOUND('',#7918,.T.);
#8544=FACE_BOUND('',#7919,.T.);
#8545=FACE_BOUND('',#7920,.T.);
#8546=FACE_BOUND('',#7921,.T.);
#8547=FACE_BOUND('',#7922,.T.);
#8548=FACE_BOUND('',#7923,.T.);
#8549=FACE_BOUND('',#7924,.T.);
#8550=FACE_BOUND('',#7925,.T.);
#8551=FACE_BOUND('',#7926,.T.);
#8552=FACE_BOUND('',#7927,.T.);
#8553=FACE_BOUND('',#7928,.T.);
#8554=FACE_BOUND('',#7929,.T.);
#8555=FACE_BOUND('',#7930,.T.);
#8556=FACE_BOUND('',#7931,.T.);
#8557=FACE_BOUND('',#7932,.T.);
#8558=FACE_BOUND('',#7933,.T.);
#8559=FACE_BOUND('',#7934,.T.);
#8560=FACE_BOUND('',#7935,.T.);
#8561=FACE_BOUND('',#7936,.T.);
#8562=FACE_BOUND('',#7937,.T.);
#8563=FACE_BOUND('',#7938,.T.);
#8564=FACE_BOUND('',#7939,.T.);
#8565=FACE_BOUND('',#7940,.T.);
#8566=FACE_BOUND('',#7941,.T.);
#8567=FACE_BOUND('',#7942,.T.);
#8568=FACE_BOUND('',#7943,.T.);
#8569=FACE_BOUND('',#7944,.T.);
#8570=FACE_BOUND('',#7945,.T.);
#8571=FACE_BOUND('',#7946,.T.);
#8572=FACE_BOUND('',#7947,.T.);
#8573=FACE_BOUND('',#7948,.T.);
#8574=PLANE('',#9410);
#8575=PLANE('',#9411);
#8576=PLANE('',#9437);
#8577=PLANE('',#9438);
#8578=PLANE('',#9439);
#8579=PLANE('',#9440);
#8580=PLANE('',#9441);
#8581=PLANE('',#9442);
#8582=PLANE('',#9443);
#8583=PLANE('',#9444);
#8584=PLANE('',#9445);
#8585=PLANE('',#9446);
#8586=PLANE('',#9447);
#8587=PLANE('',#9448);
#8588=PLANE('',#9449);
#8589=PLANE('',#9450);
#8590=PLANE('',#9451);
#8591=PLANE('',#9452);
#8592=PLANE('',#9453);
#8593=PLANE('',#9454);
#8594=PLANE('',#9455);
#8595=PLANE('',#9456);
#8596=PLANE('',#9457);
#8597=PLANE('',#9458);
#8598=PLANE('',#9459);
#8599=PLANE('',#9460);
#8600=PLANE('',#9461);
#8601=PLANE('',#9462);
#8602=PLANE('',#9463);
#8603=PLANE('',#9464);
#8604=PLANE('',#9465);
#8605=PLANE('',#9466);
#8606=PLANE('',#9467);
#8607=PLANE('',#9468);
#8608=PLANE('',#9469);
#8609=PLANE('',#9470);
#8610=PLANE('',#9471);
#8611=PLANE('',#9472);
#8612=PLANE('',#9473);
#8613=PLANE('',#9474);
#8614=PLANE('',#9475);
#8615=PLANE('',#9476);
#8616=PLANE('',#9477);
#8617=PLANE('',#9478);
#8618=PLANE('',#9479);
#8619=PLANE('',#9480);
#8620=PLANE('',#9481);
#8621=PLANE('',#9482);
#8622=PLANE('',#9483);
#8623=PLANE('',#9484);
#8624=PLANE('',#9485);
#8625=PLANE('',#9486);
#8626=PLANE('',#9487);
#8627=PLANE('',#9488);
#8628=PLANE('',#9489);
#8629=PLANE('',#9490);
#8630=PLANE('',#9491);
#8631=PLANE('',#9492);
#8632=PLANE('',#9493);
#8633=PLANE('',#9494);
#8634=PLANE('',#9495);
#8635=PLANE('',#9496);
#8636=PLANE('',#9497);
#8637=PLANE('',#9498);
#8638=PLANE('',#9499);
#8639=PLANE('',#9500);
#8640=PLANE('',#9501);
#8641=PLANE('',#9502);
#8642=PLANE('',#9503);
#8643=PLANE('',#9504);
#8644=PLANE('',#9505);
#8645=PLANE('',#9506);
#8646=PLANE('',#9507);
#8647=PLANE('',#9508);
#8648=PLANE('',#9509);
#8649=PLANE('',#9510);
#8650=PLANE('',#9511);
#8651=PLANE('',#9512);
#8652=PLANE('',#9513);
#8653=PLANE('',#9514);
#8654=PLANE('',#9515);
#8655=PLANE('',#9516);
#8656=PLANE('',#9517);
#8657=PLANE('',#9518);
#8658=PLANE('',#9519);
#8659=PLANE('',#9520);
#8660=PLANE('',#9523);
#8661=PLANE('',#9526);
#8662=PLANE('',#9529);
#8663=PLANE('',#9532);
#8664=PLANE('',#9535);
#8665=PLANE('',#9538);
#8666=PLANE('',#9541);
#8667=PLANE('',#9544);
#8668=PLANE('',#9547);
#8669=PLANE('',#9550);
#8670=PLANE('',#9553);
#8671=PLANE('',#9556);
#8672=PLANE('',#9559);
#8673=PLANE('',#9562);
#8674=PLANE('',#9565);
#8675=PLANE('',#9568);
#8676=PLANE('',#9571);
#8677=PLANE('',#9584);
#8678=PLANE('',#9585);
#8679=PLANE('',#9586);
#8680=PLANE('',#9587);
#8681=PLANE('',#9588);
#8682=PLANE('',#9589);
#8683=PLANE('',#9590);
#8684=PLANE('',#9591);
#8685=PLANE('',#9592);
#8686=PLANE('',#9593);
#8687=PLANE('',#9594);
#8688=PLANE('',#9595);
#8689=PLANE('',#9596);
#8690=PLANE('',#9597);
#8691=PLANE('',#9598);
#8692=PLANE('',#9599);
#8693=PLANE('',#9600);
#8694=PLANE('',#9601);
#8695=PLANE('',#9602);
#8696=PLANE('',#9603);
#8697=PLANE('',#9604);
#8698=PLANE('',#9605);
#8699=PLANE('',#9606);
#8700=PLANE('',#9607);
#8701=PLANE('',#9608);
#8702=PLANE('',#9609);
#8703=PLANE('',#9610);
#8704=PLANE('',#9615);
#8705=PLANE('',#9616);
#8706=PLANE('',#9617);
#8707=PLANE('',#9618);
#8708=PLANE('',#9620);
#8709=PLANE('',#9656);
#8710=PLANE('',#9659);
#8711=PLANE('',#9663);
#8712=PLANE('',#9666);
#8713=PLANE('',#9669);
#8714=PLANE('',#9672);
#8715=PLANE('',#9675);
#8716=PLANE('',#9678);
#8717=PLANE('',#9681);
#8718=PLANE('',#9684);
#8719=PLANE('',#9687);
#8720=PLANE('',#9690);
#8721=PLANE('',#9693);
#8722=PLANE('',#9698);
#8723=PLANE('',#9703);
#8724=PLANE('',#9706);
#8725=PLANE('',#9709);
#8726=PLANE('',#9712);
#8727=PLANE('',#9715);
#8728=PLANE('',#9804);
#8729=PLANE('',#9807);
#8730=PLANE('',#9810);
#8731=PLANE('',#9813);
#8732=PLANE('',#9816);
#8733=PLANE('',#9819);
#8734=PLANE('',#9822);
#8735=PLANE('',#9825);
#8736=PLANE('',#9828);
#8737=PLANE('',#9835);
#8738=PLANE('',#9838);
#8739=PLANE('',#9841);
#8740=PLANE('',#9844);
#8741=PLANE('',#9847);
#8742=PLANE('',#9850);
#8743=PLANE('',#9851);
#8744=PLANE('',#9853);
#8745=PLANE('',#9855);
#8746=PLANE('',#9856);
#8747=PLANE('',#9857);
#8748=PLANE('',#9859);
#8749=PLANE('',#9861);
#8750=PLANE('',#9869);
#8751=PLANE('',#9870);
#8752=PLANE('',#9871);
#8753=PLANE('',#9872);
#8754=PLANE('',#9908);
#8755=PLANE('',#9911);
#8756=PLANE('',#9914);
#8757=PLANE('',#9917);
#8758=PLANE('',#9920);
#8759=PLANE('',#9923);
#8760=PLANE('',#9926);
#8761=PLANE('',#9929);
#8762=PLANE('',#9932);
#8763=PLANE('',#9935);
#8764=PLANE('',#9938);
#8765=PLANE('',#9942);
#8766=PLANE('',#9947);
#8767=PLANE('',#9950);
#8768=PLANE('',#9953);
#8769=PLANE('',#9956);
#8770=PLANE('',#9959);
#8771=PLANE('',#9962);
#8772=PLANE('',#9965);
#8773=PLANE('',#9968);
#8774=PLANE('',#9971);
#8775=PLANE('',#9974);
#8776=PLANE('',#9977);
#8777=PLANE('',#9980);
#8778=PLANE('',#9983);
#8779=PLANE('',#9986);
#8780=PLANE('',#9989);
#8781=PLANE('',#9995);
#8782=PLANE('',#9998);
#8783=PLANE('',#10001);
#8784=PLANE('',#10004);
#8785=PLANE('',#10007);
#8786=PLANE('',#10010);
#8787=PLANE('',#10012);
#8788=PLANE('',#10013);
#8789=PLANE('',#10014);
#8790=PLANE('',#10015);
#8791=PLANE('',#10016);
#8792=PLANE('',#10017);
#8793=PLANE('',#10018);
#8794=PLANE('',#10019);
#8795=PLANE('',#10020);
#8796=PLANE('',#10021);
#8797=PLANE('',#10022);
#8798=PLANE('',#10023);
#8799=PLANE('',#10024);
#8800=PLANE('',#10025);
#8801=PLANE('',#10026);
#8802=PLANE('',#10029);
#8803=PLANE('',#10030);
#8804=PLANE('',#10031);
#8805=PLANE('',#10032);
#8806=PLANE('',#10033);
#8807=PLANE('',#10034);
#8808=PLANE('',#10035);
#8809=PLANE('',#10036);
#8810=PLANE('',#10037);
#8811=PLANE('',#10038);
#8812=PLANE('',#10039);
#8813=PLANE('',#10040);
#8814=PLANE('',#10041);
#8815=PLANE('',#10042);
#8816=PLANE('',#10043);
#8817=PLANE('',#10044);
#8818=PLANE('',#10045);
#8819=PLANE('',#10046);
#8820=PLANE('',#10047);
#8821=PLANE('',#10048);
#8822=PLANE('',#10049);
#8823=PLANE('',#10050);
#8824=PLANE('',#10051);
#8825=PLANE('',#10052);
#8826=PLANE('',#10053);
#8827=PLANE('',#10054);
#8828=PLANE('',#10055);
#8829=PLANE('',#10056);
#8830=PLANE('',#10057);
#8831=PLANE('',#10058);
#8832=PLANE('',#10059);
#8833=PLANE('',#10060);
#8834=PLANE('',#10061);
#8835=PLANE('',#10078);
#8836=PLANE('',#10173);
#8837=PLANE('',#10176);
#8838=PLANE('',#10179);
#8839=PLANE('',#10182);
#8840=PLANE('',#10185);
#8841=PLANE('',#10188);
#8842=PLANE('',#10191);
#8843=PLANE('',#10192);
#8844=PLANE('',#10194);
#8845=PLANE('',#10196);
#8846=PLANE('',#10198);
#8847=PLANE('',#10200);
#8848=PLANE('',#10202);
#8849=PLANE('',#10204);
#8850=PLANE('',#10206);
#8851=PLANE('',#10208);
#8852=PLANE('',#10210);
#8853=PLANE('',#10212);
#8854=PLANE('',#10214);
#8855=PLANE('',#10216);
#8856=PLANE('',#10218);
#8857=PLANE('',#10220);
#8858=PLANE('',#10222);
#8859=PLANE('',#10224);
#8860=PLANE('',#10227);
#8861=PLANE('',#10228);
#8862=PLANE('',#10229);
#8863=PLANE('',#10230);
#8864=PLANE('',#10231);
#8865=PLANE('',#10244);
#8866=PLANE('',#10245);
#8867=PLANE('',#10246);
#8868=PLANE('',#10247);
#8869=PLANE('',#10248);
#8870=PLANE('',#10249);
#8871=ADVANCED_FACE('',(#7949),#8574,.T.);
#8872=ADVANCED_FACE('',(#7950,#7951,#7952,#7953,#7954,#7955,#7956,#7957,
#7958,#7959,#7960,#7961,#7962,#7963,#7964,#7965,#7966,#7967,#7968,#7969,
#7970,#7971,#7972,#7973,#7974,#7975,#7976,#7977,#7978,#7979,#7980,#7981,
#7982,#7983,#7984),#8575,.T.);
#8873=ADVANCED_FACE('',(#7985),#8576,.T.);
#8874=ADVANCED_FACE('',(#7986),#8577,.F.);
#8875=ADVANCED_FACE('',(#7987),#8578,.F.);
#8876=ADVANCED_FACE('',(#7988),#8579,.T.);
#8877=ADVANCED_FACE('',(#7989),#8580,.F.);
#8878=ADVANCED_FACE('',(#7990),#8581,.F.);
#8879=ADVANCED_FACE('',(#7991),#8582,.T.);
#8880=ADVANCED_FACE('',(#7992),#8583,.F.);
#8881=ADVANCED_FACE('',(#7993),#8584,.F.);
#8882=ADVANCED_FACE('',(#7994),#8585,.T.);
#8883=ADVANCED_FACE('',(#7995),#8586,.F.);
#8884=ADVANCED_FACE('',(#7996),#8587,.F.);
#8885=ADVANCED_FACE('',(#7997),#8588,.T.);
#8886=ADVANCED_FACE('',(#7998),#8589,.F.);
#8887=ADVANCED_FACE('',(#7999),#8590,.F.);
#8888=ADVANCED_FACE('',(#8000),#8591,.T.);
#8889=ADVANCED_FACE('',(#8001),#8592,.F.);
#8890=ADVANCED_FACE('',(#8002),#8593,.F.);
#8891=ADVANCED_FACE('',(#8003),#8594,.T.);
#8892=ADVANCED_FACE('',(#8004),#8595,.F.);
#8893=ADVANCED_FACE('',(#8005),#8596,.F.);
#8894=ADVANCED_FACE('',(#8006),#8597,.T.);
#8895=ADVANCED_FACE('',(#8007),#8598,.F.);
#8896=ADVANCED_FACE('',(#8008),#8599,.F.);
#8897=ADVANCED_FACE('',(#8009),#8600,.T.);
#8898=ADVANCED_FACE('',(#8010),#8601,.F.);
#8899=ADVANCED_FACE('',(#8011),#8602,.F.);
#8900=ADVANCED_FACE('',(#8012),#8603,.T.);
#8901=ADVANCED_FACE('',(#8013),#8604,.F.);
#8902=ADVANCED_FACE('',(#8014),#8605,.F.);
#8903=ADVANCED_FACE('',(#8015),#8606,.T.);
#8904=ADVANCED_FACE('',(#8016),#8607,.F.);
#8905=ADVANCED_FACE('',(#8017),#8608,.F.);
#8906=ADVANCED_FACE('',(#8018),#8609,.T.);
#8907=ADVANCED_FACE('',(#8019),#8610,.F.);
#8908=ADVANCED_FACE('',(#8020),#8611,.F.);
#8909=ADVANCED_FACE('',(#8021),#8612,.T.);
#8910=ADVANCED_FACE('',(#8022),#8613,.F.);
#8911=ADVANCED_FACE('',(#8023),#8614,.F.);
#8912=ADVANCED_FACE('',(#8024),#8615,.T.);
#8913=ADVANCED_FACE('',(#8025),#8616,.F.);
#8914=ADVANCED_FACE('',(#8026),#8617,.F.);
#8915=ADVANCED_FACE('',(#8027),#8618,.T.);
#8916=ADVANCED_FACE('',(#8028),#8619,.F.);
#8917=ADVANCED_FACE('',(#8029),#8620,.F.);
#8918=ADVANCED_FACE('',(#8030),#8621,.T.);
#8919=ADVANCED_FACE('',(#8031),#8622,.F.);
#8920=ADVANCED_FACE('',(#8032),#8623,.F.);
#8921=ADVANCED_FACE('',(#8033),#8624,.T.);
#8922=ADVANCED_FACE('',(#8034),#8625,.F.);
#8923=ADVANCED_FACE('',(#8035),#8626,.F.);
#8924=ADVANCED_FACE('',(#8036),#8627,.T.);
#8925=ADVANCED_FACE('',(#8037),#8628,.F.);
#8926=ADVANCED_FACE('',(#8038),#8629,.F.);
#8927=ADVANCED_FACE('',(#8039),#8630,.T.);
#8928=ADVANCED_FACE('',(#8040),#8631,.F.);
#8929=ADVANCED_FACE('',(#8041),#8632,.F.);
#8930=ADVANCED_FACE('',(#8042),#8633,.T.);
#8931=ADVANCED_FACE('',(#8043),#8634,.F.);
#8932=ADVANCED_FACE('',(#8044),#8635,.F.);
#8933=ADVANCED_FACE('',(#8045),#8636,.T.);
#8934=ADVANCED_FACE('',(#8046),#8637,.F.);
#8935=ADVANCED_FACE('',(#8047),#8638,.F.);
#8936=ADVANCED_FACE('',(#8048),#8639,.T.);
#8937=ADVANCED_FACE('',(#8049),#8640,.F.);
#8938=ADVANCED_FACE('',(#8050),#8641,.F.);
#8939=ADVANCED_FACE('',(#8051),#8642,.T.);
#8940=ADVANCED_FACE('',(#8052),#8643,.F.);
#8941=ADVANCED_FACE('',(#8053),#8644,.F.);
#8942=ADVANCED_FACE('',(#8054),#8645,.T.);
#8943=ADVANCED_FACE('',(#8055),#8646,.F.);
#8944=ADVANCED_FACE('',(#8056),#8647,.F.);
#8945=ADVANCED_FACE('',(#8057),#8648,.T.);
#8946=ADVANCED_FACE('',(#8058),#8649,.F.);
#8947=ADVANCED_FACE('',(#8059),#8650,.F.);
#8948=ADVANCED_FACE('',(#8060),#8651,.T.);
#8949=ADVANCED_FACE('',(#8061),#8652,.F.);
#8950=ADVANCED_FACE('',(#8062),#8653,.F.);
#8951=ADVANCED_FACE('',(#8063),#8654,.T.);
#8952=ADVANCED_FACE('',(#8064),#8655,.F.);
#8953=ADVANCED_FACE('',(#8065),#8656,.F.);
#8954=ADVANCED_FACE('',(#8066),#8657,.T.);
#8955=ADVANCED_FACE('',(#8067),#8658,.T.);
#8956=ADVANCED_FACE('',(#8068),#8659,.F.);
#8957=ADVANCED_FACE('',(#8069),#91,.T.);
#8958=ADVANCED_FACE('',(#8070),#8660,.T.);
#8959=ADVANCED_FACE('',(#8071),#92,.T.);
#8960=ADVANCED_FACE('',(#8072),#8661,.F.);
#8961=ADVANCED_FACE('',(#8073),#93,.T.);
#8962=ADVANCED_FACE('',(#8074),#8662,.F.);
#8963=ADVANCED_FACE('',(#8075),#94,.T.);
#8964=ADVANCED_FACE('',(#8076),#8663,.F.);
#8965=ADVANCED_FACE('',(#8077),#95,.T.);
#8966=ADVANCED_FACE('',(#8078),#8664,.T.);
#8967=ADVANCED_FACE('',(#8079),#96,.F.);
#8968=ADVANCED_FACE('',(#8080),#8665,.F.);
#8969=ADVANCED_FACE('',(#8081),#97,.T.);
#8970=ADVANCED_FACE('',(#8082),#8666,.T.);
#8971=ADVANCED_FACE('',(#8083),#98,.T.);
#8972=ADVANCED_FACE('',(#8084),#8667,.T.);
#8973=ADVANCED_FACE('',(#8085),#99,.F.);
#8974=ADVANCED_FACE('',(#8086),#8668,.T.);
#8975=ADVANCED_FACE('',(#8087),#100,.T.);
#8976=ADVANCED_FACE('',(#8088),#8669,.T.);
#8977=ADVANCED_FACE('',(#8089),#101,.F.);
#8978=ADVANCED_FACE('',(#8090),#8670,.T.);
#8979=ADVANCED_FACE('',(#8091),#102,.T.);
#8980=ADVANCED_FACE('',(#8092),#8671,.T.);
#8981=ADVANCED_FACE('',(#8093),#103,.F.);
#8982=ADVANCED_FACE('',(#8094),#8672,.F.);
#8983=ADVANCED_FACE('',(#8095),#104,.T.);
#8984=ADVANCED_FACE('',(#8096),#8673,.T.);
#8985=ADVANCED_FACE('',(#8097),#105,.T.);
#8986=ADVANCED_FACE('',(#8098),#8674,.T.);
#8987=ADVANCED_FACE('',(#8099),#106,.F.);
#8988=ADVANCED_FACE('',(#8100),#8675,.T.);
#8989=ADVANCED_FACE('',(#8101),#107,.T.);
#8990=ADVANCED_FACE('',(#8102),#8676,.F.);
#8991=ADVANCED_FACE('',(#8103,#8104),#108,.F.);
#8992=ADVANCED_FACE('',(#8105,#8106),#109,.F.);
#8993=ADVANCED_FACE('',(#8107,#8108),#110,.F.);
#8994=ADVANCED_FACE('',(#8109,#8110),#111,.F.);
#8995=ADVANCED_FACE('',(#8111,#8112),#112,.F.);
#8996=ADVANCED_FACE('',(#8113,#8114),#113,.F.);
#8997=ADVANCED_FACE('',(#8115),#8677,.T.);
#8998=ADVANCED_FACE('',(#8116),#8678,.T.);
#8999=ADVANCED_FACE('',(#8117),#8679,.T.);
#9000=ADVANCED_FACE('',(#8118),#8680,.T.);
#9001=ADVANCED_FACE('',(#8119),#8681,.T.);
#9002=ADVANCED_FACE('',(#8120),#8682,.T.);
#9003=ADVANCED_FACE('',(#8121),#8683,.T.);
#9004=ADVANCED_FACE('',(#8122),#8684,.T.);
#9005=ADVANCED_FACE('',(#8123),#8685,.T.);
#9006=ADVANCED_FACE('',(#8124),#8686,.T.);
#9007=ADVANCED_FACE('',(#8125),#8687,.T.);
#9008=ADVANCED_FACE('',(#8126),#8688,.T.);
#9009=ADVANCED_FACE('',(#8127),#8689,.T.);
#9010=ADVANCED_FACE('',(#8128),#8690,.T.);
#9011=ADVANCED_FACE('',(#8129),#8691,.T.);
#9012=ADVANCED_FACE('',(#8130),#8692,.T.);
#9013=ADVANCED_FACE('',(#8131),#8693,.T.);
#9014=ADVANCED_FACE('',(#8132),#8694,.T.);
#9015=ADVANCED_FACE('',(#8133),#8695,.T.);
#9016=ADVANCED_FACE('',(#8134),#8696,.T.);
#9017=ADVANCED_FACE('',(#8135),#8697,.T.);
#9018=ADVANCED_FACE('',(#8136),#8698,.T.);
#9019=ADVANCED_FACE('',(#8137),#8699,.T.);
#9020=ADVANCED_FACE('',(#8138),#8700,.T.);
#9021=ADVANCED_FACE('',(#8139),#8701,.T.);
#9022=ADVANCED_FACE('',(#8140),#8702,.T.);
#9023=ADVANCED_FACE('',(#8141),#8703,.T.);
#9024=ADVANCED_FACE('',(#8142),#114,.T.);
#9025=ADVANCED_FACE('',(#8143,#8144),#115,.F.);
#9026=ADVANCED_FACE('',(#8145,#8146,#8147,#8148,#8149,#8150,#8151,#8152,
#8153,#8154,#8155,#8156,#8157,#8158,#8159,#8160,#8161,#8162,#8163,#8164,
#8165,#8166,#8167,#8168,#8169,#8170,#8171,#8172,#8173,#8174,#8175,#8176,
#8177,#8178,#8179),#8704,.F.);
#9027=ADVANCED_FACE('',(#8180),#8705,.F.);
#9028=ADVANCED_FACE('',(#8181),#8706,.T.);
#9029=ADVANCED_FACE('',(#8182),#8707,.T.);
#9030=ADVANCED_FACE('',(#8183,#8184,#8185,#8186,#8187,#8188),#8708,.T.);
#9031=ADVANCED_FACE('',(#8189),#8709,.F.);
#9032=ADVANCED_FACE('',(#8190,#8191),#8710,.T.);
#9033=ADVANCED_FACE('',(#8192),#8711,.T.);
#9034=ADVANCED_FACE('',(#8193),#116,.T.);
#9035=ADVANCED_FACE('',(#8194),#8712,.F.);
#9036=ADVANCED_FACE('',(#8195),#117,.T.);
#9037=ADVANCED_FACE('',(#8196),#8713,.F.);
#9038=ADVANCED_FACE('',(#8197),#118,.F.);
#9039=ADVANCED_FACE('',(#8198),#8714,.F.);
#9040=ADVANCED_FACE('',(#8199),#119,.T.);
#9041=ADVANCED_FACE('',(#8200),#8715,.F.);
#9042=ADVANCED_FACE('',(#8201),#120,.F.);
#9043=ADVANCED_FACE('',(#8202),#8716,.F.);
#9044=ADVANCED_FACE('',(#8203),#121,.T.);
#9045=ADVANCED_FACE('',(#8204),#8717,.F.);
#9046=ADVANCED_FACE('',(#8205),#122,.F.);
#9047=ADVANCED_FACE('',(#8206),#8718,.F.);
#9048=ADVANCED_FACE('',(#8207),#123,.T.);
#9049=ADVANCED_FACE('',(#8208),#8719,.F.);
#9050=ADVANCED_FACE('',(#8209),#124,.T.);
#9051=ADVANCED_FACE('',(#8210),#8720,.F.);
#9052=ADVANCED_FACE('',(#8211),#125,.F.);
#9053=ADVANCED_FACE('',(#8212),#8721,.F.);
#9054=ADVANCED_FACE('',(#8213),#126,.T.);
#9055=ADVANCED_FACE('',(#8214),#8722,.T.);
#9056=ADVANCED_FACE('',(#8215),#127,.T.);
#9057=ADVANCED_FACE('',(#8216),#8723,.T.);
#9058=ADVANCED_FACE('',(#8217),#128,.T.);
#9059=ADVANCED_FACE('',(#8218),#8724,.T.);
#9060=ADVANCED_FACE('',(#8219),#129,.T.);
#9061=ADVANCED_FACE('',(#8220),#8725,.T.);
#9062=ADVANCED_FACE('',(#8221),#130,.T.);
#9063=ADVANCED_FACE('',(#8222),#8726,.F.);
#9064=ADVANCED_FACE('',(#8223),#131,.F.);
#9065=ADVANCED_FACE('',(#8224,#8225,#8226,#8227,#8228,#8229,#8230),#8727,
 .F.);
#9066=ADVANCED_FACE('',(#8231),#69,.T.);
#9067=ADVANCED_FACE('',(#8232),#132,.T.);
#9068=ADVANCED_FACE('',(#8233),#133,.T.);
#9069=ADVANCED_FACE('',(#8234),#70,.T.);
#9070=ADVANCED_FACE('',(#8235),#71,.T.);
#9071=ADVANCED_FACE('',(#8236),#134,.T.);
#9072=ADVANCED_FACE('',(#8237),#135,.T.);
#9073=ADVANCED_FACE('',(#8238),#72,.T.);
#9074=ADVANCED_FACE('',(#8239),#73,.T.);
#9075=ADVANCED_FACE('',(#8240),#136,.T.);
#9076=ADVANCED_FACE('',(#8241),#137,.T.);
#9077=ADVANCED_FACE('',(#8242),#74,.T.);
#9078=ADVANCED_FACE('',(#8243),#75,.T.);
#9079=ADVANCED_FACE('',(#8244),#138,.T.);
#9080=ADVANCED_FACE('',(#8245),#139,.T.);
#9081=ADVANCED_FACE('',(#8246),#76,.T.);
#9082=ADVANCED_FACE('',(#8247),#77,.T.);
#9083=ADVANCED_FACE('',(#8248),#140,.T.);
#9084=ADVANCED_FACE('',(#8249),#141,.T.);
#9085=ADVANCED_FACE('',(#8250),#78,.T.);
#9086=ADVANCED_FACE('',(#8251),#79,.T.);
#9087=ADVANCED_FACE('',(#8252),#142,.T.);
#9088=ADVANCED_FACE('',(#8253),#143,.T.);
#9089=ADVANCED_FACE('',(#8254),#80,.T.);
#9090=ADVANCED_FACE('',(#8255),#81,.T.);
#9091=ADVANCED_FACE('',(#8256),#144,.T.);
#9092=ADVANCED_FACE('',(#8257),#145,.T.);
#9093=ADVANCED_FACE('',(#8258),#82,.T.);
#9094=ADVANCED_FACE('',(#8259),#83,.T.);
#9095=ADVANCED_FACE('',(#8260),#146,.T.);
#9096=ADVANCED_FACE('',(#8261),#147,.T.);
#9097=ADVANCED_FACE('',(#8262),#84,.T.);
#9098=ADVANCED_FACE('',(#8263),#148,.F.);
#9099=ADVANCED_FACE('',(#8264),#8728,.F.);
#9100=ADVANCED_FACE('',(#8265),#149,.T.);
#9101=ADVANCED_FACE('',(#8266),#8729,.F.);
#9102=ADVANCED_FACE('',(#8267),#150,.F.);
#9103=ADVANCED_FACE('',(#8268),#8730,.F.);
#9104=ADVANCED_FACE('',(#8269),#151,.F.);
#9105=ADVANCED_FACE('',(#8270),#8731,.T.);
#9106=ADVANCED_FACE('',(#8271),#152,.T.);
#9107=ADVANCED_FACE('',(#8272),#8732,.T.);
#9108=ADVANCED_FACE('',(#8273),#153,.F.);
#9109=ADVANCED_FACE('',(#8274),#8733,.T.);
#9110=ADVANCED_FACE('',(#8275),#154,.F.);
#9111=ADVANCED_FACE('',(#8276),#8734,.T.);
#9112=ADVANCED_FACE('',(#8277),#155,.F.);
#9113=ADVANCED_FACE('',(#8278),#8735,.T.);
#9114=ADVANCED_FACE('',(#8279),#156,.F.);
#9115=ADVANCED_FACE('',(#8280),#8736,.T.);
#9116=ADVANCED_FACE('',(#8281),#157,.F.);
#9117=ADVANCED_FACE('',(#8282),#158,.T.);
#9118=ADVANCED_FACE('',(#8283),#8737,.F.);
#9119=ADVANCED_FACE('',(#8284),#159,.F.);
#9120=ADVANCED_FACE('',(#8285),#8738,.F.);
#9121=ADVANCED_FACE('',(#8286),#160,.F.);
#9122=ADVANCED_FACE('',(#8287),#8739,.F.);
#9123=ADVANCED_FACE('',(#8288),#161,.T.);
#9124=ADVANCED_FACE('',(#8289),#8740,.F.);
#9125=ADVANCED_FACE('',(#8290),#162,.F.);
#9126=ADVANCED_FACE('',(#8291),#8741,.F.);
#9127=ADVANCED_FACE('',(#8292),#163,.T.);
#9128=ADVANCED_FACE('',(#8293),#8742,.F.);
#9129=ADVANCED_FACE('',(#8294),#8743,.T.);
#9130=ADVANCED_FACE('',(#8295),#164,.F.);
#9131=ADVANCED_FACE('',(#8296),#8744,.T.);
#9132=ADVANCED_FACE('',(#8297),#165,.F.);
#9133=ADVANCED_FACE('',(#8298),#8745,.T.);
#9134=ADVANCED_FACE('',(#8299),#8746,.F.);
#9135=ADVANCED_FACE('',(#8300),#8747,.F.);
#9136=ADVANCED_FACE('',(#8301),#166,.F.);
#9137=ADVANCED_FACE('',(#8302),#8748,.F.);
#9138=ADVANCED_FACE('',(#8303),#167,.F.);
#9139=ADVANCED_FACE('',(#8304),#8749,.T.);
#9140=ADVANCED_FACE('',(#8305,#8306),#168,.F.);
#9141=ADVANCED_FACE('',(#8307,#8308),#169,.F.);
#9142=ADVANCED_FACE('',(#8309,#8310),#170,.F.);
#9143=ADVANCED_FACE('',(#8311,#8312),#171,.F.);
#9144=ADVANCED_FACE('',(#8313,#8314),#172,.F.);
#9145=ADVANCED_FACE('',(#8315,#8316),#173,.F.);
#9146=ADVANCED_FACE('',(#8317),#8750,.F.);
#9147=ADVANCED_FACE('',(#8318),#8751,.F.);
#9148=ADVANCED_FACE('',(#8319),#8752,.T.);
#9149=ADVANCED_FACE('',(#8320,#8321,#8322,#8323,#8324,#8325),#8753,.F.);
#9150=ADVANCED_FACE('',(#8326),#8754,.T.);
#9151=ADVANCED_FACE('',(#8327),#174,.T.);
#9152=ADVANCED_FACE('',(#8328),#8755,.T.);
#9153=ADVANCED_FACE('',(#8329),#175,.F.);
#9154=ADVANCED_FACE('',(#8330),#8756,.T.);
#9155=ADVANCED_FACE('',(#8331),#176,.T.);
#9156=ADVANCED_FACE('',(#8332),#8757,.T.);
#9157=ADVANCED_FACE('',(#8333),#177,.F.);
#9158=ADVANCED_FACE('',(#8334),#8758,.T.);
#9159=ADVANCED_FACE('',(#8335),#178,.F.);
#9160=ADVANCED_FACE('',(#8336),#8759,.T.);
#9161=ADVANCED_FACE('',(#8337),#179,.T.);
#9162=ADVANCED_FACE('',(#8338),#8760,.T.);
#9163=ADVANCED_FACE('',(#8339),#180,.F.);
#9164=ADVANCED_FACE('',(#8340),#8761,.T.);
#9165=ADVANCED_FACE('',(#8341),#181,.F.);
#9166=ADVANCED_FACE('',(#8342),#8762,.T.);
#9167=ADVANCED_FACE('',(#8343),#182,.F.);
#9168=ADVANCED_FACE('',(#8344),#8763,.T.);
#9169=ADVANCED_FACE('',(#8345),#183,.F.);
#9170=ADVANCED_FACE('',(#8346),#8764,.F.);
#9171=ADVANCED_FACE('',(#8347),#184,.F.);
#9172=ADVANCED_FACE('',(#8348),#8765,.F.);
#9173=ADVANCED_FACE('',(#8349),#185,.T.);
#9174=ADVANCED_FACE('',(#8350),#8766,.T.);
#9175=ADVANCED_FACE('',(#8351),#186,.F.);
#9176=ADVANCED_FACE('',(#8352),#8767,.T.);
#9177=ADVANCED_FACE('',(#8353),#187,.F.);
#9178=ADVANCED_FACE('',(#8354),#8768,.T.);
#9179=ADVANCED_FACE('',(#8355),#188,.T.);
#9180=ADVANCED_FACE('',(#8356),#8769,.T.);
#9181=ADVANCED_FACE('',(#8357),#189,.F.);
#9182=ADVANCED_FACE('',(#8358),#8770,.F.);
#9183=ADVANCED_FACE('',(#8359),#190,.T.);
#9184=ADVANCED_FACE('',(#8360),#8771,.T.);
#9185=ADVANCED_FACE('',(#8361),#191,.T.);
#9186=ADVANCED_FACE('',(#8362),#8772,.T.);
#9187=ADVANCED_FACE('',(#8363),#192,.F.);
#9188=ADVANCED_FACE('',(#8364),#8773,.T.);
#9189=ADVANCED_FACE('',(#8365),#193,.T.);
#9190=ADVANCED_FACE('',(#8366),#8774,.T.);
#9191=ADVANCED_FACE('',(#8367),#194,.F.);
#9192=ADVANCED_FACE('',(#8368),#8775,.T.);
#9193=ADVANCED_FACE('',(#8369),#195,.T.);
#9194=ADVANCED_FACE('',(#8370),#8776,.T.);
#9195=ADVANCED_FACE('',(#8371),#196,.F.);
#9196=ADVANCED_FACE('',(#8372),#8777,.T.);
#9197=ADVANCED_FACE('',(#8373),#197,.T.);
#9198=ADVANCED_FACE('',(#8374),#8778,.T.);
#9199=ADVANCED_FACE('',(#8375),#198,.T.);
#9200=ADVANCED_FACE('',(#8376),#8779,.T.);
#9201=ADVANCED_FACE('',(#8377),#199,.F.);
#9202=ADVANCED_FACE('',(#8378),#8780,.T.);
#9203=ADVANCED_FACE('',(#8379),#200,.T.);
#9204=ADVANCED_FACE('',(#8380),#8781,.F.);
#9205=ADVANCED_FACE('',(#8381),#201,.T.);
#9206=ADVANCED_FACE('',(#8382),#8782,.F.);
#9207=ADVANCED_FACE('',(#8383),#202,.T.);
#9208=ADVANCED_FACE('',(#8384),#8783,.F.);
#9209=ADVANCED_FACE('',(#8385),#203,.T.);
#9210=ADVANCED_FACE('',(#8386),#8784,.F.);
#9211=ADVANCED_FACE('',(#8387),#204,.T.);
#9212=ADVANCED_FACE('',(#8388),#8785,.T.);
#9213=ADVANCED_FACE('',(#8389),#205,.F.);
#9214=ADVANCED_FACE('',(#8390,#8391),#8786,.F.);
#9215=ADVANCED_FACE('',(#8392),#8787,.T.);
#9216=ADVANCED_FACE('',(#8393),#8788,.F.);
#9217=ADVANCED_FACE('',(#8394),#8789,.F.);
#9218=ADVANCED_FACE('',(#8395),#8790,.F.);
#9219=ADVANCED_FACE('',(#8396),#8791,.F.);
#9220=ADVANCED_FACE('',(#8397),#8792,.T.);
#9221=ADVANCED_FACE('',(#8398),#8793,.T.);
#9222=ADVANCED_FACE('',(#8399),#8794,.T.);
#9223=ADVANCED_FACE('',(#8400),#8795,.T.);
#9224=ADVANCED_FACE('',(#8401),#8796,.T.);
#9225=ADVANCED_FACE('',(#8402),#8797,.T.);
#9226=ADVANCED_FACE('',(#8403),#8798,.T.);
#9227=ADVANCED_FACE('',(#8404),#8799,.T.);
#9228=ADVANCED_FACE('',(#8405),#8800,.T.);
#9229=ADVANCED_FACE('',(#8406),#8801,.F.);
#9230=ADVANCED_FACE('',(#8407),#8802,.T.);
#9231=ADVANCED_FACE('',(#8408),#8803,.F.);
#9232=ADVANCED_FACE('',(#8409),#8804,.T.);
#9233=ADVANCED_FACE('',(#8410),#8805,.F.);
#9234=ADVANCED_FACE('',(#8411),#8806,.F.);
#9235=ADVANCED_FACE('',(#8412),#8807,.F.);
#9236=ADVANCED_FACE('',(#8413),#8808,.F.);
#9237=ADVANCED_FACE('',(#8414),#8809,.F.);
#9238=ADVANCED_FACE('',(#8415),#8810,.F.);
#9239=ADVANCED_FACE('',(#8416),#8811,.F.);
#9240=ADVANCED_FACE('',(#8417),#8812,.F.);
#9241=ADVANCED_FACE('',(#8418),#8813,.F.);
#9242=ADVANCED_FACE('',(#8419),#8814,.F.);
#9243=ADVANCED_FACE('',(#8420),#8815,.F.);
#9244=ADVANCED_FACE('',(#8421),#8816,.F.);
#9245=ADVANCED_FACE('',(#8422),#8817,.T.);
#9246=ADVANCED_FACE('',(#8423),#8818,.F.);
#9247=ADVANCED_FACE('',(#8424),#8819,.F.);
#9248=ADVANCED_FACE('',(#8425),#8820,.F.);
#9249=ADVANCED_FACE('',(#8426),#8821,.F.);
#9250=ADVANCED_FACE('',(#8427),#8822,.F.);
#9251=ADVANCED_FACE('',(#8428),#8823,.F.);
#9252=ADVANCED_FACE('',(#8429),#8824,.F.);
#9253=ADVANCED_FACE('',(#8430),#8825,.F.);
#9254=ADVANCED_FACE('',(#8431),#8826,.F.);
#9255=ADVANCED_FACE('',(#8432),#8827,.F.);
#9256=ADVANCED_FACE('',(#8433),#8828,.T.);
#9257=ADVANCED_FACE('',(#8434),#8829,.T.);
#9258=ADVANCED_FACE('',(#8435),#8830,.T.);
#9259=ADVANCED_FACE('',(#8436),#8831,.T.);
#9260=ADVANCED_FACE('',(#8437),#8832,.T.);
#9261=ADVANCED_FACE('',(#8438),#8833,.F.);
#9262=ADVANCED_FACE('',(#8439,#8440,#8441),#8834,.T.);
#9263=ADVANCED_FACE('',(#8442,#8443,#8444,#8445,#8446,#8447,#8448,#8449,
#8450,#8451),#8835,.F.);
#9264=ADVANCED_FACE('',(#8452),#206,.T.);
#9265=ADVANCED_FACE('',(#8453),#207,.T.);
#9266=ADVANCED_FACE('',(#8454),#208,.T.);
#9267=ADVANCED_FACE('',(#8455),#209,.T.);
#9268=ADVANCED_FACE('',(#8456),#210,.T.);
#9269=ADVANCED_FACE('',(#8457),#211,.T.);
#9270=ADVANCED_FACE('',(#8458),#212,.T.);
#9271=ADVANCED_FACE('',(#8459),#213,.T.);
#9272=ADVANCED_FACE('',(#8460),#214,.T.);
#9273=ADVANCED_FACE('',(#8461),#215,.T.);
#9274=ADVANCED_FACE('',(#8462),#216,.T.);
#9275=ADVANCED_FACE('',(#8463),#217,.T.);
#9276=ADVANCED_FACE('',(#8464),#218,.T.);
#9277=ADVANCED_FACE('',(#8465),#219,.T.);
#9278=ADVANCED_FACE('',(#8466),#220,.T.);
#9279=ADVANCED_FACE('',(#8467),#221,.T.);
#9280=ADVANCED_FACE('',(#8468),#222,.T.);
#9281=ADVANCED_FACE('',(#8469),#223,.T.);
#9282=ADVANCED_FACE('',(#8470),#224,.T.);
#9283=ADVANCED_FACE('',(#8471),#225,.T.);
#9284=ADVANCED_FACE('',(#8472),#226,.T.);
#9285=ADVANCED_FACE('',(#8473),#227,.T.);
#9286=ADVANCED_FACE('',(#8474),#228,.T.);
#9287=ADVANCED_FACE('',(#8475),#229,.T.);
#9288=ADVANCED_FACE('',(#8476),#230,.T.);
#9289=ADVANCED_FACE('',(#8477),#231,.T.);
#9290=ADVANCED_FACE('',(#8478),#232,.T.);
#9291=ADVANCED_FACE('',(#8479),#233,.T.);
#9292=ADVANCED_FACE('',(#8480),#234,.T.);
#9293=ADVANCED_FACE('',(#8481),#235,.T.);
#9294=ADVANCED_FACE('',(#8482),#236,.T.);
#9295=ADVANCED_FACE('',(#8483),#237,.T.);
#9296=ADVANCED_FACE('',(#8484),#238,.T.);
#9297=ADVANCED_FACE('',(#8485),#239,.T.);
#9298=ADVANCED_FACE('',(#8486),#240,.T.);
#9299=ADVANCED_FACE('',(#8487),#241,.T.);
#9300=ADVANCED_FACE('',(#8488),#242,.T.);
#9301=ADVANCED_FACE('',(#8489),#243,.T.);
#9302=ADVANCED_FACE('',(#8490),#244,.T.);
#9303=ADVANCED_FACE('',(#8491),#245,.T.);
#9304=ADVANCED_FACE('',(#8492),#246,.T.);
#9305=ADVANCED_FACE('',(#8493),#247,.T.);
#9306=ADVANCED_FACE('',(#8494),#248,.T.);
#9307=ADVANCED_FACE('',(#8495,#8496),#249,.F.);
#9308=ADVANCED_FACE('',(#8497),#8836,.T.);
#9309=ADVANCED_FACE('',(#8498,#8499),#250,.F.);
#9310=ADVANCED_FACE('',(#8500),#8837,.T.);
#9311=ADVANCED_FACE('',(#8501,#8502),#251,.F.);
#9312=ADVANCED_FACE('',(#8503),#8838,.T.);
#9313=ADVANCED_FACE('',(#8504,#8505),#252,.F.);
#9314=ADVANCED_FACE('',(#8506),#8839,.T.);
#9315=ADVANCED_FACE('',(#8507,#8508),#253,.F.);
#9316=ADVANCED_FACE('',(#8509),#8840,.T.);
#9317=ADVANCED_FACE('',(#8510,#8511),#254,.F.);
#9318=ADVANCED_FACE('',(#8512),#8841,.T.);
#9319=ADVANCED_FACE('',(#8513,#8514),#255,.F.);
#9320=ADVANCED_FACE('',(#8515),#8842,.T.);
#9321=ADVANCED_FACE('',(#8516),#8843,.T.);
#9322=ADVANCED_FACE('',(#8517),#10,.T.);
#9323=ADVANCED_FACE('',(#8518),#8844,.T.);
#9324=ADVANCED_FACE('',(#8519),#11,.T.);
#9325=ADVANCED_FACE('',(#8520),#8845,.T.);
#9326=ADVANCED_FACE('',(#8521),#12,.T.);
#9327=ADVANCED_FACE('',(#8522),#8846,.T.);
#9328=ADVANCED_FACE('',(#8523),#13,.T.);
#9329=ADVANCED_FACE('',(#8524),#8847,.F.);
#9330=ADVANCED_FACE('',(#8525),#14,.F.);
#9331=ADVANCED_FACE('',(#8526),#8848,.T.);
#9332=ADVANCED_FACE('',(#8527),#15,.T.);
#9333=ADVANCED_FACE('',(#8528),#8849,.F.);
#9334=ADVANCED_FACE('',(#8529),#16,.T.);
#9335=ADVANCED_FACE('',(#8530),#8850,.F.);
#9336=ADVANCED_FACE('',(#8531),#17,.F.);
#9337=ADVANCED_FACE('',(#8532),#8851,.F.);
#9338=ADVANCED_FACE('',(#8533),#18,.T.);
#9339=ADVANCED_FACE('',(#8534),#8852,.F.);
#9340=ADVANCED_FACE('',(#8535),#19,.F.);
#9341=ADVANCED_FACE('',(#8536),#8853,.F.);
#9342=ADVANCED_FACE('',(#8537),#20,.T.);
#9343=ADVANCED_FACE('',(#8538),#8854,.F.);
#9344=ADVANCED_FACE('',(#8539),#21,.F.);
#9345=ADVANCED_FACE('',(#8540),#8855,.F.);
#9346=ADVANCED_FACE('',(#8541),#22,.T.);
#9347=ADVANCED_FACE('',(#8542),#8856,.F.);
#9348=ADVANCED_FACE('',(#8543),#23,.T.);
#9349=ADVANCED_FACE('',(#8544),#8857,.F.);
#9350=ADVANCED_FACE('',(#8545),#24,.F.);
#9351=ADVANCED_FACE('',(#8546),#8858,.F.);
#9352=ADVANCED_FACE('',(#8547),#25,.T.);
#9353=ADVANCED_FACE('',(#8548),#8859,.T.);
#9354=ADVANCED_FACE('',(#8549),#256,.F.);
#9355=ADVANCED_FACE('',(#8550),#257,.F.);
#9356=ADVANCED_FACE('',(#8551),#8860,.T.);
#9357=ADVANCED_FACE('',(#8552),#8861,.F.);
#9358=ADVANCED_FACE('',(#8553),#8862,.T.);
#9359=ADVANCED_FACE('',(#8554),#8863,.T.);
#9360=ADVANCED_FACE('',(#8555),#8864,.F.);
#9361=ADVANCED_FACE('',(#8556,#8557),#258,.F.);
#9362=ADVANCED_FACE('',(#8558,#8559),#259,.F.);
#9363=ADVANCED_FACE('',(#8560,#8561),#260,.F.);
#9364=ADVANCED_FACE('',(#8562,#8563),#261,.F.);
#9365=ADVANCED_FACE('',(#8564,#8565),#262,.F.);
#9366=ADVANCED_FACE('',(#8566,#8567),#263,.F.);
#9367=ADVANCED_FACE('',(#8568),#8865,.T.);
#9368=ADVANCED_FACE('',(#8569),#8866,.T.);
#9369=ADVANCED_FACE('',(#8570),#8867,.T.);
#9370=ADVANCED_FACE('',(#8571),#8868,.T.);
#9371=ADVANCED_FACE('',(#8572),#8869,.T.);
#9372=ADVANCED_FACE('',(#8573),#8870,.T.);
#9373=CLOSED_SHELL('',(#8871,#8872,#8873,#8874,#8875,#8876,#8877,#8878,
#8879,#8880,#8881,#8882,#8883,#8884,#8885,#8886,#8887,#8888,#8889,#8890,
#8891,#8892,#8893,#8894,#8895,#8896,#8897,#8898,#8899,#8900,#8901,#8902,
#8903,#8904,#8905,#8906,#8907,#8908,#8909,#8910,#8911,#8912,#8913,#8914,
#8915,#8916,#8917,#8918,#8919,#8920,#8921,#8922,#8923,#8924,#8925,#8926,
#8927,#8928,#8929,#8930,#8931,#8932,#8933,#8934,#8935,#8936,#8937,#8938,
#8939,#8940,#8941,#8942,#8943,#8944,#8945,#8946,#8947,#8948,#8949,#8950,
#8951,#8952,#8953,#8954,#8955,#8956,#8957,#8958,#8959,#8960,#8961,#8962,
#8963,#8964,#8965,#8966,#8967,#8968,#8969,#8970,#8971,#8972,#8973,#8974,
#8975,#8976,#8977,#8978,#8979,#8980,#8981,#8982,#8983,#8984,#8985,#8986,
#8987,#8988,#8989,#8990,#8991,#8992,#8993,#8994,#8995,#8996,#8997,#8998,
#8999,#9000,#9001,#9002,#9003,#9004,#9005,#9006,#9007,#9008,#9009,#9010,
#9011,#9012,#9013,#9014,#9015,#9016,#9017,#9018,#9019,#9020,#9021,#9022,
#9023,#9024,#9025,#9026,#9027,#9028,#9029));
#9374=CLOSED_SHELL('',(#9030,#9031,#9032,#9033,#9034,#9035,#9036,#9037,
#9038,#9039,#9040,#9041,#9042,#9043,#9044,#9045,#9046,#9047,#9048,#9049,
#9050,#9051,#9052,#9053,#9054,#9055,#9056,#9057,#9058,#9059,#9060,#9061,
#9062,#9063,#9064,#9065,#9066,#9067,#9068,#9069,#9070,#9071,#9072,#9073,
#9074,#9075,#9076,#9077,#9078,#9079,#9080,#9081,#9082,#9083,#9084,#9085,
#9086,#9087,#9088,#9089,#9090,#9091,#9092,#9093,#9094,#9095,#9096,#9097,
#9098,#9099,#9100,#9101,#9102,#9103,#9104,#9105,#9106,#9107,#9108,#9109,
#9110,#9111,#9112,#9113,#9114,#9115,#9116,#9117,#9118,#9119,#9120,#9121,
#9122,#9123,#9124,#9125,#9126,#9127,#9128,#9129,#9130,#9131,#9132,#9133,
#9134,#9135,#9136,#9137,#9138,#9139,#9140,#9141,#9142,#9143,#9144,#9145));
#9375=CLOSED_SHELL('',(#9146,#9147,#9148,#9149,#9150,#9151,#9152,#9153,
#9154,#9155,#9156,#9157,#9158,#9159,#9160,#9161,#9162,#9163,#9164,#9165,
#9166,#9167,#9168,#9169,#9170,#9171,#9172,#9173,#9174,#9175,#9176,#9177,
#9178,#9179,#9180,#9181,#9182,#9183,#9184,#9185,#9186,#9187,#9188,#9189,
#9190,#9191,#9192,#9193,#9194,#9195,#9196,#9197,#9198,#9199,#9200,#9201,
#9202,#9203,#9204,#9205,#9206,#9207,#9208,#9209,#9210,#9211,#9212,#9213,
#9214,#9215,#9216,#9217,#9218,#9219,#9220,#9221,#9222,#9223,#9224,#9225,
#9226,#9227,#9228,#9229,#9230,#9231,#9232,#9233,#9234,#9235,#9236,#9237,
#9238,#9239,#9240,#9241,#9242,#9243,#9244,#9245,#9246,#9247,#9248,#9249,
#9250,#9251,#9252,#9253,#9254,#9255,#9256,#9257,#9258,#9259,#9260,#9261,
#9262,#9263,#9264,#9265,#9266,#9267,#9268,#9269,#9270,#9271,#9272,#9273,
#9274,#9275,#9276,#9277,#9278,#9279,#9280,#9281,#9282,#9283,#9284,#9285,
#9286,#9287,#9288,#9289,#9290,#9291,#9292,#9293,#9294,#9295,#9296,#9297,
#9298,#9299,#9300,#9301,#9302,#9303,#9304,#9305,#9306,#9307,#9308,#9309,
#9310,#9311,#9312,#9313,#9314,#9315,#9316,#9317,#9318,#9319,#9320,#9321,
#9322,#9323,#9324,#9325,#9326,#9327,#9328,#9329,#9330,#9331,#9332,#9333,
#9334,#9335,#9336,#9337,#9338,#9339,#9340,#9341,#9342,#9343,#9344,#9345,
#9346,#9347,#9348,#9349,#9350,#9351,#9352,#9353,#9354,#9355,#9356,#9357,
#9358,#9359,#9360,#9361,#9362,#9363,#9364,#9365,#9366,#9367,#9368,#9369,
#9370,#9371,#9372));
#9376=STYLED_ITEM('',(#9379),#9400);
#9377=STYLED_ITEM('',(#9380),#9401);
#9378=STYLED_ITEM('',(#9381),#9402);
#9379=PRESENTATION_STYLE_ASSIGNMENT((#9382));
#9380=PRESENTATION_STYLE_ASSIGNMENT((#9383));
#9381=PRESENTATION_STYLE_ASSIGNMENT((#9384));
#9382=SURFACE_STYLE_USAGE(.BOTH.,#9385);
#9383=SURFACE_STYLE_USAGE(.BOTH.,#9386);
#9384=SURFACE_STYLE_USAGE(.BOTH.,#9387);
#9385=SURFACE_SIDE_STYLE('',(#9388));
#9386=SURFACE_SIDE_STYLE('',(#9389));
#9387=SURFACE_SIDE_STYLE('',(#9390));
#9388=SURFACE_STYLE_FILL_AREA(#9391);
#9389=SURFACE_STYLE_FILL_AREA(#9392);
#9390=SURFACE_STYLE_FILL_AREA(#9393);
#9391=FILL_AREA_STYLE('',(#9394));
#9392=FILL_AREA_STYLE('',(#9395));
#9393=FILL_AREA_STYLE('',(#9396));
#9394=FILL_AREA_STYLE_COLOUR('',#9397);
#9395=FILL_AREA_STYLE_COLOUR('',#9398);
#9396=FILL_AREA_STYLE_COLOUR('',#9399);
#9397=COLOUR_RGB('',0.498039215686275,0.498039215686275,0.498039215686275);
#9398=COLOUR_RGB('',0.972549019607843,0.529411764705882,0.00392156862745098);
#9399=COLOUR_RGB('',0.980392156862745,0.713725490196078,0.00392156862745098);
#9400=MANIFOLD_SOLID_BREP('Part 71',#9373);
#9401=MANIFOLD_SOLID_BREP('Part 70',#9374);
#9402=MANIFOLD_SOLID_BREP('Part 72',#9375);
#9403=SHAPE_DEFINITION_REPRESENTATION(#15610,#9406);
#9404=SHAPE_DEFINITION_REPRESENTATION(#15611,#9407);
#9405=SHAPE_DEFINITION_REPRESENTATION(#15612,#9408);
#9406=SHAPE_REPRESENTATION('Part 71',(#9409),#15595);
#9407=SHAPE_REPRESENTATION('Part 70',(#9619),#15596);
#9408=SHAPE_REPRESENTATION('Part 72',(#9868),#15597);
#9409=AXIS2_PLACEMENT_3D('',#12912,#10250,#10251);
#9410=AXIS2_PLACEMENT_3D('',#12913,#10252,#10253);
#9411=AXIS2_PLACEMENT_3D('',#12922,#10258,#10259);
#9412=AXIS2_PLACEMENT_3D('',#13139,#10368,#10369);
#9413=AXIS2_PLACEMENT_3D('',#13141,#10370,#10371);
#9414=AXIS2_PLACEMENT_3D('',#13143,#10372,#10373);
#9415=AXIS2_PLACEMENT_3D('',#13145,#10374,#10375);
#9416=AXIS2_PLACEMENT_3D('',#13147,#10376,#10377);
#9417=AXIS2_PLACEMENT_3D('',#13149,#10378,#10379);
#9418=AXIS2_PLACEMENT_3D('',#13151,#10380,#10381);
#9419=AXIS2_PLACEMENT_3D('',#13160,#10385,#10386);
#9420=AXIS2_PLACEMENT_3D('',#13164,#10388,#10389);
#9421=AXIS2_PLACEMENT_3D('',#13172,#10393,#10394);
#9422=AXIS2_PLACEMENT_3D('',#13176,#10396,#10397);
#9423=AXIS2_PLACEMENT_3D('',#13180,#10399,#10400);
#9424=AXIS2_PLACEMENT_3D('',#13184,#10402,#10403);
#9425=AXIS2_PLACEMENT_3D('',#13188,#10405,#10406);
#9426=AXIS2_PLACEMENT_3D('',#13192,#10408,#10409);
#9427=AXIS2_PLACEMENT_3D('',#13196,#10411,#10412);
#9428=AXIS2_PLACEMENT_3D('',#13200,#10414,#10415);
#9429=AXIS2_PLACEMENT_3D('',#13204,#10417,#10418);
#9430=AXIS2_PLACEMENT_3D('',#13208,#10420,#10421);
#9431=AXIS2_PLACEMENT_3D('',#13212,#10423,#10424);
#9432=AXIS2_PLACEMENT_3D('',#13216,#10426,#10427);
#9433=AXIS2_PLACEMENT_3D('',#13220,#10429,#10430);
#9434=AXIS2_PLACEMENT_3D('',#13224,#10432,#10433);
#9435=AXIS2_PLACEMENT_3D('',#13228,#10435,#10436);
#9436=AXIS2_PLACEMENT_3D('',#13232,#10438,#10439);
#9437=AXIS2_PLACEMENT_3D('',#13234,#10441,#10442);
#9438=AXIS2_PLACEMENT_3D('',#13240,#10446,#10447);
#9439=AXIS2_PLACEMENT_3D('',#13244,#10450,#10451);
#9440=AXIS2_PLACEMENT_3D('',#13248,#10454,#10455);
#9441=AXIS2_PLACEMENT_3D('',#13254,#10459,#10460);
#9442=AXIS2_PLACEMENT_3D('',#13258,#10463,#10464);
#9443=AXIS2_PLACEMENT_3D('',#13262,#10467,#10468);
#9444=AXIS2_PLACEMENT_3D('',#13268,#10472,#10473);
#9445=AXIS2_PLACEMENT_3D('',#13272,#10476,#10477);
#9446=AXIS2_PLACEMENT_3D('',#13276,#10480,#10481);
#9447=AXIS2_PLACEMENT_3D('',#13282,#10485,#10486);
#9448=AXIS2_PLACEMENT_3D('',#13286,#10489,#10490);
#9449=AXIS2_PLACEMENT_3D('',#13290,#10493,#10494);
#9450=AXIS2_PLACEMENT_3D('',#13296,#10498,#10499);
#9451=AXIS2_PLACEMENT_3D('',#13300,#10502,#10503);
#9452=AXIS2_PLACEMENT_3D('',#13304,#10506,#10507);
#9453=AXIS2_PLACEMENT_3D('',#13310,#10511,#10512);
#9454=AXIS2_PLACEMENT_3D('',#13314,#10515,#10516);
#9455=AXIS2_PLACEMENT_3D('',#13318,#10519,#10520);
#9456=AXIS2_PLACEMENT_3D('',#13324,#10524,#10525);
#9457=AXIS2_PLACEMENT_3D('',#13328,#10528,#10529);
#9458=AXIS2_PLACEMENT_3D('',#13332,#10532,#10533);
#9459=AXIS2_PLACEMENT_3D('',#13338,#10537,#10538);
#9460=AXIS2_PLACEMENT_3D('',#13342,#10541,#10542);
#9461=AXIS2_PLACEMENT_3D('',#13346,#10545,#10546);
#9462=AXIS2_PLACEMENT_3D('',#13352,#10550,#10551);
#9463=AXIS2_PLACEMENT_3D('',#13356,#10554,#10555);
#9464=AXIS2_PLACEMENT_3D('',#13360,#10558,#10559);
#9465=AXIS2_PLACEMENT_3D('',#13366,#10563,#10564);
#9466=AXIS2_PLACEMENT_3D('',#13370,#10567,#10568);
#9467=AXIS2_PLACEMENT_3D('',#13374,#10571,#10572);
#9468=AXIS2_PLACEMENT_3D('',#13380,#10576,#10577);
#9469=AXIS2_PLACEMENT_3D('',#13384,#10580,#10581);
#9470=AXIS2_PLACEMENT_3D('',#13388,#10584,#10585);
#9471=AXIS2_PLACEMENT_3D('',#13394,#10589,#10590);
#9472=AXIS2_PLACEMENT_3D('',#13398,#10593,#10594);
#9473=AXIS2_PLACEMENT_3D('',#13402,#10597,#10598);
#9474=AXIS2_PLACEMENT_3D('',#13408,#10602,#10603);
#9475=AXIS2_PLACEMENT_3D('',#13412,#10606,#10607);
#9476=AXIS2_PLACEMENT_3D('',#13416,#10610,#10611);
#9477=AXIS2_PLACEMENT_3D('',#13422,#10615,#10616);
#9478=AXIS2_PLACEMENT_3D('',#13426,#10619,#10620);
#9479=AXIS2_PLACEMENT_3D('',#13430,#10623,#10624);
#9480=AXIS2_PLACEMENT_3D('',#13436,#10628,#10629);
#9481=AXIS2_PLACEMENT_3D('',#13440,#10632,#10633);
#9482=AXIS2_PLACEMENT_3D('',#13444,#10636,#10637);
#9483=AXIS2_PLACEMENT_3D('',#13450,#10641,#10642);
#9484=AXIS2_PLACEMENT_3D('',#13454,#10645,#10646);
#9485=AXIS2_PLACEMENT_3D('',#13458,#10649,#10650);
#9486=AXIS2_PLACEMENT_3D('',#13464,#10654,#10655);
#9487=AXIS2_PLACEMENT_3D('',#13468,#10658,#10659);
#9488=AXIS2_PLACEMENT_3D('',#13472,#10662,#10663);
#9489=AXIS2_PLACEMENT_3D('',#13478,#10667,#10668);
#9490=AXIS2_PLACEMENT_3D('',#13482,#10671,#10672);
#9491=AXIS2_PLACEMENT_3D('',#13486,#10675,#10676);
#9492=AXIS2_PLACEMENT_3D('',#13492,#10680,#10681);
#9493=AXIS2_PLACEMENT_3D('',#13496,#10684,#10685);
#9494=AXIS2_PLACEMENT_3D('',#13500,#10688,#10689);
#9495=AXIS2_PLACEMENT_3D('',#13506,#10693,#10694);
#9496=AXIS2_PLACEMENT_3D('',#13510,#10697,#10698);
#9497=AXIS2_PLACEMENT_3D('',#13514,#10701,#10702);
#9498=AXIS2_PLACEMENT_3D('',#13520,#10706,#10707);
#9499=AXIS2_PLACEMENT_3D('',#13524,#10710,#10711);
#9500=AXIS2_PLACEMENT_3D('',#13528,#10714,#10715);
#9501=AXIS2_PLACEMENT_3D('',#13534,#10719,#10720);
#9502=AXIS2_PLACEMENT_3D('',#13538,#10723,#10724);
#9503=AXIS2_PLACEMENT_3D('',#13542,#10727,#10728);
#9504=AXIS2_PLACEMENT_3D('',#13548,#10732,#10733);
#9505=AXIS2_PLACEMENT_3D('',#13552,#10736,#10737);
#9506=AXIS2_PLACEMENT_3D('',#13556,#10740,#10741);
#9507=AXIS2_PLACEMENT_3D('',#13562,#10745,#10746);
#9508=AXIS2_PLACEMENT_3D('',#13566,#10749,#10750);
#9509=AXIS2_PLACEMENT_3D('',#13570,#10753,#10754);
#9510=AXIS2_PLACEMENT_3D('',#13576,#10758,#10759);
#9511=AXIS2_PLACEMENT_3D('',#13580,#10762,#10763);
#9512=AXIS2_PLACEMENT_3D('',#13584,#10766,#10767);
#9513=AXIS2_PLACEMENT_3D('',#13590,#10771,#10772);
#9514=AXIS2_PLACEMENT_3D('',#13594,#10775,#10776);
#9515=AXIS2_PLACEMENT_3D('',#13598,#10779,#10780);
#9516=AXIS2_PLACEMENT_3D('',#13604,#10784,#10785);
#9517=AXIS2_PLACEMENT_3D('',#13608,#10788,#10789);
#9518=AXIS2_PLACEMENT_3D('',#13612,#10792,#10793);
#9519=AXIS2_PLACEMENT_3D('',#13618,#10797,#10798);
#9520=AXIS2_PLACEMENT_3D('',#13622,#10801,#10802);
#9521=AXIS2_PLACEMENT_3D('',#13626,#10805,#10806);
#9522=AXIS2_PLACEMENT_3D('',#13627,#10807,#10808);
#9523=AXIS2_PLACEMENT_3D('',#13630,#10810,#10811);
#9524=AXIS2_PLACEMENT_3D('',#13634,#10814,#10815);
#9525=AXIS2_PLACEMENT_3D('',#13635,#10816,#10817);
#9526=AXIS2_PLACEMENT_3D('',#13638,#10819,#10820);
#9527=AXIS2_PLACEMENT_3D('',#13642,#10823,#10824);
#9528=AXIS2_PLACEMENT_3D('',#13643,#10825,#10826);
#9529=AXIS2_PLACEMENT_3D('',#13646,#10828,#10829);
#9530=AXIS2_PLACEMENT_3D('',#13650,#10832,#10833);
#9531=AXIS2_PLACEMENT_3D('',#13651,#10834,#10835);
#9532=AXIS2_PLACEMENT_3D('',#13654,#10837,#10838);
#9533=AXIS2_PLACEMENT_3D('',#13658,#10841,#10842);
#9534=AXIS2_PLACEMENT_3D('',#13659,#10843,#10844);
#9535=AXIS2_PLACEMENT_3D('',#13662,#10846,#10847);
#9536=AXIS2_PLACEMENT_3D('',#13666,#10850,#10851);
#9537=AXIS2_PLACEMENT_3D('',#13667,#10852,#10853);
#9538=AXIS2_PLACEMENT_3D('',#13670,#10855,#10856);
#9539=AXIS2_PLACEMENT_3D('',#13674,#10859,#10860);
#9540=AXIS2_PLACEMENT_3D('',#13675,#10861,#10862);
#9541=AXIS2_PLACEMENT_3D('',#13678,#10864,#10865);
#9542=AXIS2_PLACEMENT_3D('',#13682,#10868,#10869);
#9543=AXIS2_PLACEMENT_3D('',#13683,#10870,#10871);
#9544=AXIS2_PLACEMENT_3D('',#13686,#10873,#10874);
#9545=AXIS2_PLACEMENT_3D('',#13690,#10877,#10878);
#9546=AXIS2_PLACEMENT_3D('',#13691,#10879,#10880);
#9547=AXIS2_PLACEMENT_3D('',#13694,#10882,#10883);
#9548=AXIS2_PLACEMENT_3D('',#13698,#10886,#10887);
#9549=AXIS2_PLACEMENT_3D('',#13699,#10888,#10889);
#9550=AXIS2_PLACEMENT_3D('',#13702,#10891,#10892);
#9551=AXIS2_PLACEMENT_3D('',#13706,#10895,#10896);
#9552=AXIS2_PLACEMENT_3D('',#13707,#10897,#10898);
#9553=AXIS2_PLACEMENT_3D('',#13710,#10900,#10901);
#9554=AXIS2_PLACEMENT_3D('',#13714,#10904,#10905);
#9555=AXIS2_PLACEMENT_3D('',#13715,#10906,#10907);
#9556=AXIS2_PLACEMENT_3D('',#13718,#10909,#10910);
#9557=AXIS2_PLACEMENT_3D('',#13722,#10913,#10914);
#9558=AXIS2_PLACEMENT_3D('',#13723,#10915,#10916);
#9559=AXIS2_PLACEMENT_3D('',#13726,#10918,#10919);
#9560=AXIS2_PLACEMENT_3D('',#13730,#10922,#10923);
#9561=AXIS2_PLACEMENT_3D('',#13731,#10924,#10925);
#9562=AXIS2_PLACEMENT_3D('',#13734,#10927,#10928);
#9563=AXIS2_PLACEMENT_3D('',#13738,#10931,#10932);
#9564=AXIS2_PLACEMENT_3D('',#13739,#10933,#10934);
#9565=AXIS2_PLACEMENT_3D('',#13742,#10936,#10937);
#9566=AXIS2_PLACEMENT_3D('',#13746,#10940,#10941);
#9567=AXIS2_PLACEMENT_3D('',#13747,#10942,#10943);
#9568=AXIS2_PLACEMENT_3D('',#13748,#10944,#10945);
#9569=AXIS2_PLACEMENT_3D('',#13754,#10949,#10950);
#9570=AXIS2_PLACEMENT_3D('',#13755,#10951,#10952);
#9571=AXIS2_PLACEMENT_3D('',#13758,#10954,#10955);
#9572=AXIS2_PLACEMENT_3D('',#13762,#10958,#10959);
#9573=AXIS2_PLACEMENT_3D('',#13763,#10960,#10961);
#9574=AXIS2_PLACEMENT_3D('',#13765,#10962,#10963);
#9575=AXIS2_PLACEMENT_3D('',#13766,#10964,#10965);
#9576=AXIS2_PLACEMENT_3D('',#13768,#10966,#10967);
#9577=AXIS2_PLACEMENT_3D('',#13769,#10968,#10969);
#9578=AXIS2_PLACEMENT_3D('',#13771,#10970,#10971);
#9579=AXIS2_PLACEMENT_3D('',#13772,#10972,#10973);
#9580=AXIS2_PLACEMENT_3D('',#13774,#10974,#10975);
#9581=AXIS2_PLACEMENT_3D('',#13775,#10976,#10977);
#9582=AXIS2_PLACEMENT_3D('',#13777,#10978,#10979);
#9583=AXIS2_PLACEMENT_3D('',#13778,#10980,#10981);
#9584=AXIS2_PLACEMENT_3D('',#13780,#10982,#10983);
#9585=AXIS2_PLACEMENT_3D('',#13782,#10985,#10986);
#9586=AXIS2_PLACEMENT_3D('',#13784,#10988,#10989);
#9587=AXIS2_PLACEMENT_3D('',#13786,#10991,#10992);
#9588=AXIS2_PLACEMENT_3D('',#13788,#10994,#10995);
#9589=AXIS2_PLACEMENT_3D('',#13790,#10997,#10998);
#9590=AXIS2_PLACEMENT_3D('',#13792,#11000,#11001);
#9591=AXIS2_PLACEMENT_3D('',#13794,#11003,#11004);
#9592=AXIS2_PLACEMENT_3D('',#13796,#11006,#11007);
#9593=AXIS2_PLACEMENT_3D('',#13798,#11009,#11010);
#9594=AXIS2_PLACEMENT_3D('',#13800,#11012,#11013);
#9595=AXIS2_PLACEMENT_3D('',#13802,#11015,#11016);
#9596=AXIS2_PLACEMENT_3D('',#13804,#11018,#11019);
#9597=AXIS2_PLACEMENT_3D('',#13806,#11021,#11022);
#9598=AXIS2_PLACEMENT_3D('',#13808,#11024,#11025);
#9599=AXIS2_PLACEMENT_3D('',#13810,#11027,#11028);
#9600=AXIS2_PLACEMENT_3D('',#13812,#11030,#11031);
#9601=AXIS2_PLACEMENT_3D('',#13814,#11033,#11034);
#9602=AXIS2_PLACEMENT_3D('',#13816,#11036,#11037);
#9603=AXIS2_PLACEMENT_3D('',#13818,#11039,#11040);
#9604=AXIS2_PLACEMENT_3D('',#13820,#11042,#11043);
#9605=AXIS2_PLACEMENT_3D('',#13822,#11045,#11046);
#9606=AXIS2_PLACEMENT_3D('',#13824,#11048,#11049);
#9607=AXIS2_PLACEMENT_3D('',#13826,#11051,#11052);
#9608=AXIS2_PLACEMENT_3D('',#13828,#11054,#11055);
#9609=AXIS2_PLACEMENT_3D('',#13830,#11057,#11058);
#9610=AXIS2_PLACEMENT_3D('',#13832,#11060,#11061);
#9611=AXIS2_PLACEMENT_3D('',#13834,#11063,#11064);
#9612=AXIS2_PLACEMENT_3D('',#13835,#11065,#11066);
#9613=AXIS2_PLACEMENT_3D('',#13836,#11067,#11068);
#9614=AXIS2_PLACEMENT_3D('',#13837,#11069,#11070);
#9615=AXIS2_PLACEMENT_3D('',#13839,#11071,#11072);
#9616=AXIS2_PLACEMENT_3D('',#13845,#11076,#11077);
#9617=AXIS2_PLACEMENT_3D('',#13847,#11079,#11080);
#9618=AXIS2_PLACEMENT_3D('',#13849,#11082,#11083);
#9619=AXIS2_PLACEMENT_3D('',#13850,#11084,#11085);
#9620=AXIS2_PLACEMENT_3D('',#13851,#11086,#11087);
#9621=AXIS2_PLACEMENT_3D('',#13852,#11088,#11089);
#9622=AXIS2_PLACEMENT_3D('',#13854,#11090,#11091);
#9623=AXIS2_PLACEMENT_3D('',#13856,#11092,#11093);
#9624=AXIS2_PLACEMENT_3D('',#13858,#11094,#11095);
#9625=AXIS2_PLACEMENT_3D('',#13860,#11096,#11097);
#9626=AXIS2_PLACEMENT_3D('',#13869,#11101,#11102);
#9627=AXIS2_PLACEMENT_3D('',#13873,#11104,#11105);
#9628=AXIS2_PLACEMENT_3D('',#13877,#11107,#11108);
#9629=AXIS2_PLACEMENT_3D('',#13881,#11110,#11111);
#9630=AXIS2_PLACEMENT_3D('',#13885,#11113,#11114);
#9631=AXIS2_PLACEMENT_3D('',#13889,#11116,#11117);
#9632=AXIS2_PLACEMENT_3D('',#13893,#11119,#11120);
#9633=AXIS2_PLACEMENT_3D('',#13897,#11122,#11123);
#9634=AXIS2_PLACEMENT_3D('',#13901,#11125,#11126);
#9635=AXIS2_PLACEMENT_3D('',#13905,#11128,#11129);
#9636=AXIS2_PLACEMENT_3D('',#13909,#11131,#11132);
#9637=AXIS2_PLACEMENT_3D('',#13913,#11134,#11135);
#9638=AXIS2_PLACEMENT_3D('',#13917,#11137,#11138);
#9639=AXIS2_PLACEMENT_3D('',#13921,#11140,#11141);
#9640=AXIS2_PLACEMENT_3D('',#13925,#11143,#11144);
#9641=AXIS2_PLACEMENT_3D('',#13933,#11148,#11149);
#9642=AXIS2_PLACEMENT_3D('',#13937,#11151,#11152);
#9643=AXIS2_PLACEMENT_3D('',#13941,#11154,#11155);
#9644=AXIS2_PLACEMENT_3D('',#13945,#11157,#11158);
#9645=AXIS2_PLACEMENT_3D('',#13949,#11160,#11161);
#9646=AXIS2_PLACEMENT_3D('',#13953,#11163,#11164);
#9647=AXIS2_PLACEMENT_3D('',#13957,#11166,#11167);
#9648=AXIS2_PLACEMENT_3D('',#13961,#11169,#11170);
#9649=AXIS2_PLACEMENT_3D('',#13965,#11172,#11173);
#9650=AXIS2_PLACEMENT_3D('',#13969,#11175,#11176);
#9651=AXIS2_PLACEMENT_3D('',#13973,#11178,#11179);
#9652=AXIS2_PLACEMENT_3D('',#13977,#11181,#11182);
#9653=AXIS2_PLACEMENT_3D('',#13981,#11184,#11185);
#9654=AXIS2_PLACEMENT_3D('',#13985,#11187,#11188);
#9655=AXIS2_PLACEMENT_3D('',#13989,#11190,#11191);
#9656=AXIS2_PLACEMENT_3D('',#13990,#11192,#11193);
#9657=AXIS2_PLACEMENT_3D('',#13993,#11195,#11196);
#9658=AXIS2_PLACEMENT_3D('',#13997,#11198,#11199);
#9659=AXIS2_PLACEMENT_3D('',#14008,#11205,#11206);
#9660=AXIS2_PLACEMENT_3D('',#14009,#11207,#11208);
#9661=AXIS2_PLACEMENT_3D('',#14016,#11211,#11212);
#9662=AXIS2_PLACEMENT_3D('',#14021,#11215,#11216);
#9663=AXIS2_PLACEMENT_3D('',#14024,#11218,#11219);
#9664=AXIS2_PLACEMENT_3D('',#14030,#11223,#11224);
#9665=AXIS2_PLACEMENT_3D('',#14031,#11225,#11226);
#9666=AXIS2_PLACEMENT_3D('',#14034,#11228,#11229);
#9667=AXIS2_PLACEMENT_3D('',#14038,#11232,#11233);
#9668=AXIS2_PLACEMENT_3D('',#14039,#11234,#11235);
#9669=AXIS2_PLACEMENT_3D('',#14042,#11237,#11238);
#9670=AXIS2_PLACEMENT_3D('',#14046,#11241,#11242);
#9671=AXIS2_PLACEMENT_3D('',#14047,#11243,#11244);
#9672=AXIS2_PLACEMENT_3D('',#14050,#11246,#11247);
#9673=AXIS2_PLACEMENT_3D('',#14054,#11250,#11251);
#9674=AXIS2_PLACEMENT_3D('',#14055,#11252,#11253);
#9675=AXIS2_PLACEMENT_3D('',#14058,#11255,#11256);
#9676=AXIS2_PLACEMENT_3D('',#14062,#11259,#11260);
#9677=AXIS2_PLACEMENT_3D('',#14063,#11261,#11262);
#9678=AXIS2_PLACEMENT_3D('',#14066,#11264,#11265);
#9679=AXIS2_PLACEMENT_3D('',#14070,#11268,#11269);
#9680=AXIS2_PLACEMENT_3D('',#14071,#11270,#11271);
#9681=AXIS2_PLACEMENT_3D('',#14074,#11273,#11274);
#9682=AXIS2_PLACEMENT_3D('',#14078,#11277,#11278);
#9683=AXIS2_PLACEMENT_3D('',#14079,#11279,#11280);
#9684=AXIS2_PLACEMENT_3D('',#14082,#11282,#11283);
#9685=AXIS2_PLACEMENT_3D('',#14086,#11286,#11287);
#9686=AXIS2_PLACEMENT_3D('',#14087,#11288,#11289);
#9687=AXIS2_PLACEMENT_3D('',#14090,#11291,#11292);
#9688=AXIS2_PLACEMENT_3D('',#14094,#11295,#11296);
#9689=AXIS2_PLACEMENT_3D('',#14095,#11297,#11298);
#9690=AXIS2_PLACEMENT_3D('',#14098,#11300,#11301);
#9691=AXIS2_PLACEMENT_3D('',#14102,#11304,#11305);
#9692=AXIS2_PLACEMENT_3D('',#14103,#11306,#11307);
#9693=AXIS2_PLACEMENT_3D('',#14106,#11309,#11310);
#9694=AXIS2_PLACEMENT_3D('',#14107,#11311,#11312);
#9695=AXIS2_PLACEMENT_3D('',#14116,#11317,#11318);
#9696=AXIS2_PLACEMENT_3D('',#14119,#11320,#11321);
#9697=AXIS2_PLACEMENT_3D('',#14120,#11322,#11323);
#9698=AXIS2_PLACEMENT_3D('',#14123,#11325,#11326);
#9699=AXIS2_PLACEMENT_3D('',#14131,#11331,#11332);
#9700=AXIS2_PLACEMENT_3D('',#14135,#11334,#11335);
#9701=AXIS2_PLACEMENT_3D('',#14136,#11336,#11337);
#9702=AXIS2_PLACEMENT_3D('',#14137,#11338,#11339);
#9703=AXIS2_PLACEMENT_3D('',#14140,#11341,#11342);
#9704=AXIS2_PLACEMENT_3D('',#14144,#11345,#11346);
#9705=AXIS2_PLACEMENT_3D('',#14145,#11347,#11348);
#9706=AXIS2_PLACEMENT_3D('',#14148,#11350,#11351);
#9707=AXIS2_PLACEMENT_3D('',#14152,#11354,#11355);
#9708=AXIS2_PLACEMENT_3D('',#14153,#11356,#11357);
#9709=AXIS2_PLACEMENT_3D('',#14156,#11359,#11360);
#9710=AXIS2_PLACEMENT_3D('',#14160,#11363,#11364);
#9711=AXIS2_PLACEMENT_3D('',#14161,#11365,#11366);
#9712=AXIS2_PLACEMENT_3D('',#14164,#11368,#11369);
#9713=AXIS2_PLACEMENT_3D('',#14168,#11372,#11373);
#9714=AXIS2_PLACEMENT_3D('',#14169,#11374,#11375);
#9715=AXIS2_PLACEMENT_3D('',#14170,#11376,#11377);
#9716=AXIS2_PLACEMENT_3D('',#14171,#11378,#11379);
#9717=AXIS2_PLACEMENT_3D('',#14173,#11380,#11381);
#9718=AXIS2_PLACEMENT_3D('',#14175,#11382,#11383);
#9719=AXIS2_PLACEMENT_3D('',#14177,#11384,#11385);
#9720=AXIS2_PLACEMENT_3D('',#14179,#11386,#11387);
#9721=AXIS2_PLACEMENT_3D('',#14181,#11388,#11389);
#9722=AXIS2_PLACEMENT_3D('',#14186,#11391,#11392);
#9723=AXIS2_PLACEMENT_3D('',#14190,#11394,#11395);
#9724=AXIS2_PLACEMENT_3D('',#14194,#11397,#11398);
#9725=AXIS2_PLACEMENT_3D('',#14198,#11400,#11401);
#9726=AXIS2_PLACEMENT_3D('',#14202,#11403,#11404);
#9727=AXIS2_PLACEMENT_3D('',#14206,#11406,#11407);
#9728=AXIS2_PLACEMENT_3D('',#14210,#11409,#11410);
#9729=AXIS2_PLACEMENT_3D('',#14214,#11412,#11413);
#9730=AXIS2_PLACEMENT_3D('',#14218,#11415,#11416);
#9731=AXIS2_PLACEMENT_3D('',#14222,#11418,#11419);
#9732=AXIS2_PLACEMENT_3D('',#14226,#11421,#11422);
#9733=AXIS2_PLACEMENT_3D('',#14230,#11424,#11425);
#9734=AXIS2_PLACEMENT_3D('',#14234,#11427,#11428);
#9735=AXIS2_PLACEMENT_3D('',#14238,#11430,#11431);
#9736=AXIS2_PLACEMENT_3D('',#14242,#11433,#11434);
#9737=AXIS2_PLACEMENT_3D('',#14246,#11436,#11437);
#9738=AXIS2_PLACEMENT_3D('',#14247,#11438,#11439);
#9739=AXIS2_PLACEMENT_3D('',#14248,#11440,#11441);
#9740=AXIS2_PLACEMENT_3D('',#14249,#11442,#11443);
#9741=AXIS2_PLACEMENT_3D('',#14250,#11444,#11445);
#9742=AXIS2_PLACEMENT_3D('',#14251,#11446,#11447);
#9743=AXIS2_PLACEMENT_3D('',#14252,#11448,#11449);
#9744=AXIS2_PLACEMENT_3D('',#14253,#11450,#11451);
#9745=AXIS2_PLACEMENT_3D('',#14254,#11452,#11453);
#9746=AXIS2_PLACEMENT_3D('',#14255,#11454,#11455);
#9747=AXIS2_PLACEMENT_3D('',#14256,#11456,#11457);
#9748=AXIS2_PLACEMENT_3D('',#14257,#11458,#11459);
#9749=AXIS2_PLACEMENT_3D('',#14258,#11460,#11461);
#9750=AXIS2_PLACEMENT_3D('',#14259,#11462,#11463);
#9751=AXIS2_PLACEMENT_3D('',#14260,#11464,#11465);
#9752=AXIS2_PLACEMENT_3D('',#14261,#11466,#11467);
#9753=AXIS2_PLACEMENT_3D('',#14262,#11468,#11469);
#9754=AXIS2_PLACEMENT_3D('',#14263,#11470,#11471);
#9755=AXIS2_PLACEMENT_3D('',#14264,#11472,#11473);
#9756=AXIS2_PLACEMENT_3D('',#14265,#11474,#11475);
#9757=AXIS2_PLACEMENT_3D('',#14266,#11476,#11477);
#9758=AXIS2_PLACEMENT_3D('',#14267,#11478,#11479);
#9759=AXIS2_PLACEMENT_3D('',#14268,#11480,#11481);
#9760=AXIS2_PLACEMENT_3D('',#14269,#11482,#11483);
#9761=AXIS2_PLACEMENT_3D('',#14270,#11484,#11485);
#9762=AXIS2_PLACEMENT_3D('',#14271,#11486,#11487);
#9763=AXIS2_PLACEMENT_3D('',#14272,#11488,#11489);
#9764=AXIS2_PLACEMENT_3D('',#14273,#11490,#11491);
#9765=AXIS2_PLACEMENT_3D('',#14274,#11492,#11493);
#9766=AXIS2_PLACEMENT_3D('',#14275,#11494,#11495);
#9767=AXIS2_PLACEMENT_3D('',#14276,#11496,#11497);
#9768=AXIS2_PLACEMENT_3D('',#14277,#11498,#11499);
#9769=AXIS2_PLACEMENT_3D('',#14278,#11500,#11501);
#9770=AXIS2_PLACEMENT_3D('',#14279,#11502,#11503);
#9771=AXIS2_PLACEMENT_3D('',#14280,#11504,#11505);
#9772=AXIS2_PLACEMENT_3D('',#14281,#11506,#11507);
#9773=AXIS2_PLACEMENT_3D('',#14282,#11508,#11509);
#9774=AXIS2_PLACEMENT_3D('',#14283,#11510,#11511);
#9775=AXIS2_PLACEMENT_3D('',#14284,#11512,#11513);
#9776=AXIS2_PLACEMENT_3D('',#14285,#11514,#11515);
#9777=AXIS2_PLACEMENT_3D('',#14286,#11516,#11517);
#9778=AXIS2_PLACEMENT_3D('',#14287,#11518,#11519);
#9779=AXIS2_PLACEMENT_3D('',#14288,#11520,#11521);
#9780=AXIS2_PLACEMENT_3D('',#14289,#11522,#11523);
#9781=AXIS2_PLACEMENT_3D('',#14290,#11524,#11525);
#9782=AXIS2_PLACEMENT_3D('',#14291,#11526,#11527);
#9783=AXIS2_PLACEMENT_3D('',#14292,#11528,#11529);
#9784=AXIS2_PLACEMENT_3D('',#14293,#11530,#11531);
#9785=AXIS2_PLACEMENT_3D('',#14294,#11532,#11533);
#9786=AXIS2_PLACEMENT_3D('',#14295,#11534,#11535);
#9787=AXIS2_PLACEMENT_3D('',#14296,#11536,#11537);
#9788=AXIS2_PLACEMENT_3D('',#14297,#11538,#11539);
#9789=AXIS2_PLACEMENT_3D('',#14298,#11540,#11541);
#9790=AXIS2_PLACEMENT_3D('',#14299,#11542,#11543);
#9791=AXIS2_PLACEMENT_3D('',#14300,#11544,#11545);
#9792=AXIS2_PLACEMENT_3D('',#14301,#11546,#11547);
#9793=AXIS2_PLACEMENT_3D('',#14302,#11548,#11549);
#9794=AXIS2_PLACEMENT_3D('',#14303,#11550,#11551);
#9795=AXIS2_PLACEMENT_3D('',#14304,#11552,#11553);
#9796=AXIS2_PLACEMENT_3D('',#14305,#11554,#11555);
#9797=AXIS2_PLACEMENT_3D('',#14306,#11556,#11557);
#9798=AXIS2_PLACEMENT_3D('',#14307,#11558,#11559);
#9799=AXIS2_PLACEMENT_3D('',#14308,#11560,#11561);
#9800=AXIS2_PLACEMENT_3D('',#14309,#11562,#11563);
#9801=AXIS2_PLACEMENT_3D('',#14310,#11564,#11565);
#9802=AXIS2_PLACEMENT_3D('',#14311,#11566,#11567);
#9803=AXIS2_PLACEMENT_3D('',#14312,#11568,#11569);
#9804=AXIS2_PLACEMENT_3D('',#14317,#11572,#11573);
#9805=AXIS2_PLACEMENT_3D('',#14321,#11576,#11577);
#9806=AXIS2_PLACEMENT_3D('',#14322,#11578,#11579);
#9807=AXIS2_PLACEMENT_3D('',#14325,#11581,#11582);
#9808=AXIS2_PLACEMENT_3D('',#14329,#11585,#11586);
#9809=AXIS2_PLACEMENT_3D('',#14330,#11587,#11588);
#9810=AXIS2_PLACEMENT_3D('',#14333,#11590,#11591);
#9811=AXIS2_PLACEMENT_3D('',#14337,#11594,#11595);
#9812=AXIS2_PLACEMENT_3D('',#14338,#11596,#11597);
#9813=AXIS2_PLACEMENT_3D('',#14341,#11599,#11600);
#9814=AXIS2_PLACEMENT_3D('',#14345,#11603,#11604);
#9815=AXIS2_PLACEMENT_3D('',#14346,#11605,#11606);
#9816=AXIS2_PLACEMENT_3D('',#14349,#11608,#11609);
#9817=AXIS2_PLACEMENT_3D('',#14353,#11612,#11613);
#9818=AXIS2_PLACEMENT_3D('',#14354,#11614,#11615);
#9819=AXIS2_PLACEMENT_3D('',#14357,#11617,#11618);
#9820=AXIS2_PLACEMENT_3D('',#14361,#11621,#11622);
#9821=AXIS2_PLACEMENT_3D('',#14362,#11623,#11624);
#9822=AXIS2_PLACEMENT_3D('',#14365,#11626,#11627);
#9823=AXIS2_PLACEMENT_3D('',#14369,#11630,#11631);
#9824=AXIS2_PLACEMENT_3D('',#14370,#11632,#11633);
#9825=AXIS2_PLACEMENT_3D('',#14373,#11635,#11636);
#9826=AXIS2_PLACEMENT_3D('',#14377,#11639,#11640);
#9827=AXIS2_PLACEMENT_3D('',#14378,#11641,#11642);
#9828=AXIS2_PLACEMENT_3D('',#14381,#11644,#11645);
#9829=AXIS2_PLACEMENT_3D('',#14384,#11647,#11648);
#9830=AXIS2_PLACEMENT_3D('',#14388,#11650,#11651);
#9831=AXIS2_PLACEMENT_3D('',#14394,#11655,#11656);
#9832=AXIS2_PLACEMENT_3D('',#14395,#11657,#11658);
#9833=AXIS2_PLACEMENT_3D('',#14396,#11659,#11660);
#9834=AXIS2_PLACEMENT_3D('',#14397,#11661,#11662);
#9835=AXIS2_PLACEMENT_3D('',#14400,#11664,#11665);
#9836=AXIS2_PLACEMENT_3D('',#14404,#11668,#11669);
#9837=AXIS2_PLACEMENT_3D('',#14405,#11670,#11671);
#9838=AXIS2_PLACEMENT_3D('',#14408,#11673,#11674);
#9839=AXIS2_PLACEMENT_3D('',#14412,#11677,#11678);
#9840=AXIS2_PLACEMENT_3D('',#14413,#11679,#11680);
#9841=AXIS2_PLACEMENT_3D('',#14416,#11682,#11683);
#9842=AXIS2_PLACEMENT_3D('',#14420,#11686,#11687);
#9843=AXIS2_PLACEMENT_3D('',#14421,#11688,#11689);
#9844=AXIS2_PLACEMENT_3D('',#14424,#11691,#11692);
#9845=AXIS2_PLACEMENT_3D('',#14428,#11695,#11696);
#9846=AXIS2_PLACEMENT_3D('',#14429,#11697,#11698);
#9847=AXIS2_PLACEMENT_3D('',#14432,#11700,#11701);
#9848=AXIS2_PLACEMENT_3D('',#14436,#11704,#11705);
#9849=AXIS2_PLACEMENT_3D('',#14437,#11706,#11707);
#9850=AXIS2_PLACEMENT_3D('',#14440,#11709,#11710);
#9851=AXIS2_PLACEMENT_3D('',#14442,#11712,#11713);
#9852=AXIS2_PLACEMENT_3D('',#14443,#11714,#11715);
#9853=AXIS2_PLACEMENT_3D('',#14446,#11718,#11719);
#9854=AXIS2_PLACEMENT_3D('',#14448,#11721,#11722);
#9855=AXIS2_PLACEMENT_3D('',#14450,#11724,#11725);
#9856=AXIS2_PLACEMENT_3D('',#14451,#11726,#11727);
#9857=AXIS2_PLACEMENT_3D('',#14452,#11728,#11729);
#9858=AXIS2_PLACEMENT_3D('',#14454,#11731,#11732);
#9859=AXIS2_PLACEMENT_3D('',#14456,#11734,#11735);
#9860=AXIS2_PLACEMENT_3D('',#14458,#11737,#11738);
#9861=AXIS2_PLACEMENT_3D('',#14460,#11740,#11741);
#9862=AXIS2_PLACEMENT_3D('',#14461,#11742,#11743);
#9863=AXIS2_PLACEMENT_3D('',#14462,#11744,#11745);
#9864=AXIS2_PLACEMENT_3D('',#14463,#11746,#11747);
#9865=AXIS2_PLACEMENT_3D('',#14464,#11748,#11749);
#9866=AXIS2_PLACEMENT_3D('',#14465,#11750,#11751);
#9867=AXIS2_PLACEMENT_3D('',#14466,#11752,#11753);
#9868=AXIS2_PLACEMENT_3D('',#14467,#11754,#11755);
#9869=AXIS2_PLACEMENT_3D('',#14468,#11756,#11757);
#9870=AXIS2_PLACEMENT_3D('',#14481,#11764,#11765);
#9871=AXIS2_PLACEMENT_3D('',#14490,#11770,#11771);
#9872=AXIS2_PLACEMENT_3D('',#14496,#11775,#11776);
#9873=AXIS2_PLACEMENT_3D('',#14497,#11777,#11778);
#9874=AXIS2_PLACEMENT_3D('',#14499,#11779,#11780);
#9875=AXIS2_PLACEMENT_3D('',#14501,#11781,#11782);
#9876=AXIS2_PLACEMENT_3D('',#14503,#11783,#11784);
#9877=AXIS2_PLACEMENT_3D('',#14505,#11785,#11786);
#9878=AXIS2_PLACEMENT_3D('',#14511,#11789,#11790);
#9879=AXIS2_PLACEMENT_3D('',#14515,#11792,#11793);
#9880=AXIS2_PLACEMENT_3D('',#14519,#11795,#11796);
#9881=AXIS2_PLACEMENT_3D('',#14523,#11798,#11799);
#9882=AXIS2_PLACEMENT_3D('',#14527,#11801,#11802);
#9883=AXIS2_PLACEMENT_3D('',#14531,#11804,#11805);
#9884=AXIS2_PLACEMENT_3D('',#14535,#11807,#11808);
#9885=AXIS2_PLACEMENT_3D('',#14539,#11810,#11811);
#9886=AXIS2_PLACEMENT_3D('',#14543,#11813,#11814);
#9887=AXIS2_PLACEMENT_3D('',#14547,#11816,#11817);
#9888=AXIS2_PLACEMENT_3D('',#14551,#11819,#11820);
#9889=AXIS2_PLACEMENT_3D('',#14555,#11822,#11823);
#9890=AXIS2_PLACEMENT_3D('',#14559,#11825,#11826);
#9891=AXIS2_PLACEMENT_3D('',#14563,#11828,#11829);
#9892=AXIS2_PLACEMENT_3D('',#14567,#11831,#11832);
#9893=AXIS2_PLACEMENT_3D('',#14575,#11836,#11837);
#9894=AXIS2_PLACEMENT_3D('',#14579,#11839,#11840);
#9895=AXIS2_PLACEMENT_3D('',#14583,#11842,#11843);
#9896=AXIS2_PLACEMENT_3D('',#14587,#11845,#11846);
#9897=AXIS2_PLACEMENT_3D('',#14591,#11848,#11849);
#9898=AXIS2_PLACEMENT_3D('',#14595,#11851,#11852);
#9899=AXIS2_PLACEMENT_3D('',#14599,#11854,#11855);
#9900=AXIS2_PLACEMENT_3D('',#14603,#11857,#11858);
#9901=AXIS2_PLACEMENT_3D('',#14607,#11860,#11861);
#9902=AXIS2_PLACEMENT_3D('',#14611,#11863,#11864);
#9903=AXIS2_PLACEMENT_3D('',#14615,#11866,#11867);
#9904=AXIS2_PLACEMENT_3D('',#14619,#11869,#11870);
#9905=AXIS2_PLACEMENT_3D('',#14623,#11872,#11873);
#9906=AXIS2_PLACEMENT_3D('',#14627,#11875,#11876);
#9907=AXIS2_PLACEMENT_3D('',#14631,#11878,#11879);
#9908=AXIS2_PLACEMENT_3D('',#14632,#11880,#11881);
#9909=AXIS2_PLACEMENT_3D('',#14638,#11885,#11886);
#9910=AXIS2_PLACEMENT_3D('',#14641,#11888,#11889);
#9911=AXIS2_PLACEMENT_3D('',#14642,#11890,#11891);
#9912=AXIS2_PLACEMENT_3D('',#14646,#11894,#11895);
#9913=AXIS2_PLACEMENT_3D('',#14649,#11897,#11898);
#9914=AXIS2_PLACEMENT_3D('',#14650,#11899,#11900);
#9915=AXIS2_PLACEMENT_3D('',#14654,#11903,#11904);
#9916=AXIS2_PLACEMENT_3D('',#14657,#11906,#11907);
#9917=AXIS2_PLACEMENT_3D('',#14658,#11908,#11909);
#9918=AXIS2_PLACEMENT_3D('',#14662,#11912,#11913);
#9919=AXIS2_PLACEMENT_3D('',#14665,#11915,#11916);
#9920=AXIS2_PLACEMENT_3D('',#14666,#11917,#11918);
#9921=AXIS2_PLACEMENT_3D('',#14670,#11921,#11922);
#9922=AXIS2_PLACEMENT_3D('',#14673,#11924,#11925);
#9923=AXIS2_PLACEMENT_3D('',#14674,#11926,#11927);
#9924=AXIS2_PLACEMENT_3D('',#14678,#11930,#11931);
#9925=AXIS2_PLACEMENT_3D('',#14681,#11933,#11934);
#9926=AXIS2_PLACEMENT_3D('',#14682,#11935,#11936);
#9927=AXIS2_PLACEMENT_3D('',#14686,#11939,#11940);
#9928=AXIS2_PLACEMENT_3D('',#14689,#11942,#11943);
#9929=AXIS2_PLACEMENT_3D('',#14690,#11944,#11945);
#9930=AXIS2_PLACEMENT_3D('',#14694,#11948,#11949);
#9931=AXIS2_PLACEMENT_3D('',#14697,#11951,#11952);
#9932=AXIS2_PLACEMENT_3D('',#14698,#11953,#11954);
#9933=AXIS2_PLACEMENT_3D('',#14702,#11957,#11958);
#9934=AXIS2_PLACEMENT_3D('',#14705,#11960,#11961);
#9935=AXIS2_PLACEMENT_3D('',#14706,#11962,#11963);
#9936=AXIS2_PLACEMENT_3D('',#14710,#11966,#11967);
#9937=AXIS2_PLACEMENT_3D('',#14713,#11969,#11970);
#9938=AXIS2_PLACEMENT_3D('',#14714,#11971,#11972);
#9939=AXIS2_PLACEMENT_3D('',#14717,#11975,#11976);
#9940=AXIS2_PLACEMENT_3D('',#14718,#11977,#11978);
#9941=AXIS2_PLACEMENT_3D('',#14722,#11980,#11981);
#9942=AXIS2_PLACEMENT_3D('',#14723,#11982,#11983);
#9943=AXIS2_PLACEMENT_3D('',#14724,#11984,#11985);
#9944=AXIS2_PLACEMENT_3D('',#14735,#11991,#11992);
#9945=AXIS2_PLACEMENT_3D('',#14738,#11994,#11995);
#9946=AXIS2_PLACEMENT_3D('',#14741,#11997,#11998);
#9947=AXIS2_PLACEMENT_3D('',#14742,#11999,#12000);
#9948=AXIS2_PLACEMENT_3D('',#14746,#12003,#12004);
#9949=AXIS2_PLACEMENT_3D('',#14749,#12006,#12007);
#9950=AXIS2_PLACEMENT_3D('',#14750,#12008,#12009);
#9951=AXIS2_PLACEMENT_3D('',#14754,#12012,#12013);
#9952=AXIS2_PLACEMENT_3D('',#14757,#12015,#12016);
#9953=AXIS2_PLACEMENT_3D('',#14758,#12017,#12018);
#9954=AXIS2_PLACEMENT_3D('',#14762,#12021,#12022);
#9955=AXIS2_PLACEMENT_3D('',#14765,#12024,#12025);
#9956=AXIS2_PLACEMENT_3D('',#14766,#12026,#12027);
#9957=AXIS2_PLACEMENT_3D('',#14770,#12030,#12031);
#9958=AXIS2_PLACEMENT_3D('',#14773,#12033,#12034);
#9959=AXIS2_PLACEMENT_3D('',#14776,#12036,#12037);
#9960=AXIS2_PLACEMENT_3D('',#14780,#12040,#12041);
#9961=AXIS2_PLACEMENT_3D('',#14783,#12043,#12044);
#9962=AXIS2_PLACEMENT_3D('',#14784,#12045,#12046);
#9963=AXIS2_PLACEMENT_3D('',#14788,#12049,#12050);
#9964=AXIS2_PLACEMENT_3D('',#14791,#12052,#12053);
#9965=AXIS2_PLACEMENT_3D('',#14792,#12054,#12055);
#9966=AXIS2_PLACEMENT_3D('',#14796,#12058,#12059);
#9967=AXIS2_PLACEMENT_3D('',#14799,#12061,#12062);
#9968=AXIS2_PLACEMENT_3D('',#14800,#12063,#12064);
#9969=AXIS2_PLACEMENT_3D('',#14804,#12067,#12068);
#9970=AXIS2_PLACEMENT_3D('',#14807,#12070,#12071);
#9971=AXIS2_PLACEMENT_3D('',#14808,#12072,#12073);
#9972=AXIS2_PLACEMENT_3D('',#14812,#12076,#12077);
#9973=AXIS2_PLACEMENT_3D('',#14815,#12079,#12080);
#9974=AXIS2_PLACEMENT_3D('',#14816,#12081,#12082);
#9975=AXIS2_PLACEMENT_3D('',#14820,#12085,#12086);
#9976=AXIS2_PLACEMENT_3D('',#14823,#12088,#12089);
#9977=AXIS2_PLACEMENT_3D('',#14824,#12090,#12091);
#9978=AXIS2_PLACEMENT_3D('',#14828,#12094,#12095);
#9979=AXIS2_PLACEMENT_3D('',#14831,#12097,#12098);
#9980=AXIS2_PLACEMENT_3D('',#14832,#12099,#12100);
#9981=AXIS2_PLACEMENT_3D('',#14836,#12103,#12104);
#9982=AXIS2_PLACEMENT_3D('',#14839,#12106,#12107);
#9983=AXIS2_PLACEMENT_3D('',#14840,#12108,#12109);
#9984=AXIS2_PLACEMENT_3D('',#14844,#12112,#12113);
#9985=AXIS2_PLACEMENT_3D('',#14847,#12115,#12116);
#9986=AXIS2_PLACEMENT_3D('',#14848,#12117,#12118);
#9987=AXIS2_PLACEMENT_3D('',#14852,#12121,#12122);
#9988=AXIS2_PLACEMENT_3D('',#14855,#12124,#12125);
#9989=AXIS2_PLACEMENT_3D('',#14856,#12126,#12127);
#9990=AXIS2_PLACEMENT_3D('',#14859,#12129,#12130);
#9991=AXIS2_PLACEMENT_3D('',#14863,#12132,#12133);
#9992=AXIS2_PLACEMENT_3D('',#14872,#12138,#12139);
#9993=AXIS2_PLACEMENT_3D('',#14876,#12141,#12142);
#9994=AXIS2_PLACEMENT_3D('',#14877,#12143,#12144);
#9995=AXIS2_PLACEMENT_3D('',#14878,#12145,#12146);
#9996=AXIS2_PLACEMENT_3D('',#14888,#12152,#12153);
#9997=AXIS2_PLACEMENT_3D('',#14891,#12155,#12156);
#9998=AXIS2_PLACEMENT_3D('',#14892,#12157,#12158);
#9999=AXIS2_PLACEMENT_3D('',#14896,#12161,#12162);
#10000=AXIS2_PLACEMENT_3D('',#14899,#12164,#12165);
#10001=AXIS2_PLACEMENT_3D('',#14900,#12166,#12167);
#10002=AXIS2_PLACEMENT_3D('',#14904,#12170,#12171);
#10003=AXIS2_PLACEMENT_3D('',#14907,#12173,#12174);
#10004=AXIS2_PLACEMENT_3D('',#14908,#12175,#12176);
#10005=AXIS2_PLACEMENT_3D('',#14912,#12179,#12180);
#10006=AXIS2_PLACEMENT_3D('',#14915,#12182,#12183);
#10007=AXIS2_PLACEMENT_3D('',#14916,#12184,#12185);
#10008=AXIS2_PLACEMENT_3D('',#14918,#12187,#12188);
#10009=AXIS2_PLACEMENT_3D('',#14919,#12189,#12190);
#10010=AXIS2_PLACEMENT_3D('',#14920,#12191,#12192);
#10011=AXIS2_PLACEMENT_3D('',#14921,#12193,#12194);
#10012=AXIS2_PLACEMENT_3D('',#14925,#12197,#12198);
#10013=AXIS2_PLACEMENT_3D('',#14934,#12203,#12204);
#10014=AXIS2_PLACEMENT_3D('',#14940,#12208,#12209);
#10015=AXIS2_PLACEMENT_3D('',#14946,#12213,#12214);
#10016=AXIS2_PLACEMENT_3D('',#14952,#12218,#12219);
#10017=AXIS2_PLACEMENT_3D('',#14958,#12223,#12224);
#10018=AXIS2_PLACEMENT_3D('',#14964,#12228,#12229);
#10019=AXIS2_PLACEMENT_3D('',#14970,#12233,#12234);
#10020=AXIS2_PLACEMENT_3D('',#14976,#12238,#12239);
#10021=AXIS2_PLACEMENT_3D('',#14982,#12243,#12244);
#10022=AXIS2_PLACEMENT_3D('',#14988,#12248,#12249);
#10023=AXIS2_PLACEMENT_3D('',#14994,#12253,#12254);
#10024=AXIS2_PLACEMENT_3D('',#15003,#12259,#12260);
#10025=AXIS2_PLACEMENT_3D('',#15009,#12264,#12265);
#10026=AXIS2_PLACEMENT_3D('',#15015,#12269,#12270);
#10027=AXIS2_PLACEMENT_3D('',#15019,#12272,#12273);
#10028=AXIS2_PLACEMENT_3D('',#15024,#12276,#12277);
#10029=AXIS2_PLACEMENT_3D('',#15025,#12278,#12279);
#10030=AXIS2_PLACEMENT_3D('',#15031,#12283,#12284);
#10031=AXIS2_PLACEMENT_3D('',#15037,#12288,#12289);
#10032=AXIS2_PLACEMENT_3D('',#15043,#12293,#12294);
#10033=AXIS2_PLACEMENT_3D('',#15049,#12298,#12299);
#10034=AXIS2_PLACEMENT_3D('',#15055,#12303,#12304);
#10035=AXIS2_PLACEMENT_3D('',#15061,#12308,#12309);
#10036=AXIS2_PLACEMENT_3D('',#15067,#12313,#12314);
#10037=AXIS2_PLACEMENT_3D('',#15073,#12318,#12319);
#10038=AXIS2_PLACEMENT_3D('',#15079,#12323,#12324);
#10039=AXIS2_PLACEMENT_3D('',#15085,#12328,#12329);
#10040=AXIS2_PLACEMENT_3D('',#15091,#12333,#12334);
#10041=AXIS2_PLACEMENT_3D('',#15097,#12338,#12339);
#10042=AXIS2_PLACEMENT_3D('',#15103,#12343,#12344);
#10043=AXIS2_PLACEMENT_3D('',#15109,#12348,#12349);
#10044=AXIS2_PLACEMENT_3D('',#15115,#12353,#12354);
#10045=AXIS2_PLACEMENT_3D('',#15121,#12358,#12359);
#10046=AXIS2_PLACEMENT_3D('',#15127,#12363,#12364);
#10047=AXIS2_PLACEMENT_3D('',#15133,#12368,#12369);
#10048=AXIS2_PLACEMENT_3D('',#15139,#12373,#12374);
#10049=AXIS2_PLACEMENT_3D('',#15145,#12378,#12379);
#10050=AXIS2_PLACEMENT_3D('',#15151,#12383,#12384);
#10051=AXIS2_PLACEMENT_3D('',#15157,#12388,#12389);
#10052=AXIS2_PLACEMENT_3D('',#15163,#12393,#12394);
#10053=AXIS2_PLACEMENT_3D('',#15169,#12398,#12399);
#10054=AXIS2_PLACEMENT_3D('',#15175,#12403,#12404);
#10055=AXIS2_PLACEMENT_3D('',#15181,#12408,#12409);
#10056=AXIS2_PLACEMENT_3D('',#15187,#12413,#12414);
#10057=AXIS2_PLACEMENT_3D('',#15195,#12419,#12420);
#10058=AXIS2_PLACEMENT_3D('',#15201,#12424,#12425);
#10059=AXIS2_PLACEMENT_3D('',#15206,#12429,#12430);
#10060=AXIS2_PLACEMENT_3D('',#15209,#12433,#12434);
#10061=AXIS2_PLACEMENT_3D('',#15212,#12437,#12438);
#10062=AXIS2_PLACEMENT_3D('',#15237,#12451,#12452);
#10063=AXIS2_PLACEMENT_3D('',#15243,#12455,#12456);
#10064=AXIS2_PLACEMENT_3D('',#15247,#12458,#12459);
#10065=AXIS2_PLACEMENT_3D('',#15251,#12461,#12462);
#10066=AXIS2_PLACEMENT_3D('',#15255,#12464,#12465);
#10067=AXIS2_PLACEMENT_3D('',#15259,#12467,#12468);
#10068=AXIS2_PLACEMENT_3D('',#15263,#12470,#12471);
#10069=AXIS2_PLACEMENT_3D('',#15267,#12473,#12474);
#10070=AXIS2_PLACEMENT_3D('',#15271,#12476,#12477);
#10071=AXIS2_PLACEMENT_3D('',#15275,#12479,#12480);
#10072=AXIS2_PLACEMENT_3D('',#15279,#12482,#12483);
#10073=AXIS2_PLACEMENT_3D('',#15283,#12485,#12486);
#10074=AXIS2_PLACEMENT_3D('',#15287,#12488,#12489);
#10075=AXIS2_PLACEMENT_3D('',#15291,#12491,#12492);
#10076=AXIS2_PLACEMENT_3D('',#15295,#12494,#12495);
#10077=AXIS2_PLACEMENT_3D('',#15299,#12497,#12498);
#10078=AXIS2_PLACEMENT_3D('',#15363,#12531,#12532);
#10079=AXIS2_PLACEMENT_3D('',#15365,#12534,#12535);
#10080=AXIS2_PLACEMENT_3D('',#15367,#12536,#12537);
#10081=AXIS2_PLACEMENT_3D('',#15369,#12538,#12539);
#10082=AXIS2_PLACEMENT_3D('',#15371,#12540,#12541);
#10083=AXIS2_PLACEMENT_3D('',#15373,#12542,#12543);
#10084=AXIS2_PLACEMENT_3D('',#15375,#12544,#12545);
#10085=AXIS2_PLACEMENT_3D('',#15377,#12546,#12547);
#10086=AXIS2_PLACEMENT_3D('',#15379,#12548,#12549);
#10087=AXIS2_PLACEMENT_3D('',#15380,#12550,#12551);
#10088=AXIS2_PLACEMENT_3D('',#15381,#12552,#12553);
#10089=AXIS2_PLACEMENT_3D('',#15382,#12554,#12555);
#10090=AXIS2_PLACEMENT_3D('',#15383,#12556,#12557);
#10091=AXIS2_PLACEMENT_3D('',#15384,#12558,#12559);
#10092=AXIS2_PLACEMENT_3D('',#15385,#12560,#12561);
#10093=AXIS2_PLACEMENT_3D('',#15386,#12562,#12563);
#10094=AXIS2_PLACEMENT_3D('',#15387,#12564,#12565);
#10095=AXIS2_PLACEMENT_3D('',#15388,#12566,#12567);
#10096=AXIS2_PLACEMENT_3D('',#15389,#12568,#12569);
#10097=AXIS2_PLACEMENT_3D('',#15390,#12570,#12571);
#10098=AXIS2_PLACEMENT_3D('',#15391,#12572,#12573);
#10099=AXIS2_PLACEMENT_3D('',#15392,#12574,#12575);
#10100=AXIS2_PLACEMENT_3D('',#15393,#12576,#12577);
#10101=AXIS2_PLACEMENT_3D('',#15394,#12578,#12579);
#10102=AXIS2_PLACEMENT_3D('',#15395,#12580,#12581);
#10103=AXIS2_PLACEMENT_3D('',#15396,#12582,#12583);
#10104=AXIS2_PLACEMENT_3D('',#15397,#12584,#12585);
#10105=AXIS2_PLACEMENT_3D('',#15398,#12586,#12587);
#10106=AXIS2_PLACEMENT_3D('',#15399,#12588,#12589);
#10107=AXIS2_PLACEMENT_3D('',#15400,#12590,#12591);
#10108=AXIS2_PLACEMENT_3D('',#15401,#12592,#12593);
#10109=AXIS2_PLACEMENT_3D('',#15402,#12594,#12595);
#10110=AXIS2_PLACEMENT_3D('',#15403,#12596,#12597);
#10111=AXIS2_PLACEMENT_3D('',#15404,#12598,#12599);
#10112=AXIS2_PLACEMENT_3D('',#15405,#12600,#12601);
#10113=AXIS2_PLACEMENT_3D('',#15406,#12602,#12603);
#10114=AXIS2_PLACEMENT_3D('',#15407,#12604,#12605);
#10115=AXIS2_PLACEMENT_3D('',#15408,#12606,#12607);
#10116=AXIS2_PLACEMENT_3D('',#15409,#12608,#12609);
#10117=AXIS2_PLACEMENT_3D('',#15410,#12610,#12611);
#10118=AXIS2_PLACEMENT_3D('',#15411,#12612,#12613);
#10119=AXIS2_PLACEMENT_3D('',#15412,#12614,#12615);
#10120=AXIS2_PLACEMENT_3D('',#15413,#12616,#12617);
#10121=AXIS2_PLACEMENT_3D('',#15414,#12618,#12619);
#10122=AXIS2_PLACEMENT_3D('',#15415,#12620,#12621);
#10123=AXIS2_PLACEMENT_3D('',#15416,#12622,#12623);
#10124=AXIS2_PLACEMENT_3D('',#15417,#12624,#12625);
#10125=AXIS2_PLACEMENT_3D('',#15418,#12626,#12627);
#10126=AXIS2_PLACEMENT_3D('',#15419,#12628,#12629);
#10127=AXIS2_PLACEMENT_3D('',#15420,#12630,#12631);
#10128=AXIS2_PLACEMENT_3D('',#15421,#12632,#12633);
#10129=AXIS2_PLACEMENT_3D('',#15422,#12634,#12635);
#10130=AXIS2_PLACEMENT_3D('',#15423,#12636,#12637);
#10131=AXIS2_PLACEMENT_3D('',#15424,#12638,#12639);
#10132=AXIS2_PLACEMENT_3D('',#15425,#12640,#12641);
#10133=AXIS2_PLACEMENT_3D('',#15426,#12642,#12643);
#10134=AXIS2_PLACEMENT_3D('',#15427,#12644,#12645);
#10135=AXIS2_PLACEMENT_3D('',#15428,#12646,#12647);
#10136=AXIS2_PLACEMENT_3D('',#15429,#12648,#12649);
#10137=AXIS2_PLACEMENT_3D('',#15430,#12650,#12651);
#10138=AXIS2_PLACEMENT_3D('',#15431,#12652,#12653);
#10139=AXIS2_PLACEMENT_3D('',#15432,#12654,#12655);
#10140=AXIS2_PLACEMENT_3D('',#15433,#12656,#12657);
#10141=AXIS2_PLACEMENT_3D('',#15434,#12658,#12659);
#10142=AXIS2_PLACEMENT_3D('',#15435,#12660,#12661);
#10143=AXIS2_PLACEMENT_3D('',#15436,#12662,#12663);
#10144=AXIS2_PLACEMENT_3D('',#15437,#12664,#12665);
#10145=AXIS2_PLACEMENT_3D('',#15438,#12666,#12667);
#10146=AXIS2_PLACEMENT_3D('',#15439,#12668,#12669);
#10147=AXIS2_PLACEMENT_3D('',#15440,#12670,#12671);
#10148=AXIS2_PLACEMENT_3D('',#15441,#12672,#12673);
#10149=AXIS2_PLACEMENT_3D('',#15442,#12674,#12675);
#10150=AXIS2_PLACEMENT_3D('',#15443,#12676,#12677);
#10151=AXIS2_PLACEMENT_3D('',#15444,#12678,#12679);
#10152=AXIS2_PLACEMENT_3D('',#15445,#12680,#12681);
#10153=AXIS2_PLACEMENT_3D('',#15446,#12682,#12683);
#10154=AXIS2_PLACEMENT_3D('',#15447,#12684,#12685);
#10155=AXIS2_PLACEMENT_3D('',#15448,#12686,#12687);
#10156=AXIS2_PLACEMENT_3D('',#15449,#12688,#12689);
#10157=AXIS2_PLACEMENT_3D('',#15450,#12690,#12691);
#10158=AXIS2_PLACEMENT_3D('',#15451,#12692,#12693);
#10159=AXIS2_PLACEMENT_3D('',#15452,#12694,#12695);
#10160=AXIS2_PLACEMENT_3D('',#15453,#12696,#12697);
#10161=AXIS2_PLACEMENT_3D('',#15454,#12698,#12699);
#10162=AXIS2_PLACEMENT_3D('',#15455,#12700,#12701);
#10163=AXIS2_PLACEMENT_3D('',#15456,#12702,#12703);
#10164=AXIS2_PLACEMENT_3D('',#15457,#12704,#12705);
#10165=AXIS2_PLACEMENT_3D('',#15458,#12706,#12707);
#10166=AXIS2_PLACEMENT_3D('',#15459,#12708,#12709);
#10167=AXIS2_PLACEMENT_3D('',#15460,#12710,#12711);
#10168=AXIS2_PLACEMENT_3D('',#15461,#12712,#12713);
#10169=AXIS2_PLACEMENT_3D('',#15462,#12714,#12715);
#10170=AXIS2_PLACEMENT_3D('',#15463,#12716,#12717);
#10171=AXIS2_PLACEMENT_3D('',#15464,#12718,#12719);
#10172=AXIS2_PLACEMENT_3D('',#15465,#12720,#12721);
#10173=AXIS2_PLACEMENT_3D('',#15467,#12722,#12723);
#10174=AXIS2_PLACEMENT_3D('',#15468,#12724,#12725);
#10175=AXIS2_PLACEMENT_3D('',#15469,#12726,#12727);
#10176=AXIS2_PLACEMENT_3D('',#15471,#12728,#12729);
#10177=AXIS2_PLACEMENT_3D('',#15472,#12730,#12731);
#10178=AXIS2_PLACEMENT_3D('',#15473,#12732,#12733);
#10179=AXIS2_PLACEMENT_3D('',#15475,#12734,#12735);
#10180=AXIS2_PLACEMENT_3D('',#15476,#12736,#12737);
#10181=AXIS2_PLACEMENT_3D('',#15477,#12738,#12739);
#10182=AXIS2_PLACEMENT_3D('',#15479,#12740,#12741);
#10183=AXIS2_PLACEMENT_3D('',#15480,#12742,#12743);
#10184=AXIS2_PLACEMENT_3D('',#15481,#12744,#12745);
#10185=AXIS2_PLACEMENT_3D('',#15483,#12746,#12747);
#10186=AXIS2_PLACEMENT_3D('',#15484,#12748,#12749);
#10187=AXIS2_PLACEMENT_3D('',#15485,#12750,#12751);
#10188=AXIS2_PLACEMENT_3D('',#15487,#12752,#12753);
#10189=AXIS2_PLACEMENT_3D('',#15488,#12754,#12755);
#10190=AXIS2_PLACEMENT_3D('',#15489,#12756,#12757);
#10191=AXIS2_PLACEMENT_3D('',#15491,#12758,#12759);
#10192=AXIS2_PLACEMENT_3D('',#15492,#12760,#12761);
#10193=AXIS2_PLACEMENT_3D('',#15494,#12763,#12764);
#10194=AXIS2_PLACEMENT_3D('',#15496,#12766,#12767);
#10195=AXIS2_PLACEMENT_3D('',#15498,#12769,#12770);
#10196=AXIS2_PLACEMENT_3D('',#15500,#12772,#12773);
#10197=AXIS2_PLACEMENT_3D('',#15502,#12775,#12776);
#10198=AXIS2_PLACEMENT_3D('',#15504,#12778,#12779);
#10199=AXIS2_PLACEMENT_3D('',#15506,#12781,#12782);
#10200=AXIS2_PLACEMENT_3D('',#15508,#12784,#12785);
#10201=AXIS2_PLACEMENT_3D('',#15510,#12787,#12788);
#10202=AXIS2_PLACEMENT_3D('',#15512,#12790,#12791);
#10203=AXIS2_PLACEMENT_3D('',#15514,#12793,#12794);
#10204=AXIS2_PLACEMENT_3D('',#15516,#12796,#12797);
#10205=AXIS2_PLACEMENT_3D('',#15518,#12799,#12800);
#10206=AXIS2_PLACEMENT_3D('',#15520,#12802,#12803);
#10207=AXIS2_PLACEMENT_3D('',#15522,#12805,#12806);
#10208=AXIS2_PLACEMENT_3D('',#15524,#12808,#12809);
#10209=AXIS2_PLACEMENT_3D('',#15526,#12811,#12812);
#10210=AXIS2_PLACEMENT_3D('',#15528,#12814,#12815);
#10211=AXIS2_PLACEMENT_3D('',#15530,#12817,#12818);
#10212=AXIS2_PLACEMENT_3D('',#15532,#12820,#12821);
#10213=AXIS2_PLACEMENT_3D('',#15534,#12823,#12824);
#10214=AXIS2_PLACEMENT_3D('',#15536,#12826,#12827);
#10215=AXIS2_PLACEMENT_3D('',#15538,#12829,#12830);
#10216=AXIS2_PLACEMENT_3D('',#15540,#12832,#12833);
#10217=AXIS2_PLACEMENT_3D('',#15542,#12835,#12836);
#10218=AXIS2_PLACEMENT_3D('',#15544,#12838,#12839);
#10219=AXIS2_PLACEMENT_3D('',#15546,#12841,#12842);
#10220=AXIS2_PLACEMENT_3D('',#15548,#12844,#12845);
#10221=AXIS2_PLACEMENT_3D('',#15550,#12847,#12848);
#10222=AXIS2_PLACEMENT_3D('',#15552,#12850,#12851);
#10223=AXIS2_PLACEMENT_3D('',#15554,#12853,#12854);
#10224=AXIS2_PLACEMENT_3D('',#15556,#12856,#12857);
#10225=AXIS2_PLACEMENT_3D('',#15557,#12858,#12859);
#10226=AXIS2_PLACEMENT_3D('',#15560,#12862,#12863);
#10227=AXIS2_PLACEMENT_3D('',#15563,#12866,#12867);
#10228=AXIS2_PLACEMENT_3D('',#15564,#12868,#12869);
#10229=AXIS2_PLACEMENT_3D('',#15565,#12870,#12871);
#10230=AXIS2_PLACEMENT_3D('',#15566,#12872,#12873);
#10231=AXIS2_PLACEMENT_3D('',#15567,#12874,#12875);
#10232=AXIS2_PLACEMENT_3D('',#15568,#12876,#12877);
#10233=AXIS2_PLACEMENT_3D('',#15569,#12878,#12879);
#10234=AXIS2_PLACEMENT_3D('',#15571,#12880,#12881);
#10235=AXIS2_PLACEMENT_3D('',#15572,#12882,#12883);
#10236=AXIS2_PLACEMENT_3D('',#15574,#12884,#12885);
#10237=AXIS2_PLACEMENT_3D('',#15575,#12886,#12887);
#10238=AXIS2_PLACEMENT_3D('',#15577,#12888,#12889);
#10239=AXIS2_PLACEMENT_3D('',#15578,#12890,#12891);
#10240=AXIS2_PLACEMENT_3D('',#15580,#12892,#12893);
#10241=AXIS2_PLACEMENT_3D('',#15581,#12894,#12895);
#10242=AXIS2_PLACEMENT_3D('',#15583,#12896,#12897);
#10243=AXIS2_PLACEMENT_3D('',#15584,#12898,#12899);
#10244=AXIS2_PLACEMENT_3D('',#15586,#12900,#12901);
#10245=AXIS2_PLACEMENT_3D('',#15587,#12902,#12903);
#10246=AXIS2_PLACEMENT_3D('',#15588,#12904,#12905);
#10247=AXIS2_PLACEMENT_3D('',#15589,#12906,#12907);
#10248=AXIS2_PLACEMENT_3D('',#15590,#12908,#12909);
#10249=AXIS2_PLACEMENT_3D('',#15591,#12910,#12911);
#10250=DIRECTION('',(0.,0.,1.));
#10251=DIRECTION('',(1.,0.,0.));
#10252=DIRECTION('',(-0.0256326041990335,0.999671430822135,0.));
#10253=DIRECTION('',(-0.999671430822136,-0.0256326041990335,0.));
#10254=DIRECTION('',(0.999671430822135,0.0256326041990335,0.));
#10255=DIRECTION('',(0.,0.,1.));
#10256=DIRECTION('',(0.999671430822135,0.0256326041990335,0.));
#10257=DIRECTION('',(0.,0.,-1.));
#10258=DIRECTION('',(0.,0.,1.));
#10259=DIRECTION('',(1.,0.,0.));
#10260=DIRECTION('',(0.,1.,0.));
#10261=DIRECTION('',(-1.,0.,0.));
#10262=DIRECTION('',(0.,1.,0.));
#10263=DIRECTION('',(-1.,4.95635278850516E-16,0.));
#10264=DIRECTION('',(0.,1.,0.));
#10265=DIRECTION('',(-1.,0.,0.));
#10266=DIRECTION('',(4.95635278850515E-16,1.,0.));
#10267=DIRECTION('',(-1.,4.95635278850516E-16,0.));
#10268=DIRECTION('',(0.,1.,0.));
#10269=DIRECTION('',(-1.,1.23908819712629E-16,0.));
#10270=DIRECTION('',(0.,1.,0.));
#10271=DIRECTION('',(-1.,0.,0.));
#10272=DIRECTION('',(0.,1.,0.));
#10273=DIRECTION('',(-1.,1.23908819712629E-16,0.));
#10274=DIRECTION('',(4.95635278850515E-16,1.,0.));
#10275=DIRECTION('',(-1.,0.,0.));
#10276=DIRECTION('',(0.,1.,0.));
#10277=DIRECTION('',(-1.,1.23908819712629E-16,0.));
#10278=DIRECTION('',(0.,1.,0.));
#10279=DIRECTION('',(-1.,1.23908819712629E-16,0.));
#10280=DIRECTION('',(0.,1.,0.));
#10281=DIRECTION('',(-1.,1.23908819712629E-16,0.));
#10282=DIRECTION('',(4.95635278850515E-16,1.,0.));
#10283=DIRECTION('',(-1.,1.23908819712629E-16,0.));
#10284=DIRECTION('',(0.,1.,0.));
#10285=DIRECTION('',(-1.,0.,0.));
#10286=DIRECTION('',(0.,1.,0.));
#10287=DIRECTION('',(-1.,1.23908819712629E-16,0.));
#10288=DIRECTION('',(0.,1.,0.));
#10289=DIRECTION('',(-1.,0.,0.));
#10290=DIRECTION('',(4.95635278850515E-16,1.,0.));
#10291=DIRECTION('',(-1.,1.23908819712629E-16,0.));
#10292=DIRECTION('',(-0.0174524064372835,0.999847695156391,0.));
#10293=DIRECTION('',(-0.999847695156391,-0.0174524064372838,0.));
#10294=DIRECTION('',(-0.0174524064372834,0.999847695156391,0.));
#10295=DIRECTION('',(-0.999847695156391,-0.0174524064372833,0.));
#10296=DIRECTION('',(-0.0174524064372835,0.999847695156391,0.));
#10297=DIRECTION('',(-0.999847695156391,-0.0174524064372835,0.));
#10298=DIRECTION('',(-0.0174524064372834,0.999847695156391,0.));
#10299=DIRECTION('',(-0.999847695156391,-0.0174524064372833,0.));
#10300=DIRECTION('',(-0.0174524064372835,0.999847695156391,0.));
#10301=DIRECTION('',(-0.999847695156391,-0.0174524064372834,0.));
#10302=DIRECTION('',(-0.0174524064372834,0.999847695156391,0.));
#10303=DIRECTION('',(-0.999847695156391,-0.0174524064372834,0.));
#10304=DIRECTION('',(-0.0174524064372835,0.999847695156391,0.));
#10305=DIRECTION('',(-0.999847695156391,-0.0174524064372835,0.));
#10306=DIRECTION('',(-0.0174524064372834,0.999847695156391,0.));
#10307=DIRECTION('',(-0.999847695156391,-0.0174524064372834,0.));
#10308=DIRECTION('',(-0.0348994967025009,0.999390827019096,0.));
#10309=DIRECTION('',(-0.999390827019096,-0.034899496702501,0.));
#10310=DIRECTION('',(-0.034899496702501,0.999390827019096,0.));
#10311=DIRECTION('',(-0.999390827019096,-0.0348994967025011,0.));
#10312=DIRECTION('',(-0.0348994967025009,0.999390827019096,0.));
#10313=DIRECTION('',(-0.999390827019096,-0.0348994967025012,0.));
#10314=DIRECTION('',(-0.034899496702501,0.999390827019096,0.));
#10315=DIRECTION('',(-0.999390827019096,-0.0348994967025011,0.));
#10316=DIRECTION('',(-0.0348994967025009,0.999390827019096,0.));
#10317=DIRECTION('',(-0.999390827019096,-0.0348994967025011,0.));
#10318=DIRECTION('',(-0.0348994967025009,0.999390827019096,0.));
#10319=DIRECTION('',(-0.999390827019096,-0.0348994967025011,0.));
#10320=DIRECTION('',(-0.0348994967025009,0.999390827019096,0.));
#10321=DIRECTION('',(-0.999390827019096,-0.0348994967025012,0.));
#10322=DIRECTION('',(-0.034899496702501,0.999390827019096,0.));
#10323=DIRECTION('',(-0.999390827019096,-0.0348994967025011,0.));
#10324=DIRECTION('',(-0.0523359562429438,0.998629534754574,0.));
#10325=DIRECTION('',(-0.998629534754574,-0.0523359562429439,0.));
#10326=DIRECTION('',(-0.0523359562429438,0.998629534754574,0.));
#10327=DIRECTION('',(-0.998629534754574,-0.052335956242944,0.));
#10328=DIRECTION('',(-0.0523359562429439,0.998629534754574,0.));
#10329=DIRECTION('',(-0.998629534754574,-0.052335956242944,0.));
#10330=DIRECTION('',(-0.0523359562429437,0.998629534754574,0.));
#10331=DIRECTION('',(-0.998629534754574,-0.052335956242944,0.));
#10332=DIRECTION('',(-0.0523359562429437,0.998629534754574,0.));
#10333=DIRECTION('',(-0.998629534754574,-0.052335956242944,0.));
#10334=DIRECTION('',(-0.0523359562429437,0.998629534754574,0.));
#10335=DIRECTION('',(-0.998629534754574,-0.052335956242944,0.));
#10336=DIRECTION('',(-0.0523359562429437,0.998629534754574,0.));
#10337=DIRECTION('',(-0.998629534754574,-0.0523359562429439,0.));
#10338=DIRECTION('',(-0.0523359562429437,0.998629534754574,0.));
#10339=DIRECTION('',(-0.998629534754574,-0.052335956242944,0.));
#10340=DIRECTION('',(-0.0697564737441249,0.997564050259824,0.));
#10341=DIRECTION('',(-0.997564050259824,-0.0697564737441257,0.));
#10342=DIRECTION('',(-0.0697564737441249,0.997564050259824,0.));
#10343=DIRECTION('',(-0.997564050259824,-0.0697564737441254,0.));
#10344=DIRECTION('',(-0.069756473744125,0.997564050259824,0.));
#10345=DIRECTION('',(-0.997564050259824,-0.0697564737441255,0.));
#10346=DIRECTION('',(-0.069756473744125,0.997564050259824,0.));
#10347=DIRECTION('',(-0.997564050259824,-0.0697564737441255,0.));
#10348=DIRECTION('',(-0.069756473744125,0.997564050259824,0.));
#10349=DIRECTION('',(-0.997564050259824,-0.0697564737441255,0.));
#10350=DIRECTION('',(-0.069756473744125,0.997564050259824,0.));
#10351=DIRECTION('',(-0.997564050259824,-0.0697564737441254,0.));
#10352=DIRECTION('',(-0.069756473744125,0.997564050259824,0.));
#10353=DIRECTION('',(-0.997564050259824,-0.0697564737441257,0.));
#10354=DIRECTION('',(-0.0697564737441249,0.997564050259824,0.));
#10355=DIRECTION('',(-0.997564050259824,-0.0697564737441255,0.));
#10356=DIRECTION('',(-0.0523359562429438,0.998629534754574,0.));
#10357=DIRECTION('',(-0.998629534754574,-0.0523359562429435,0.));
#10358=DIRECTION('',(-0.0523359562429438,0.998629534754574,0.));
#10359=DIRECTION('',(-0.998629534754574,-0.0523359562429437,0.));
#10360=DIRECTION('',(-0.104528463267653,0.994521895368273,0.));
#10361=DIRECTION('',(-0.994521895368273,-0.104528463267653,0.));
#10362=DIRECTION('',(-0.104528463267653,0.994521895368273,0.));
#10363=DIRECTION('',(-0.994521895368273,-0.104528463267653,0.));
#10364=DIRECTION('',(-0.139173100960066,0.99026806874157,0.));
#10365=DIRECTION('',(-0.99026806874157,-0.139173100960065,0.));
#10366=DIRECTION('',(-0.139173100960066,0.99026806874157,0.));
#10367=DIRECTION('',(-0.99026806874157,-0.139173100960065,0.));
#10368=DIRECTION('',(0.,0.,1.));
#10369=DIRECTION('',(1.,0.,0.));
#10370=DIRECTION('',(0.,0.,1.));
#10371=DIRECTION('',(1.,0.,0.));
#10372=DIRECTION('',(0.,0.,1.));
#10373=DIRECTION('',(1.,0.,0.));
#10374=DIRECTION('',(0.,0.,1.));
#10375=DIRECTION('',(1.,0.,0.));
#10376=DIRECTION('',(0.,0.,1.));
#10377=DIRECTION('',(1.,0.,0.));
#10378=DIRECTION('',(0.,0.,1.));
#10379=DIRECTION('',(1.,0.,0.));
#10380=DIRECTION('',(0.,0.,1.));
#10381=DIRECTION('',(1.,0.,0.));
#10382=DIRECTION('',(0.999671430822135,0.0256326041990335,0.));
#10383=DIRECTION('',(-0.0256326041990335,0.999671430822135,0.));
#10384=DIRECTION('',(0.999671430822135,0.0256326041990335,0.));
#10385=DIRECTION('',(0.,0.,1.));
#10386=DIRECTION('',(1.,0.,0.));
#10387=DIRECTION('',(-0.00465928590864503,-0.9999891454685,0.));
#10388=DIRECTION('',(0.,0.,1.));
#10389=DIRECTION('',(1.,0.,0.));
#10390=DIRECTION('',(-1.,-1.32826042475245E-16,0.));
#10391=DIRECTION('',(0.,1.,0.));
#10392=DIRECTION('',(-1.,0.,0.));
#10393=DIRECTION('',(0.,0.,1.));
#10394=DIRECTION('',(1.,0.,0.));
#10395=DIRECTION('',(0.00465928590864746,0.9999891454685,0.));
#10396=DIRECTION('',(0.,0.,1.));
#10397=DIRECTION('',(1.,0.,0.));
#10398=DIRECTION('',(0.283270374822516,-0.959040090271471,0.));
#10399=DIRECTION('',(0.,0.,1.));
#10400=DIRECTION('',(1.,0.,0.));
#10401=DIRECTION('',(0.377566219167878,-0.925982586306716,0.));
#10402=DIRECTION('',(0.,0.,1.));
#10403=DIRECTION('',(1.,0.,0.));
#10404=DIRECTION('',(0.990830423682699,0.135111330038468,0.));
#10405=DIRECTION('',(0.,0.,1.));
#10406=DIRECTION('',(1.,0.,0.));
#10407=DIRECTION('',(-0.81293645290436,-0.582352404939893,0.));
#10408=DIRECTION('',(0.,0.,1.));
#10409=DIRECTION('',(1.,0.,0.));
#10410=DIRECTION('',(0.999978796274762,-0.00651206579195331,0.));
#10411=DIRECTION('',(0.,0.,1.));
#10412=DIRECTION('',(1.,0.,0.));
#10413=DIRECTION('',(0.,-1.,0.));
#10414=DIRECTION('',(0.,0.,1.));
#10415=DIRECTION('',(1.,0.,0.));
#10416=DIRECTION('',(0.580431300700616,-0.814309219625439,0.));
#10417=DIRECTION('',(0.,0.,1.));
#10418=DIRECTION('',(1.,0.,0.));
#10419=DIRECTION('',(0.,-1.,0.));
#10420=DIRECTION('',(0.,0.,1.));
#10421=DIRECTION('',(1.,0.,0.));
#10422=DIRECTION('',(0.571357346844508,-0.820701396493758,0.));
#10423=DIRECTION('',(0.,0.,1.));
#10424=DIRECTION('',(1.,0.,0.));
#10425=DIRECTION('',(0.0132377433679024,-0.999912377236388,0.));
#10426=DIRECTION('',(0.,0.,1.));
#10427=DIRECTION('',(1.,0.,0.));
#10428=DIRECTION('',(1.,0.,0.));
#10429=DIRECTION('',(0.,0.,1.));
#10430=DIRECTION('',(1.,0.,0.));
#10431=DIRECTION('',(-0.931756812809501,0.363082968180939,0.));
#10432=DIRECTION('',(0.,0.,1.));
#10433=DIRECTION('',(1.,0.,0.));
#10434=DIRECTION('',(0.999763788949756,0.0217339896205972,0.));
#10435=DIRECTION('',(0.,0.,1.));
#10436=DIRECTION('',(1.,0.,0.));
#10437=DIRECTION('',(0.770246757286025,0.637745978341191,0.));
#10438=DIRECTION('',(0.,0.,1.));
#10439=DIRECTION('',(1.,0.,0.));
#10440=DIRECTION('',(-0.0256326041990335,0.999671430822135,0.));
#10441=DIRECTION('',(-0.99026806874157,-0.139173100960066,0.));
#10442=DIRECTION('',(0.139173100960066,-0.99026806874157,0.));
#10443=DIRECTION('',(-0.139173100960066,0.99026806874157,0.));
#10444=DIRECTION('',(0.,0.,-1.));
#10445=DIRECTION('',(0.,0.,-1.));
#10446=DIRECTION('',(0.139173100960065,-0.99026806874157,0.));
#10447=DIRECTION('',(0.99026806874157,0.139173100960065,0.));
#10448=DIRECTION('',(-0.99026806874157,-0.139173100960065,0.));
#10449=DIRECTION('',(0.,0.,-1.));
#10450=DIRECTION('',(-0.99026806874157,-0.139173100960066,0.));
#10451=DIRECTION('',(0.139173100960066,-0.99026806874157,0.));
#10452=DIRECTION('',(-0.139173100960066,0.99026806874157,0.));
#10453=DIRECTION('',(0.,0.,-1.));
#10454=DIRECTION('',(-0.994521895368273,-0.104528463267653,0.));
#10455=DIRECTION('',(0.104528463267653,-0.994521895368273,0.));
#10456=DIRECTION('',(-0.104528463267653,0.994521895368273,0.));
#10457=DIRECTION('',(0.,0.,-1.));
#10458=DIRECTION('',(0.,0.,-1.));
#10459=DIRECTION('',(0.104528463267653,-0.994521895368273,0.));
#10460=DIRECTION('',(0.994521895368273,0.104528463267653,0.));
#10461=DIRECTION('',(-0.994521895368273,-0.104528463267653,0.));
#10462=DIRECTION('',(0.,0.,-1.));
#10463=DIRECTION('',(-0.994521895368273,-0.104528463267653,0.));
#10464=DIRECTION('',(0.104528463267653,-0.994521895368273,0.));
#10465=DIRECTION('',(-0.104528463267653,0.994521895368273,0.));
#10466=DIRECTION('',(0.,0.,-1.));
#10467=DIRECTION('',(-0.998629534754574,-0.0523359562429438,0.));
#10468=DIRECTION('',(0.0523359562429438,-0.998629534754574,0.));
#10469=DIRECTION('',(-0.0523359562429438,0.998629534754574,0.));
#10470=DIRECTION('',(0.,0.,-1.));
#10471=DIRECTION('',(0.,0.,-1.));
#10472=DIRECTION('',(0.0523359562429435,-0.998629534754574,0.));
#10473=DIRECTION('',(0.998629534754574,0.0523359562429435,0.));
#10474=DIRECTION('',(-0.998629534754574,-0.0523359562429435,0.));
#10475=DIRECTION('',(0.,0.,-1.));
#10476=DIRECTION('',(-0.998629534754574,-0.0523359562429438,0.));
#10477=DIRECTION('',(0.0523359562429438,-0.998629534754574,0.));
#10478=DIRECTION('',(-0.0523359562429438,0.998629534754574,0.));
#10479=DIRECTION('',(0.,0.,-1.));
#10480=DIRECTION('',(-0.997564050259824,-0.069756473744125,0.));
#10481=DIRECTION('',(0.069756473744125,-0.997564050259824,0.));
#10482=DIRECTION('',(-0.069756473744125,0.997564050259824,0.));
#10483=DIRECTION('',(0.,0.,-1.));
#10484=DIRECTION('',(0.,0.,-1.));
#10485=DIRECTION('',(0.0697564737441257,-0.997564050259824,0.));
#10486=DIRECTION('',(0.997564050259824,0.0697564737441257,0.));
#10487=DIRECTION('',(-0.997564050259824,-0.0697564737441257,0.));
#10488=DIRECTION('',(0.,0.,-1.));
#10489=DIRECTION('',(-0.997564050259824,-0.0697564737441249,0.));
#10490=DIRECTION('',(0.0697564737441249,-0.997564050259824,0.));
#10491=DIRECTION('',(-0.0697564737441249,0.997564050259824,0.));
#10492=DIRECTION('',(0.,0.,-1.));
#10493=DIRECTION('',(-0.997564050259824,-0.069756473744125,0.));
#10494=DIRECTION('',(0.069756473744125,-0.997564050259824,0.));
#10495=DIRECTION('',(-0.069756473744125,0.997564050259824,0.));
#10496=DIRECTION('',(0.,0.,-1.));
#10497=DIRECTION('',(0.,0.,-1.));
#10498=DIRECTION('',(0.0697564737441255,-0.997564050259824,0.));
#10499=DIRECTION('',(0.997564050259824,0.0697564737441255,0.));
#10500=DIRECTION('',(-0.997564050259824,-0.0697564737441255,0.));
#10501=DIRECTION('',(0.,0.,-1.));
#10502=DIRECTION('',(-0.997564050259824,-0.0697564737441249,0.));
#10503=DIRECTION('',(0.069756473744125,-0.997564050259824,0.));
#10504=DIRECTION('',(-0.069756473744125,0.997564050259824,0.));
#10505=DIRECTION('',(0.,0.,-1.));
#10506=DIRECTION('',(-0.997564050259824,-0.069756473744125,0.));
#10507=DIRECTION('',(0.069756473744125,-0.997564050259824,0.));
#10508=DIRECTION('',(-0.069756473744125,0.997564050259824,0.));
#10509=DIRECTION('',(0.,0.,-1.));
#10510=DIRECTION('',(0.,0.,-1.));
#10511=DIRECTION('',(0.0697564737441254,-0.997564050259824,0.));
#10512=DIRECTION('',(0.997564050259824,0.0697564737441255,0.));
#10513=DIRECTION('',(-0.997564050259824,-0.0697564737441255,0.));
#10514=DIRECTION('',(0.,0.,-1.));
#10515=DIRECTION('',(-0.997564050259824,-0.0697564737441249,0.));
#10516=DIRECTION('',(0.069756473744125,-0.997564050259824,0.));
#10517=DIRECTION('',(-0.069756473744125,0.997564050259824,0.));
#10518=DIRECTION('',(0.,0.,-1.));
#10519=DIRECTION('',(-0.997564050259824,-0.0697564737441249,0.));
#10520=DIRECTION('',(0.0697564737441249,-0.997564050259824,0.));
#10521=DIRECTION('',(-0.0697564737441249,0.997564050259824,0.));
#10522=DIRECTION('',(0.,0.,-1.));
#10523=DIRECTION('',(0.,0.,-1.));
#10524=DIRECTION('',(0.0697564737441257,-0.997564050259824,0.));
#10525=DIRECTION('',(0.997564050259824,0.0697564737441257,0.));
#10526=DIRECTION('',(-0.997564050259824,-0.0697564737441257,0.));
#10527=DIRECTION('',(0.,0.,-1.));
#10528=DIRECTION('',(-0.997564050259824,-0.0697564737441249,0.));
#10529=DIRECTION('',(0.0697564737441249,-0.997564050259824,0.));
#10530=DIRECTION('',(-0.0697564737441249,0.997564050259824,0.));
#10531=DIRECTION('',(0.,0.,-1.));
#10532=DIRECTION('',(-0.998629534754574,-0.0523359562429437,0.));
#10533=DIRECTION('',(0.0523359562429437,-0.998629534754574,0.));
#10534=DIRECTION('',(-0.0523359562429437,0.998629534754574,0.));
#10535=DIRECTION('',(0.,0.,-1.));
#10536=DIRECTION('',(0.,0.,-1.));
#10537=DIRECTION('',(0.0523359562429439,-0.998629534754574,0.));
#10538=DIRECTION('',(0.998629534754574,0.0523359562429439,0.));
#10539=DIRECTION('',(-0.998629534754574,-0.0523359562429439,0.));
#10540=DIRECTION('',(0.,0.,-1.));
#10541=DIRECTION('',(-0.998629534754574,-0.0523359562429437,0.));
#10542=DIRECTION('',(0.0523359562429437,-0.998629534754574,0.));
#10543=DIRECTION('',(-0.0523359562429437,0.998629534754574,0.));
#10544=DIRECTION('',(0.,0.,-1.));
#10545=DIRECTION('',(-0.998629534754574,-0.0523359562429437,0.));
#10546=DIRECTION('',(0.0523359562429437,-0.998629534754574,0.));
#10547=DIRECTION('',(-0.0523359562429437,0.998629534754574,0.));
#10548=DIRECTION('',(0.,0.,-1.));
#10549=DIRECTION('',(0.,0.,-1.));
#10550=DIRECTION('',(0.052335956242944,-0.998629534754574,0.));
#10551=DIRECTION('',(0.998629534754574,0.052335956242944,0.));
#10552=DIRECTION('',(-0.998629534754574,-0.052335956242944,0.));
#10553=DIRECTION('',(0.,0.,-1.));
#10554=DIRECTION('',(-0.998629534754574,-0.0523359562429437,0.));
#10555=DIRECTION('',(0.0523359562429437,-0.998629534754574,0.));
#10556=DIRECTION('',(-0.0523359562429437,0.998629534754574,0.));
#10557=DIRECTION('',(0.,0.,-1.));
#10558=DIRECTION('',(-0.998629534754574,-0.0523359562429439,0.));
#10559=DIRECTION('',(0.0523359562429439,-0.998629534754574,0.));
#10560=DIRECTION('',(-0.0523359562429439,0.998629534754574,0.));
#10561=DIRECTION('',(0.,0.,-1.));
#10562=DIRECTION('',(0.,0.,-1.));
#10563=DIRECTION('',(0.052335956242944,-0.998629534754574,0.));
#10564=DIRECTION('',(0.998629534754574,0.052335956242944,0.));
#10565=DIRECTION('',(-0.998629534754574,-0.052335956242944,0.));
#10566=DIRECTION('',(0.,0.,-1.));
#10567=DIRECTION('',(-0.998629534754574,-0.0523359562429437,0.));
#10568=DIRECTION('',(0.0523359562429437,-0.998629534754574,0.));
#10569=DIRECTION('',(-0.0523359562429437,0.998629534754574,0.));
#10570=DIRECTION('',(0.,0.,-1.));
#10571=DIRECTION('',(-0.998629534754574,-0.0523359562429438,0.));
#10572=DIRECTION('',(0.0523359562429438,-0.998629534754574,0.));
#10573=DIRECTION('',(-0.0523359562429438,0.998629534754574,0.));
#10574=DIRECTION('',(0.,0.,-1.));
#10575=DIRECTION('',(0.,0.,-1.));
#10576=DIRECTION('',(0.0523359562429439,-0.998629534754574,0.));
#10577=DIRECTION('',(0.998629534754574,0.0523359562429439,0.));
#10578=DIRECTION('',(-0.998629534754574,-0.0523359562429439,0.));
#10579=DIRECTION('',(0.,0.,-1.));
#10580=DIRECTION('',(-0.998629534754574,-0.0523359562429438,0.));
#10581=DIRECTION('',(0.0523359562429438,-0.998629534754574,0.));
#10582=DIRECTION('',(-0.0523359562429438,0.998629534754574,0.));
#10583=DIRECTION('',(0.,0.,-1.));
#10584=DIRECTION('',(-0.999390827019096,-0.0348994967025009,0.));
#10585=DIRECTION('',(0.0348994967025009,-0.999390827019096,0.));
#10586=DIRECTION('',(-0.0348994967025009,0.999390827019096,0.));
#10587=DIRECTION('',(0.,0.,-1.));
#10588=DIRECTION('',(0.,0.,-1.));
#10589=DIRECTION('',(0.0348994967025012,-0.999390827019096,0.));
#10590=DIRECTION('',(0.999390827019096,0.0348994967025012,0.));
#10591=DIRECTION('',(-0.999390827019096,-0.0348994967025012,0.));
#10592=DIRECTION('',(0.,0.,-1.));
#10593=DIRECTION('',(-0.999390827019096,-0.034899496702501,0.));
#10594=DIRECTION('',(0.034899496702501,-0.999390827019096,0.));
#10595=DIRECTION('',(-0.034899496702501,0.999390827019096,0.));
#10596=DIRECTION('',(0.,0.,-1.));
#10597=DIRECTION('',(-0.999390827019096,-0.0348994967025009,0.));
#10598=DIRECTION('',(0.0348994967025009,-0.999390827019096,0.));
#10599=DIRECTION('',(-0.0348994967025009,0.999390827019096,0.));
#10600=DIRECTION('',(0.,0.,-1.));
#10601=DIRECTION('',(0.,0.,-1.));
#10602=DIRECTION('',(0.0348994967025011,-0.999390827019096,0.));
#10603=DIRECTION('',(0.999390827019096,0.0348994967025011,0.));
#10604=DIRECTION('',(-0.999390827019096,-0.0348994967025011,0.));
#10605=DIRECTION('',(0.,0.,-1.));
#10606=DIRECTION('',(-0.999390827019096,-0.0348994967025009,0.));
#10607=DIRECTION('',(0.0348994967025009,-0.999390827019096,0.));
#10608=DIRECTION('',(-0.0348994967025009,0.999390827019096,0.));
#10609=DIRECTION('',(0.,0.,-1.));
#10610=DIRECTION('',(-0.999390827019096,-0.0348994967025009,0.));
#10611=DIRECTION('',(0.0348994967025009,-0.999390827019096,0.));
#10612=DIRECTION('',(-0.0348994967025009,0.999390827019096,0.));
#10613=DIRECTION('',(0.,0.,-1.));
#10614=DIRECTION('',(0.,0.,-1.));
#10615=DIRECTION('',(0.0348994967025012,-0.999390827019096,0.));
#10616=DIRECTION('',(0.999390827019096,0.0348994967025012,0.));
#10617=DIRECTION('',(-0.999390827019096,-0.0348994967025012,0.));
#10618=DIRECTION('',(0.,0.,-1.));
#10619=DIRECTION('',(-0.999390827019096,-0.034899496702501,0.));
#10620=DIRECTION('',(0.034899496702501,-0.999390827019096,0.));
#10621=DIRECTION('',(-0.034899496702501,0.999390827019096,0.));
#10622=DIRECTION('',(0.,0.,-1.));
#10623=DIRECTION('',(-0.999390827019096,-0.0348994967025009,0.));
#10624=DIRECTION('',(0.0348994967025009,-0.999390827019096,0.));
#10625=DIRECTION('',(-0.0348994967025009,0.999390827019096,0.));
#10626=DIRECTION('',(0.,0.,-1.));
#10627=DIRECTION('',(0.,0.,-1.));
#10628=DIRECTION('',(0.034899496702501,-0.999390827019096,0.));
#10629=DIRECTION('',(0.999390827019096,0.034899496702501,0.));
#10630=DIRECTION('',(-0.999390827019096,-0.034899496702501,0.));
#10631=DIRECTION('',(0.,0.,-1.));
#10632=DIRECTION('',(-0.999390827019096,-0.034899496702501,0.));
#10633=DIRECTION('',(0.034899496702501,-0.999390827019096,0.));
#10634=DIRECTION('',(-0.034899496702501,0.999390827019096,0.));
#10635=DIRECTION('',(0.,0.,-1.));
#10636=DIRECTION('',(-0.999847695156391,-0.0174524064372835,0.));
#10637=DIRECTION('',(0.0174524064372835,-0.999847695156391,0.));
#10638=DIRECTION('',(-0.0174524064372835,0.999847695156391,0.));
#10639=DIRECTION('',(0.,0.,-1.));
#10640=DIRECTION('',(0.,0.,-1.));
#10641=DIRECTION('',(0.0174524064372835,-0.999847695156391,0.));
#10642=DIRECTION('',(0.999847695156391,0.0174524064372835,0.));
#10643=DIRECTION('',(-0.999847695156391,-0.0174524064372835,0.));
#10644=DIRECTION('',(0.,0.,-1.));
#10645=DIRECTION('',(-0.999847695156391,-0.0174524064372834,0.));
#10646=DIRECTION('',(0.0174524064372834,-0.999847695156391,0.));
#10647=DIRECTION('',(-0.0174524064372834,0.999847695156391,0.));
#10648=DIRECTION('',(0.,0.,-1.));
#10649=DIRECTION('',(-0.999847695156391,-0.0174524064372835,0.));
#10650=DIRECTION('',(0.0174524064372835,-0.999847695156391,0.));
#10651=DIRECTION('',(-0.0174524064372835,0.999847695156391,0.));
#10652=DIRECTION('',(0.,0.,-1.));
#10653=DIRECTION('',(0.,0.,-1.));
#10654=DIRECTION('',(0.0174524064372834,-0.999847695156391,0.));
#10655=DIRECTION('',(0.999847695156391,0.0174524064372834,0.));
#10656=DIRECTION('',(-0.999847695156391,-0.0174524064372834,0.));
#10657=DIRECTION('',(0.,0.,-1.));
#10658=DIRECTION('',(-0.999847695156391,-0.0174524064372834,0.));
#10659=DIRECTION('',(0.0174524064372834,-0.999847695156391,0.));
#10660=DIRECTION('',(-0.0174524064372834,0.999847695156391,0.));
#10661=DIRECTION('',(0.,0.,-1.));
#10662=DIRECTION('',(-0.999847695156391,-0.0174524064372835,0.));
#10663=DIRECTION('',(0.0174524064372835,-0.999847695156391,0.));
#10664=DIRECTION('',(-0.0174524064372835,0.999847695156391,0.));
#10665=DIRECTION('',(0.,0.,-1.));
#10666=DIRECTION('',(0.,0.,-1.));
#10667=DIRECTION('',(0.0174524064372835,-0.999847695156391,0.));
#10668=DIRECTION('',(0.999847695156391,0.0174524064372835,0.));
#10669=DIRECTION('',(-0.999847695156391,-0.0174524064372835,0.));
#10670=DIRECTION('',(0.,0.,-1.));
#10671=DIRECTION('',(-0.999847695156391,-0.0174524064372834,0.));
#10672=DIRECTION('',(0.0174524064372834,-0.999847695156391,0.));
#10673=DIRECTION('',(-0.0174524064372834,0.999847695156391,0.));
#10674=DIRECTION('',(0.,0.,-1.));
#10675=DIRECTION('',(-0.999847695156391,-0.0174524064372835,0.));
#10676=DIRECTION('',(0.0174524064372835,-0.999847695156391,0.));
#10677=DIRECTION('',(-0.0174524064372835,0.999847695156391,0.));
#10678=DIRECTION('',(0.,0.,-1.));
#10679=DIRECTION('',(0.,0.,-1.));
#10680=DIRECTION('',(0.0174524064372838,-0.999847695156391,0.));
#10681=DIRECTION('',(0.999847695156391,0.0174524064372838,0.));
#10682=DIRECTION('',(-0.999847695156391,-0.0174524064372838,0.));
#10683=DIRECTION('',(0.,0.,-1.));
#10684=DIRECTION('',(-0.999847695156391,-0.0174524064372834,0.));
#10685=DIRECTION('',(0.0174524064372834,-0.999847695156391,0.));
#10686=DIRECTION('',(-0.0174524064372834,0.999847695156391,0.));
#10687=DIRECTION('',(0.,0.,-1.));
#10688=DIRECTION('',(-1.,0.,0.));
#10689=DIRECTION('',(0.,0.,1.));
#10690=DIRECTION('',(0.,1.,0.));
#10691=DIRECTION('',(0.,0.,-1.));
#10692=DIRECTION('',(0.,0.,-1.));
#10693=DIRECTION('',(0.,-1.,0.));
#10694=DIRECTION('',(0.,0.,-1.));
#10695=DIRECTION('',(-1.,0.,0.));
#10696=DIRECTION('',(0.,0.,-1.));
#10697=DIRECTION('',(-1.,4.95635278850515E-16,0.));
#10698=DIRECTION('',(-4.95635278850515E-16,-1.,0.));
#10699=DIRECTION('',(4.95635278850515E-16,1.,0.));
#10700=DIRECTION('',(0.,0.,-1.));
#10701=DIRECTION('',(-1.,0.,0.));
#10702=DIRECTION('',(0.,0.,1.));
#10703=DIRECTION('',(0.,1.,0.));
#10704=DIRECTION('',(0.,0.,-1.));
#10705=DIRECTION('',(0.,0.,-1.));
#10706=DIRECTION('',(0.,-1.,0.));
#10707=DIRECTION('',(0.,0.,-1.));
#10708=DIRECTION('',(-1.,0.,0.));
#10709=DIRECTION('',(0.,0.,-1.));
#10710=DIRECTION('',(-1.,0.,0.));
#10711=DIRECTION('',(0.,0.,1.));
#10712=DIRECTION('',(0.,1.,0.));
#10713=DIRECTION('',(0.,0.,-1.));
#10714=DIRECTION('',(-1.,0.,0.));
#10715=DIRECTION('',(0.,0.,1.));
#10716=DIRECTION('',(0.,1.,0.));
#10717=DIRECTION('',(0.,0.,-1.));
#10718=DIRECTION('',(0.,0.,-1.));
#10719=DIRECTION('',(-1.23908819712629E-16,-1.,0.));
#10720=DIRECTION('',(1.,-1.23908819712629E-16,0.));
#10721=DIRECTION('',(-1.,1.23908819712629E-16,0.));
#10722=DIRECTION('',(0.,0.,-1.));
#10723=DIRECTION('',(-1.,4.95635278850515E-16,0.));
#10724=DIRECTION('',(-4.95635278850515E-16,-1.,0.));
#10725=DIRECTION('',(4.95635278850515E-16,1.,0.));
#10726=DIRECTION('',(0.,0.,-1.));
#10727=DIRECTION('',(-1.,0.,0.));
#10728=DIRECTION('',(0.,0.,1.));
#10729=DIRECTION('',(0.,1.,0.));
#10730=DIRECTION('',(0.,0.,-1.));
#10731=DIRECTION('',(0.,0.,-1.));
#10732=DIRECTION('',(-1.23908819712629E-16,-1.,0.));
#10733=DIRECTION('',(1.,-1.23908819712629E-16,0.));
#10734=DIRECTION('',(-1.,1.23908819712629E-16,0.));
#10735=DIRECTION('',(0.,0.,-1.));
#10736=DIRECTION('',(-1.,0.,0.));
#10737=DIRECTION('',(0.,0.,1.));
#10738=DIRECTION('',(0.,1.,0.));
#10739=DIRECTION('',(0.,0.,-1.));
#10740=DIRECTION('',(-1.,0.,0.));
#10741=DIRECTION('',(0.,0.,1.));
#10742=DIRECTION('',(0.,1.,0.));
#10743=DIRECTION('',(0.,0.,-1.));
#10744=DIRECTION('',(0.,0.,-1.));
#10745=DIRECTION('',(-1.23908819712629E-16,-1.,0.));
#10746=DIRECTION('',(1.,-1.23908819712629E-16,0.));
#10747=DIRECTION('',(-1.,1.23908819712629E-16,0.));
#10748=DIRECTION('',(0.,0.,-1.));
#10749=DIRECTION('',(-1.,4.95635278850515E-16,0.));
#10750=DIRECTION('',(-4.95635278850515E-16,-1.,0.));
#10751=DIRECTION('',(4.95635278850515E-16,1.,0.));
#10752=DIRECTION('',(0.,0.,-1.));
#10753=DIRECTION('',(-1.,0.,0.));
#10754=DIRECTION('',(0.,0.,1.));
#10755=DIRECTION('',(0.,1.,0.));
#10756=DIRECTION('',(0.,0.,-1.));
#10757=DIRECTION('',(0.,0.,-1.));
#10758=DIRECTION('',(-1.23908819712629E-16,-1.,0.));
#10759=DIRECTION('',(1.,-1.23908819712629E-16,0.));
#10760=DIRECTION('',(-1.,1.23908819712629E-16,0.));
#10761=DIRECTION('',(0.,0.,-1.));
#10762=DIRECTION('',(-1.,0.,0.));
#10763=DIRECTION('',(0.,0.,1.));
#10764=DIRECTION('',(0.,1.,0.));
#10765=DIRECTION('',(0.,0.,-1.));
#10766=DIRECTION('',(-1.,0.,0.));
#10767=DIRECTION('',(0.,0.,1.));
#10768=DIRECTION('',(0.,1.,0.));
#10769=DIRECTION('',(0.,0.,-1.));
#10770=DIRECTION('',(0.,0.,-1.));
#10771=DIRECTION('',(0.,-1.,0.));
#10772=DIRECTION('',(0.,0.,-1.));
#10773=DIRECTION('',(-1.,0.,0.));
#10774=DIRECTION('',(0.,0.,-1.));
#10775=DIRECTION('',(-1.,4.95635278850515E-16,0.));
#10776=DIRECTION('',(-4.95635278850515E-16,-1.,0.));
#10777=DIRECTION('',(4.95635278850515E-16,1.,0.));
#10778=DIRECTION('',(0.,0.,-1.));
#10779=DIRECTION('',(-1.,0.,0.));
#10780=DIRECTION('',(0.,0.,1.));
#10781=DIRECTION('',(0.,1.,0.));
#10782=DIRECTION('',(0.,0.,-1.));
#10783=DIRECTION('',(0.,0.,-1.));
#10784=DIRECTION('',(0.,-1.,0.));
#10785=DIRECTION('',(0.,0.,-1.));
#10786=DIRECTION('',(-1.,0.,0.));
#10787=DIRECTION('',(0.,0.,-1.));
#10788=DIRECTION('',(-1.,0.,0.));
#10789=DIRECTION('',(0.,0.,1.));
#10790=DIRECTION('',(0.,1.,0.));
#10791=DIRECTION('',(0.,0.,-1.));
#10792=DIRECTION('',(1.32826042475245E-16,-1.,0.));
#10793=DIRECTION('',(1.,1.32826042475245E-16,0.));
#10794=DIRECTION('',(-1.,-1.32826042475245E-16,0.));
#10795=DIRECTION('',(0.,0.,-1.));
#10796=DIRECTION('',(0.,0.,-1.));
#10797=DIRECTION('',(-1.,0.,0.));
#10798=DIRECTION('',(0.,0.,1.));
#10799=DIRECTION('',(0.,1.,0.));
#10800=DIRECTION('',(0.,0.,-1.));
#10801=DIRECTION('',(0.,-1.,0.));
#10802=DIRECTION('',(0.,0.,-1.));
#10803=DIRECTION('',(-1.,0.,0.));
#10804=DIRECTION('',(0.,0.,-1.));
#10805=DIRECTION('',(0.,0.,-1.));
#10806=DIRECTION('',(-1.,0.,0.));
#10807=DIRECTION('',(0.,0.,1.));
#10808=DIRECTION('',(1.,0.,0.));
#10809=DIRECTION('',(0.,0.,-1.));
#10810=DIRECTION('',(-0.9999891454685,0.00465928590864746,0.));
#10811=DIRECTION('',(-0.00465928590864746,-0.9999891454685,0.));
#10812=DIRECTION('',(0.00465928590864746,0.9999891454685,0.));
#10813=DIRECTION('',(0.,0.,-1.));
#10814=DIRECTION('',(0.,0.,-1.));
#10815=DIRECTION('',(-1.,0.,0.));
#10816=DIRECTION('',(0.,0.,1.));
#10817=DIRECTION('',(1.,0.,0.));
#10818=DIRECTION('',(0.,0.,-1.));
#10819=DIRECTION('',(0.959040090271471,0.283270374822516,0.));
#10820=DIRECTION('',(-0.283270374822516,0.959040090271471,0.));
#10821=DIRECTION('',(0.283270374822516,-0.959040090271471,0.));
#10822=DIRECTION('',(0.,0.,-1.));
#10823=DIRECTION('',(0.,0.,-1.));
#10824=DIRECTION('',(-1.,0.,0.));
#10825=DIRECTION('',(0.,0.,1.));
#10826=DIRECTION('',(1.,0.,0.));
#10827=DIRECTION('',(0.,0.,-1.));
#10828=DIRECTION('',(0.925982586306715,0.377566219167878,0.));
#10829=DIRECTION('',(-0.377566219167878,0.925982586306716,0.));
#10830=DIRECTION('',(0.377566219167878,-0.925982586306716,0.));
#10831=DIRECTION('',(0.,0.,-1.));
#10832=DIRECTION('',(0.,0.,-1.));
#10833=DIRECTION('',(-1.,0.,0.));
#10834=DIRECTION('',(0.,0.,1.));
#10835=DIRECTION('',(1.,0.,0.));
#10836=DIRECTION('',(0.,0.,-1.));
#10837=DIRECTION('',(-0.135111330038468,0.990830423682699,0.));
#10838=DIRECTION('',(-0.990830423682699,-0.135111330038468,0.));
#10839=DIRECTION('',(0.990830423682699,0.135111330038468,0.));
#10840=DIRECTION('',(0.,0.,-1.));
#10841=DIRECTION('',(0.,0.,-1.));
#10842=DIRECTION('',(-1.,0.,0.));
#10843=DIRECTION('',(0.,0.,1.));
#10844=DIRECTION('',(1.,0.,0.));
#10845=DIRECTION('',(0.,0.,-1.));
#10846=DIRECTION('',(0.582352404939893,-0.81293645290436,0.));
#10847=DIRECTION('',(0.81293645290436,0.582352404939893,0.));
#10848=DIRECTION('',(-0.81293645290436,-0.582352404939893,0.));
#10849=DIRECTION('',(0.,0.,-1.));
#10850=DIRECTION('',(0.,0.,-1.));
#10851=DIRECTION('',(-1.,0.,0.));
#10852=DIRECTION('',(0.,0.,1.));
#10853=DIRECTION('',(1.,0.,0.));
#10854=DIRECTION('',(0.,0.,-1.));
#10855=DIRECTION('',(0.00651206579195331,0.999978796274762,0.));
#10856=DIRECTION('',(-0.999978796274762,0.00651206579195331,0.));
#10857=DIRECTION('',(0.999978796274762,-0.00651206579195331,0.));
#10858=DIRECTION('',(0.,0.,-1.));
#10859=DIRECTION('',(0.,0.,-1.));
#10860=DIRECTION('',(-1.,0.,0.));
#10861=DIRECTION('',(0.,0.,1.));
#10862=DIRECTION('',(1.,0.,0.));
#10863=DIRECTION('',(0.,0.,-1.));
#10864=DIRECTION('',(1.,0.,0.));
#10865=DIRECTION('',(0.,0.,-1.));
#10866=DIRECTION('',(0.,-1.,0.));
#10867=DIRECTION('',(0.,0.,-1.));
#10868=DIRECTION('',(0.,0.,-1.));
#10869=DIRECTION('',(-1.,0.,0.));
#10870=DIRECTION('',(0.,0.,1.));
#10871=DIRECTION('',(1.,0.,0.));
#10872=DIRECTION('',(0.,0.,-1.));
#10873=DIRECTION('',(0.814309219625439,0.580431300700616,0.));
#10874=DIRECTION('',(-0.580431300700616,0.814309219625439,0.));
#10875=DIRECTION('',(0.580431300700616,-0.814309219625439,0.));
#10876=DIRECTION('',(0.,0.,-1.));
#10877=DIRECTION('',(0.,0.,-1.));
#10878=DIRECTION('',(-1.,0.,0.));
#10879=DIRECTION('',(0.,0.,1.));
#10880=DIRECTION('',(1.,0.,0.));
#10881=DIRECTION('',(0.,0.,-1.));
#10882=DIRECTION('',(1.,0.,0.));
#10883=DIRECTION('',(0.,0.,-1.));
#10884=DIRECTION('',(0.,-1.,0.));
#10885=DIRECTION('',(0.,0.,-1.));
#10886=DIRECTION('',(0.,0.,-1.));
#10887=DIRECTION('',(-1.,0.,0.));
#10888=DIRECTION('',(0.,0.,1.));
#10889=DIRECTION('',(1.,0.,0.));
#10890=DIRECTION('',(0.,0.,-1.));
#10891=DIRECTION('',(0.820701396493758,0.571357346844508,0.));
#10892=DIRECTION('',(-0.571357346844508,0.820701396493758,0.));
#10893=DIRECTION('',(0.571357346844508,-0.820701396493758,0.));
#10894=DIRECTION('',(0.,0.,-1.));
#10895=DIRECTION('',(0.,0.,-1.));
#10896=DIRECTION('',(-1.,0.,0.));
#10897=DIRECTION('',(0.,0.,1.));
#10898=DIRECTION('',(1.,0.,0.));
#10899=DIRECTION('',(0.,0.,-1.));
#10900=DIRECTION('',(0.999912377236388,0.0132377433679024,0.));
#10901=DIRECTION('',(-0.0132377433679024,0.999912377236389,0.));
#10902=DIRECTION('',(0.0132377433679024,-0.999912377236388,0.));
#10903=DIRECTION('',(0.,0.,-1.));
#10904=DIRECTION('',(0.,0.,-1.));
#10905=DIRECTION('',(-1.,0.,0.));
#10906=DIRECTION('',(0.,0.,1.));
#10907=DIRECTION('',(1.,0.,0.));
#10908=DIRECTION('',(0.,0.,-1.));
#10909=DIRECTION('',(0.,1.,0.));
#10910=DIRECTION('',(0.,0.,1.));
#10911=DIRECTION('',(1.,0.,0.));
#10912=DIRECTION('',(0.,0.,-1.));
#10913=DIRECTION('',(0.,0.,-1.));
#10914=DIRECTION('',(-1.,0.,0.));
#10915=DIRECTION('',(0.,0.,1.));
#10916=DIRECTION('',(1.,0.,0.));
#10917=DIRECTION('',(0.,0.,-1.));
#10918=DIRECTION('',(-0.363082968180939,-0.931756812809501,0.));
#10919=DIRECTION('',(0.931756812809501,-0.363082968180939,0.));
#10920=DIRECTION('',(-0.931756812809501,0.363082968180939,0.));
#10921=DIRECTION('',(0.,0.,-1.));
#10922=DIRECTION('',(0.,0.,-1.));
#10923=DIRECTION('',(-1.,0.,0.));
#10924=DIRECTION('',(0.,0.,1.));
#10925=DIRECTION('',(1.,0.,0.));
#10926=DIRECTION('',(0.,0.,-1.));
#10927=DIRECTION('',(-0.0217339896205971,0.999763788949756,0.));
#10928=DIRECTION('',(-0.999763788949756,-0.0217339896205972,0.));
#10929=DIRECTION('',(0.999763788949756,0.0217339896205972,0.));
#10930=DIRECTION('',(0.,0.,-1.));
#10931=DIRECTION('',(0.,0.,-1.));
#10932=DIRECTION('',(-1.,0.,0.));
#10933=DIRECTION('',(0.,0.,1.));
#10934=DIRECTION('',(1.,0.,0.));
#10935=DIRECTION('',(0.,0.,-1.));
#10936=DIRECTION('',(-0.637745978341191,0.770246757286025,0.));
#10937=DIRECTION('',(-0.770246757286025,-0.637745978341191,0.));
#10938=DIRECTION('',(0.770246757286025,0.637745978341191,0.));
#10939=DIRECTION('',(0.,0.,-1.));
#10940=DIRECTION('',(0.,0.,-1.));
#10941=DIRECTION('',(-1.,0.,0.));
#10942=DIRECTION('',(0.,0.,1.));
#10943=DIRECTION('',(1.,0.,0.));
#10944=DIRECTION('',(-0.0256326041990335,0.999671430822135,0.));
#10945=DIRECTION('',(-0.999671430822136,-0.0256326041990335,0.));
#10946=DIRECTION('',(0.,0.,1.));
#10947=DIRECTION('',(0.999671430822135,0.0256326041990335,0.));
#10948=DIRECTION('',(0.,0.,-1.));
#10949=DIRECTION('',(0.,0.,-1.));
#10950=DIRECTION('',(-1.,0.,0.));
#10951=DIRECTION('',(0.,0.,1.));
#10952=DIRECTION('',(1.,0.,0.));
#10953=DIRECTION('',(0.,0.,-1.));
#10954=DIRECTION('',(0.9999891454685,-0.00465928590864503,0.));
#10955=DIRECTION('',(0.00465928590864503,0.9999891454685,0.));
#10956=DIRECTION('',(-0.00465928590864503,-0.9999891454685,0.));
#10957=DIRECTION('',(0.,0.,-1.));
#10958=DIRECTION('',(0.,0.,-1.));
#10959=DIRECTION('',(-1.,0.,0.));
#10960=DIRECTION('',(0.,0.,1.));
#10961=DIRECTION('',(1.,0.,0.));
#10962=DIRECTION('',(0.,0.,-1.));
#10963=DIRECTION('',(-1.,0.,0.));
#10964=DIRECTION('',(0.,0.,1.));
#10965=DIRECTION('',(1.,0.,0.));
#10966=DIRECTION('',(0.,0.,-1.));
#10967=DIRECTION('',(-1.,0.,0.));
#10968=DIRECTION('',(0.,0.,1.));
#10969=DIRECTION('',(1.,0.,0.));
#10970=DIRECTION('',(0.,0.,-1.));
#10971=DIRECTION('',(-1.,0.,0.));
#10972=DIRECTION('',(0.,0.,1.));
#10973=DIRECTION('',(1.,0.,0.));
#10974=DIRECTION('',(0.,0.,-1.));
#10975=DIRECTION('',(-1.,0.,0.));
#10976=DIRECTION('',(0.,0.,1.));
#10977=DIRECTION('',(1.,0.,0.));
#10978=DIRECTION('',(0.,0.,-1.));
#10979=DIRECTION('',(-1.,0.,0.));
#10980=DIRECTION('',(0.,0.,1.));
#10981=DIRECTION('',(1.,0.,0.));
#10982=DIRECTION('',(0.139173100960065,-0.99026806874157,0.));
#10983=DIRECTION('',(0.99026806874157,0.139173100960065,0.));
#10984=DIRECTION('',(-0.99026806874157,-0.139173100960065,0.));
#10985=DIRECTION('',(0.104528463267653,-0.994521895368273,0.));
#10986=DIRECTION('',(0.994521895368273,0.104528463267653,0.));
#10987=DIRECTION('',(-0.994521895368273,-0.104528463267653,0.));
#10988=DIRECTION('',(0.0523359562429437,-0.998629534754574,0.));
#10989=DIRECTION('',(0.998629534754574,0.0523359562429438,0.));
#10990=DIRECTION('',(-0.998629534754574,-0.0523359562429437,0.));
#10991=DIRECTION('',(0.0697564737441254,-0.997564050259824,0.));
#10992=DIRECTION('',(0.997564050259824,0.0697564737441255,0.));
#10993=DIRECTION('',(-0.997564050259824,-0.0697564737441255,0.));
#10994=DIRECTION('',(0.0697564737441254,-0.997564050259824,0.));
#10995=DIRECTION('',(0.997564050259824,0.0697564737441254,0.));
#10996=DIRECTION('',(-0.997564050259824,-0.0697564737441254,0.));
#10997=DIRECTION('',(0.0697564737441254,-0.997564050259824,0.));
#10998=DIRECTION('',(0.997564050259824,0.0697564737441255,0.));
#10999=DIRECTION('',(-0.997564050259824,-0.0697564737441255,0.));
#11000=DIRECTION('',(0.0697564737441254,-0.997564050259824,0.));
#11001=DIRECTION('',(0.997564050259824,0.0697564737441254,0.));
#11002=DIRECTION('',(-0.997564050259824,-0.0697564737441254,0.));
#11003=DIRECTION('',(0.052335956242944,-0.998629534754574,0.));
#11004=DIRECTION('',(0.998629534754574,0.052335956242944,0.));
#11005=DIRECTION('',(-0.998629534754574,-0.052335956242944,0.));
#11006=DIRECTION('',(0.052335956242944,-0.998629534754574,0.));
#11007=DIRECTION('',(0.998629534754574,0.052335956242944,0.));
#11008=DIRECTION('',(-0.998629534754574,-0.052335956242944,0.));
#11009=DIRECTION('',(0.052335956242944,-0.998629534754574,0.));
#11010=DIRECTION('',(0.998629534754574,0.052335956242944,0.));
#11011=DIRECTION('',(-0.998629534754574,-0.052335956242944,0.));
#11012=DIRECTION('',(0.052335956242944,-0.998629534754574,0.));
#11013=DIRECTION('',(0.998629534754574,0.0523359562429441,0.));
#11014=DIRECTION('',(-0.998629534754574,-0.052335956242944,0.));
#11015=DIRECTION('',(0.0348994967025011,-0.999390827019096,0.));
#11016=DIRECTION('',(0.999390827019096,0.0348994967025011,0.));
#11017=DIRECTION('',(-0.999390827019096,-0.0348994967025011,0.));
#11018=DIRECTION('',(0.0348994967025011,-0.999390827019096,0.));
#11019=DIRECTION('',(0.999390827019096,0.0348994967025011,0.));
#11020=DIRECTION('',(-0.999390827019096,-0.0348994967025011,0.));
#11021=DIRECTION('',(0.0348994967025011,-0.999390827019096,0.));
#11022=DIRECTION('',(0.999390827019096,0.0348994967025011,0.));
#11023=DIRECTION('',(-0.999390827019096,-0.0348994967025011,0.));
#11024=DIRECTION('',(0.0348994967025011,-0.999390827019096,0.));
#11025=DIRECTION('',(0.999390827019096,0.0348994967025011,0.));
#11026=DIRECTION('',(-0.999390827019096,-0.0348994967025011,0.));
#11027=DIRECTION('',(0.0174524064372834,-0.999847695156391,0.));
#11028=DIRECTION('',(0.999847695156391,0.0174524064372834,0.));
#11029=DIRECTION('',(-0.999847695156391,-0.0174524064372834,0.));
#11030=DIRECTION('',(0.0174524064372834,-0.999847695156391,0.));
#11031=DIRECTION('',(0.999847695156391,0.0174524064372834,0.));
#11032=DIRECTION('',(-0.999847695156391,-0.0174524064372834,0.));
#11033=DIRECTION('',(0.0174524064372833,-0.999847695156391,0.));
#11034=DIRECTION('',(0.999847695156391,0.0174524064372833,0.));
#11035=DIRECTION('',(-0.999847695156391,-0.0174524064372833,0.));
#11036=DIRECTION('',(0.0174524064372833,-0.999847695156391,0.));
#11037=DIRECTION('',(0.999847695156391,0.0174524064372833,0.));
#11038=DIRECTION('',(-0.999847695156391,-0.0174524064372833,0.));
#11039=DIRECTION('',(-1.23908819712629E-16,-1.,0.));
#11040=DIRECTION('',(1.,-1.23908819712629E-16,0.));
#11041=DIRECTION('',(-1.,1.23908819712629E-16,0.));
#11042=DIRECTION('',(-1.23908819712629E-16,-1.,0.));
#11043=DIRECTION('',(1.,-1.23908819712629E-16,0.));
#11044=DIRECTION('',(-1.,1.23908819712629E-16,0.));
#11045=DIRECTION('',(-1.23908819712629E-16,-1.,0.));
#11046=DIRECTION('',(1.,-1.23908819712629E-16,0.));
#11047=DIRECTION('',(-1.,1.23908819712629E-16,0.));
#11048=DIRECTION('',(-1.23908819712629E-16,-1.,0.));
#11049=DIRECTION('',(1.,-1.23908819712629E-16,0.));
#11050=DIRECTION('',(-1.,1.23908819712629E-16,0.));
#11051=DIRECTION('',(0.,-1.,0.));
#11052=DIRECTION('',(0.,0.,-1.));
#11053=DIRECTION('',(-1.,0.,0.));
#11054=DIRECTION('',(0.,-1.,0.));
#11055=DIRECTION('',(0.,0.,-1.));
#11056=DIRECTION('',(-1.,0.,0.));
#11057=DIRECTION('',(-4.95635278850516E-16,-1.,0.));
#11058=DIRECTION('',(1.,-4.95635278850516E-16,0.));
#11059=DIRECTION('',(-1.,4.95635278850516E-16,0.));
#11060=DIRECTION('',(-4.95635278850516E-16,-1.,0.));
#11061=DIRECTION('',(1.,-4.95635278850516E-16,0.));
#11062=DIRECTION('',(-1.,4.95635278850516E-16,0.));
#11063=DIRECTION('',(0.,0.,-1.));
#11064=DIRECTION('',(-1.,0.,0.));
#11065=DIRECTION('',(0.,0.,1.));
#11066=DIRECTION('',(1.,0.,0.));
#11067=DIRECTION('',(0.,0.,-1.));
#11068=DIRECTION('',(-1.,0.,0.));
#11069=DIRECTION('',(0.,0.,1.));
#11070=DIRECTION('',(1.,0.,0.));
#11071=DIRECTION('',(0.,0.,1.));
#11072=DIRECTION('',(1.,0.,0.));
#11073=DIRECTION('',(0.999671430822135,0.0256326041990335,0.));
#11074=DIRECTION('',(-0.0256326041990335,0.999671430822135,0.));
#11075=DIRECTION('',(-0.0256326041990335,0.999671430822135,0.));
#11076=DIRECTION('',(-0.999671430822135,-0.0256326041990335,0.));
#11077=DIRECTION('',(0.0256326041990335,-0.999671430822135,0.));
#11078=DIRECTION('',(0.,0.,1.));
#11079=DIRECTION('',(-0.999671430822135,-0.0256326041990335,0.));
#11080=DIRECTION('',(0.0256326041990335,-0.999671430822135,0.));
#11081=DIRECTION('',(0.,0.,1.));
#11082=DIRECTION('',(-0.0256326041990335,0.999671430822135,0.));
#11083=DIRECTION('',(-0.999671430822135,-0.0256326041990335,0.));
#11084=DIRECTION('',(0.,0.,1.));
#11085=DIRECTION('',(1.,0.,0.));
#11086=DIRECTION('',(0.,0.,1.));
#11087=DIRECTION('',(1.,0.,0.));
#11088=DIRECTION('',(0.,0.,1.));
#11089=DIRECTION('',(1.,0.,0.));
#11090=DIRECTION('',(0.,0.,1.));
#11091=DIRECTION('',(1.,0.,0.));
#11092=DIRECTION('',(0.,0.,1.));
#11093=DIRECTION('',(1.,0.,0.));
#11094=DIRECTION('',(0.,0.,1.));
#11095=DIRECTION('',(1.,0.,0.));
#11096=DIRECTION('',(0.,0.,1.));
#11097=DIRECTION('',(1.,0.,0.));
#11098=DIRECTION('',(-0.00465928590864518,-0.9999891454685,0.));
#11099=DIRECTION('',(-0.9999891454685,0.00465928590864502,0.));
#11100=DIRECTION('',(-0.00465928590864502,-0.9999891454685,0.));
#11101=DIRECTION('',(0.,0.,1.));
#11102=DIRECTION('',(1.,0.,0.));
#11103=DIRECTION('',(0.283270374822516,-0.959040090271471,0.));
#11104=DIRECTION('',(0.,0.,1.));
#11105=DIRECTION('',(1.,0.,0.));
#11106=DIRECTION('',(0.377566219167877,-0.925982586306716,0.));
#11107=DIRECTION('',(0.,0.,1.));
#11108=DIRECTION('',(1.,0.,0.));
#11109=DIRECTION('',(0.990830423682699,0.135111330038468,0.));
#11110=DIRECTION('',(0.,0.,1.));
#11111=DIRECTION('',(1.,0.,0.));
#11112=DIRECTION('',(-0.81293645290436,-0.582352404939893,0.));
#11113=DIRECTION('',(0.,0.,1.));
#11114=DIRECTION('',(1.,0.,0.));
#11115=DIRECTION('',(0.999978796274762,-0.00651206579195331,0.));
#11116=DIRECTION('',(0.,0.,1.));
#11117=DIRECTION('',(1.,0.,0.));
#11118=DIRECTION('',(0.,-1.,0.));
#11119=DIRECTION('',(0.,0.,1.));
#11120=DIRECTION('',(1.,0.,0.));
#11121=DIRECTION('',(0.580431300700617,-0.814309219625438,0.));
#11122=DIRECTION('',(0.,0.,1.));
#11123=DIRECTION('',(1.,0.,0.));
#11124=DIRECTION('',(0.,-1.,0.));
#11125=DIRECTION('',(0.,0.,1.));
#11126=DIRECTION('',(1.,0.,0.));
#11127=DIRECTION('',(0.571357346844509,-0.820701396493758,0.));
#11128=DIRECTION('',(0.,0.,1.));
#11129=DIRECTION('',(1.,0.,0.));
#11130=DIRECTION('',(0.0132377433679022,-0.999912377236388,0.));
#11131=DIRECTION('',(0.,0.,1.));
#11132=DIRECTION('',(1.,0.,0.));
#11133=DIRECTION('',(1.,0.,0.));
#11134=DIRECTION('',(0.,0.,1.));
#11135=DIRECTION('',(1.,0.,0.));
#11136=DIRECTION('',(0.9317568128095,-0.36308296818094,0.));
#11137=DIRECTION('',(0.,0.,1.));
#11138=DIRECTION('',(1.,0.,0.));
#11139=DIRECTION('',(0.999763788949756,0.0217339896205972,0.));
#11140=DIRECTION('',(0.,0.,1.));
#11141=DIRECTION('',(1.,0.,0.));
#11142=DIRECTION('',(0.770246757286025,0.637745978341192,0.));
#11143=DIRECTION('',(0.,0.,1.));
#11144=DIRECTION('',(1.,0.,0.));
#11145=DIRECTION('',(0.999671430822136,0.0256326041990335,0.));
#11146=DIRECTION('',(-0.0256326041990335,0.999671430822135,0.));
#11147=DIRECTION('',(0.999671430822135,0.0256326041990336,0.));
#11148=DIRECTION('',(0.,0.,1.));
#11149=DIRECTION('',(1.,0.,0.));
#11150=DIRECTION('',(0.770246757286025,0.637745978341192,0.));
#11151=DIRECTION('',(0.,0.,1.));
#11152=DIRECTION('',(1.,0.,0.));
#11153=DIRECTION('',(0.999763788949756,0.0217339896205971,0.));
#11154=DIRECTION('',(0.,0.,1.));
#11155=DIRECTION('',(1.,0.,0.));
#11156=DIRECTION('',(0.931756812809501,-0.36308296818094,0.));
#11157=DIRECTION('',(0.,0.,1.));
#11158=DIRECTION('',(1.,0.,0.));
#11159=DIRECTION('',(1.,0.,0.));
#11160=DIRECTION('',(0.,0.,1.));
#11161=DIRECTION('',(1.,0.,0.));
#11162=DIRECTION('',(0.0132377433679023,-0.999912377236388,0.));
#11163=DIRECTION('',(0.,0.,1.));
#11164=DIRECTION('',(1.,0.,0.));
#11165=DIRECTION('',(0.571357346844508,-0.820701396493758,0.));
#11166=DIRECTION('',(0.,0.,1.));
#11167=DIRECTION('',(1.,0.,0.));
#11168=DIRECTION('',(0.,-1.,0.));
#11169=DIRECTION('',(0.,0.,1.));
#11170=DIRECTION('',(1.,0.,0.));
#11171=DIRECTION('',(0.580431300700617,-0.814309219625439,0.));
#11172=DIRECTION('',(0.,0.,1.));
#11173=DIRECTION('',(1.,0.,0.));
#11174=DIRECTION('',(0.,-1.,0.));
#11175=DIRECTION('',(0.,0.,1.));
#11176=DIRECTION('',(1.,0.,0.));
#11177=DIRECTION('',(0.999978796274762,-0.00651206579195328,0.));
#11178=DIRECTION('',(0.,0.,1.));
#11179=DIRECTION('',(1.,0.,0.));
#11180=DIRECTION('',(0.81293645290436,0.582352404939893,0.));
#11181=DIRECTION('',(0.,0.,1.));
#11182=DIRECTION('',(1.,0.,0.));
#11183=DIRECTION('',(0.990830423682699,0.135111330038468,0.));
#11184=DIRECTION('',(0.,0.,1.));
#11185=DIRECTION('',(1.,0.,0.));
#11186=DIRECTION('',(0.377566219167877,-0.925982586306716,0.));
#11187=DIRECTION('',(0.,0.,1.));
#11188=DIRECTION('',(1.,0.,0.));
#11189=DIRECTION('',(0.283270374822516,-0.959040090271471,0.));
#11190=DIRECTION('',(0.,0.,1.));
#11191=DIRECTION('',(1.,0.,0.));
#11192=DIRECTION('',(-0.0256326041990336,0.999671430822136,0.));
#11193=DIRECTION('',(-0.999671430822136,-0.0256326041990336,0.));
#11194=DIRECTION('',(0.,0.,1.));
#11195=DIRECTION('',(-0.0256326041990336,0.999671430822136,0.));
#11196=DIRECTION('',(-0.999671430822136,-0.0256326041990336,0.));
#11197=DIRECTION('',(0.999671430822135,0.0256326041990336,-1.08420217248551E-16));
#11198=DIRECTION('',(-0.0256326041990336,0.999671430822136,0.));
#11199=DIRECTION('',(-0.999671430822136,-0.0256326041990336,0.));
#11200=DIRECTION('',(0.,0.,1.));
#11201=DIRECTION('',(0.999671430822135,0.0256326041990336,0.));
#11202=DIRECTION('',(0.,0.,-1.));
#11203=DIRECTION('',(0.999671430822135,0.0256326041990336,0.));
#11204=DIRECTION('',(0.,0.,-1.));
#11205=DIRECTION('',(0.,0.,1.));
#11206=DIRECTION('',(1.,0.,0.));
#11207=DIRECTION('',(0.,0.,1.));
#11208=DIRECTION('',(1.,0.,0.));
#11209=DIRECTION('',(-0.9999891454685,0.00465928590864502,0.));
#11210=DIRECTION('',(-0.00465928590864518,-0.9999891454685,0.));
#11211=DIRECTION('',(0.,0.,1.));
#11212=DIRECTION('',(1.,0.,0.));
#11213=DIRECTION('',(-0.0256326041990335,0.999671430822135,0.));
#11214=DIRECTION('',(0.999671430822136,0.0256326041990335,0.));
#11215=DIRECTION('',(0.,0.,1.));
#11216=DIRECTION('',(1.,0.,0.));
#11217=DIRECTION('',(-0.00465928590864502,-0.9999891454685,0.));
#11218=DIRECTION('',(-0.00651206579195331,-0.999978796274762,0.));
#11219=DIRECTION('',(0.999978796274762,-0.00651206579195331,0.));
#11220=DIRECTION('',(0.,0.,1.));
#11221=DIRECTION('',(0.999978796274762,-0.00651206579195331,0.));
#11222=DIRECTION('',(0.,0.,1.));
#11223=DIRECTION('',(0.,0.,1.));
#11224=DIRECTION('',(1.,0.,0.));
#11225=DIRECTION('',(0.,0.,1.));
#11226=DIRECTION('',(1.,0.,0.));
#11227=DIRECTION('',(0.,0.,1.));
#11228=DIRECTION('',(-1.,0.,0.));
#11229=DIRECTION('',(0.,0.,1.));
#11230=DIRECTION('',(0.,-1.,0.));
#11231=DIRECTION('',(0.,0.,1.));
#11232=DIRECTION('',(0.,0.,1.));
#11233=DIRECTION('',(1.,0.,0.));
#11234=DIRECTION('',(0.,0.,1.));
#11235=DIRECTION('',(1.,0.,0.));
#11236=DIRECTION('',(0.,0.,1.));
#11237=DIRECTION('',(-0.814309219625438,-0.580431300700617,0.));
#11238=DIRECTION('',(0.580431300700617,-0.814309219625438,0.));
#11239=DIRECTION('',(0.580431300700617,-0.814309219625438,0.));
#11240=DIRECTION('',(0.,0.,1.));
#11241=DIRECTION('',(0.,0.,1.));
#11242=DIRECTION('',(1.,0.,0.));
#11243=DIRECTION('',(0.,0.,1.));
#11244=DIRECTION('',(1.,0.,0.));
#11245=DIRECTION('',(0.,0.,1.));
#11246=DIRECTION('',(-1.,0.,0.));
#11247=DIRECTION('',(0.,0.,1.));
#11248=DIRECTION('',(0.,-1.,0.));
#11249=DIRECTION('',(0.,0.,1.));
#11250=DIRECTION('',(0.,0.,1.));
#11251=DIRECTION('',(1.,0.,0.));
#11252=DIRECTION('',(0.,0.,1.));
#11253=DIRECTION('',(1.,0.,0.));
#11254=DIRECTION('',(0.,0.,1.));
#11255=DIRECTION('',(-0.820701396493758,-0.571357346844509,0.));
#11256=DIRECTION('',(0.571357346844509,-0.820701396493758,0.));
#11257=DIRECTION('',(0.571357346844509,-0.820701396493758,0.));
#11258=DIRECTION('',(0.,0.,1.));
#11259=DIRECTION('',(0.,0.,1.));
#11260=DIRECTION('',(1.,0.,0.));
#11261=DIRECTION('',(0.,0.,1.));
#11262=DIRECTION('',(1.,0.,0.));
#11263=DIRECTION('',(0.,0.,1.));
#11264=DIRECTION('',(-0.999912377236389,-0.0132377433679022,0.));
#11265=DIRECTION('',(0.0132377433679022,-0.999912377236389,0.));
#11266=DIRECTION('',(0.0132377433679022,-0.999912377236389,0.));
#11267=DIRECTION('',(0.,0.,1.));
#11268=DIRECTION('',(0.,0.,1.));
#11269=DIRECTION('',(1.,0.,0.));
#11270=DIRECTION('',(0.,0.,1.));
#11271=DIRECTION('',(1.,0.,0.));
#11272=DIRECTION('',(0.,0.,1.));
#11273=DIRECTION('',(0.,-1.,0.));
#11274=DIRECTION('',(0.,0.,-1.));
#11275=DIRECTION('',(1.,0.,0.));
#11276=DIRECTION('',(0.,0.,1.));
#11277=DIRECTION('',(0.,0.,1.));
#11278=DIRECTION('',(1.,0.,0.));
#11279=DIRECTION('',(0.,0.,1.));
#11280=DIRECTION('',(1.,0.,0.));
#11281=DIRECTION('',(0.,0.,1.));
#11282=DIRECTION('',(-0.36308296818094,-0.9317568128095,0.));
#11283=DIRECTION('',(0.9317568128095,-0.36308296818094,0.));
#11284=DIRECTION('',(0.9317568128095,-0.36308296818094,0.));
#11285=DIRECTION('',(0.,0.,1.));
#11286=DIRECTION('',(0.,0.,1.));
#11287=DIRECTION('',(1.,0.,0.));
#11288=DIRECTION('',(0.,0.,1.));
#11289=DIRECTION('',(1.,0.,0.));
#11290=DIRECTION('',(0.,0.,1.));
#11291=DIRECTION('',(0.0217339896205972,-0.999763788949756,0.));
#11292=DIRECTION('',(0.999763788949756,0.0217339896205972,0.));
#11293=DIRECTION('',(0.999763788949756,0.0217339896205972,0.));
#11294=DIRECTION('',(0.,0.,1.));
#11295=DIRECTION('',(0.,0.,1.));
#11296=DIRECTION('',(1.,0.,0.));
#11297=DIRECTION('',(0.,0.,1.));
#11298=DIRECTION('',(1.,0.,0.));
#11299=DIRECTION('',(0.,0.,1.));
#11300=DIRECTION('',(0.637745978341192,-0.770246757286025,0.));
#11301=DIRECTION('',(0.770246757286025,0.637745978341192,0.));
#11302=DIRECTION('',(0.770246757286025,0.637745978341192,0.));
#11303=DIRECTION('',(0.,0.,1.));
#11304=DIRECTION('',(0.,0.,1.));
#11305=DIRECTION('',(1.,0.,0.));
#11306=DIRECTION('',(0.,0.,1.));
#11307=DIRECTION('',(1.,0.,0.));
#11308=DIRECTION('',(0.,0.,1.));
#11309=DIRECTION('',(0.0256326041990335,-0.999671430822135,0.));
#11310=DIRECTION('',(0.999671430822135,0.0256326041990335,0.));
#11311=DIRECTION('',(-0.0256326041990335,0.999671430822135,0.));
#11312=DIRECTION('',(-0.999671430822135,-0.0256326041990335,0.));
#11313=DIRECTION('',(0.,0.,1.));
#11314=DIRECTION('',(0.999671430822135,0.0256326041990335,0.));
#11315=DIRECTION('',(0.,0.,1.));
#11316=DIRECTION('',(0.,0.,1.));
#11317=DIRECTION('',(-0.0256326041990335,0.999671430822135,0.));
#11318=DIRECTION('',(-0.999671430822135,-0.0256326041990335,0.));
#11319=DIRECTION('',(0.999671430822135,0.0256326041990335,-1.08420217248551E-16));
#11320=DIRECTION('',(0.,0.,1.));
#11321=DIRECTION('',(1.,0.,0.));
#11322=DIRECTION('',(0.,0.,1.));
#11323=DIRECTION('',(1.,0.,0.));
#11324=DIRECTION('',(0.,0.,1.));
#11325=DIRECTION('',(-0.9999891454685,0.00465928590864502,0.));
#11326=DIRECTION('',(-0.00465928590864502,-0.9999891454685,0.));
#11327=DIRECTION('',(0.,0.,-1.));
#11328=DIRECTION('',(-0.00465928590864502,-0.9999891454685,0.));
#11329=DIRECTION('',(0.,0.,1.));
#11330=DIRECTION('',(0.,0.,-1.));
#11331=DIRECTION('',(-0.9999891454685,0.00465928590864502,0.));
#11332=DIRECTION('',(-0.00465928590864502,-0.9999891454685,0.));
#11333=DIRECTION('',(-0.00465928590864502,-0.9999891454685,1.79060473078984E-16));
#11334=DIRECTION('',(-0.9999891454685,0.00465928590864502,0.));
#11335=DIRECTION('',(-0.00465928590864502,-0.9999891454685,0.));
#11336=DIRECTION('',(0.,0.,1.));
#11337=DIRECTION('',(1.,0.,0.));
#11338=DIRECTION('',(0.,0.,1.));
#11339=DIRECTION('',(1.,0.,0.));
#11340=DIRECTION('',(0.,0.,1.));
#11341=DIRECTION('',(-0.959040090271471,-0.283270374822516,0.));
#11342=DIRECTION('',(0.283270374822516,-0.959040090271471,0.));
#11343=DIRECTION('',(0.283270374822516,-0.959040090271471,0.));
#11344=DIRECTION('',(0.,0.,1.));
#11345=DIRECTION('',(0.,0.,1.));
#11346=DIRECTION('',(1.,0.,0.));
#11347=DIRECTION('',(0.,0.,1.));
#11348=DIRECTION('',(1.,0.,0.));
#11349=DIRECTION('',(0.,0.,1.));
#11350=DIRECTION('',(-0.925982586306716,-0.377566219167877,0.));
#11351=DIRECTION('',(0.377566219167877,-0.925982586306716,0.));
#11352=DIRECTION('',(0.377566219167877,-0.925982586306716,0.));
#11353=DIRECTION('',(0.,0.,1.));
#11354=DIRECTION('',(0.,0.,1.));
#11355=DIRECTION('',(1.,0.,0.));
#11356=DIRECTION('',(0.,0.,1.));
#11357=DIRECTION('',(1.,0.,0.));
#11358=DIRECTION('',(0.,0.,1.));
#11359=DIRECTION('',(0.135111330038468,-0.990830423682699,0.));
#11360=DIRECTION('',(0.990830423682699,0.135111330038468,0.));
#11361=DIRECTION('',(0.990830423682699,0.135111330038468,0.));
#11362=DIRECTION('',(0.,0.,1.));
#11363=DIRECTION('',(0.,0.,1.));
#11364=DIRECTION('',(1.,0.,0.));
#11365=DIRECTION('',(0.,0.,1.));
#11366=DIRECTION('',(1.,0.,0.));
#11367=DIRECTION('',(0.,0.,1.));
#11368=DIRECTION('',(-0.582352404939893,0.81293645290436,0.));
#11369=DIRECTION('',(-0.81293645290436,-0.582352404939893,0.));
#11370=DIRECTION('',(-0.81293645290436,-0.582352404939893,0.));
#11371=DIRECTION('',(0.,0.,1.));
#11372=DIRECTION('',(0.,0.,1.));
#11373=DIRECTION('',(1.,0.,0.));
#11374=DIRECTION('',(0.,0.,1.));
#11375=DIRECTION('',(1.,0.,0.));
#11376=DIRECTION('',(0.,0.,1.));
#11377=DIRECTION('',(1.,0.,0.));
#11378=DIRECTION('',(0.,0.,-1.));
#11379=DIRECTION('',(-1.,0.,0.));
#11380=DIRECTION('',(0.,0.,-1.));
#11381=DIRECTION('',(-1.,0.,0.));
#11382=DIRECTION('',(0.,0.,-1.));
#11383=DIRECTION('',(-1.,0.,0.));
#11384=DIRECTION('',(0.,0.,-1.));
#11385=DIRECTION('',(-1.,0.,0.));
#11386=DIRECTION('',(0.,0.,-1.));
#11387=DIRECTION('',(-1.,0.,0.));
#11388=DIRECTION('',(0.,0.,-1.));
#11389=DIRECTION('',(-1.,0.,0.));
#11390=DIRECTION('',(0.580431300700617,-0.814309219625438,0.));
#11391=DIRECTION('',(0.,0.,1.));
#11392=DIRECTION('',(1.,0.,0.));
#11393=DIRECTION('',(0.,-1.,0.));
#11394=DIRECTION('',(0.,0.,1.));
#11395=DIRECTION('',(1.,0.,0.));
#11396=DIRECTION('',(0.999978796274762,-0.00651206579195331,0.));
#11397=DIRECTION('',(0.,0.,1.));
#11398=DIRECTION('',(1.,0.,0.));
#11399=DIRECTION('',(-0.81293645290436,-0.582352404939893,0.));
#11400=DIRECTION('',(0.,0.,1.));
#11401=DIRECTION('',(1.,0.,0.));
#11402=DIRECTION('',(0.990830423682699,0.135111330038468,0.));
#11403=DIRECTION('',(0.,0.,1.));
#11404=DIRECTION('',(1.,0.,0.));
#11405=DIRECTION('',(0.377566219167877,-0.925982586306716,0.));
#11406=DIRECTION('',(0.,0.,1.));
#11407=DIRECTION('',(1.,0.,0.));
#11408=DIRECTION('',(0.283270374822516,-0.959040090271471,0.));
#11409=DIRECTION('',(0.,0.,1.));
#11410=DIRECTION('',(1.,0.,0.));
#11411=DIRECTION('',(-0.00465928590864502,-0.9999891454685,0.));
#11412=DIRECTION('',(0.,0.,1.));
#11413=DIRECTION('',(1.,0.,0.));
#11414=DIRECTION('',(0.999671430822135,0.0256326041990335,0.));
#11415=DIRECTION('',(0.,0.,1.));
#11416=DIRECTION('',(1.,0.,0.));
#11417=DIRECTION('',(0.770246757286025,0.637745978341192,0.));
#11418=DIRECTION('',(0.,0.,1.));
#11419=DIRECTION('',(1.,0.,0.));
#11420=DIRECTION('',(0.999763788949756,0.0217339896205972,0.));
#11421=DIRECTION('',(0.,0.,1.));
#11422=DIRECTION('',(1.,0.,0.));
#11423=DIRECTION('',(0.9317568128095,-0.36308296818094,0.));
#11424=DIRECTION('',(0.,0.,1.));
#11425=DIRECTION('',(1.,0.,0.));
#11426=DIRECTION('',(1.,0.,0.));
#11427=DIRECTION('',(0.,0.,1.));
#11428=DIRECTION('',(1.,0.,0.));
#11429=DIRECTION('',(0.0132377433679022,-0.999912377236389,0.));
#11430=DIRECTION('',(0.,0.,1.));
#11431=DIRECTION('',(1.,0.,0.));
#11432=DIRECTION('',(0.571357346844509,-0.820701396493758,0.));
#11433=DIRECTION('',(0.,0.,1.));
#11434=DIRECTION('',(1.,0.,0.));
#11435=DIRECTION('',(0.,-1.,0.));
#11436=DIRECTION('',(0.,0.,1.));
#11437=DIRECTION('',(1.,0.,0.));
#11438=DIRECTION('',(0.,0.,1.));
#11439=DIRECTION('',(1.,0.,0.));
#11440=DIRECTION('',(0.770246757286024,0.637745978341192,0.));
#11441=DIRECTION('',(-0.637745978341192,0.770246757286024,0.));
#11442=DIRECTION('',(-0.999671430822136,-0.0256326041990218,0.));
#11443=DIRECTION('',(0.0256326041990218,-0.999671430822136,0.));
#11444=DIRECTION('',(0.999671430822135,0.0256326041990335,0.));
#11445=DIRECTION('',(-0.0256326041990335,0.999671430822135,0.));
#11446=DIRECTION('',(-0.999671430822136,-0.0256326041990218,3.55723842035719E-16));
#11447=DIRECTION('',(0.0256326041990218,-0.999671430822136,0.));
#11448=DIRECTION('',(0.770246757286025,0.637745978341192,0.));
#11449=DIRECTION('',(-0.637745978341192,0.770246757286025,0.));
#11450=DIRECTION('',(0.770246757286021,0.637745978341196,0.));
#11451=DIRECTION('',(-0.637745978341196,0.770246757286021,0.));
#11452=DIRECTION('',(0.,0.,1.));
#11453=DIRECTION('',(1.,0.,0.));
#11454=DIRECTION('',(-0.00465928590864804,-0.9999891454685,0.));
#11455=DIRECTION('',(0.9999891454685,-0.00465928590864804,0.));
#11456=DIRECTION('',(0.,0.,1.));
#11457=DIRECTION('',(1.,0.,0.));
#11458=DIRECTION('',(0.999763788949756,0.0217339896206038,0.));
#11459=DIRECTION('',(-0.0217339896206038,0.999763788949756,0.));
#11460=DIRECTION('',(0.00465928590864502,0.9999891454685,0.));
#11461=DIRECTION('',(-0.9999891454685,0.00465928590864502,0.));
#11462=DIRECTION('',(-0.00465928590864804,-0.9999891454685,1.29321162352315E-16));
#11463=DIRECTION('',(0.9999891454685,-0.00465928590864804,0.));
#11464=DIRECTION('',(0.999763788949756,0.0217339896205972,0.));
#11465=DIRECTION('',(-0.0217339896205972,0.999763788949756,0.));
#11466=DIRECTION('',(0.999763788949756,0.0217339896205627,0.));
#11467=DIRECTION('',(-0.0217339896205627,0.999763788949757,0.));
#11468=DIRECTION('',(0.,0.,1.));
#11469=DIRECTION('',(1.,0.,0.));
#11470=DIRECTION('',(0.283270374822513,-0.959040090271472,0.));
#11471=DIRECTION('',(0.959040090271472,0.283270374822513,0.));
#11472=DIRECTION('',(0.,0.,1.));
#11473=DIRECTION('',(1.,0.,0.));
#11474=DIRECTION('',(0.931756812809504,-0.363082968180932,0.));
#11475=DIRECTION('',(0.363082968180932,0.931756812809504,0.));
#11476=DIRECTION('',(-0.283270374822516,0.959040090271471,0.));
#11477=DIRECTION('',(-0.959040090271471,-0.283270374822516,0.));
#11478=DIRECTION('',(0.283270374822519,-0.95904009027147,0.));
#11479=DIRECTION('',(0.95904009027147,0.283270374822519,0.));
#11480=DIRECTION('',(0.9317568128095,-0.36308296818094,0.));
#11481=DIRECTION('',(0.36308296818094,0.9317568128095,0.));
#11482=DIRECTION('',(0.931756812809511,-0.363082968180913,0.));
#11483=DIRECTION('',(0.363082968180913,0.931756812809511,0.));
#11484=DIRECTION('',(0.,0.,1.));
#11485=DIRECTION('',(1.,0.,0.));
#11486=DIRECTION('',(0.377566219167898,-0.925982586306708,0.));
#11487=DIRECTION('',(0.925982586306707,0.377566219167898,0.));
#11488=DIRECTION('',(0.,0.,1.));
#11489=DIRECTION('',(1.,0.,0.));
#11490=DIRECTION('',(1.,0.,0.));
#11491=DIRECTION('',(0.,0.,-1.));
#11492=DIRECTION('',(-0.377566219167877,0.925982586306716,0.));
#11493=DIRECTION('',(-0.925982586306716,-0.377566219167877,0.));
#11494=DIRECTION('',(0.377566219167874,-0.925982586306717,0.));
#11495=DIRECTION('',(0.925982586306717,0.377566219167874,0.));
#11496=DIRECTION('',(1.,0.,0.));
#11497=DIRECTION('',(0.,0.,-1.));
#11498=DIRECTION('',(1.,0.,0.));
#11499=DIRECTION('',(0.,0.,-1.));
#11500=DIRECTION('',(0.,0.,1.));
#11501=DIRECTION('',(1.,0.,0.));
#11502=DIRECTION('',(0.9908304236827,0.135111330038462,0.));
#11503=DIRECTION('',(-0.135111330038462,0.9908304236827,0.));
#11504=DIRECTION('',(0.,0.,1.));
#11505=DIRECTION('',(1.,0.,0.));
#11506=DIRECTION('',(0.013237743367908,-0.999912377236388,0.));
#11507=DIRECTION('',(0.999912377236388,0.013237743367908,0.));
#11508=DIRECTION('',(-0.990830423682699,-0.135111330038468,0.));
#11509=DIRECTION('',(0.135111330038468,-0.990830423682699,0.));
#11510=DIRECTION('',(0.990830423682699,0.135111330038469,1.87504636870546E-15));
#11511=DIRECTION('',(-0.135111330038469,0.990830423682699,0.));
#11512=DIRECTION('',(0.0132377433679022,-0.999912377236389,0.));
#11513=DIRECTION('',(0.999912377236389,0.0132377433679022,0.));
#11514=DIRECTION('',(0.0132377433679014,-0.999912377236388,0.));
#11515=DIRECTION('',(0.999912377236389,0.0132377433679014,0.));
#11516=DIRECTION('',(0.,0.,1.));
#11517=DIRECTION('',(1.,0.,0.));
#11518=DIRECTION('',(0.812936452904365,0.582352404939887,0.));
#11519=DIRECTION('',(-0.582352404939887,0.812936452904365,0.));
#11520=DIRECTION('',(0.,0.,1.));
#11521=DIRECTION('',(1.,0.,0.));
#11522=DIRECTION('',(0.571357346844505,-0.82070139649376,0.));
#11523=DIRECTION('',(0.82070139649376,0.571357346844505,0.));
#11524=DIRECTION('',(-0.81293645290436,-0.582352404939893,0.));
#11525=DIRECTION('',(0.582352404939893,-0.81293645290436,0.));
#11526=DIRECTION('',(0.812936452904362,0.582352404939891,0.));
#11527=DIRECTION('',(-0.582352404939891,0.812936452904361,0.));
#11528=DIRECTION('',(0.571357346844509,-0.820701396493758,0.));
#11529=DIRECTION('',(0.820701396493758,0.571357346844509,0.));
#11530=DIRECTION('',(0.571357346844501,-0.820701396493763,0.));
#11531=DIRECTION('',(0.820701396493763,0.571357346844501,0.));
#11532=DIRECTION('',(0.,0.,1.));
#11533=DIRECTION('',(1.,0.,0.));
#11534=DIRECTION('',(0.999978796274762,-0.00651206579194149,0.));
#11535=DIRECTION('',(0.00651206579194149,0.999978796274762,0.));
#11536=DIRECTION('',(0.,0.,1.));
#11537=DIRECTION('',(1.,0.,0.));
#11538=DIRECTION('',(0.,-1.,0.));
#11539=DIRECTION('',(0.,0.,-1.));
#11540=DIRECTION('',(-0.999978796274762,0.00651206579195331,0.));
#11541=DIRECTION('',(-0.00651206579195331,-0.999978796274762,0.));
#11542=DIRECTION('',(0.999978796274762,-0.00651206579194149,0.));
#11543=DIRECTION('',(0.00651206579194149,0.999978796274762,0.));
#11544=DIRECTION('',(0.,-1.,0.));
#11545=DIRECTION('',(0.,0.,-1.));
#11546=DIRECTION('',(0.,-1.,0.));
#11547=DIRECTION('',(0.,0.,-1.));
#11548=DIRECTION('',(0.,0.,1.));
#11549=DIRECTION('',(1.,0.,0.));
#11550=DIRECTION('',(0.,1.,0.));
#11551=DIRECTION('',(0.,0.,1.));
#11552=DIRECTION('',(0.,0.,1.));
#11553=DIRECTION('',(1.,0.,0.));
#11554=DIRECTION('',(0.580431300700611,-0.814309219625443,0.));
#11555=DIRECTION('',(0.814309219625443,0.580431300700611,0.));
#11556=DIRECTION('',(0.,-1.,0.));
#11557=DIRECTION('',(0.,0.,-1.));
#11558=DIRECTION('',(0.,1.,0.));
#11559=DIRECTION('',(0.,0.,1.));
#11560=DIRECTION('',(0.580431300700617,-0.814309219625438,0.));
#11561=DIRECTION('',(0.814309219625438,0.580431300700617,0.));
#11562=DIRECTION('',(0.580431300700623,-0.814309219625434,0.));
#11563=DIRECTION('',(0.814309219625434,0.580431300700623,0.));
#11564=DIRECTION('',(0.,0.,1.));
#11565=DIRECTION('',(1.,0.,0.));
#11566=DIRECTION('',(0.,0.,-1.));
#11567=DIRECTION('',(-1.,0.,0.));
#11568=DIRECTION('',(0.,0.,1.));
#11569=DIRECTION('',(1.,0.,0.));
#11570=DIRECTION('',(0.,0.,-1.));
#11571=DIRECTION('',(0.,0.,-1.));
#11572=DIRECTION('',(1.,0.,0.));
#11573=DIRECTION('',(0.,0.,-1.));
#11574=DIRECTION('',(0.,-1.,0.));
#11575=DIRECTION('',(0.,0.,-1.));
#11576=DIRECTION('',(0.,0.,-1.));
#11577=DIRECTION('',(-1.,0.,0.));
#11578=DIRECTION('',(0.,0.,1.));
#11579=DIRECTION('',(1.,0.,0.));
#11580=DIRECTION('',(0.,0.,-1.));
#11581=DIRECTION('',(0.814309219625439,0.580431300700617,0.));
#11582=DIRECTION('',(-0.580431300700617,0.814309219625439,0.));
#11583=DIRECTION('',(0.580431300700617,-0.814309219625439,0.));
#11584=DIRECTION('',(0.,0.,-1.));
#11585=DIRECTION('',(0.,0.,-1.));
#11586=DIRECTION('',(-1.,0.,0.));
#11587=DIRECTION('',(0.,0.,1.));
#11588=DIRECTION('',(1.,0.,0.));
#11589=DIRECTION('',(0.,0.,-1.));
#11590=DIRECTION('',(1.,0.,0.));
#11591=DIRECTION('',(0.,0.,-1.));
#11592=DIRECTION('',(0.,-1.,0.));
#11593=DIRECTION('',(0.,0.,-1.));
#11594=DIRECTION('',(0.,0.,-1.));
#11595=DIRECTION('',(-1.,0.,0.));
#11596=DIRECTION('',(0.,0.,1.));
#11597=DIRECTION('',(1.,0.,0.));
#11598=DIRECTION('',(0.,0.,-1.));
#11599=DIRECTION('',(0.00651206579195328,0.999978796274762,0.));
#11600=DIRECTION('',(-0.999978796274762,0.00651206579195328,0.));
#11601=DIRECTION('',(0.999978796274762,-0.00651206579195328,0.));
#11602=DIRECTION('',(0.,0.,-1.));
#11603=DIRECTION('',(0.,0.,-1.));
#11604=DIRECTION('',(-1.,0.,0.));
#11605=DIRECTION('',(0.,0.,1.));
#11606=DIRECTION('',(1.,0.,0.));
#11607=DIRECTION('',(0.,0.,-1.));
#11608=DIRECTION('',(-0.582352404939893,0.81293645290436,0.));
#11609=DIRECTION('',(-0.81293645290436,-0.582352404939893,0.));
#11610=DIRECTION('',(0.81293645290436,0.582352404939893,0.));
#11611=DIRECTION('',(0.,0.,-1.));
#11612=DIRECTION('',(0.,0.,-1.));
#11613=DIRECTION('',(-1.,0.,0.));
#11614=DIRECTION('',(0.,0.,1.));
#11615=DIRECTION('',(1.,0.,0.));
#11616=DIRECTION('',(0.,0.,-1.));
#11617=DIRECTION('',(-0.135111330038468,0.990830423682699,0.));
#11618=DIRECTION('',(-0.990830423682699,-0.135111330038468,0.));
#11619=DIRECTION('',(0.990830423682699,0.135111330038468,0.));
#11620=DIRECTION('',(0.,0.,-1.));
#11621=DIRECTION('',(0.,0.,-1.));
#11622=DIRECTION('',(-1.,0.,0.));
#11623=DIRECTION('',(0.,0.,1.));
#11624=DIRECTION('',(1.,0.,0.));
#11625=DIRECTION('',(0.,0.,-1.));
#11626=DIRECTION('',(0.925982586306716,0.377566219167877,0.));
#11627=DIRECTION('',(-0.377566219167877,0.925982586306716,0.));
#11628=DIRECTION('',(0.377566219167877,-0.925982586306716,0.));
#11629=DIRECTION('',(0.,0.,-1.));
#11630=DIRECTION('',(0.,0.,-1.));
#11631=DIRECTION('',(-1.,0.,0.));
#11632=DIRECTION('',(0.,0.,1.));
#11633=DIRECTION('',(1.,0.,0.));
#11634=DIRECTION('',(0.,0.,-1.));
#11635=DIRECTION('',(0.959040090271471,0.283270374822516,0.));
#11636=DIRECTION('',(-0.283270374822516,0.959040090271471,0.));
#11637=DIRECTION('',(0.283270374822516,-0.959040090271471,0.));
#11638=DIRECTION('',(0.,0.,-1.));
#11639=DIRECTION('',(0.,0.,-1.));
#11640=DIRECTION('',(-1.,0.,0.));
#11641=DIRECTION('',(0.,0.,1.));
#11642=DIRECTION('',(1.,0.,0.));
#11643=DIRECTION('',(0.,0.,-1.));
#11644=DIRECTION('',(0.9999891454685,-0.00465928590864518,0.));
#11645=DIRECTION('',(0.00465928590864518,0.9999891454685,0.));
#11646=DIRECTION('',(0.,0.,1.));
#11647=DIRECTION('',(0.9999891454685,-0.00465928590864518,0.));
#11648=DIRECTION('',(0.00465928590864518,0.9999891454685,0.));
#11649=DIRECTION('',(0.00465928590864518,0.9999891454685,-1.79060473078984E-16));
#11650=DIRECTION('',(0.9999891454685,-0.00465928590864518,0.));
#11651=DIRECTION('',(0.00465928590864518,0.9999891454685,0.));
#11652=DIRECTION('',(0.,0.,1.));
#11653=DIRECTION('',(-0.00465928590864518,-0.9999891454685,0.));
#11654=DIRECTION('',(0.,0.,-1.));
#11655=DIRECTION('',(0.,0.,-1.));
#11656=DIRECTION('',(-1.,0.,0.));
#11657=DIRECTION('',(0.,0.,1.));
#11658=DIRECTION('',(1.,0.,0.));
#11659=DIRECTION('',(0.,0.,-1.));
#11660=DIRECTION('',(-1.,0.,0.));
#11661=DIRECTION('',(0.,0.,1.));
#11662=DIRECTION('',(1.,0.,0.));
#11663=DIRECTION('',(0.,0.,-1.));
#11664=DIRECTION('',(-0.637745978341192,0.770246757286025,0.));
#11665=DIRECTION('',(-0.770246757286025,-0.637745978341192,0.));
#11666=DIRECTION('',(0.770246757286025,0.637745978341192,0.));
#11667=DIRECTION('',(0.,0.,-1.));
#11668=DIRECTION('',(0.,0.,-1.));
#11669=DIRECTION('',(-1.,0.,0.));
#11670=DIRECTION('',(0.,0.,1.));
#11671=DIRECTION('',(1.,0.,0.));
#11672=DIRECTION('',(0.,0.,-1.));
#11673=DIRECTION('',(-0.0217339896205971,0.999763788949756,0.));
#11674=DIRECTION('',(-0.999763788949756,-0.0217339896205971,0.));
#11675=DIRECTION('',(0.999763788949756,0.0217339896205971,0.));
#11676=DIRECTION('',(0.,0.,-1.));
#11677=DIRECTION('',(0.,0.,-1.));
#11678=DIRECTION('',(-1.,0.,0.));
#11679=DIRECTION('',(0.,0.,1.));
#11680=DIRECTION('',(1.,0.,0.));
#11681=DIRECTION('',(0.,0.,-1.));
#11682=DIRECTION('',(0.36308296818094,0.931756812809501,0.));
#11683=DIRECTION('',(-0.931756812809501,0.36308296818094,0.));
#11684=DIRECTION('',(0.931756812809501,-0.36308296818094,0.));
#11685=DIRECTION('',(0.,0.,-1.));
#11686=DIRECTION('',(0.,0.,-1.));
#11687=DIRECTION('',(-1.,0.,0.));
#11688=DIRECTION('',(0.,0.,1.));
#11689=DIRECTION('',(1.,0.,0.));
#11690=DIRECTION('',(0.,0.,-1.));
#11691=DIRECTION('',(0.,1.,0.));
#11692=DIRECTION('',(0.,0.,1.));
#11693=DIRECTION('',(1.,0.,0.));
#11694=DIRECTION('',(0.,0.,-1.));
#11695=DIRECTION('',(0.,0.,-1.));
#11696=DIRECTION('',(-1.,0.,0.));
#11697=DIRECTION('',(0.,0.,1.));
#11698=DIRECTION('',(1.,0.,0.));
#11699=DIRECTION('',(0.,0.,-1.));
#11700=DIRECTION('',(0.999912377236388,0.0132377433679023,0.));
#11701=DIRECTION('',(-0.0132377433679023,0.999912377236389,0.));
#11702=DIRECTION('',(0.0132377433679023,-0.999912377236388,0.));
#11703=DIRECTION('',(0.,0.,-1.));
#11704=DIRECTION('',(0.,0.,-1.));
#11705=DIRECTION('',(-1.,0.,0.));
#11706=DIRECTION('',(0.,0.,1.));
#11707=DIRECTION('',(1.,0.,0.));
#11708=DIRECTION('',(0.,0.,-1.));
#11709=DIRECTION('',(0.820701396493758,0.571357346844508,0.));
#11710=DIRECTION('',(-0.571357346844509,0.820701396493758,0.));
#11711=DIRECTION('',(0.571357346844508,-0.820701396493758,0.));
#11712=DIRECTION('',(0.,0.,1.));
#11713=DIRECTION('',(1.,0.,0.));
#11714=DIRECTION('',(-0.0256326041990335,0.999671430822135,0.));
#11715=DIRECTION('',(-0.999671430822135,-0.0256326041990335,0.));
#11716=DIRECTION('',(-0.0256326041990335,0.999671430822135,0.));
#11717=DIRECTION('',(-0.0256326041990335,0.999671430822135,0.));
#11718=DIRECTION('',(1.08384593706905E-16,2.77909251590532E-18,1.));
#11719=DIRECTION('',(1.,0.,-1.08384593706905E-16));
#11720=DIRECTION('',(-0.0256326041990335,0.999671430822135,0.));
#11721=DIRECTION('',(-0.0256326041990335,0.999671430822135,0.));
#11722=DIRECTION('',(-0.999671430822135,-0.0256326041990335,0.));
#11723=DIRECTION('',(-0.0256326041990335,0.999671430822135,0.));
#11724=DIRECTION('',(-0.999671430822135,-0.0256326041990335,0.));
#11725=DIRECTION('',(0.0256326041990335,-0.999671430822135,0.));
#11726=DIRECTION('',(-0.999671430822135,-0.0256326041990335,0.));
#11727=DIRECTION('',(0.0256326041990335,-0.999671430822135,0.));
#11728=DIRECTION('',(0.00465928590864502,0.9999891454685,0.));
#11729=DIRECTION('',(-0.9999891454685,0.00465928590864502,0.));
#11730=DIRECTION('',(-0.9999891454685,0.00465928590864502,0.));
#11731=DIRECTION('',(-0.9999891454685,0.00465928590864502,0.));
#11732=DIRECTION('',(-0.00465928590864502,-0.9999891454685,0.));
#11733=DIRECTION('',(-0.9999891454685,0.00465928590864502,0.));
#11734=DIRECTION('',(-8.3429393901222E-19,-1.79058529461438E-16,-1.));
#11735=DIRECTION('',(0.,1.,-1.79058529461438E-16));
#11736=DIRECTION('',(-0.9999891454685,0.00465928590864502,0.));
#11737=DIRECTION('',(-0.9999891454685,0.00465928590864502,0.));
#11738=DIRECTION('',(-0.00465928590864502,-0.9999891454685,0.));
#11739=DIRECTION('',(-0.9999891454685,0.00465928590864502,0.));
#11740=DIRECTION('',(0.00465928590864502,0.9999891454685,0.));
#11741=DIRECTION('',(-0.9999891454685,0.00465928590864502,0.));
#11742=DIRECTION('',(0.,0.,-1.));
#11743=DIRECTION('',(-1.,0.,0.));
#11744=DIRECTION('',(0.,0.,-1.));
#11745=DIRECTION('',(-1.,0.,0.));
#11746=DIRECTION('',(0.,0.,-1.));
#11747=DIRECTION('',(-1.,0.,0.));
#11748=DIRECTION('',(0.,0.,-1.));
#11749=DIRECTION('',(-1.,0.,0.));
#11750=DIRECTION('',(0.,0.,-1.));
#11751=DIRECTION('',(-1.,0.,0.));
#11752=DIRECTION('',(0.,0.,-1.));
#11753=DIRECTION('',(-1.,0.,0.));
#11754=DIRECTION('',(0.,0.,1.));
#11755=DIRECTION('',(1.,0.,0.));
#11756=DIRECTION('',(0.9999891454685,-0.00465928590864502,0.));
#11757=DIRECTION('',(0.00465928590864502,0.9999891454685,0.));
#11758=DIRECTION('',(0.,0.,1.));
#11759=DIRECTION('',(-0.00465928590864502,-0.9999891454685,0.));
#11760=DIRECTION('',(0.,0.,-1.));
#11761=DIRECTION('',(0.00465928590864502,0.9999891454685,0.));
#11762=DIRECTION('',(0.,0.,-1.));
#11763=DIRECTION('',(-0.00465928590864502,-0.9999891454685,0.));
#11764=DIRECTION('',(-0.9999891454685,0.00465928590864481,0.));
#11765=DIRECTION('',(-0.00465928590864481,-0.9999891454685,0.));
#11766=DIRECTION('',(2.02062122861867E-18,4.33671454239992E-16,1.));
#11767=DIRECTION('',(0.00465928590864481,0.9999891454685,0.));
#11768=DIRECTION('',(0.,0.,-1.));
#11769=DIRECTION('',(0.00465928590864481,0.9999891454685,0.));
#11770=DIRECTION('',(0.,0.,1.));
#11771=DIRECTION('',(1.,0.,0.));
#11772=DIRECTION('',(0.00465928590864481,0.9999891454685,0.));
#11773=DIRECTION('',(-0.9999891454685,0.00465928590864502,0.));
#11774=DIRECTION('',(1.,2.60092086742308E-16,0.));
#11775=DIRECTION('',(0.,0.,1.));
#11776=DIRECTION('',(1.,0.,0.));
#11777=DIRECTION('',(0.,0.,-1.));
#11778=DIRECTION('',(-1.,0.,0.));
#11779=DIRECTION('',(0.,0.,-1.));
#11780=DIRECTION('',(-1.,0.,0.));
#11781=DIRECTION('',(0.,0.,-1.));
#11782=DIRECTION('',(-1.,0.,0.));
#11783=DIRECTION('',(0.,0.,-1.));
#11784=DIRECTION('',(-1.,0.,0.));
#11785=DIRECTION('',(0.,0.,-1.));
#11786=DIRECTION('',(-1.,0.,0.));
#11787=DIRECTION('',(-0.9999891454685,0.00465928590864502,0.));
#11788=DIRECTION('',(0.00465928590864481,0.9999891454685,0.));
#11789=DIRECTION('',(0.,0.,1.));
#11790=DIRECTION('',(1.,0.,0.));
#11791=DIRECTION('',(0.283270374822515,-0.959040090271471,0.));
#11792=DIRECTION('',(0.,0.,1.));
#11793=DIRECTION('',(1.,0.,0.));
#11794=DIRECTION('',(0.377566219167877,-0.925982586306716,0.));
#11795=DIRECTION('',(0.,0.,1.));
#11796=DIRECTION('',(1.,0.,0.));
#11797=DIRECTION('',(0.990830423682699,0.135111330038468,0.));
#11798=DIRECTION('',(0.,0.,1.));
#11799=DIRECTION('',(1.,0.,0.));
#11800=DIRECTION('',(0.81293645290436,0.582352404939893,0.));
#11801=DIRECTION('',(0.,0.,1.));
#11802=DIRECTION('',(1.,0.,0.));
#11803=DIRECTION('',(0.999978796274762,-0.00651206579195329,0.));
#11804=DIRECTION('',(0.,0.,1.));
#11805=DIRECTION('',(1.,0.,0.));
#11806=DIRECTION('',(0.,1.,0.));
#11807=DIRECTION('',(0.,0.,1.));
#11808=DIRECTION('',(1.,0.,0.));
#11809=DIRECTION('',(-0.580431300700617,0.814309219625438,0.));
#11810=DIRECTION('',(0.,0.,1.));
#11811=DIRECTION('',(1.,0.,0.));
#11812=DIRECTION('',(0.,1.,0.));
#11813=DIRECTION('',(0.,0.,1.));
#11814=DIRECTION('',(1.,0.,0.));
#11815=DIRECTION('',(-0.571357346844509,0.820701396493758,0.));
#11816=DIRECTION('',(0.,0.,1.));
#11817=DIRECTION('',(1.,0.,0.));
#11818=DIRECTION('',(-0.0132377433679027,0.999912377236388,0.));
#11819=DIRECTION('',(0.,0.,1.));
#11820=DIRECTION('',(1.,0.,0.));
#11821=DIRECTION('',(-1.,0.,0.));
#11822=DIRECTION('',(0.,0.,1.));
#11823=DIRECTION('',(1.,0.,0.));
#11824=DIRECTION('',(-0.9317568128095,0.36308296818094,0.));
#11825=DIRECTION('',(0.,0.,1.));
#11826=DIRECTION('',(1.,0.,0.));
#11827=DIRECTION('',(-0.999763788949756,-0.0217339896205972,0.));
#11828=DIRECTION('',(0.,0.,1.));
#11829=DIRECTION('',(1.,0.,0.));
#11830=DIRECTION('',(-0.770246757286025,-0.637745978341192,0.));
#11831=DIRECTION('',(0.,0.,1.));
#11832=DIRECTION('',(1.,0.,0.));
#11833=DIRECTION('',(0.999671430822136,0.0256326041990334,0.));
#11834=DIRECTION('',(-0.0256326041990335,0.999671430822135,0.));
#11835=DIRECTION('',(0.999671430822136,0.0256326041990335,0.));
#11836=DIRECTION('',(0.,0.,1.));
#11837=DIRECTION('',(1.,0.,0.));
#11838=DIRECTION('',(0.770246757286025,0.637745978341192,0.));
#11839=DIRECTION('',(0.,0.,1.));
#11840=DIRECTION('',(1.,0.,0.));
#11841=DIRECTION('',(0.999763788949756,0.0217339896205972,0.));
#11842=DIRECTION('',(0.,0.,1.));
#11843=DIRECTION('',(1.,0.,0.));
#11844=DIRECTION('',(0.9317568128095,-0.36308296818094,0.));
#11845=DIRECTION('',(0.,0.,1.));
#11846=DIRECTION('',(1.,0.,0.));
#11847=DIRECTION('',(1.,0.,0.));
#11848=DIRECTION('',(0.,0.,1.));
#11849=DIRECTION('',(1.,0.,0.));
#11850=DIRECTION('',(0.0132377433679022,-0.999912377236388,0.));
#11851=DIRECTION('',(0.,0.,1.));
#11852=DIRECTION('',(1.,0.,0.));
#11853=DIRECTION('',(0.571357346844509,-0.820701396493758,0.));
#11854=DIRECTION('',(0.,0.,1.));
#11855=DIRECTION('',(1.,0.,0.));
#11856=DIRECTION('',(0.,-1.,0.));
#11857=DIRECTION('',(0.,0.,1.));
#11858=DIRECTION('',(1.,0.,0.));
#11859=DIRECTION('',(0.580431300700617,-0.814309219625438,0.));
#11860=DIRECTION('',(0.,0.,1.));
#11861=DIRECTION('',(1.,0.,0.));
#11862=DIRECTION('',(0.,-1.,0.));
#11863=DIRECTION('',(0.,0.,1.));
#11864=DIRECTION('',(1.,0.,0.));
#11865=DIRECTION('',(0.999978796274762,-0.00651206579195331,0.));
#11866=DIRECTION('',(0.,0.,1.));
#11867=DIRECTION('',(1.,0.,0.));
#11868=DIRECTION('',(-0.81293645290436,-0.582352404939893,0.));
#11869=DIRECTION('',(0.,0.,1.));
#11870=DIRECTION('',(1.,0.,0.));
#11871=DIRECTION('',(0.990830423682699,0.135111330038468,0.));
#11872=DIRECTION('',(0.,0.,1.));
#11873=DIRECTION('',(1.,0.,0.));
#11874=DIRECTION('',(0.377566219167877,-0.925982586306716,0.));
#11875=DIRECTION('',(0.,0.,1.));
#11876=DIRECTION('',(1.,0.,0.));
#11877=DIRECTION('',(0.283270374822516,-0.959040090271471,0.));
#11878=DIRECTION('',(0.,0.,1.));
#11879=DIRECTION('',(1.,0.,0.));
#11880=DIRECTION('',(-0.999912377236389,-0.0132377433679027,0.));
#11881=DIRECTION('',(0.0132377433679027,-0.999912377236389,0.));
#11882=DIRECTION('',(0.,0.,-1.));
#11883=DIRECTION('',(-0.0132377433679027,0.999912377236388,0.));
#11884=DIRECTION('',(0.,0.,-1.));
#11885=DIRECTION('',(0.,0.,-1.));
#11886=DIRECTION('',(-1.,0.,0.));
#11887=DIRECTION('',(0.,0.,-1.));
#11888=DIRECTION('',(0.,0.,1.));
#11889=DIRECTION('',(1.,0.,0.));
#11890=DIRECTION('',(-0.820701396493758,-0.571357346844509,0.));
#11891=DIRECTION('',(0.571357346844509,-0.820701396493758,0.));
#11892=DIRECTION('',(0.,0.,-1.));
#11893=DIRECTION('',(-0.571357346844509,0.820701396493758,0.));
#11894=DIRECTION('',(0.,0.,-1.));
#11895=DIRECTION('',(-1.,0.,0.));
#11896=DIRECTION('',(0.,0.,-1.));
#11897=DIRECTION('',(0.,0.,1.));
#11898=DIRECTION('',(1.,0.,0.));
#11899=DIRECTION('',(-1.,0.,0.));
#11900=DIRECTION('',(0.,0.,1.));
#11901=DIRECTION('',(0.,0.,-1.));
#11902=DIRECTION('',(0.,1.,0.));
#11903=DIRECTION('',(0.,0.,-1.));
#11904=DIRECTION('',(-1.,0.,0.));
#11905=DIRECTION('',(0.,0.,-1.));
#11906=DIRECTION('',(0.,0.,1.));
#11907=DIRECTION('',(1.,0.,0.));
#11908=DIRECTION('',(-0.814309219625438,-0.580431300700617,0.));
#11909=DIRECTION('',(0.580431300700617,-0.814309219625438,0.));
#11910=DIRECTION('',(0.,0.,-1.));
#11911=DIRECTION('',(-0.580431300700617,0.814309219625438,0.));
#11912=DIRECTION('',(0.,0.,-1.));
#11913=DIRECTION('',(-1.,0.,0.));
#11914=DIRECTION('',(0.,0.,-1.));
#11915=DIRECTION('',(0.,0.,1.));
#11916=DIRECTION('',(1.,0.,0.));
#11917=DIRECTION('',(-1.,0.,0.));
#11918=DIRECTION('',(0.,0.,1.));
#11919=DIRECTION('',(0.,0.,-1.));
#11920=DIRECTION('',(0.,1.,0.));
#11921=DIRECTION('',(0.,0.,-1.));
#11922=DIRECTION('',(-1.,0.,0.));
#11923=DIRECTION('',(0.,0.,-1.));
#11924=DIRECTION('',(0.,0.,1.));
#11925=DIRECTION('',(1.,0.,0.));
#11926=DIRECTION('',(0.00651206579195329,0.999978796274762,0.));
#11927=DIRECTION('',(-0.999978796274762,0.00651206579195329,0.));
#11928=DIRECTION('',(0.,0.,-1.));
#11929=DIRECTION('',(0.999978796274762,-0.00651206579195329,0.));
#11930=DIRECTION('',(0.,0.,-1.));
#11931=DIRECTION('',(-1.,0.,0.));
#11932=DIRECTION('',(0.,0.,-1.));
#11933=DIRECTION('',(0.,0.,1.));
#11934=DIRECTION('',(1.,0.,0.));
#11935=DIRECTION('',(-0.582352404939893,0.81293645290436,0.));
#11936=DIRECTION('',(-0.81293645290436,-0.582352404939893,0.));
#11937=DIRECTION('',(0.,0.,-1.));
#11938=DIRECTION('',(0.81293645290436,0.582352404939893,0.));
#11939=DIRECTION('',(0.,0.,-1.));
#11940=DIRECTION('',(-1.,0.,0.));
#11941=DIRECTION('',(0.,0.,-1.));
#11942=DIRECTION('',(0.,0.,1.));
#11943=DIRECTION('',(1.,0.,0.));
#11944=DIRECTION('',(-0.135111330038468,0.990830423682699,0.));
#11945=DIRECTION('',(-0.990830423682699,-0.135111330038468,0.));
#11946=DIRECTION('',(0.,0.,-1.));
#11947=DIRECTION('',(0.990830423682699,0.135111330038468,0.));
#11948=DIRECTION('',(0.,0.,-1.));
#11949=DIRECTION('',(-1.,0.,0.));
#11950=DIRECTION('',(0.,0.,-1.));
#11951=DIRECTION('',(0.,0.,1.));
#11952=DIRECTION('',(1.,0.,0.));
#11953=DIRECTION('',(0.925982586306716,0.377566219167877,0.));
#11954=DIRECTION('',(-0.377566219167877,0.925982586306716,0.));
#11955=DIRECTION('',(0.,0.,-1.));
#11956=DIRECTION('',(0.377566219167877,-0.925982586306716,0.));
#11957=DIRECTION('',(0.,0.,-1.));
#11958=DIRECTION('',(-1.,0.,0.));
#11959=DIRECTION('',(0.,0.,-1.));
#11960=DIRECTION('',(0.,0.,1.));
#11961=DIRECTION('',(1.,0.,0.));
#11962=DIRECTION('',(0.959040090271471,0.283270374822515,0.));
#11963=DIRECTION('',(-0.283270374822515,0.959040090271471,0.));
#11964=DIRECTION('',(0.,0.,-1.));
#11965=DIRECTION('',(0.283270374822515,-0.959040090271471,0.));
#11966=DIRECTION('',(0.,0.,-1.));
#11967=DIRECTION('',(-1.,0.,0.));
#11968=DIRECTION('',(0.,0.,-1.));
#11969=DIRECTION('',(0.,0.,1.));
#11970=DIRECTION('',(1.,0.,0.));
#11971=DIRECTION('',(-0.9999891454685,0.00465928590864481,0.));
#11972=DIRECTION('',(-0.00465928590864481,-0.9999891454685,0.));
#11973=DIRECTION('',(0.,0.,1.));
#11974=DIRECTION('',(0.00465928590864481,0.9999891454685,0.));
#11975=DIRECTION('',(0.,0.,-1.));
#11976=DIRECTION('',(-1.,0.,0.));
#11977=DIRECTION('',(0.,0.,1.));
#11978=DIRECTION('',(1.,0.,0.));
#11979=DIRECTION('',(0.,0.,-1.));
#11980=DIRECTION('',(0.,0.,1.));
#11981=DIRECTION('',(1.,0.,0.));
#11982=DIRECTION('',(-0.0256326041990334,0.999671430822135,0.));
#11983=DIRECTION('',(-0.999671430822135,-0.0256326041990334,0.));
#11984=DIRECTION('',(-0.0256326041990334,0.999671430822135,0.));
#11985=DIRECTION('',(-0.999671430822135,-0.0256326041990334,0.));
#11986=DIRECTION('',(0.,0.,-1.));
#11987=DIRECTION('',(0.,0.,-1.));
#11988=DIRECTION('',(0.999671430822136,0.0256326041990334,0.));
#11989=DIRECTION('',(0.999671430822136,0.0256326041990334,0.));
#11990=DIRECTION('',(0.,0.,-1.));
#11991=DIRECTION('',(-0.0256326041990334,0.999671430822135,0.));
#11992=DIRECTION('',(-0.999671430822135,-0.0256326041990334,0.));
#11993=DIRECTION('',(-0.999671430822135,-0.0256326041990334,0.));
#11994=DIRECTION('',(0.,0.,-1.));
#11995=DIRECTION('',(-1.,0.,0.));
#11996=DIRECTION('',(0.,0.,-1.));
#11997=DIRECTION('',(0.,0.,1.));
#11998=DIRECTION('',(1.,0.,0.));
#11999=DIRECTION('',(0.637745978341192,-0.770246757286025,0.));
#12000=DIRECTION('',(0.770246757286025,0.637745978341192,0.));
#12001=DIRECTION('',(0.,0.,-1.));
#12002=DIRECTION('',(-0.770246757286025,-0.637745978341192,0.));
#12003=DIRECTION('',(0.,0.,-1.));
#12004=DIRECTION('',(-1.,0.,0.));
#12005=DIRECTION('',(0.,0.,-1.));
#12006=DIRECTION('',(0.,0.,1.));
#12007=DIRECTION('',(1.,0.,0.));
#12008=DIRECTION('',(0.0217339896205972,-0.999763788949756,0.));
#12009=DIRECTION('',(0.999763788949756,0.0217339896205972,0.));
#12010=DIRECTION('',(0.,0.,-1.));
#12011=DIRECTION('',(-0.999763788949756,-0.0217339896205972,0.));
#12012=DIRECTION('',(0.,0.,-1.));
#12013=DIRECTION('',(-1.,0.,0.));
#12014=DIRECTION('',(0.,0.,-1.));
#12015=DIRECTION('',(0.,0.,1.));
#12016=DIRECTION('',(1.,0.,0.));
#12017=DIRECTION('',(-0.36308296818094,-0.9317568128095,0.));
#12018=DIRECTION('',(0.9317568128095,-0.36308296818094,0.));
#12019=DIRECTION('',(0.,0.,-1.));
#12020=DIRECTION('',(-0.9317568128095,0.36308296818094,0.));
#12021=DIRECTION('',(0.,0.,-1.));
#12022=DIRECTION('',(-1.,0.,0.));
#12023=DIRECTION('',(0.,0.,-1.));
#12024=DIRECTION('',(0.,0.,1.));
#12025=DIRECTION('',(1.,0.,0.));
#12026=DIRECTION('',(0.,-1.,0.));
#12027=DIRECTION('',(0.,0.,-1.));
#12028=DIRECTION('',(0.,0.,-1.));
#12029=DIRECTION('',(-1.,0.,0.));
#12030=DIRECTION('',(0.,0.,-1.));
#12031=DIRECTION('',(-1.,0.,0.));
#12032=DIRECTION('',(0.,0.,-1.));
#12033=DIRECTION('',(0.,0.,1.));
#12034=DIRECTION('',(1.,0.,0.));
#12035=DIRECTION('',(0.,0.,-1.));
#12036=DIRECTION('',(0.00651206579195331,0.999978796274762,0.));
#12037=DIRECTION('',(-0.999978796274762,0.00651206579195331,0.));
#12038=DIRECTION('',(0.,0.,-1.));
#12039=DIRECTION('',(-0.999978796274762,0.00651206579195331,0.));
#12040=DIRECTION('',(0.,0.,-1.));
#12041=DIRECTION('',(-1.,0.,0.));
#12042=DIRECTION('',(0.,0.,-1.));
#12043=DIRECTION('',(0.,0.,1.));
#12044=DIRECTION('',(1.,0.,0.));
#12045=DIRECTION('',(1.,0.,0.));
#12046=DIRECTION('',(0.,0.,-1.));
#12047=DIRECTION('',(0.,0.,-1.));
#12048=DIRECTION('',(0.,-1.,0.));
#12049=DIRECTION('',(0.,0.,-1.));
#12050=DIRECTION('',(-1.,0.,0.));
#12051=DIRECTION('',(0.,0.,-1.));
#12052=DIRECTION('',(0.,0.,1.));
#12053=DIRECTION('',(1.,0.,0.));
#12054=DIRECTION('',(0.814309219625438,0.580431300700617,0.));
#12055=DIRECTION('',(-0.580431300700617,0.814309219625438,0.));
#12056=DIRECTION('',(0.,0.,-1.));
#12057=DIRECTION('',(0.580431300700617,-0.814309219625438,0.));
#12058=DIRECTION('',(0.,0.,-1.));
#12059=DIRECTION('',(-1.,0.,0.));
#12060=DIRECTION('',(0.,0.,-1.));
#12061=DIRECTION('',(0.,0.,1.));
#12062=DIRECTION('',(1.,0.,0.));
#12063=DIRECTION('',(1.,0.,0.));
#12064=DIRECTION('',(0.,0.,-1.));
#12065=DIRECTION('',(0.,0.,-1.));
#12066=DIRECTION('',(0.,-1.,0.));
#12067=DIRECTION('',(0.,0.,-1.));
#12068=DIRECTION('',(-1.,0.,0.));
#12069=DIRECTION('',(0.,0.,-1.));
#12070=DIRECTION('',(0.,0.,1.));
#12071=DIRECTION('',(1.,0.,0.));
#12072=DIRECTION('',(0.820701396493758,0.571357346844509,0.));
#12073=DIRECTION('',(-0.571357346844509,0.820701396493758,0.));
#12074=DIRECTION('',(0.,0.,-1.));
#12075=DIRECTION('',(0.571357346844509,-0.820701396493758,0.));
#12076=DIRECTION('',(0.,0.,-1.));
#12077=DIRECTION('',(-1.,0.,0.));
#12078=DIRECTION('',(0.,0.,-1.));
#12079=DIRECTION('',(0.,0.,1.));
#12080=DIRECTION('',(1.,0.,0.));
#12081=DIRECTION('',(0.999912377236389,0.0132377433679022,0.));
#12082=DIRECTION('',(-0.0132377433679022,0.999912377236389,0.));
#12083=DIRECTION('',(0.,0.,-1.));
#12084=DIRECTION('',(0.0132377433679022,-0.999912377236389,0.));
#12085=DIRECTION('',(0.,0.,-1.));
#12086=DIRECTION('',(-1.,0.,0.));
#12087=DIRECTION('',(0.,0.,-1.));
#12088=DIRECTION('',(0.,0.,1.));
#12089=DIRECTION('',(1.,0.,0.));
#12090=DIRECTION('',(0.,1.,0.));
#12091=DIRECTION('',(0.,0.,1.));
#12092=DIRECTION('',(0.,0.,-1.));
#12093=DIRECTION('',(1.,0.,0.));
#12094=DIRECTION('',(0.,0.,-1.));
#12095=DIRECTION('',(-1.,0.,0.));
#12096=DIRECTION('',(0.,0.,-1.));
#12097=DIRECTION('',(0.,0.,1.));
#12098=DIRECTION('',(1.,0.,0.));
#12099=DIRECTION('',(0.36308296818094,0.9317568128095,0.));
#12100=DIRECTION('',(-0.9317568128095,0.36308296818094,0.));
#12101=DIRECTION('',(0.,0.,-1.));
#12102=DIRECTION('',(0.9317568128095,-0.36308296818094,0.));
#12103=DIRECTION('',(0.,0.,-1.));
#12104=DIRECTION('',(-1.,0.,0.));
#12105=DIRECTION('',(0.,0.,-1.));
#12106=DIRECTION('',(0.,0.,1.));
#12107=DIRECTION('',(1.,0.,0.));
#12108=DIRECTION('',(-0.0217339896205972,0.999763788949756,0.));
#12109=DIRECTION('',(-0.999763788949756,-0.0217339896205972,0.));
#12110=DIRECTION('',(0.,0.,-1.));
#12111=DIRECTION('',(0.999763788949756,0.0217339896205972,0.));
#12112=DIRECTION('',(0.,0.,-1.));
#12113=DIRECTION('',(-1.,0.,0.));
#12114=DIRECTION('',(0.,0.,-1.));
#12115=DIRECTION('',(0.,0.,1.));
#12116=DIRECTION('',(1.,0.,0.));
#12117=DIRECTION('',(-0.637745978341192,0.770246757286025,0.));
#12118=DIRECTION('',(-0.770246757286025,-0.637745978341192,0.));
#12119=DIRECTION('',(0.,0.,-1.));
#12120=DIRECTION('',(0.770246757286025,0.637745978341192,0.));
#12121=DIRECTION('',(0.,0.,-1.));
#12122=DIRECTION('',(-1.,0.,0.));
#12123=DIRECTION('',(0.,0.,-1.));
#12124=DIRECTION('',(0.,0.,1.));
#12125=DIRECTION('',(1.,0.,0.));
#12126=DIRECTION('',(-0.0256326041990335,0.999671430822135,0.));
#12127=DIRECTION('',(-0.999671430822135,-0.0256326041990335,0.));
#12128=DIRECTION('',(0.,0.,-1.));
#12129=DIRECTION('',(-0.0256326041990335,0.999671430822135,0.));
#12130=DIRECTION('',(-0.999671430822135,-0.0256326041990335,0.));
#12131=DIRECTION('',(-0.999671430822135,-0.0256326041990335,0.));
#12132=DIRECTION('',(-0.0256326041990335,0.999671430822135,0.));
#12133=DIRECTION('',(-0.999671430822135,-0.0256326041990335,0.));
#12134=DIRECTION('',(0.,0.,-1.));
#12135=DIRECTION('',(0.999671430822136,0.0256326041990335,0.));
#12136=DIRECTION('',(0.,0.,-1.));
#12137=DIRECTION('',(0.999671430822135,0.0256326041990335,0.));
#12138=DIRECTION('',(0.,0.,-1.));
#12139=DIRECTION('',(-1.,0.,0.));
#12140=DIRECTION('',(0.,0.,-1.));
#12141=DIRECTION('',(0.,0.,1.));
#12142=DIRECTION('',(1.,0.,0.));
#12143=DIRECTION('',(0.,0.,1.));
#12144=DIRECTION('',(1.,0.,0.));
#12145=DIRECTION('',(0.9999891454685,-0.00465928590864502,0.));
#12146=DIRECTION('',(0.00465928590864502,0.9999891454685,0.));
#12147=DIRECTION('',(2.02062122861876E-18,4.33671454239992E-16,1.));
#12148=DIRECTION('',(-0.00465928590864502,-0.9999891454685,0.));
#12149=DIRECTION('',(0.,0.,-1.));
#12150=DIRECTION('',(0.00465928590864502,0.9999891454685,0.));
#12151=DIRECTION('',(-0.00465928590864502,-0.9999891454685,0.));
#12152=DIRECTION('',(0.,0.,-1.));
#12153=DIRECTION('',(-1.,0.,0.));
#12154=DIRECTION('',(0.,0.,-1.));
#12155=DIRECTION('',(0.,0.,1.));
#12156=DIRECTION('',(1.,0.,0.));
#12157=DIRECTION('',(0.959040090271471,0.283270374822516,0.));
#12158=DIRECTION('',(-0.283270374822516,0.959040090271471,0.));
#12159=DIRECTION('',(0.,0.,-1.));
#12160=DIRECTION('',(-0.283270374822516,0.959040090271471,0.));
#12161=DIRECTION('',(0.,0.,-1.));
#12162=DIRECTION('',(-1.,0.,0.));
#12163=DIRECTION('',(0.,0.,-1.));
#12164=DIRECTION('',(0.,0.,1.));
#12165=DIRECTION('',(1.,0.,0.));
#12166=DIRECTION('',(0.925982586306716,0.377566219167877,0.));
#12167=DIRECTION('',(-0.377566219167877,0.925982586306716,0.));
#12168=DIRECTION('',(0.,0.,-1.));
#12169=DIRECTION('',(-0.377566219167877,0.925982586306716,0.));
#12170=DIRECTION('',(0.,0.,-1.));
#12171=DIRECTION('',(-1.,0.,0.));
#12172=DIRECTION('',(0.,0.,-1.));
#12173=DIRECTION('',(0.,0.,1.));
#12174=DIRECTION('',(1.,0.,0.));
#12175=DIRECTION('',(-0.135111330038468,0.990830423682699,0.));
#12176=DIRECTION('',(-0.990830423682699,-0.135111330038468,0.));
#12177=DIRECTION('',(0.,0.,-1.));
#12178=DIRECTION('',(-0.990830423682699,-0.135111330038468,0.));
#12179=DIRECTION('',(0.,0.,-1.));
#12180=DIRECTION('',(-1.,0.,0.));
#12181=DIRECTION('',(0.,0.,-1.));
#12182=DIRECTION('',(0.,0.,1.));
#12183=DIRECTION('',(1.,0.,0.));
#12184=DIRECTION('',(0.582352404939893,-0.81293645290436,0.));
#12185=DIRECTION('',(0.81293645290436,0.582352404939893,0.));
#12186=DIRECTION('',(-0.81293645290436,-0.582352404939893,0.));
#12187=DIRECTION('',(0.,0.,-1.));
#12188=DIRECTION('',(-1.,0.,0.));
#12189=DIRECTION('',(0.,0.,1.));
#12190=DIRECTION('',(1.,0.,0.));
#12191=DIRECTION('',(0.,0.,1.));
#12192=DIRECTION('',(1.,0.,0.));
#12193=DIRECTION('',(0.,0.,-1.));
#12194=DIRECTION('',(-1.,0.,0.));
#12195=DIRECTION('',(-0.9999891454685,0.00465928590864502,0.));
#12196=DIRECTION('',(-0.0256326041990335,0.999671430822135,0.));
#12197=DIRECTION('',(0.994521895368273,0.104528463267653,0.));
#12198=DIRECTION('',(-0.104528463267653,0.994521895368274,0.));
#12199=DIRECTION('',(0.,0.,-1.));
#12200=DIRECTION('',(0.104528463267653,-0.994521895368274,0.));
#12201=DIRECTION('',(0.,0.,-1.));
#12202=DIRECTION('',(0.104528463267653,-0.994521895368273,0.));
#12203=DIRECTION('',(-0.104528463267653,0.994521895368273,0.));
#12204=DIRECTION('',(-0.994521895368273,-0.104528463267653,0.));
#12205=DIRECTION('',(0.,0.,-1.));
#12206=DIRECTION('',(0.994521895368273,0.104528463267653,0.));
#12207=DIRECTION('',(0.994521895368273,0.104528463267653,0.));
#12208=DIRECTION('',(-0.998629534754574,-0.0523359562429443,0.));
#12209=DIRECTION('',(0.0523359562429443,-0.998629534754574,0.));
#12210=DIRECTION('',(0.,0.,-1.));
#12211=DIRECTION('',(-0.0523359562429443,0.998629534754574,0.));
#12212=DIRECTION('',(-0.0523359562429443,0.998629534754574,0.));
#12213=DIRECTION('',(-0.0523359562429439,0.998629534754574,0.));
#12214=DIRECTION('',(-0.998629534754574,-0.0523359562429439,0.));
#12215=DIRECTION('',(0.,0.,-1.));
#12216=DIRECTION('',(0.998629534754574,0.0523359562429439,0.));
#12217=DIRECTION('',(0.998629534754574,0.0523359562429439,0.));
#12218=DIRECTION('',(0.998629534754574,0.0523359562429439,0.));
#12219=DIRECTION('',(-0.0523359562429439,0.998629534754574,0.));
#12220=DIRECTION('',(0.,0.,-1.));
#12221=DIRECTION('',(0.0523359562429439,-0.998629534754574,0.));
#12222=DIRECTION('',(0.0523359562429439,-0.998629534754574,0.));
#12223=DIRECTION('',(-0.0523359562429438,0.998629534754574,0.));
#12224=DIRECTION('',(-0.998629534754574,-0.0523359562429438,0.));
#12225=DIRECTION('',(0.,0.,-1.));
#12226=DIRECTION('',(0.998629534754574,0.0523359562429438,0.));
#12227=DIRECTION('',(0.998629534754574,0.0523359562429438,0.));
#12228=DIRECTION('',(-0.994521895368273,-0.104528463267655,0.));
#12229=DIRECTION('',(0.104528463267655,-0.994521895368273,0.));
#12230=DIRECTION('',(0.,0.,-1.));
#12231=DIRECTION('',(-0.104528463267655,0.994521895368273,0.));
#12232=DIRECTION('',(-0.104528463267655,0.994521895368273,0.));
#12233=DIRECTION('',(-0.104528463267653,0.994521895368273,0.));
#12234=DIRECTION('',(-0.994521895368273,-0.104528463267653,0.));
#12235=DIRECTION('',(0.,0.,-1.));
#12236=DIRECTION('',(0.994521895368273,0.104528463267653,0.));
#12237=DIRECTION('',(0.994521895368273,0.104528463267653,0.));
#12238=DIRECTION('',(-0.99026806874157,-0.139173100960067,0.));
#12239=DIRECTION('',(0.139173100960067,-0.99026806874157,0.));
#12240=DIRECTION('',(0.,0.,-1.));
#12241=DIRECTION('',(-0.139173100960067,0.99026806874157,0.));
#12242=DIRECTION('',(-0.139173100960067,0.99026806874157,0.));
#12243=DIRECTION('',(-0.139173100960065,0.99026806874157,0.));
#12244=DIRECTION('',(-0.99026806874157,-0.139173100960065,0.));
#12245=DIRECTION('',(0.,0.,-1.));
#12246=DIRECTION('',(0.99026806874157,0.139173100960065,0.));
#12247=DIRECTION('',(0.99026806874157,0.139173100960065,0.));
#12248=DIRECTION('',(0.99026806874157,0.139173100960065,0.));
#12249=DIRECTION('',(-0.139173100960065,0.99026806874157,0.));
#12250=DIRECTION('',(0.,0.,-1.));
#12251=DIRECTION('',(0.139173100960065,-0.99026806874157,0.));
#12252=DIRECTION('',(0.139173100960065,-0.99026806874157,0.));
#12253=DIRECTION('',(-0.0174524064372835,0.999847695156391,0.));
#12254=DIRECTION('',(-0.999847695156391,-0.0174524064372835,0.));
#12255=DIRECTION('',(0.,0.,-1.));
#12256=DIRECTION('',(0.999847695156391,0.0174524064372835,0.));
#12257=DIRECTION('',(0.,0.,-1.));
#12258=DIRECTION('',(0.999847695156391,0.0174524064372835,0.));
#12259=DIRECTION('',(0.999847695156391,0.0174524064372838,0.));
#12260=DIRECTION('',(-0.0174524064372838,0.999847695156391,0.));
#12261=DIRECTION('',(0.,0.,-1.));
#12262=DIRECTION('',(0.0174524064372838,-0.999847695156391,0.));
#12263=DIRECTION('',(0.0174524064372838,-0.999847695156391,0.));
#12264=DIRECTION('',(-0.0348994967025012,0.999390827019096,0.));
#12265=DIRECTION('',(-0.999390827019096,-0.0348994967025013,0.));
#12266=DIRECTION('',(0.,0.,-1.));
#12267=DIRECTION('',(0.999390827019096,0.0348994967025013,0.));
#12268=DIRECTION('',(0.999390827019096,0.0348994967025012,0.));
#12269=DIRECTION('',(0.998629534754566,0.0523359562430873,0.));
#12270=DIRECTION('',(-0.0523359562430873,0.998629534754566,0.));
#12271=DIRECTION('',(0.0523359562430873,-0.998629534754566,0.));
#12272=DIRECTION('',(0.998629534754566,0.0523359562430873,0.));
#12273=DIRECTION('',(0.0523359562430873,-0.998629534754567,0.));
#12274=DIRECTION('',(0.0523359562430873,-0.998629534754566,0.));
#12275=DIRECTION('',(0.,0.,-1.));
#12276=DIRECTION('',(0.998629534754566,0.0523359562430873,0.));
#12277=DIRECTION('',(-0.0523359562430873,0.998629534754566,0.));
#12278=DIRECTION('',(-0.0523359562429441,0.998629534754574,0.));
#12279=DIRECTION('',(-0.998629534754574,-0.0523359562429442,0.));
#12280=DIRECTION('',(0.,0.,-1.));
#12281=DIRECTION('',(0.998629534754574,0.0523359562429442,0.));
#12282=DIRECTION('',(0.998629534754574,0.0523359562429442,0.));
#12283=DIRECTION('',(0.997564050259824,0.0697564737441242,0.));
#12284=DIRECTION('',(-0.0697564737441242,0.997564050259824,0.));
#12285=DIRECTION('',(0.,0.,-1.));
#12286=DIRECTION('',(0.0697564737441242,-0.997564050259824,0.));
#12287=DIRECTION('',(0.0697564737441242,-0.997564050259824,0.));
#12288=DIRECTION('',(-0.0697564737441257,0.997564050259824,0.));
#12289=DIRECTION('',(-0.997564050259824,-0.0697564737441257,0.));
#12290=DIRECTION('',(0.,0.,-1.));
#12291=DIRECTION('',(0.997564050259824,0.0697564737441257,0.));
#12292=DIRECTION('',(0.997564050259824,0.0697564737441257,0.));
#12293=DIRECTION('',(-0.997564050259824,-0.0697564737441253,0.));
#12294=DIRECTION('',(0.0697564737441253,-0.997564050259824,0.));
#12295=DIRECTION('',(0.,0.,-1.));
#12296=DIRECTION('',(-0.0697564737441253,0.997564050259824,0.));
#12297=DIRECTION('',(-0.0697564737441253,0.997564050259824,0.));
#12298=DIRECTION('',(-0.0697564737441251,0.997564050259824,0.));
#12299=DIRECTION('',(-0.997564050259824,-0.0697564737441251,0.));
#12300=DIRECTION('',(0.,0.,-1.));
#12301=DIRECTION('',(0.997564050259824,0.0697564737441251,0.));
#12302=DIRECTION('',(0.997564050259824,0.0697564737441251,0.));
#12303=DIRECTION('',(-0.997564050259824,-0.069756473744125,0.));
#12304=DIRECTION('',(0.069756473744125,-0.997564050259824,0.));
#12305=DIRECTION('',(0.,0.,-1.));
#12306=DIRECTION('',(-0.069756473744125,0.997564050259824,0.));
#12307=DIRECTION('',(-0.069756473744125,0.997564050259824,0.));
#12308=DIRECTION('',(-0.0697564737441266,0.997564050259824,0.));
#12309=DIRECTION('',(-0.997564050259824,-0.0697564737441267,0.));
#12310=DIRECTION('',(0.,0.,-1.));
#12311=DIRECTION('',(0.997564050259824,0.0697564737441267,0.));
#12312=DIRECTION('',(0.997564050259824,0.0697564737441266,0.));
#12313=DIRECTION('',(-0.997564050259824,-0.0697564737441253,0.));
#12314=DIRECTION('',(0.0697564737441253,-0.997564050259824,0.));
#12315=DIRECTION('',(0.,0.,-1.));
#12316=DIRECTION('',(-0.0697564737441253,0.997564050259824,0.));
#12317=DIRECTION('',(-0.0697564737441253,0.997564050259824,0.));
#12318=DIRECTION('',(-0.0697564737441254,0.997564050259824,0.));
#12319=DIRECTION('',(-0.997564050259824,-0.0697564737441254,0.));
#12320=DIRECTION('',(0.,0.,-1.));
#12321=DIRECTION('',(0.997564050259824,0.0697564737441254,0.));
#12322=DIRECTION('',(0.997564050259824,0.0697564737441254,0.));
#12323=DIRECTION('',(-0.997564050259824,-0.0697564737441253,0.));
#12324=DIRECTION('',(0.0697564737441253,-0.997564050259824,0.));
#12325=DIRECTION('',(0.,0.,-1.));
#12326=DIRECTION('',(-0.0697564737441253,0.997564050259824,0.));
#12327=DIRECTION('',(-0.0697564737441253,0.997564050259824,0.));
#12328=DIRECTION('',(-0.0697564737441256,0.997564050259824,0.));
#12329=DIRECTION('',(-0.997564050259824,-0.0697564737441256,0.));
#12330=DIRECTION('',(0.,0.,-1.));
#12331=DIRECTION('',(0.997564050259824,0.0697564737441256,0.));
#12332=DIRECTION('',(0.997564050259824,0.0697564737441256,0.));
#12333=DIRECTION('',(-0.998629534754574,-0.0523359562429437,0.));
#12334=DIRECTION('',(0.0523359562429437,-0.998629534754574,0.));
#12335=DIRECTION('',(0.,0.,-1.));
#12336=DIRECTION('',(-0.0523359562429437,0.998629534754574,0.));
#12337=DIRECTION('',(-0.0523359562429437,0.998629534754574,0.));
#12338=DIRECTION('',(-0.0523359562429441,0.998629534754574,0.));
#12339=DIRECTION('',(-0.998629534754574,-0.0523359562429441,0.));
#12340=DIRECTION('',(0.,0.,-1.));
#12341=DIRECTION('',(0.998629534754574,0.0523359562429441,0.));
#12342=DIRECTION('',(0.998629534754574,0.0523359562429441,0.));
#12343=DIRECTION('',(-0.999390827019096,-0.0348994967025011,0.));
#12344=DIRECTION('',(0.0348994967025011,-0.999390827019096,0.));
#12345=DIRECTION('',(0.,0.,-1.));
#12346=DIRECTION('',(-0.0348994967025011,0.999390827019096,0.));
#12347=DIRECTION('',(-0.0348994967025011,0.999390827019096,0.));
#12348=DIRECTION('',(-0.034899496702501,0.999390827019096,0.));
#12349=DIRECTION('',(-0.999390827019096,-0.034899496702501,0.));
#12350=DIRECTION('',(0.,0.,-1.));
#12351=DIRECTION('',(0.999390827019096,0.034899496702501,0.));
#12352=DIRECTION('',(0.999390827019096,0.034899496702501,0.));
#12353=DIRECTION('',(-0.999390827019101,-0.0348994967023339,0.));
#12354=DIRECTION('',(0.034899496702334,-0.999390827019102,0.));
#12355=DIRECTION('',(0.,0.,-1.));
#12356=DIRECTION('',(-0.034899496702334,0.999390827019102,0.));
#12357=DIRECTION('',(-0.0348994967023339,0.999390827019102,0.));
#12358=DIRECTION('',(-0.0174524064372835,0.999847695156391,0.));
#12359=DIRECTION('',(-0.999847695156391,-0.0174524064372835,0.));
#12360=DIRECTION('',(0.,0.,-1.));
#12361=DIRECTION('',(0.999847695156391,0.0174524064372835,0.));
#12362=DIRECTION('',(0.999847695156391,0.0174524064372835,0.));
#12363=DIRECTION('',(0.999847695156391,0.0174524064372832,0.));
#12364=DIRECTION('',(-0.0174524064372832,0.999847695156391,0.));
#12365=DIRECTION('',(0.,0.,-1.));
#12366=DIRECTION('',(0.0174524064372832,-0.999847695156391,0.));
#12367=DIRECTION('',(0.0174524064372832,-0.999847695156391,0.));
#12368=DIRECTION('',(0.,1.,0.));
#12369=DIRECTION('',(0.,0.,1.));
#12370=DIRECTION('',(0.,0.,-1.));
#12371=DIRECTION('',(1.,0.,0.));
#12372=DIRECTION('',(1.,0.,0.));
#12373=DIRECTION('',(1.,0.,0.));
#12374=DIRECTION('',(0.,0.,-1.));
#12375=DIRECTION('',(0.,0.,-1.));
#12376=DIRECTION('',(0.,-1.,0.));
#12377=DIRECTION('',(0.,-1.,0.));
#12378=DIRECTION('',(0.,1.,0.));
#12379=DIRECTION('',(0.,0.,1.));
#12380=DIRECTION('',(0.,0.,-1.));
#12381=DIRECTION('',(1.,0.,0.));
#12382=DIRECTION('',(1.,0.,0.));
#12383=DIRECTION('',(1.,0.,0.));
#12384=DIRECTION('',(0.,0.,-1.));
#12385=DIRECTION('',(0.,0.,-1.));
#12386=DIRECTION('',(0.,-1.,0.));
#12387=DIRECTION('',(0.,-1.,0.));
#12388=DIRECTION('',(0.,1.,0.));
#12389=DIRECTION('',(0.,0.,1.));
#12390=DIRECTION('',(0.,0.,-1.));
#12391=DIRECTION('',(1.,0.,0.));
#12392=DIRECTION('',(1.,0.,0.));
#12393=DIRECTION('',(1.,0.,0.));
#12394=DIRECTION('',(0.,0.,-1.));
#12395=DIRECTION('',(0.,0.,-1.));
#12396=DIRECTION('',(0.,-1.,0.));
#12397=DIRECTION('',(0.,-1.,0.));
#12398=DIRECTION('',(0.,1.,0.));
#12399=DIRECTION('',(0.,0.,1.));
#12400=DIRECTION('',(0.,0.,-1.));
#12401=DIRECTION('',(1.,0.,0.));
#12402=DIRECTION('',(1.,0.,0.));
#12403=DIRECTION('',(1.,0.,0.));
#12404=DIRECTION('',(0.,0.,-1.));
#12405=DIRECTION('',(0.,0.,-1.));
#12406=DIRECTION('',(0.,-1.,0.));
#12407=DIRECTION('',(0.,-1.,0.));
#12408=DIRECTION('',(0.,1.,0.));
#12409=DIRECTION('',(0.,0.,1.));
#12410=DIRECTION('',(0.,0.,-1.));
#12411=DIRECTION('',(1.,0.,0.));
#12412=DIRECTION('',(1.,0.,0.));
#12413=DIRECTION('',(1.30455305522723E-16,-1.,0.));
#12414=DIRECTION('',(1.,1.30455305522723E-16,0.));
#12415=DIRECTION('',(-1.,-1.30455305522723E-16,0.));
#12416=DIRECTION('',(-0.707110618853374,-9.22463318208785E-17,-0.707102943498893));
#12417=DIRECTION('',(-1.,-1.30455305522723E-16,0.));
#12418=DIRECTION('',(0.,0.,-1.));
#12419=DIRECTION('',(-1.,0.,0.));
#12420=DIRECTION('',(0.,0.,1.));
#12421=DIRECTION('',(0.,1.,0.));
#12422=DIRECTION('',(0.,0.,-1.));
#12423=DIRECTION('',(0.,1.,0.));
#12424=DIRECTION('',(-2.60092086742308E-16,1.,0.));
#12425=DIRECTION('',(-1.,-2.60092086742308E-16,0.));
#12426=DIRECTION('',(0.707110618853376,1.8391387641522E-16,0.70710294349889));
#12427=DIRECTION('',(1.,2.60092086742308E-16,0.));
#12428=DIRECTION('',(1.,2.60092086742308E-16,0.));
#12429=DIRECTION('',(1.,0.,0.));
#12430=DIRECTION('',(0.,0.,-1.));
#12431=DIRECTION('',(0.,-1.,0.));
#12432=DIRECTION('',(0.,-1.,0.));
#12433=DIRECTION('',(-0.139173100960066,0.99026806874157,0.));
#12434=DIRECTION('',(-0.99026806874157,-0.139173100960066,0.));
#12435=DIRECTION('',(0.99026806874157,0.139173100960066,0.));
#12436=DIRECTION('',(0.99026806874157,0.139173100960066,0.));
#12437=DIRECTION('',(0.,0.,1.));
#12438=DIRECTION('',(1.,0.,0.));
#12439=DIRECTION('',(0.99026806874157,0.139173100960065,0.));
#12440=DIRECTION('',(0.139173100960065,-0.99026806874157,0.));
#12441=DIRECTION('',(0.99026806874157,0.139173100960066,0.));
#12442=DIRECTION('',(0.104528463267653,-0.994521895368274,0.));
#12443=DIRECTION('',(0.994521895368273,0.104528463267653,0.));
#12444=DIRECTION('',(-0.0523359562429443,0.998629534754574,0.));
#12445=DIRECTION('',(0.998629534754574,0.0523359562429439,0.));
#12446=DIRECTION('',(0.0523359562429439,-0.998629534754574,0.));
#12447=DIRECTION('',(0.998629534754574,0.0523359562429438,0.));
#12448=DIRECTION('',(-0.104528463267655,0.994521895368273,0.));
#12449=DIRECTION('',(0.994521895368273,0.104528463267653,0.));
#12450=DIRECTION('',(-0.139173100960067,0.99026806874157,0.));
#12451=DIRECTION('',(0.,0.,1.));
#12452=DIRECTION('',(1.,0.,0.));
#12453=DIRECTION('',(-0.00465928590864502,-0.9999891454685,0.));
#12454=DIRECTION('',(-0.00465928590864502,-0.9999891454685,0.));
#12455=DIRECTION('',(0.,0.,1.));
#12456=DIRECTION('',(1.,0.,0.));
#12457=DIRECTION('',(0.283270374822516,-0.959040090271471,0.));
#12458=DIRECTION('',(0.,0.,1.));
#12459=DIRECTION('',(1.,0.,0.));
#12460=DIRECTION('',(0.377566219167877,-0.925982586306716,0.));
#12461=DIRECTION('',(0.,0.,1.));
#12462=DIRECTION('',(1.,0.,0.));
#12463=DIRECTION('',(0.990830423682699,0.135111330038468,0.));
#12464=DIRECTION('',(0.,0.,1.));
#12465=DIRECTION('',(1.,0.,0.));
#12466=DIRECTION('',(0.81293645290436,0.582352404939893,0.));
#12467=DIRECTION('',(0.,0.,1.));
#12468=DIRECTION('',(1.,0.,0.));
#12469=DIRECTION('',(0.999978796274762,-0.00651206579195331,0.));
#12470=DIRECTION('',(0.,0.,1.));
#12471=DIRECTION('',(1.,0.,0.));
#12472=DIRECTION('',(0.,1.,0.));
#12473=DIRECTION('',(0.,0.,1.));
#12474=DIRECTION('',(1.,0.,0.));
#12475=DIRECTION('',(-0.580431300700617,0.814309219625438,0.));
#12476=DIRECTION('',(0.,0.,1.));
#12477=DIRECTION('',(1.,0.,0.));
#12478=DIRECTION('',(0.,1.,0.));
#12479=DIRECTION('',(0.,0.,1.));
#12480=DIRECTION('',(1.,0.,0.));
#12481=DIRECTION('',(-0.571357346844509,0.820701396493758,0.));
#12482=DIRECTION('',(0.,0.,1.));
#12483=DIRECTION('',(1.,0.,0.));
#12484=DIRECTION('',(-0.0132377433679022,0.999912377236388,0.));
#12485=DIRECTION('',(0.,0.,1.));
#12486=DIRECTION('',(1.,0.,0.));
#12487=DIRECTION('',(-1.,0.,0.));
#12488=DIRECTION('',(0.,0.,1.));
#12489=DIRECTION('',(1.,0.,0.));
#12490=DIRECTION('',(-0.9317568128095,0.36308296818094,0.));
#12491=DIRECTION('',(0.,0.,1.));
#12492=DIRECTION('',(1.,0.,0.));
#12493=DIRECTION('',(-0.999763788949756,-0.0217339896205972,0.));
#12494=DIRECTION('',(0.,0.,1.));
#12495=DIRECTION('',(1.,0.,0.));
#12496=DIRECTION('',(-0.770246757286025,-0.637745978341192,0.));
#12497=DIRECTION('',(0.,0.,1.));
#12498=DIRECTION('',(1.,0.,0.));
#12499=DIRECTION('',(-0.999671430822136,-0.0256326041990335,0.));
#12500=DIRECTION('',(0.0174524064372838,-0.999847695156391,0.));
#12501=DIRECTION('',(0.999390827019096,0.0348994967025013,0.));
#12502=DIRECTION('',(0.998629534754574,0.0523359562429442,0.));
#12503=DIRECTION('',(0.0697564737441242,-0.997564050259824,0.));
#12504=DIRECTION('',(0.997564050259824,0.0697564737441257,0.));
#12505=DIRECTION('',(-0.0697564737441253,0.997564050259824,0.));
#12506=DIRECTION('',(0.997564050259824,0.0697564737441251,0.));
#12507=DIRECTION('',(-0.069756473744125,0.997564050259824,0.));
#12508=DIRECTION('',(0.997564050259824,0.0697564737441267,0.));
#12509=DIRECTION('',(-0.0697564737441253,0.997564050259824,0.));
#12510=DIRECTION('',(0.997564050259824,0.0697564737441254,0.));
#12511=DIRECTION('',(-0.0697564737441253,0.997564050259824,0.));
#12512=DIRECTION('',(0.997564050259824,0.0697564737441256,0.));
#12513=DIRECTION('',(-0.0523359562429437,0.998629534754574,0.));
#12514=DIRECTION('',(0.998629534754574,0.0523359562429441,0.));
#12515=DIRECTION('',(-0.0348994967025011,0.999390827019096,0.));
#12516=DIRECTION('',(0.999390827019096,0.034899496702501,0.));
#12517=DIRECTION('',(-0.034899496702334,0.999390827019102,0.));
#12518=DIRECTION('',(0.999847695156391,0.0174524064372835,0.));
#12519=DIRECTION('',(0.0174524064372832,-0.999847695156391,0.));
#12520=DIRECTION('',(1.,0.,0.));
#12521=DIRECTION('',(0.,-1.,0.));
#12522=DIRECTION('',(1.,0.,0.));
#12523=DIRECTION('',(0.,-1.,0.));
#12524=DIRECTION('',(1.,0.,0.));
#12525=DIRECTION('',(0.,-1.,0.));
#12526=DIRECTION('',(1.,0.,0.));
#12527=DIRECTION('',(0.,-1.,0.));
#12528=DIRECTION('',(1.,0.,0.));
#12529=DIRECTION('',(0.,-1.,0.));
#12530=DIRECTION('',(0.999847695156391,0.0174524064372835,0.));
#12531=DIRECTION('',(0.,0.,1.));
#12532=DIRECTION('',(1.,0.,0.));
#12533=DIRECTION('',(-0.9999891454685,0.00465928590864502,0.));
#12534=DIRECTION('',(0.,0.,-1.));
#12535=DIRECTION('',(-1.,0.,0.));
#12536=DIRECTION('',(0.,0.,-1.));
#12537=DIRECTION('',(-1.,0.,0.));
#12538=DIRECTION('',(0.,0.,-1.));
#12539=DIRECTION('',(-1.,0.,0.));
#12540=DIRECTION('',(0.,0.,-1.));
#12541=DIRECTION('',(-1.,0.,0.));
#12542=DIRECTION('',(0.,0.,-1.));
#12543=DIRECTION('',(-1.,0.,0.));
#12544=DIRECTION('',(0.,0.,-1.));
#12545=DIRECTION('',(-1.,0.,0.));
#12546=DIRECTION('',(0.,0.,-1.));
#12547=DIRECTION('',(-1.,0.,0.));
#12548=DIRECTION('',(0.998629534754574,0.0523359562429442,0.));
#12549=DIRECTION('',(-0.0523359562429442,0.998629534754574,0.));
#12550=DIRECTION('',(0.662620048215738,0.748955720789002,0.));
#12551=DIRECTION('',(-0.748955720789002,0.662620048215738,0.));
#12552=DIRECTION('',(-0.0697564737441242,0.997564050259824,0.));
#12553=DIRECTION('',(-0.997564050259824,-0.0697564737441242,0.));
#12554=DIRECTION('',(0.656059028990508,0.754709580222772,0.));
#12555=DIRECTION('',(-0.754709580222772,0.656059028990508,0.));
#12556=DIRECTION('',(0.997564050259824,0.0697564737441257,0.));
#12557=DIRECTION('',(-0.0697564737441257,0.997564050259824,0.));
#12558=DIRECTION('',(0.754709580222772,-0.656059028990507,0.));
#12559=DIRECTION('',(-0.656059028990507,-0.754709580222772,0.));
#12560=DIRECTION('',(0.0697564737441253,-0.997564050259824,0.));
#12561=DIRECTION('',(0.997564050259824,0.0697564737441253,0.));
#12562=DIRECTION('',(-0.656059028990507,-0.754709580222772,0.));
#12563=DIRECTION('',(-0.754709580222772,0.656059028990507,0.));
#12564=DIRECTION('',(-0.997564050259824,-0.0697564737441251,0.));
#12565=DIRECTION('',(0.0697564737441251,-0.997564050259824,0.));
#12566=DIRECTION('',(-0.656059028990508,-0.754709580222772,0.));
#12567=DIRECTION('',(-0.754709580222772,0.656059028990507,0.));
#12568=DIRECTION('',(0.069756473744125,-0.997564050259824,0.));
#12569=DIRECTION('',(0.997564050259824,0.069756473744125,0.));
#12570=DIRECTION('',(-0.656059028990507,-0.754709580222772,0.));
#12571=DIRECTION('',(-0.754709580222773,0.656059028990507,0.));
#12572=DIRECTION('',(-0.997564050259824,-0.0697564737441267,0.));
#12573=DIRECTION('',(0.0697564737441267,-0.997564050259824,0.));
#12574=DIRECTION('',(-0.656059028990507,-0.754709580222772,0.));
#12575=DIRECTION('',(-0.754709580222773,0.656059028990507,0.));
#12576=DIRECTION('',(0.0697564737441253,-0.997564050259824,0.));
#12577=DIRECTION('',(0.997564050259824,0.0697564737441253,0.));
#12578=DIRECTION('',(-0.656059028990507,-0.754709580222772,0.));
#12579=DIRECTION('',(-0.754709580222772,0.656059028990507,0.));
#12580=DIRECTION('',(-0.997564050259824,-0.0697564737441254,0.));
#12581=DIRECTION('',(0.0697564737441254,-0.997564050259824,0.));
#12582=DIRECTION('',(-0.656059028990507,-0.754709580222772,0.));
#12583=DIRECTION('',(-0.754709580222772,0.656059028990507,0.));
#12584=DIRECTION('',(0.0697564737441253,-0.997564050259824,0.));
#12585=DIRECTION('',(0.997564050259824,0.0697564737441253,0.));
#12586=DIRECTION('',(-0.656059028990507,-0.754709580222772,0.));
#12587=DIRECTION('',(-0.754709580222772,0.656059028990507,0.));
#12588=DIRECTION('',(-0.997564050259824,-0.0697564737441256,0.));
#12589=DIRECTION('',(0.0697564737441256,-0.997564050259824,0.));
#12590=DIRECTION('',(-0.662620048215737,-0.748955720789002,0.));
#12591=DIRECTION('',(-0.748955720789002,0.662620048215737,0.));
#12592=DIRECTION('',(0.0523359562429437,-0.998629534754574,0.));
#12593=DIRECTION('',(0.998629534754574,0.0523359562429437,0.));
#12594=DIRECTION('',(-0.669130606358858,-0.743144825477394,0.));
#12595=DIRECTION('',(-0.743144825477394,0.669130606358858,0.));
#12596=DIRECTION('',(-0.998629534754574,-0.0523359562429441,0.));
#12597=DIRECTION('',(0.0523359562429441,-0.998629534754574,0.));
#12598=DIRECTION('',(-0.67559020761566,-0.737277336810124,0.));
#12599=DIRECTION('',(-0.737277336810124,0.67559020761566,0.));
#12600=DIRECTION('',(0.0348994967025011,-0.999390827019096,0.));
#12601=DIRECTION('',(0.999390827019096,0.0348994967025011,0.));
#12602=DIRECTION('',(-0.681998360062498,-0.731353701619171,0.));
#12603=DIRECTION('',(-0.731353701619171,0.681998360062498,0.));
#12604=DIRECTION('',(-0.999390827019096,-0.034899496702501,0.));
#12605=DIRECTION('',(0.034899496702501,-0.999390827019096,0.));
#12606=DIRECTION('',(-0.731353701619114,0.68199836006256,0.));
#12607=DIRECTION('',(0.68199836006256,0.731353701619113,0.));
#12608=DIRECTION('',(-0.034899496702334,0.999390827019102,0.));
#12609=DIRECTION('',(-0.999390827019102,-0.034899496702334,0.));
#12610=DIRECTION('',(-0.72537437101223,0.688354575693815,0.));
#12611=DIRECTION('',(0.688354575693815,0.72537437101223,0.));
#12612=DIRECTION('',(-0.999847695156391,-0.0174524064372835,0.));
#12613=DIRECTION('',(0.0174524064372835,-0.999847695156391,0.));
#12614=DIRECTION('',(-0.719339800338651,0.694658370458998,0.));
#12615=DIRECTION('',(0.694658370458997,0.719339800338651,0.));
#12616=DIRECTION('',(-0.0174524064372832,0.999847695156391,0.));
#12617=DIRECTION('',(-0.999847695156391,-0.0174524064372832,0.));
#12618=DIRECTION('',(-0.713250449154181,0.700909264299851,0.));
#12619=DIRECTION('',(0.700909264299851,0.713250449154182,0.));
#12620=DIRECTION('',(-1.,0.,0.));
#12621=DIRECTION('',(0.,0.,1.));
#12622=DIRECTION('',(-0.707106781186548,0.707106781186548,0.));
#12623=DIRECTION('',(0.707106781186548,0.707106781186548,0.));
#12624=DIRECTION('',(0.,1.,0.));
#12625=DIRECTION('',(0.,0.,1.));
#12626=DIRECTION('',(-0.707106781186548,0.707106781186548,0.));
#12627=DIRECTION('',(0.707106781186548,0.707106781186548,0.));
#12628=DIRECTION('',(-1.,0.,0.));
#12629=DIRECTION('',(0.,0.,1.));
#12630=DIRECTION('',(-0.707106781186548,0.707106781186548,0.));
#12631=DIRECTION('',(0.707106781186548,0.707106781186548,0.));
#12632=DIRECTION('',(0.,1.,0.));
#12633=DIRECTION('',(0.,0.,1.));
#12634=DIRECTION('',(-0.707106781186548,0.707106781186548,0.));
#12635=DIRECTION('',(0.707106781186548,0.707106781186548,0.));
#12636=DIRECTION('',(-1.,0.,0.));
#12637=DIRECTION('',(0.,0.,1.));
#12638=DIRECTION('',(-0.707106781186548,0.707106781186548,0.));
#12639=DIRECTION('',(0.707106781186548,0.707106781186548,0.));
#12640=DIRECTION('',(0.,1.,0.));
#12641=DIRECTION('',(0.,0.,1.));
#12642=DIRECTION('',(-0.707106781186548,0.707106781186548,0.));
#12643=DIRECTION('',(0.707106781186548,0.707106781186548,0.));
#12644=DIRECTION('',(-1.,0.,0.));
#12645=DIRECTION('',(0.,0.,1.));
#12646=DIRECTION('',(-0.707106781186548,0.707106781186548,0.));
#12647=DIRECTION('',(0.707106781186548,0.707106781186548,0.));
#12648=DIRECTION('',(0.,1.,0.));
#12649=DIRECTION('',(0.,0.,1.));
#12650=DIRECTION('',(0.707106781186548,0.707106781186548,0.));
#12651=DIRECTION('',(0.707106781186548,-0.707106781186548,0.));
#12652=DIRECTION('',(1.,0.,0.));
#12653=DIRECTION('',(0.,0.,-1.));
#12654=DIRECTION('',(0.707106781186548,-0.707106781186548,0.));
#12655=DIRECTION('',(-0.707106781186548,-0.707106781186548,0.));
#12656=DIRECTION('',(0.,-1.,0.));
#12657=DIRECTION('',(0.,0.,-1.));
#12658=DIRECTION('',(0.713250449154182,-0.700909264299851,0.));
#12659=DIRECTION('',(-0.700909264299851,-0.713250449154182,0.));
#12660=DIRECTION('',(0.999847695156391,0.0174524064372835,0.));
#12661=DIRECTION('',(-0.0174524064372835,0.999847695156391,0.));
#12662=DIRECTION('',(0.719339800338651,-0.694658370458997,0.));
#12663=DIRECTION('',(-0.694658370458997,-0.719339800338651,0.));
#12664=DIRECTION('',(0.0174524064372838,-0.999847695156391,0.));
#12665=DIRECTION('',(0.999847695156391,0.0174524064372838,0.));
#12666=DIRECTION('',(0.725374371012288,-0.688354575693754,0.));
#12667=DIRECTION('',(-0.688354575693754,-0.725374371012288,0.));
#12668=DIRECTION('',(0.999390827019096,0.0348994967025013,0.));
#12669=DIRECTION('',(-0.0348994967025013,0.999390827019096,0.));
#12670=DIRECTION('',(-0.0523359562429439,0.998629534754574,0.));
#12671=DIRECTION('',(-0.998629534754574,-0.0523359562429439,0.));
#12672=DIRECTION('',(0.669130606358858,0.743144825477394,0.));
#12673=DIRECTION('',(0.743144825477394,-0.669130606358858,0.));
#12674=DIRECTION('',(-0.743144825477394,0.669130606358858,0.));
#12675=DIRECTION('',(0.669130606358858,0.743144825477394,0.));
#12676=DIRECTION('',(-0.998629534754574,-0.0523359562429439,0.));
#12677=DIRECTION('',(0.0523359562429439,-0.998629534754574,0.));
#12678=DIRECTION('',(-0.669130606358858,-0.743144825477395,0.));
#12679=DIRECTION('',(-0.743144825477394,0.669130606358858,0.));
#12680=DIRECTION('',(0.998629534754574,0.0523359562429438,0.));
#12681=DIRECTION('',(-0.0523359562429438,0.998629534754574,0.));
#12682=DIRECTION('',(0.649448048330183,0.760405965600031,0.));
#12683=DIRECTION('',(0.760405965600031,-0.649448048330183,0.));
#12684=DIRECTION('',(0.0523359562429443,-0.998629534754574,0.));
#12685=DIRECTION('',(0.998629534754574,0.0523359562429443,0.));
#12686=DIRECTION('',(-0.649448048330183,-0.760405965600031,0.));
#12687=DIRECTION('',(-0.760405965600031,0.649448048330184,0.));
#12688=DIRECTION('',(-0.104528463267655,0.994521895368273,0.));
#12689=DIRECTION('',(-0.994521895368273,-0.104528463267655,0.));
#12690=DIRECTION('',(0.629320391049837,0.777145961456971,0.));
#12691=DIRECTION('',(0.777145961456971,-0.629320391049837,0.));
#12692=DIRECTION('',(-0.994521895368273,-0.104528463267653,0.));
#12693=DIRECTION('',(0.104528463267653,-0.994521895368273,0.));
#12694=DIRECTION('',(-0.629320391049838,-0.777145961456971,0.));
#12695=DIRECTION('',(-0.777145961456971,0.629320391049838,0.));
#12696=DIRECTION('',(0.994521895368273,0.104528463267653,0.));
#12697=DIRECTION('',(-0.104528463267653,0.994521895368273,0.));
#12698=DIRECTION('',(0.615661475325658,0.788010753606723,0.));
#12699=DIRECTION('',(0.788010753606723,-0.615661475325658,0.));
#12700=DIRECTION('',(0.104528463267653,-0.994521895368274,0.));
#12701=DIRECTION('',(0.994521895368274,0.104528463267653,0.));
#12702=DIRECTION('',(-0.615661475325659,-0.788010753606722,0.));
#12703=DIRECTION('',(-0.788010753606722,0.615661475325658,0.));
#12704=DIRECTION('',(-0.139173100960067,0.99026806874157,0.));
#12705=DIRECTION('',(-0.99026806874157,-0.139173100960067,0.));
#12706=DIRECTION('',(0.601815023152048,0.798635510047293,0.));
#12707=DIRECTION('',(0.798635510047293,-0.601815023152048,0.));
#12708=DIRECTION('',(-0.99026806874157,-0.139173100960066,0.));
#12709=DIRECTION('',(0.139173100960066,-0.99026806874157,0.));
#12710=DIRECTION('',(-0.601815023152048,-0.798635510047293,0.));
#12711=DIRECTION('',(0.798635510047293,-0.601815023152048,0.));
#12712=DIRECTION('',(0.99026806874157,0.139173100960065,0.));
#12713=DIRECTION('',(-0.139173100960065,0.99026806874157,0.));
#12714=DIRECTION('',(0.798635510047293,-0.601815023152048,0.));
#12715=DIRECTION('',(-0.601815023152048,-0.798635510047293,0.));
#12716=DIRECTION('',(0.139173100960065,-0.99026806874157,0.));
#12717=DIRECTION('',(0.99026806874157,0.139173100960065,0.));
#12718=DIRECTION('',(0.,0.,-1.));
#12719=DIRECTION('',(-1.,0.,0.));
#12720=DIRECTION('',(0.,0.,-1.));
#12721=DIRECTION('',(-1.,0.,0.));
#12722=DIRECTION('',(0.,0.,-1.));
#12723=DIRECTION('',(1.,0.,0.));
#12724=DIRECTION('',(0.,0.,-1.));
#12725=DIRECTION('',(-1.,0.,0.));
#12726=DIRECTION('',(0.,0.,-1.));
#12727=DIRECTION('',(-1.,0.,0.));
#12728=DIRECTION('',(0.,0.,-1.));
#12729=DIRECTION('',(1.,0.,0.));
#12730=DIRECTION('',(0.,0.,-1.));
#12731=DIRECTION('',(-1.,0.,0.));
#12732=DIRECTION('',(0.,0.,-1.));
#12733=DIRECTION('',(-1.,0.,0.));
#12734=DIRECTION('',(0.,0.,-1.));
#12735=DIRECTION('',(1.,0.,0.));
#12736=DIRECTION('',(0.,0.,-1.));
#12737=DIRECTION('',(-1.,0.,0.));
#12738=DIRECTION('',(0.,0.,-1.));
#12739=DIRECTION('',(-1.,0.,0.));
#12740=DIRECTION('',(0.,0.,-1.));
#12741=DIRECTION('',(1.,0.,0.));
#12742=DIRECTION('',(0.,0.,-1.));
#12743=DIRECTION('',(-1.,0.,0.));
#12744=DIRECTION('',(0.,0.,-1.));
#12745=DIRECTION('',(-1.,0.,0.));
#12746=DIRECTION('',(0.,0.,-1.));
#12747=DIRECTION('',(1.,0.,0.));
#12748=DIRECTION('',(0.,0.,-1.));
#12749=DIRECTION('',(-1.,0.,0.));
#12750=DIRECTION('',(0.,0.,-1.));
#12751=DIRECTION('',(-1.,0.,0.));
#12752=DIRECTION('',(0.,0.,-1.));
#12753=DIRECTION('',(1.,0.,0.));
#12754=DIRECTION('',(0.,0.,-1.));
#12755=DIRECTION('',(-1.,0.,0.));
#12756=DIRECTION('',(0.,0.,-1.));
#12757=DIRECTION('',(-1.,0.,0.));
#12758=DIRECTION('',(0.,0.,-1.));
#12759=DIRECTION('',(1.,0.,0.));
#12760=DIRECTION('',(-0.707099105873718,0.00329461266148982,0.707106781186548));
#12761=DIRECTION('',(0.00465928590864502,0.9999891454685,0.));
#12762=DIRECTION('',(-0.707099105873717,0.00329461266149811,-0.707106781186548));
#12763=DIRECTION('',(0.,0.,-1.));
#12764=DIRECTION('',(-1.,0.,0.));
#12765=DIRECTION('',(-0.678143751260717,-0.200302402946256,-0.707106781186547));
#12766=DIRECTION('',(-0.678143751260715,-0.200302402946256,0.707106781186549));
#12767=DIRECTION('',(-0.283270374822516,0.959040090271471,0.));
#12768=DIRECTION('',(-0.678143751260716,-0.200302402946256,-0.707106781186547));
#12769=DIRECTION('',(0.,0.,-1.));
#12770=DIRECTION('',(-1.,0.,0.));
#12771=DIRECTION('',(-0.654768566038136,-0.266979633920574,-0.707106781186547));
#12772=DIRECTION('',(-0.654768566038137,-0.266979633920573,0.707106781186547));
#12773=DIRECTION('',(-0.377566219167877,0.925982586306716,0.));
#12774=DIRECTION('',(-0.654768566038133,-0.26697963392058,-0.707106781186548));
#12775=DIRECTION('',(0.,0.,-1.));
#12776=DIRECTION('',(-1.,0.,0.));
#12777=DIRECTION('',(0.0955381376853351,-0.700622911591976,-0.707106781186548));
#12778=DIRECTION('',(0.0955381376853344,-0.700622911591977,0.707106781186547));
#12779=DIRECTION('',(-0.990830423682699,-0.135111330038468,0.));
#12780=DIRECTION('',(0.0955381376853363,-0.700622911591976,-0.707106781186548));
#12781=DIRECTION('',(0.,0.,-1.));
#12782=DIRECTION('',(-1.,0.,0.));
#12783=DIRECTION('',(0.411785334573292,-0.574832878522412,-0.707106781186548));
#12784=DIRECTION('',(-0.411785334573293,0.574832878522412,-0.707106781186547));
#12785=DIRECTION('',(-0.81293645290436,-0.582352404939893,0.));
#12786=DIRECTION('',(0.411785334573287,-0.574832878522415,-0.707106781186548));
#12787=DIRECTION('',(0.,0.,1.));
#12788=DIRECTION('',(1.,0.,0.));
#12789=DIRECTION('',(-0.00460472588102216,-0.707091787888645,-0.707106781186548));
#12790=DIRECTION('',(-0.00460472588102314,-0.707091787888647,0.707106781186546));
#12791=DIRECTION('',(-0.999978796274762,0.00651206579195331,0.));
#12792=DIRECTION('',(-0.00460472588102462,-0.707091787888643,-0.707106781186549));
#12793=DIRECTION('',(0.,0.,-1.));
#12794=DIRECTION('',(-1.,0.,0.));
#12795=DIRECTION('',(0.707106781186546,0.,-0.70710678118655));
#12796=DIRECTION('',(-0.707106781186547,0.,-0.707106781186548));
#12797=DIRECTION('',(0.,-1.,0.));
#12798=DIRECTION('',(0.707106781186548,0.,-0.707106781186547));
#12799=DIRECTION('',(0.,0.,-1.));
#12800=DIRECTION('',(-1.,0.,0.));
#12801=DIRECTION('',(0.575803571179872,0.410426908738334,-0.707106781186549));
#12802=DIRECTION('',(-0.575803571179872,-0.410426908738333,-0.707106781186548));
#12803=DIRECTION('',(0.580431300700617,-0.814309219625438,0.));
#12804=DIRECTION('',(0.575803571179874,0.410426908738336,-0.707106781186546));
#12805=DIRECTION('',(0.,0.,1.));
#12806=DIRECTION('',(1.,0.,0.));
#12807=DIRECTION('',(0.707106781186548,0.,-0.707106781186547));
#12808=DIRECTION('',(-0.707106781186547,0.,-0.707106781186548));
#12809=DIRECTION('',(0.,-1.,0.));
#12810=DIRECTION('',(0.707106781186548,0.,-0.707106781186547));
#12811=DIRECTION('',(0.,0.,-1.));
#12812=DIRECTION('',(-1.,0.,0.));
#12813=DIRECTION('',(0.580323522790004,0.404010654434507,-0.707106781186549));
#12814=DIRECTION('',(-0.580323522790006,-0.404010654434507,-0.707106781186547));
#12815=DIRECTION('',(0.571357346844509,-0.820701396493758,0.));
#12816=DIRECTION('',(0.580323522790009,0.404010654434499,-0.707106781186549));
#12817=DIRECTION('',(0.,0.,1.));
#12818=DIRECTION('',(1.,0.,0.));
#12819=DIRECTION('',(0.707044822536211,0.00936049810305144,-0.707106781186548));
#12820=DIRECTION('',(-0.707044822536214,-0.00936049810305095,-0.707106781186545));
#12821=DIRECTION('',(0.0132377433679022,-0.999912377236389,0.));
#12822=DIRECTION('',(0.707044822536208,0.00936049810305025,-0.707106781186551));
#12823=DIRECTION('',(0.,0.,-1.));
#12824=DIRECTION('',(-1.,0.,0.));
#12825=DIRECTION('',(0.,0.707106781186547,-0.707106781186549));
#12826=DIRECTION('',(0.,-0.707106781186549,-0.707106781186547));
#12827=DIRECTION('',(1.,0.,0.));
#12828=DIRECTION('',(0.,0.707106781186547,-0.707106781186549));
#12829=DIRECTION('',(0.,0.,1.));
#12830=DIRECTION('',(1.,0.,0.));
#12831=DIRECTION('',(0.256738428934081,0.658851560754362,-0.707106781186548));
#12832=DIRECTION('',(-0.256738428934082,-0.658851560754363,-0.707106781186547));
#12833=DIRECTION('',(0.9317568128095,-0.36308296818094,0.));
#12834=DIRECTION('',(0.256738428934086,0.658851560754361,-0.707106781186547));
#12835=DIRECTION('',(0.,0.,-1.));
#12836=DIRECTION('',(-1.,0.,0.));
#12837=DIRECTION('',(-0.015368251442962,0.706939754751128,-0.707106781186549));
#12838=DIRECTION('',(0.0153682514429624,-0.706939754751131,-0.707106781186545));
#12839=DIRECTION('',(0.999763788949756,0.0217339896205972,0.));
#12840=DIRECTION('',(-0.0153682514429474,0.706939754751126,-0.707106781186551));
#12841=DIRECTION('',(0.,0.,-1.));
#12842=DIRECTION('',(-1.,0.,0.));
#12843=DIRECTION('',(-0.450954505959508,0.544646705263892,-0.707106781186551));
#12844=DIRECTION('',(0.450954505959508,-0.5446467052639,-0.707106781186544));
#12845=DIRECTION('',(0.770246757286025,0.637745978341192,0.));
#12846=DIRECTION('',(-0.450954505959505,0.544646705263894,-0.707106781186551));
#12847=DIRECTION('',(0.,0.,1.));
#12848=DIRECTION('',(1.,0.,0.));
#12849=DIRECTION('',(-0.0181249882486065,0.70687444769279,-0.707106781186549));
#12850=DIRECTION('',(0.0181249882486075,-0.706874447692794,-0.707106781186544));
#12851=DIRECTION('',(0.999671430822135,0.0256326041990335,0.));
#12852=DIRECTION('',(-0.018124988248609,0.706874447692788,-0.70710678118655));
#12853=DIRECTION('',(0.,0.,-1.));
#12854=DIRECTION('',(-1.,0.,0.));
#12855=DIRECTION('',(-0.707099105873717,0.00329461266148952,-0.707106781186549));
#12856=DIRECTION('',(-0.70709910587372,0.00329461266148983,0.707106781186545));
#12857=DIRECTION('',(0.00465928590864502,0.9999891454685,0.));
#12858=DIRECTION('',(-0.0256326041990335,0.999671430822135,0.));
#12859=DIRECTION('',(-0.999671430822136,-0.0256326041990335,0.));
#12860=DIRECTION('',(-0.0256326041990335,0.999671430822135,0.));
#12861=DIRECTION('',(-0.0256326041990335,0.999671430822135,0.));
#12862=DIRECTION('',(-0.0256326041990335,0.999671430822135,0.));
#12863=DIRECTION('',(-0.999671430822136,-0.0256326041990335,0.));
#12864=DIRECTION('',(-0.0256326041990335,0.999671430822135,0.));
#12865=DIRECTION('',(-0.0256326041990335,0.999671430822135,0.));
#12866=DIRECTION('',(0.,0.,-1.));
#12867=DIRECTION('',(-1.,0.,0.));
#12868=DIRECTION('',(0.999671430822135,0.0256326041990335,0.));
#12869=DIRECTION('',(-0.0256326041990335,0.999671430822136,0.));
#12870=DIRECTION('',(0.999671430822135,0.0256326041990335,0.));
#12871=DIRECTION('',(-0.0256326041990335,0.999671430822136,0.));
#12872=DIRECTION('',(-0.00465928590864502,-0.9999891454685,4.33676161591549E-16));
#12873=DIRECTION('',(0.9999891454685,-0.00465928590864502,0.));
#12874=DIRECTION('',(-0.00465928590864502,-0.9999891454685,0.));
#12875=DIRECTION('',(0.9999891454685,-0.00465928590864502,0.));
#12876=DIRECTION('',(0.,0.,-1.));
#12877=DIRECTION('',(-1.,0.,0.));
#12878=DIRECTION('',(0.,0.,-1.));
#12879=DIRECTION('',(-1.,0.,0.));
#12880=DIRECTION('',(0.,0.,-1.));
#12881=DIRECTION('',(-1.,0.,0.));
#12882=DIRECTION('',(0.,0.,-1.));
#12883=DIRECTION('',(-1.,0.,0.));
#12884=DIRECTION('',(0.,0.,-1.));
#12885=DIRECTION('',(-1.,0.,0.));
#12886=DIRECTION('',(0.,0.,-1.));
#12887=DIRECTION('',(-1.,0.,0.));
#12888=DIRECTION('',(0.,0.,-1.));
#12889=DIRECTION('',(-1.,0.,0.));
#12890=DIRECTION('',(0.,0.,-1.));
#12891=DIRECTION('',(-1.,0.,0.));
#12892=DIRECTION('',(0.,0.,-1.));
#12893=DIRECTION('',(-1.,0.,0.));
#12894=DIRECTION('',(0.,0.,-1.));
#12895=DIRECTION('',(-1.,0.,0.));
#12896=DIRECTION('',(0.,0.,-1.));
#12897=DIRECTION('',(-1.,0.,0.));
#12898=DIRECTION('',(0.,0.,-1.));
#12899=DIRECTION('',(-1.,0.,0.));
#12900=DIRECTION('',(0.,0.,-1.));
#12901=DIRECTION('',(1.,0.,0.));
#12902=DIRECTION('',(0.,0.,-1.));
#12903=DIRECTION('',(1.,0.,0.));
#12904=DIRECTION('',(0.,0.,-1.));
#12905=DIRECTION('',(1.,0.,0.));
#12906=DIRECTION('',(0.,0.,-1.));
#12907=DIRECTION('',(1.,0.,0.));
#12908=DIRECTION('',(0.,0.,-1.));
#12909=DIRECTION('',(1.,0.,0.));
#12910=DIRECTION('',(0.,0.,-1.));
#12911=DIRECTION('',(1.,0.,0.));
#12912=CARTESIAN_POINT('',(0.,0.,0.));
#12913=CARTESIAN_POINT('',(-0.0720295262204325,0.0545978570677481,0.00651));
#12914=CARTESIAN_POINT('',(-0.0720295262204325,0.0545978570677481,0.00501));
#12915=CARTESIAN_POINT('',(-0.0639328581354879,0.0548054639693294,0.00501));
#12916=CARTESIAN_POINT('',(-0.0592852761673114,0.0549246327535919,0.00501));
#12917=CARTESIAN_POINT('',(-0.0639328581354879,0.0548054639693294,0.00576));
#12918=CARTESIAN_POINT('',(-0.0639328581354879,0.0548054639693294,0.00651));
#12919=CARTESIAN_POINT('',(-0.0720295262204325,0.0545978570677481,0.00651));
#12920=CARTESIAN_POINT('',(-0.0592852761673114,0.0549246327535919,0.00651));
#12921=CARTESIAN_POINT('',(-0.0592852761673114,0.0549246327535919,0.00651));
#12922=CARTESIAN_POINT('',(1.9125924010932E-6,-4.214691779246E-5,0.00651));
#12923=CARTESIAN_POINT('',(0.063610722,0.03874375,0.00651));
#12924=CARTESIAN_POINT('',(0.063610722,0.03174375,0.00651));
#12925=CARTESIAN_POINT('',(0.063610722,0.04574375,0.00651));
#12926=CARTESIAN_POINT('',(0.056610722,0.03174375,0.00651));
#12927=CARTESIAN_POINT('',(0.049610722,0.03174375,0.00651));
#12928=CARTESIAN_POINT('',(0.049610722,0.03874375,0.00651));
#12929=CARTESIAN_POINT('',(0.049610722,0.04574375,0.00651));
#12930=CARTESIAN_POINT('',(0.056610722,0.04574375,0.00651));
#12931=CARTESIAN_POINT('',(0.044560722,0.03874375,0.00651));
#12932=CARTESIAN_POINT('',(0.044560722,0.03174375,0.00651));
#12933=CARTESIAN_POINT('',(0.044560722,0.04574375,0.00651));
#12934=CARTESIAN_POINT('',(0.037560722,0.03174375,0.00651));
#12935=CARTESIAN_POINT('',(0.030560722,0.03174375,0.00651));
#12936=CARTESIAN_POINT('',(0.030560722,0.03874375,0.00651));
#12937=CARTESIAN_POINT('',(0.030560722,0.04574375,0.00651));
#12938=CARTESIAN_POINT('',(0.037560722,0.04574375,0.00651));
#12939=CARTESIAN_POINT('',(0.065991972,0.01969375,0.00651));
#12940=CARTESIAN_POINT('',(0.065991972,0.01269375,0.00651));
#12941=CARTESIAN_POINT('',(0.065991972,0.02669375,0.00651));
#12942=CARTESIAN_POINT('',(0.058991972,0.01269375,0.00651));
#12943=CARTESIAN_POINT('',(0.051991972,0.01269375,0.00651));
#12944=CARTESIAN_POINT('',(0.051991972,0.01969375,0.00651));
#12945=CARTESIAN_POINT('',(0.051991972,0.02669375,0.00651));
#12946=CARTESIAN_POINT('',(0.058991972,0.02669375,0.00651));
#12947=CARTESIAN_POINT('',(0.044560722,0.01969375,0.00651));
#12948=CARTESIAN_POINT('',(0.044560722,0.01269375,0.00651));
#12949=CARTESIAN_POINT('',(0.044560722,0.02669375,0.00651));
#12950=CARTESIAN_POINT('',(0.037560722,0.01269375,0.00651));
#12951=CARTESIAN_POINT('',(0.030560722,0.01269375,0.00651));
#12952=CARTESIAN_POINT('',(0.030560722,0.01969375,0.00651));
#12953=CARTESIAN_POINT('',(0.030560722,0.02669375,0.00651));
#12954=CARTESIAN_POINT('',(0.037560722,0.02669375,0.00651));
#12955=CARTESIAN_POINT('',(0.068373222,0.00064375,0.00651));
#12956=CARTESIAN_POINT('',(0.068373222,-0.00635625,0.00651));
#12957=CARTESIAN_POINT('',(0.068373222,0.00764375,0.00651));
#12958=CARTESIAN_POINT('',(0.061373222,-0.00635625,0.00651));
#12959=CARTESIAN_POINT('',(0.054373222,-0.00635625,0.00651));
#12960=CARTESIAN_POINT('',(0.054373222,0.00064375,0.00651));
#12961=CARTESIAN_POINT('',(0.054373222,0.00764375,0.00651));
#12962=CARTESIAN_POINT('',(0.061373222,0.00764375,0.00651));
#12963=CARTESIAN_POINT('',(0.044560722,0.00064375,0.00651));
#12964=CARTESIAN_POINT('',(0.044560722,-0.00635625,0.00651));
#12965=CARTESIAN_POINT('',(0.044560722,0.00764375,0.00651));
#12966=CARTESIAN_POINT('',(0.037560722,-0.00635625,0.00651));
#12967=CARTESIAN_POINT('',(0.030560722,-0.00635625,0.00651));
#12968=CARTESIAN_POINT('',(0.030560722,0.00064375,0.00651));
#12969=CARTESIAN_POINT('',(0.030560722,0.00764375,0.00651));
#12970=CARTESIAN_POINT('',(0.037560722,0.00764375,0.00651));
#12971=CARTESIAN_POINT('',(0.070754472,-0.01840625,0.00651));
#12972=CARTESIAN_POINT('',(0.070754472,-0.02540625,0.00651));
#12973=CARTESIAN_POINT('',(0.070754472,-0.01140625,0.00651));
#12974=CARTESIAN_POINT('',(0.063754472,-0.02540625,0.00651));
#12975=CARTESIAN_POINT('',(0.056754472,-0.02540625,0.00651));
#12976=CARTESIAN_POINT('',(0.056754472,-0.01840625,0.00651));
#12977=CARTESIAN_POINT('',(0.056754472,-0.01140625,0.00651));
#12978=CARTESIAN_POINT('',(0.063754472,-0.01140625,0.00651));
#12979=CARTESIAN_POINT('',(0.044560722,-0.01840625,0.00651));
#12980=CARTESIAN_POINT('',(0.044560722,-0.02540625,0.00651));
#12981=CARTESIAN_POINT('',(0.044560722,-0.01140625,0.00651));
#12982=CARTESIAN_POINT('',(0.037560722,-0.02540625,0.00651));
#12983=CARTESIAN_POINT('',(0.030560722,-0.02540625,0.00651));
#12984=CARTESIAN_POINT('',(0.030560722,-0.01840625,0.00651));
#12985=CARTESIAN_POINT('',(0.030560722,-0.01140625,0.00651));
#12986=CARTESIAN_POINT('',(0.037560722,-0.01140625,0.00651));
#12987=CARTESIAN_POINT('',(0.0237192748660947,0.042737304845061,0.00651));
#12988=CARTESIAN_POINT('',(0.0238414417111558,0.0357383709789662,0.00651));
#12989=CARTESIAN_POINT('',(0.0235971080210338,0.0497362387111557,0.00651));
#12990=CARTESIAN_POINT('',(0.016842507845061,0.0356162041339052,0.00651));
#12991=CARTESIAN_POINT('',(0.00984357397896625,0.0354940372888443,0.00651));
#12992=CARTESIAN_POINT('',(0.00972140713390526,0.0424929711549391,0.00651));
#12993=CARTESIAN_POINT('',(0.00959924028884428,0.0494919050210338,0.00651));
#12994=CARTESIAN_POINT('',(0.0165981741549391,0.0496140718660948,0.00651));
#12995=CARTESIAN_POINT('',(0.0240517438660948,0.023690206845061,0.00651));
#12996=CARTESIAN_POINT('',(0.0241739107111557,0.0166912729789663,0.00651));
#12997=CARTESIAN_POINT('',(0.0239295770210338,0.0306891407111557,0.00651));
#12998=CARTESIAN_POINT('',(0.017174976845061,0.0165691061339053,0.00651));
#12999=CARTESIAN_POINT('',(0.0101760429789662,0.0164469392888443,0.00651));
#13000=CARTESIAN_POINT('',(0.0100538761339053,0.023445873154939,0.00651));
#13001=CARTESIAN_POINT('',(0.00993170928884428,0.0304448070210338,0.00651));
#13002=CARTESIAN_POINT('',(0.016930643154939,0.0305669738660948,0.00651));
#13003=CARTESIAN_POINT('',(0.0243842118660948,0.00464310784506099,0.00651));
#13004=CARTESIAN_POINT('',(0.0245063787111558,-0.00235582602103376,0.00651));
#13005=CARTESIAN_POINT('',(0.0242620450210338,0.0116420417111557,0.00651));
#13006=CARTESIAN_POINT('',(0.017507444845061,-0.00247799286609474,0.00651));
#13007=CARTESIAN_POINT('',(0.0105085109789662,-0.00260015971115572,0.00651));
#13008=CARTESIAN_POINT('',(0.0103863441339053,0.00439877415493902,0.00651));
#13009=CARTESIAN_POINT('',(0.0102641772888443,0.0113977080210338,0.00651));
#13010=CARTESIAN_POINT('',(0.017263111154939,0.0115198748660947,0.00651));
#13011=CARTESIAN_POINT('',(0.0247166798660947,-0.014403991154939,0.00651));
#13012=CARTESIAN_POINT('',(0.0248388467111558,-0.0214029250210338,0.00651));
#13013=CARTESIAN_POINT('',(0.0245945130210338,-0.00740505728884427,0.00651));
#13014=CARTESIAN_POINT('',(0.017839912845061,-0.0215250918660948,0.00651));
#13015=CARTESIAN_POINT('',(0.0108409789789662,-0.0216472587111557,0.00651));
#13016=CARTESIAN_POINT('',(0.0107188121339053,-0.014648324845061,0.00651));
#13017=CARTESIAN_POINT('',(0.0105966452888443,-0.00764939097896624,0.00651));
#13018=CARTESIAN_POINT('',(0.0175955791549391,-0.00752722413390526,0.00651));
#13019=CARTESIAN_POINT('',(0.00306478678913368,0.0463972414769175,0.00651));
#13020=CARTESIAN_POINT('',(0.00330908326605119,0.0394015056877838,0.00651));
#13021=CARTESIAN_POINT('',(0.00282049031221624,0.0533929772660512,0.00651));
#13022=CARTESIAN_POINT('',(-0.00368665252308248,0.0391572092108664,0.00651));
#13023=CARTESIAN_POINT('',(-0.0106823883122161,0.0389129127339488,0.00651));
#13024=CARTESIAN_POINT('',(-0.0109266847891337,0.0459086485230825,0.00651));
#13025=CARTESIAN_POINT('',(-0.0111709812660512,0.0529043843122162,0.00651));
#13026=CARTESIAN_POINT('',(-0.00417524547691741,0.0531486807891337,0.00651));
#13027=CARTESIAN_POINT('',(0.00372962278913366,0.0273588464769175,0.00651));
#13028=CARTESIAN_POINT('',(0.00397391926605117,0.0203631106877839,0.00651));
#13029=CARTESIAN_POINT('',(0.00348532631221621,0.0343545822660512,0.00651));
#13030=CARTESIAN_POINT('',(-0.00302181652308251,0.0201188142108663,0.00651));
#13031=CARTESIAN_POINT('',(-0.0100175523122162,0.0198745177339489,0.00651));
#13032=CARTESIAN_POINT('',(-0.0102618487891337,0.0268702535230825,0.00651));
#13033=CARTESIAN_POINT('',(-0.0105061452660512,0.0338659893122162,0.00651));
#13034=CARTESIAN_POINT('',(-0.00351040947691744,0.0341102857891337,0.00651));
#13035=CARTESIAN_POINT('',(0.00439445778913366,0.00832045047691751,0.00651));
#13036=CARTESIAN_POINT('',(0.00463875426605117,0.00132471468778384,0.00651));
#13037=CARTESIAN_POINT('',(0.00415016131221621,0.0153161862660512,0.00651));
#13038=CARTESIAN_POINT('',(-0.0023569815230825,0.00108041821086633,0.00651));
#13039=CARTESIAN_POINT('',(-0.00935271731221617,0.000836121733948819,0.00651));
#13040=CARTESIAN_POINT('',(-0.00959701378913368,0.0078318575230825,0.00651));
#13041=CARTESIAN_POINT('',(-0.00984131026605119,0.0148275933122162,0.00651));
#13042=CARTESIAN_POINT('',(-0.00284557447691743,0.0150718897891337,0.00651));
#13043=CARTESIAN_POINT('',(0.00505929278913366,-0.0107179445230825,0.00651));
#13044=CARTESIAN_POINT('',(0.00530358926605117,-0.0177136803122162,0.00651));
#13045=CARTESIAN_POINT('',(0.00481499631221621,-0.00372220873394881,0.00651));
#13046=CARTESIAN_POINT('',(-0.0016921465230825,-0.0179579767891336,0.00651));
#13047=CARTESIAN_POINT('',(-0.00868788231221617,-0.0182022732660511,0.00651));
#13048=CARTESIAN_POINT('',(-0.00893217878913368,-0.0112065374769175,0.00651));
#13049=CARTESIAN_POINT('',(-0.00917647526605119,-0.00421080168778383,0.00651));
#13050=CARTESIAN_POINT('',(-0.00218073947691743,-0.00396650521086633,0.00651));
#13051=CARTESIAN_POINT('',(-0.016626885256718,0.0417890106937006,0.00651));
#13052=CARTESIAN_POINT('',(-0.0162605335630173,0.0347986039504186,0.00651));
#13053=CARTESIAN_POINT('',(-0.0169932369504185,0.0487794174369826,0.00651));
#13054=CARTESIAN_POINT('',(-0.0232509403062994,0.034432252256718,0.00651));
#13055=CARTESIAN_POINT('',(-0.0302413470495814,0.0340659005630174,0.00651));
#13056=CARTESIAN_POINT('',(-0.0306076987432821,0.0410563073062994,0.00651));
#13057=CARTESIAN_POINT('',(-0.0309740504369827,0.0480467140495814,0.00651));
#13058=CARTESIAN_POINT('',(-0.0239836436937005,0.048413065743282,0.00651));
#13059=CARTESIAN_POINT('',(-0.015629885256718,0.0227651176937006,0.00651));
#13060=CARTESIAN_POINT('',(-0.0152635335630174,0.0157747109504186,0.00651));
#13061=CARTESIAN_POINT('',(-0.0159962369504185,0.0297555244369826,0.00651));
#13062=CARTESIAN_POINT('',(-0.0222539403062994,0.015408359256718,0.00651));
#13063=CARTESIAN_POINT('',(-0.0292443470495815,0.0150420075630174,0.00651));
#13064=CARTESIAN_POINT('',(-0.0296106987432821,0.0220324143062994,0.00651));
#13065=CARTESIAN_POINT('',(-0.0299770504369826,0.0290228210495815,0.00651));
#13066=CARTESIAN_POINT('',(-0.0229866436937005,0.0293891727432821,0.00651));
#13067=CARTESIAN_POINT('',(-0.015070272256718,0.0037412246937006,0.00651));
#13068=CARTESIAN_POINT('',(-0.0147039205630174,-0.00324918204958141,0.00651));
#13069=CARTESIAN_POINT('',(-0.0154366239504185,0.0107316314369826,0.00651));
#13070=CARTESIAN_POINT('',(-0.0216943273062994,-0.00361553374328202,0.00651));
#13071=CARTESIAN_POINT('',(-0.0286847340495814,-0.00398188543698264,0.00651));
#13072=CARTESIAN_POINT('',(-0.029051085743282,0.00300852130629939,0.00651));
#13073=CARTESIAN_POINT('',(-0.0294174374369826,0.00999892804958142,0.00651));
#13074=CARTESIAN_POINT('',(-0.0224270306937005,0.010365279743282,0.00651));
#13075=CARTESIAN_POINT('',(-0.014552023256718,-0.0153083693062994,0.00651));
#13076=CARTESIAN_POINT('',(-0.0141856715630174,-0.0222987760495814,0.00651));
#13077=CARTESIAN_POINT('',(-0.0149183749504185,-0.00831796256301738,0.00651));
#13078=CARTESIAN_POINT('',(-0.0211760783062994,-0.0226651277432821,0.00651));
#13079=CARTESIAN_POINT('',(-0.0281664850495814,-0.0230314794369826,0.00651));
#13080=CARTESIAN_POINT('',(-0.028532836743282,-0.0160410726937006,0.00651));
#13081=CARTESIAN_POINT('',(-0.0288991884369827,-0.00905066595041858,0.00651));
#13082=CARTESIAN_POINT('',(-0.0219087816937005,-0.00868431425671799,0.00651));
#13083=CARTESIAN_POINT('',(-0.0359270276481813,0.0380936213162089,0.00651));
#13084=CARTESIAN_POINT('',(-0.0354387323319723,0.0311106729643901,0.00651));
#13085=CARTESIAN_POINT('',(-0.03641532296439,0.0450765696680277,0.00651));
#13086=CARTESIAN_POINT('',(-0.0424216806837911,0.0306223776481813,0.00651));
#13087=CARTESIAN_POINT('',(-0.0494046290356099,0.0301340823319723,0.00651));
#13088=CARTESIAN_POINT('',(-0.0498929243518188,0.0371170306837912,0.00651));
#13089=CARTESIAN_POINT('',(-0.0503812196680277,0.0440999790356099,0.00651));
#13090=CARTESIAN_POINT('',(-0.0433982713162088,0.0445882743518188,0.00651));
#13091=CARTESIAN_POINT('',(-0.0353899836481813,0.0190346563162089,0.00651));
#13092=CARTESIAN_POINT('',(-0.0349016883319723,0.0120517079643901,0.00651));
#13093=CARTESIAN_POINT('',(-0.03587827896439,0.0260176046680277,0.00651));
#13094=CARTESIAN_POINT('',(-0.0418846366837911,0.0115634126481812,0.00651));
#13095=CARTESIAN_POINT('',(-0.0488675850356099,0.0110751173319723,0.00651));
#13096=CARTESIAN_POINT('',(-0.0493558803518188,0.0180580656837911,0.00651));
#13097=CARTESIAN_POINT('',(-0.0498441756680276,0.0250410140356099,0.00651));
#13098=CARTESIAN_POINT('',(-0.0428612273162088,0.0255293093518188,0.00651));
#13099=CARTESIAN_POINT('',(-0.0353075796481813,-7.96766837911187E-5,0.00651));
#13100=CARTESIAN_POINT('',(-0.0348192843319724,-0.00706262503560989,0.00651));
#13101=CARTESIAN_POINT('',(-0.0357958749643901,0.00690327166802766,0.00651));
#13102=CARTESIAN_POINT('',(-0.0418022326837912,-0.00755092035181877,0.00651));
#13103=CARTESIAN_POINT('',(-0.0487851810356099,-0.00803921566802765,0.00651));
#13104=CARTESIAN_POINT('',(-0.0492734763518188,-0.00105626731620887,0.00651));
#13105=CARTESIAN_POINT('',(-0.0497617716680277,0.0059266810356099,0.00651));
#13106=CARTESIAN_POINT('',(-0.0427788233162088,0.00641497635181878,0.00651));
#13107=CARTESIAN_POINT('',(-0.0348189546481813,-0.0191940106837911,0.00651));
#13108=CARTESIAN_POINT('',(-0.0343306593319723,-0.0261769590356099,0.00651));
#13109=CARTESIAN_POINT('',(-0.03530724996439,-0.0122110623319723,0.00651));
#13110=CARTESIAN_POINT('',(-0.0413136076837912,-0.0266652543518188,0.00651));
#13111=CARTESIAN_POINT('',(-0.0482965560356099,-0.0271535496680276,0.00651));
#13112=CARTESIAN_POINT('',(-0.0487848513518188,-0.0201706013162089,0.00651));
#13113=CARTESIAN_POINT('',(-0.0492731466680277,-0.0131876529643901,0.00651));
#13114=CARTESIAN_POINT('',(-0.0422901983162088,-0.0126993576481812,0.00651));
#13115=CARTESIAN_POINT('',(-0.000237985256717985,-0.0361497703062994,0.00651));
#13116=CARTESIAN_POINT('',(0.000128366436982625,-0.0431401770495814,0.00651));
#13117=CARTESIAN_POINT('',(-0.000604336950418533,-0.0291593635630174,0.00651));
#13118=CARTESIAN_POINT('',(-0.00686204030629939,-0.043506528743282,0.00651));
#13119=CARTESIAN_POINT('',(-0.0138524470495814,-0.0438728804369826,0.00651));
#13120=CARTESIAN_POINT('',(-0.014218798743282,-0.0368824736937006,0.00651));
#13121=CARTESIAN_POINT('',(-0.0145851504369826,-0.0298920669504186,0.00651));
#13122=CARTESIAN_POINT('',(-0.00759474369370056,-0.029525715256718,0.00651));
#13123=CARTESIAN_POINT('',(-0.0197999507324221,-0.0394873067571264,0.00651));
#13124=CARTESIAN_POINT('',(-0.0190682514895485,-0.0464489600247043,0.00651));
#13125=CARTESIAN_POINT('',(-0.0205316499752956,-0.0325256534895485,0.00651));
#13126=CARTESIAN_POINT('',(-0.0260299047571264,-0.0471806592675779,0.00651));
#13127=CARTESIAN_POINT('',(-0.0329915580247043,-0.0479123585104515,0.00651));
#13128=CARTESIAN_POINT('',(-0.0337232572675779,-0.0409507052428736,0.00651));
#13129=CARTESIAN_POINT('',(-0.0344549565104515,-0.0339890519752956,0.00651));
#13130=CARTESIAN_POINT('',(-0.0274933032428735,-0.0332573527324221,0.00651));
#13131=CARTESIAN_POINT('',(-0.046291538518809,-0.0447142922932795,0.00651));
#13132=CARTESIAN_POINT('',(-0.0453173268120885,-0.0516461687744705,0.00651));
#13133=CARTESIAN_POINT('',(-0.0472657502255295,-0.0377824158120885,0.00651));
#13134=CARTESIAN_POINT('',(-0.0522492032932795,-0.052620380481191,0.00651));
#13135=CARTESIAN_POINT('',(-0.0591810797744705,-0.0535945921879115,0.00651));
#13136=CARTESIAN_POINT('',(-0.060155291481191,-0.0466627157067205,0.00651));
#13137=CARTESIAN_POINT('',(-0.0611295031879115,-0.0397308392255295,0.00651));
#13138=CARTESIAN_POINT('',(-0.0541976267067204,-0.038756627518809,0.00651));
#13139=CARTESIAN_POINT('',(0.0710142657285371,0.0486438209999997,0.00651));
#13140=CARTESIAN_POINT('',(0.0727642657285371,0.0486438209999997,0.00651));
#13141=CARTESIAN_POINT('',(0.081098683999999,-0.0338366368056148,0.00651));
#13142=CARTESIAN_POINT('',(0.082848683999999,-0.0338366368056148,0.00651));
#13143=CARTESIAN_POINT('',(0.00814341322115196,-0.0288873074655008,0.00651));
#13144=CARTESIAN_POINT('',(0.00989341322115196,-0.0288873074655008,0.00651));
#13145=CARTESIAN_POINT('',(-0.0725583946050871,-0.0565704893191654,0.00651));
#13146=CARTESIAN_POINT('',(-0.0708083946050871,-0.0565704893191654,0.00651));
#13147=CARTESIAN_POINT('',(-0.082980440462854,0.0505658318181332,0.00651));
#13148=CARTESIAN_POINT('',(-0.081230440462854,0.0505658318181332,0.00651));
#13149=CARTESIAN_POINT('',(-0.039774004659411,0.0548012557810793,0.00651));
#13150=CARTESIAN_POINT('',(-0.0380240046594109,0.0548012557810793,0.00651));
#13151=CARTESIAN_POINT('',(0.0310747225698703,0.052349025262517,0.00651));
#13152=CARTESIAN_POINT('',(0.0328247225698703,0.052349025262517,0.00651));
#13153=CARTESIAN_POINT('',(-0.0717219349700441,0.0426017998978825,0.00651));
#13154=CARTESIAN_POINT('',(-0.0736219811933209,0.0425530807574735,0.00651));
#13155=CARTESIAN_POINT('',(-0.0636252668850995,0.0428094067994638,0.00651));
#13156=CARTESIAN_POINT('',(-0.0736219811933209,0.0425530807574735,0.00651));
#13157=CARTESIAN_POINT('',(-0.0739295724437093,0.0545491379273391,0.00651));
#13158=CARTESIAN_POINT('',(-0.0720295262204325,0.0545978570677481,0.00651));
#13159=CARTESIAN_POINT('',(-0.0847737762735536,0.0542710813819045,0.00651));
#13160=CARTESIAN_POINT('',(-0.0847225110651555,0.0522717385202602,0.00651));
#13161=CARTESIAN_POINT('',(-0.0867224893560925,0.0522810570920775,0.00651));
#13162=CARTESIAN_POINT('',(-0.0868599139878192,0.0227865931889931,0.00651));
#13163=CARTESIAN_POINT('',(-0.0869973386195459,-0.00670787071409135,0.00651));
#13164=CARTESIAN_POINT('',(-0.0859973494740774,-0.00671253,0.00651));
#13165=CARTESIAN_POINT('',(-0.0859973494740774,-0.00771253,0.00651));
#13166=CARTESIAN_POINT('',(-0.0762022627370387,-0.00771253,0.00651));
#13167=CARTESIAN_POINT('',(-0.066407176,-0.00771253,0.00651));
#13168=CARTESIAN_POINT('',(-0.066407176,-0.01669403,0.00651));
#13169=CARTESIAN_POINT('',(-0.066407176,-0.02567553,0.00651));
#13170=CARTESIAN_POINT('',(-0.0762487699041494,-0.02567553,0.00651));
#13171=CARTESIAN_POINT('',(-0.0860903638082987,-0.02567553,0.00651));
#13172=CARTESIAN_POINT('',(-0.0860903638082987,-0.02667553,0.00651));
#13173=CARTESIAN_POINT('',(-0.0870903529537672,-0.0266708707140914,0.00651));
#13174=CARTESIAN_POINT('',(-0.0870915841091519,-0.0269351047716728,0.00651));
#13175=CARTESIAN_POINT('',(-0.0870928152645366,-0.0271993388292541,0.00651));
#13176=CARTESIAN_POINT('',(-0.0850928369735996,-0.0272086574010714,0.00651));
#13177=CARTESIAN_POINT('',(-0.0870109171541421,-0.0277751981507163,0.00651));
#13178=CARTESIAN_POINT('',(-0.084895967835715,-0.0349355698857952,0.00651));
#13179=CARTESIAN_POINT('',(-0.0827810185172875,-0.042095941620874,0.00651));
#13180=CARTESIAN_POINT('',(-0.0808629383367443,-0.0415294008712287,0.00651));
#13181=CARTESIAN_POINT('',(-0.082714903509358,-0.0422845333095647,0.00651));
#13182=CARTESIAN_POINT('',(-0.0788115276924847,-0.0518575773234104,0.00651));
#13183=CARTESIAN_POINT('',(-0.0749081518756114,-0.0614306213372561,0.00651));
#13184=CARTESIAN_POINT('',(-0.073056186702998,-0.0606754888989203,0.00651));
#13185=CARTESIAN_POINT('',(-0.0727859640429211,-0.0626571497462858,0.00651));
#13186=CARTESIAN_POINT('',(-0.0291319574127553,-0.0567044147915115,0.00651));
#13187=CARTESIAN_POINT('',(0.0145220492174103,-0.0507516798367372,0.00651));
#13188=CARTESIAN_POINT('',(0.0142518265573333,-0.0487700189893719,0.00651));
#13189=CARTESIAN_POINT('',(0.0154165313672131,-0.0503958918951805,0.00651));
#13190=CARTESIAN_POINT('',(0.0225229995305922,-0.0453051264229383,0.00651));
#13191=CARTESIAN_POINT('',(0.0296294676939712,-0.0402143609506962,0.00651));
#13192=CARTESIAN_POINT('',(0.030794172503851,-0.0418402338565048,0.00651));
#13193=CARTESIAN_POINT('',(0.0308071966354349,-0.0398402762639554,0.00651));
#13194=CARTESIAN_POINT('',(0.057946428251925,-0.040017012473251,0.00651));
#13195=CARTESIAN_POINT('',(0.0850856598684151,-0.0401937486825467,0.00651));
#13196=CARTESIAN_POINT('',(0.085098683999999,-0.0381937910899971,0.00651));
#13197=CARTESIAN_POINT('',(0.087098683999999,-0.0381937910899971,0.00651));
#13198=CARTESIAN_POINT('',(0.087098683999999,-0.0220720053901495,0.00651));
#13199=CARTESIAN_POINT('',(0.087098683999999,-0.00595021969030182,0.00651));
#13200=CARTESIAN_POINT('',(0.0850986839999991,-0.00595021969030175,0.00651));
#13201=CARTESIAN_POINT('',(0.0867273024392498,-0.00478935708890066,0.00651));
#13202=CARTESIAN_POINT('',(0.084348683999999,-0.0014523025180753,0.00651));
#13203=CARTESIAN_POINT('',(0.0819700655607481,0.00188475205274998,0.00651));
#13204=CARTESIAN_POINT('',(0.083598683999999,0.00304561465415121,0.00651));
#13205=CARTESIAN_POINT('',(0.0815986839999992,0.00304561465415121,0.00651));
#13206=CARTESIAN_POINT('',(0.081598683999999,0.00829617074471833,0.00651));
#13207=CARTESIAN_POINT('',(0.081598683999999,0.0135467268352854,0.00651));
#13208=CARTESIAN_POINT('',(0.079598683999999,0.0135467268352854,0.00651));
#13209=CARTESIAN_POINT('',(0.0812400867929865,0.0146894415289744,0.00651));
#13210=CARTESIAN_POINT('',(0.0792991675425325,0.0174773905211885,0.00651));
#13211=CARTESIAN_POINT('',(0.0773582482920785,0.0202653395134025,0.00651));
#13212=CARTESIAN_POINT('',(0.0789996510850659,0.0214080542070915,0.00651));
#13213=CARTESIAN_POINT('',(0.0769998263305933,0.0213815787203557,0.00651));
#13214=CARTESIAN_POINT('',(0.0767927121746274,0.0370259376035463,0.00651));
#13215=CARTESIAN_POINT('',(0.0765855980186617,0.0526702964867369,0.00651));
#13216=CARTESIAN_POINT('',(0.0745857732641889,0.0526438210000011,0.00651));
#13217=CARTESIAN_POINT('',(0.0745857732641889,0.0546438210000011,0.00651));
#13218=CARTESIAN_POINT('',(0.0568685800079483,0.0546438210000011,0.00651));
#13219=CARTESIAN_POINT('',(0.0391513867517077,0.0546438210000011,0.00651));
#13220=CARTESIAN_POINT('',(0.0391513867517077,0.0566438210000009,0.00651));
#13221=CARTESIAN_POINT('',(0.0384252208153458,0.0547803073743822,0.00651));
#13222=CARTESIAN_POINT('',(0.0282258177708724,0.0587547666755111,0.00651));
#13223=CARTESIAN_POINT('',(0.0180264147263991,0.0627292259766402,0.00651));
#13224=CARTESIAN_POINT('',(0.0173002487900373,0.0608657123510213,0.00651));
#13225=CARTESIAN_POINT('',(0.017256780810796,0.0628652399289207,0.00651));
#13226=CARTESIAN_POINT('',(-0.0164296882118185,0.0621329255800872,0.00651));
#13227=CARTESIAN_POINT('',(-0.050116157234433,0.0614006112312537,0.00651));
#13228=CARTESIAN_POINT('',(-0.0500726892551918,0.0594010836533542,0.00651));
#13229=CARTESIAN_POINT('',(-0.0513481812118742,0.0609415771679262,0.00651));
#13230=CARTESIAN_POINT('',(-0.0547046153154506,0.0581625296342951,0.00651));
#13231=CARTESIAN_POINT('',(-0.058061049419027,0.0553834821006639,0.00651));
#13232=CARTESIAN_POINT('',(-0.0593365413757094,0.056923975615236,0.00651));
#13233=CARTESIAN_POINT('',(-0.0636252668850995,0.0428094067994638,0.00651));
#13234=CARTESIAN_POINT('',(-0.046291538518809,-0.0447142922932795,0.00651));
#13235=CARTESIAN_POINT('',(-0.046291538518809,-0.0447142922932795,0.00501));
#13236=CARTESIAN_POINT('',(-0.0453173268120885,-0.0516461687744705,0.00501));
#13237=CARTESIAN_POINT('',(-0.0472657502255295,-0.0377824158120885,0.00501));
#13238=CARTESIAN_POINT('',(-0.0453173268120885,-0.0516461687744705,0.00651));
#13239=CARTESIAN_POINT('',(-0.0472657502255295,-0.0377824158120885,0.00651));
#13240=CARTESIAN_POINT('',(-0.0522492032932795,-0.052620380481191,0.00651));
#13241=CARTESIAN_POINT('',(-0.0522492032932795,-0.052620380481191,0.00501));
#13242=CARTESIAN_POINT('',(-0.0591810797744705,-0.0535945921879115,0.00501));
#13243=CARTESIAN_POINT('',(-0.0591810797744705,-0.0535945921879115,0.00651));
#13244=CARTESIAN_POINT('',(-0.060155291481191,-0.0466627157067205,0.00651));
#13245=CARTESIAN_POINT('',(-0.060155291481191,-0.0466627157067205,0.00501));
#13246=CARTESIAN_POINT('',(-0.0611295031879115,-0.0397308392255295,0.00501));
#13247=CARTESIAN_POINT('',(-0.0611295031879115,-0.0397308392255295,0.00651));
#13248=CARTESIAN_POINT('',(-0.0197999507324221,-0.0394873067571264,0.00651));
#13249=CARTESIAN_POINT('',(-0.0197999507324221,-0.0394873067571264,0.00501));
#13250=CARTESIAN_POINT('',(-0.0190682514895485,-0.0464489600247043,0.00501));
#13251=CARTESIAN_POINT('',(-0.0205316499752956,-0.0325256534895485,0.00501));
#13252=CARTESIAN_POINT('',(-0.0190682514895485,-0.0464489600247043,0.00651));
#13253=CARTESIAN_POINT('',(-0.0205316499752956,-0.0325256534895485,0.00651));
#13254=CARTESIAN_POINT('',(-0.0260299047571264,-0.0471806592675779,0.00651));
#13255=CARTESIAN_POINT('',(-0.0260299047571264,-0.0471806592675779,0.00501));
#13256=CARTESIAN_POINT('',(-0.0329915580247043,-0.0479123585104515,0.00501));
#13257=CARTESIAN_POINT('',(-0.0329915580247043,-0.0479123585104515,0.00651));
#13258=CARTESIAN_POINT('',(-0.0337232572675779,-0.0409507052428736,0.00651));
#13259=CARTESIAN_POINT('',(-0.0337232572675779,-0.0409507052428736,0.00501));
#13260=CARTESIAN_POINT('',(-0.0344549565104515,-0.0339890519752956,0.00501));
#13261=CARTESIAN_POINT('',(-0.0344549565104515,-0.0339890519752956,0.00651));
#13262=CARTESIAN_POINT('',(-0.000237985256717985,-0.0361497703062994,0.00651));
#13263=CARTESIAN_POINT('',(-0.000237985256717985,-0.0361497703062994,0.00501));
#13264=CARTESIAN_POINT('',(0.000128366436982625,-0.0431401770495814,0.00501));
#13265=CARTESIAN_POINT('',(-0.000604336950418533,-0.0291593635630174,0.00501));
#13266=CARTESIAN_POINT('',(0.000128366436982625,-0.0431401770495814,0.00651));
#13267=CARTESIAN_POINT('',(-0.000604336950418533,-0.0291593635630174,0.00651));
#13268=CARTESIAN_POINT('',(-0.00686204030629939,-0.043506528743282,0.00651));
#13269=CARTESIAN_POINT('',(-0.00686204030629939,-0.043506528743282,0.00501));
#13270=CARTESIAN_POINT('',(-0.0138524470495814,-0.0438728804369826,0.00501));
#13271=CARTESIAN_POINT('',(-0.0138524470495814,-0.0438728804369826,0.00651));
#13272=CARTESIAN_POINT('',(-0.014218798743282,-0.0368824736937006,0.00651));
#13273=CARTESIAN_POINT('',(-0.014218798743282,-0.0368824736937006,0.00501));
#13274=CARTESIAN_POINT('',(-0.0145851504369826,-0.0298920669504186,0.00501));
#13275=CARTESIAN_POINT('',(-0.0145851504369826,-0.0298920669504186,0.00651));
#13276=CARTESIAN_POINT('',(-0.0348189546481813,-0.0191940106837911,0.00651));
#13277=CARTESIAN_POINT('',(-0.0348189546481813,-0.0191940106837911,0.00501));
#13278=CARTESIAN_POINT('',(-0.0343306593319723,-0.0261769590356099,0.00501));
#13279=CARTESIAN_POINT('',(-0.03530724996439,-0.0122110623319723,0.00501));
#13280=CARTESIAN_POINT('',(-0.0343306593319723,-0.0261769590356099,0.00651));
#13281=CARTESIAN_POINT('',(-0.03530724996439,-0.0122110623319723,0.00651));
#13282=CARTESIAN_POINT('',(-0.0413136076837912,-0.0266652543518188,0.00651));
#13283=CARTESIAN_POINT('',(-0.0413136076837912,-0.0266652543518188,0.00501));
#13284=CARTESIAN_POINT('',(-0.0482965560356099,-0.0271535496680276,0.00501));
#13285=CARTESIAN_POINT('',(-0.0482965560356099,-0.0271535496680276,0.00651));
#13286=CARTESIAN_POINT('',(-0.0487848513518188,-0.0201706013162089,0.00651));
#13287=CARTESIAN_POINT('',(-0.0487848513518188,-0.0201706013162089,0.00501));
#13288=CARTESIAN_POINT('',(-0.0492731466680277,-0.0131876529643901,0.00501));
#13289=CARTESIAN_POINT('',(-0.0492731466680277,-0.0131876529643901,0.00651));
#13290=CARTESIAN_POINT('',(-0.0353075796481813,-7.96766837911187E-5,0.00651));
#13291=CARTESIAN_POINT('',(-0.0353075796481813,-7.96766837911187E-5,0.00501));
#13292=CARTESIAN_POINT('',(-0.0348192843319724,-0.00706262503560989,0.00501));
#13293=CARTESIAN_POINT('',(-0.0357958749643901,0.00690327166802766,0.00501));
#13294=CARTESIAN_POINT('',(-0.0348192843319724,-0.00706262503560989,0.00651));
#13295=CARTESIAN_POINT('',(-0.0357958749643901,0.00690327166802766,0.00651));
#13296=CARTESIAN_POINT('',(-0.0418022326837912,-0.00755092035181877,0.00651));
#13297=CARTESIAN_POINT('',(-0.0418022326837912,-0.00755092035181877,0.00501));
#13298=CARTESIAN_POINT('',(-0.0487851810356099,-0.00803921566802765,0.00501));
#13299=CARTESIAN_POINT('',(-0.0487851810356099,-0.00803921566802765,0.00651));
#13300=CARTESIAN_POINT('',(-0.0492734763518188,-0.00105626731620887,0.00651));
#13301=CARTESIAN_POINT('',(-0.0492734763518188,-0.00105626731620887,0.00501));
#13302=CARTESIAN_POINT('',(-0.0497617716680277,0.0059266810356099,0.00501));
#13303=CARTESIAN_POINT('',(-0.0497617716680277,0.0059266810356099,0.00651));
#13304=CARTESIAN_POINT('',(-0.0353899836481813,0.0190346563162089,0.00651));
#13305=CARTESIAN_POINT('',(-0.0353899836481813,0.0190346563162089,0.00501));
#13306=CARTESIAN_POINT('',(-0.0349016883319723,0.0120517079643901,0.00501));
#13307=CARTESIAN_POINT('',(-0.03587827896439,0.0260176046680277,0.00501));
#13308=CARTESIAN_POINT('',(-0.0349016883319723,0.0120517079643901,0.00651));
#13309=CARTESIAN_POINT('',(-0.03587827896439,0.0260176046680277,0.00651));
#13310=CARTESIAN_POINT('',(-0.0418846366837911,0.0115634126481812,0.00651));
#13311=CARTESIAN_POINT('',(-0.0418846366837911,0.0115634126481812,0.00501));
#13312=CARTESIAN_POINT('',(-0.0488675850356099,0.0110751173319723,0.00501));
#13313=CARTESIAN_POINT('',(-0.0488675850356099,0.0110751173319723,0.00651));
#13314=CARTESIAN_POINT('',(-0.0493558803518188,0.0180580656837911,0.00651));
#13315=CARTESIAN_POINT('',(-0.0493558803518188,0.0180580656837911,0.00501));
#13316=CARTESIAN_POINT('',(-0.0498441756680276,0.0250410140356099,0.00501));
#13317=CARTESIAN_POINT('',(-0.0498441756680276,0.0250410140356099,0.00651));
#13318=CARTESIAN_POINT('',(-0.0359270276481813,0.0380936213162089,0.00651));
#13319=CARTESIAN_POINT('',(-0.0359270276481813,0.0380936213162089,0.00501));
#13320=CARTESIAN_POINT('',(-0.0354387323319723,0.0311106729643901,0.00501));
#13321=CARTESIAN_POINT('',(-0.03641532296439,0.0450765696680277,0.00501));
#13322=CARTESIAN_POINT('',(-0.0354387323319723,0.0311106729643901,0.00651));
#13323=CARTESIAN_POINT('',(-0.03641532296439,0.0450765696680277,0.00651));
#13324=CARTESIAN_POINT('',(-0.0424216806837911,0.0306223776481813,0.00651));
#13325=CARTESIAN_POINT('',(-0.0424216806837911,0.0306223776481813,0.00501));
#13326=CARTESIAN_POINT('',(-0.0494046290356099,0.0301340823319723,0.00501));
#13327=CARTESIAN_POINT('',(-0.0494046290356099,0.0301340823319723,0.00651));
#13328=CARTESIAN_POINT('',(-0.0498929243518188,0.0371170306837912,0.00651));
#13329=CARTESIAN_POINT('',(-0.0498929243518188,0.0371170306837912,0.00501));
#13330=CARTESIAN_POINT('',(-0.0503812196680277,0.0440999790356099,0.00501));
#13331=CARTESIAN_POINT('',(-0.0503812196680277,0.0440999790356099,0.00651));
#13332=CARTESIAN_POINT('',(-0.014552023256718,-0.0153083693062994,0.00651));
#13333=CARTESIAN_POINT('',(-0.014552023256718,-0.0153083693062994,0.00501));
#13334=CARTESIAN_POINT('',(-0.0141856715630174,-0.0222987760495814,0.00501));
#13335=CARTESIAN_POINT('',(-0.0149183749504185,-0.00831796256301738,0.00501));
#13336=CARTESIAN_POINT('',(-0.0141856715630174,-0.0222987760495814,0.00651));
#13337=CARTESIAN_POINT('',(-0.0149183749504185,-0.00831796256301738,0.00651));
#13338=CARTESIAN_POINT('',(-0.0211760783062994,-0.0226651277432821,0.00651));
#13339=CARTESIAN_POINT('',(-0.0211760783062994,-0.0226651277432821,0.00501));
#13340=CARTESIAN_POINT('',(-0.0281664850495814,-0.0230314794369826,0.00501));
#13341=CARTESIAN_POINT('',(-0.0281664850495814,-0.0230314794369826,0.00651));
#13342=CARTESIAN_POINT('',(-0.028532836743282,-0.0160410726937006,0.00651));
#13343=CARTESIAN_POINT('',(-0.028532836743282,-0.0160410726937006,0.00501));
#13344=CARTESIAN_POINT('',(-0.0288991884369827,-0.00905066595041858,0.00501));
#13345=CARTESIAN_POINT('',(-0.0288991884369827,-0.00905066595041858,0.00651));
#13346=CARTESIAN_POINT('',(-0.015070272256718,0.0037412246937006,0.00651));
#13347=CARTESIAN_POINT('',(-0.015070272256718,0.0037412246937006,0.00501));
#13348=CARTESIAN_POINT('',(-0.0147039205630174,-0.00324918204958141,0.00501));
#13349=CARTESIAN_POINT('',(-0.0154366239504185,0.0107316314369826,0.00501));
#13350=CARTESIAN_POINT('',(-0.0147039205630174,-0.00324918204958141,0.00651));
#13351=CARTESIAN_POINT('',(-0.0154366239504185,0.0107316314369826,0.00651));
#13352=CARTESIAN_POINT('',(-0.0216943273062994,-0.00361553374328202,0.00651));
#13353=CARTESIAN_POINT('',(-0.0216943273062994,-0.00361553374328202,0.00501));
#13354=CARTESIAN_POINT('',(-0.0286847340495814,-0.00398188543698264,0.00501));
#13355=CARTESIAN_POINT('',(-0.0286847340495814,-0.00398188543698264,0.00651));
#13356=CARTESIAN_POINT('',(-0.029051085743282,0.00300852130629939,0.00651));
#13357=CARTESIAN_POINT('',(-0.029051085743282,0.00300852130629939,0.00501));
#13358=CARTESIAN_POINT('',(-0.0294174374369826,0.00999892804958142,0.00501));
#13359=CARTESIAN_POINT('',(-0.0294174374369826,0.00999892804958142,0.00651));
#13360=CARTESIAN_POINT('',(-0.015629885256718,0.0227651176937006,0.00651));
#13361=CARTESIAN_POINT('',(-0.015629885256718,0.0227651176937006,0.00501));
#13362=CARTESIAN_POINT('',(-0.0152635335630174,0.0157747109504186,0.00501));
#13363=CARTESIAN_POINT('',(-0.0159962369504185,0.0297555244369826,0.00501));
#13364=CARTESIAN_POINT('',(-0.0152635335630174,0.0157747109504186,0.00651));
#13365=CARTESIAN_POINT('',(-0.0159962369504185,0.0297555244369826,0.00651));
#13366=CARTESIAN_POINT('',(-0.0222539403062994,0.015408359256718,0.00651));
#13367=CARTESIAN_POINT('',(-0.0222539403062994,0.015408359256718,0.00501));
#13368=CARTESIAN_POINT('',(-0.0292443470495815,0.0150420075630174,0.00501));
#13369=CARTESIAN_POINT('',(-0.0292443470495815,0.0150420075630174,0.00651));
#13370=CARTESIAN_POINT('',(-0.0296106987432821,0.0220324143062994,0.00651));
#13371=CARTESIAN_POINT('',(-0.0296106987432821,0.0220324143062994,0.00501));
#13372=CARTESIAN_POINT('',(-0.0299770504369826,0.0290228210495815,0.00501));
#13373=CARTESIAN_POINT('',(-0.0299770504369826,0.0290228210495815,0.00651));
#13374=CARTESIAN_POINT('',(-0.016626885256718,0.0417890106937006,0.00651));
#13375=CARTESIAN_POINT('',(-0.016626885256718,0.0417890106937006,0.00501));
#13376=CARTESIAN_POINT('',(-0.0162605335630173,0.0347986039504186,0.00501));
#13377=CARTESIAN_POINT('',(-0.0169932369504185,0.0487794174369826,0.00501));
#13378=CARTESIAN_POINT('',(-0.0162605335630173,0.0347986039504186,0.00651));
#13379=CARTESIAN_POINT('',(-0.0169932369504185,0.0487794174369826,0.00651));
#13380=CARTESIAN_POINT('',(-0.0232509403062994,0.034432252256718,0.00651));
#13381=CARTESIAN_POINT('',(-0.0232509403062994,0.034432252256718,0.00501));
#13382=CARTESIAN_POINT('',(-0.0302413470495814,0.0340659005630174,0.00501));
#13383=CARTESIAN_POINT('',(-0.0302413470495814,0.0340659005630174,0.00651));
#13384=CARTESIAN_POINT('',(-0.0306076987432821,0.0410563073062994,0.00651));
#13385=CARTESIAN_POINT('',(-0.0306076987432821,0.0410563073062994,0.00501));
#13386=CARTESIAN_POINT('',(-0.0309740504369827,0.0480467140495814,0.00501));
#13387=CARTESIAN_POINT('',(-0.0309740504369827,0.0480467140495814,0.00651));
#13388=CARTESIAN_POINT('',(0.00505929278913366,-0.0107179445230825,0.00651));
#13389=CARTESIAN_POINT('',(0.00505929278913366,-0.0107179445230825,0.00501));
#13390=CARTESIAN_POINT('',(0.00530358926605117,-0.0177136803122162,0.00501));
#13391=CARTESIAN_POINT('',(0.00481499631221621,-0.00372220873394881,0.00501));
#13392=CARTESIAN_POINT('',(0.00530358926605117,-0.0177136803122162,0.00651));
#13393=CARTESIAN_POINT('',(0.00481499631221621,-0.00372220873394881,0.00651));
#13394=CARTESIAN_POINT('',(-0.0016921465230825,-0.0179579767891336,0.00651));
#13395=CARTESIAN_POINT('',(-0.0016921465230825,-0.0179579767891336,0.00501));
#13396=CARTESIAN_POINT('',(-0.00868788231221617,-0.0182022732660511,0.00501));
#13397=CARTESIAN_POINT('',(-0.00868788231221617,-0.0182022732660511,0.00651));
#13398=CARTESIAN_POINT('',(-0.00893217878913368,-0.0112065374769175,0.00651));
#13399=CARTESIAN_POINT('',(-0.00893217878913368,-0.0112065374769175,0.00501));
#13400=CARTESIAN_POINT('',(-0.00917647526605119,-0.00421080168778383,0.00501));
#13401=CARTESIAN_POINT('',(-0.00917647526605119,-0.00421080168778383,0.00651));
#13402=CARTESIAN_POINT('',(0.00439445778913366,0.00832045047691751,0.00651));
#13403=CARTESIAN_POINT('',(0.00439445778913366,0.00832045047691751,0.00501));
#13404=CARTESIAN_POINT('',(0.00463875426605117,0.00132471468778384,0.00501));
#13405=CARTESIAN_POINT('',(0.00415016131221621,0.0153161862660512,0.00501));
#13406=CARTESIAN_POINT('',(0.00463875426605117,0.00132471468778384,0.00651));
#13407=CARTESIAN_POINT('',(0.00415016131221621,0.0153161862660512,0.00651));
#13408=CARTESIAN_POINT('',(-0.0023569815230825,0.00108041821086633,0.00651));
#13409=CARTESIAN_POINT('',(-0.0023569815230825,0.00108041821086633,0.00501));
#13410=CARTESIAN_POINT('',(-0.00935271731221617,0.000836121733948819,0.00501));
#13411=CARTESIAN_POINT('',(-0.00935271731221617,0.000836121733948819,0.00651));
#13412=CARTESIAN_POINT('',(-0.00959701378913368,0.0078318575230825,0.00651));
#13413=CARTESIAN_POINT('',(-0.00959701378913368,0.0078318575230825,0.00501));
#13414=CARTESIAN_POINT('',(-0.00984131026605119,0.0148275933122162,0.00501));
#13415=CARTESIAN_POINT('',(-0.00984131026605119,0.0148275933122162,0.00651));
#13416=CARTESIAN_POINT('',(0.00372962278913366,0.0273588464769175,0.00651));
#13417=CARTESIAN_POINT('',(0.00372962278913366,0.0273588464769175,0.00501));
#13418=CARTESIAN_POINT('',(0.00397391926605117,0.0203631106877839,0.00501));
#13419=CARTESIAN_POINT('',(0.00348532631221621,0.0343545822660512,0.00501));
#13420=CARTESIAN_POINT('',(0.00397391926605117,0.0203631106877839,0.00651));
#13421=CARTESIAN_POINT('',(0.00348532631221621,0.0343545822660512,0.00651));
#13422=CARTESIAN_POINT('',(-0.00302181652308251,0.0201188142108663,0.00651));
#13423=CARTESIAN_POINT('',(-0.00302181652308251,0.0201188142108663,0.00501));
#13424=CARTESIAN_POINT('',(-0.0100175523122162,0.0198745177339489,0.00501));
#13425=CARTESIAN_POINT('',(-0.0100175523122162,0.0198745177339489,0.00651));
#13426=CARTESIAN_POINT('',(-0.0102618487891337,0.0268702535230825,0.00651));
#13427=CARTESIAN_POINT('',(-0.0102618487891337,0.0268702535230825,0.00501));
#13428=CARTESIAN_POINT('',(-0.0105061452660512,0.0338659893122162,0.00501));
#13429=CARTESIAN_POINT('',(-0.0105061452660512,0.0338659893122162,0.00651));
#13430=CARTESIAN_POINT('',(0.00306478678913368,0.0463972414769175,0.00651));
#13431=CARTESIAN_POINT('',(0.00306478678913368,0.0463972414769175,0.00501));
#13432=CARTESIAN_POINT('',(0.00330908326605119,0.0394015056877838,0.00501));
#13433=CARTESIAN_POINT('',(0.00282049031221624,0.0533929772660512,0.00501));
#13434=CARTESIAN_POINT('',(0.00330908326605119,0.0394015056877838,0.00651));
#13435=CARTESIAN_POINT('',(0.00282049031221624,0.0533929772660512,0.00651));
#13436=CARTESIAN_POINT('',(-0.00368665252308248,0.0391572092108664,0.00651));
#13437=CARTESIAN_POINT('',(-0.00368665252308248,0.0391572092108664,0.00501));
#13438=CARTESIAN_POINT('',(-0.0106823883122161,0.0389129127339488,0.00501));
#13439=CARTESIAN_POINT('',(-0.0106823883122161,0.0389129127339488,0.00651));
#13440=CARTESIAN_POINT('',(-0.0109266847891337,0.0459086485230825,0.00651));
#13441=CARTESIAN_POINT('',(-0.0109266847891337,0.0459086485230825,0.00501));
#13442=CARTESIAN_POINT('',(-0.0111709812660512,0.0529043843122162,0.00501));
#13443=CARTESIAN_POINT('',(-0.0111709812660512,0.0529043843122162,0.00651));
#13444=CARTESIAN_POINT('',(0.0247166798660947,-0.014403991154939,0.00651));
#13445=CARTESIAN_POINT('',(0.0247166798660947,-0.014403991154939,0.00501));
#13446=CARTESIAN_POINT('',(0.0248388467111558,-0.0214029250210338,0.00501));
#13447=CARTESIAN_POINT('',(0.0245945130210338,-0.00740505728884427,0.00501));
#13448=CARTESIAN_POINT('',(0.0248388467111558,-0.0214029250210338,0.00651));
#13449=CARTESIAN_POINT('',(0.0245945130210338,-0.00740505728884427,0.00651));
#13450=CARTESIAN_POINT('',(0.017839912845061,-0.0215250918660948,0.00651));
#13451=CARTESIAN_POINT('',(0.017839912845061,-0.0215250918660948,0.00501));
#13452=CARTESIAN_POINT('',(0.0108409789789662,-0.0216472587111557,0.00501));
#13453=CARTESIAN_POINT('',(0.0108409789789662,-0.0216472587111557,0.00651));
#13454=CARTESIAN_POINT('',(0.0107188121339053,-0.014648324845061,0.00651));
#13455=CARTESIAN_POINT('',(0.0107188121339053,-0.014648324845061,0.00501));
#13456=CARTESIAN_POINT('',(0.0105966452888443,-0.00764939097896624,0.00501));
#13457=CARTESIAN_POINT('',(0.0105966452888443,-0.00764939097896624,0.00651));
#13458=CARTESIAN_POINT('',(0.0243842118660948,0.00464310784506099,0.00651));
#13459=CARTESIAN_POINT('',(0.0243842118660948,0.00464310784506099,0.00501));
#13460=CARTESIAN_POINT('',(0.0245063787111558,-0.00235582602103376,0.00501));
#13461=CARTESIAN_POINT('',(0.0242620450210338,0.0116420417111557,0.00501));
#13462=CARTESIAN_POINT('',(0.0245063787111558,-0.00235582602103376,0.00651));
#13463=CARTESIAN_POINT('',(0.0242620450210338,0.0116420417111557,0.00651));
#13464=CARTESIAN_POINT('',(0.017507444845061,-0.00247799286609474,0.00651));
#13465=CARTESIAN_POINT('',(0.017507444845061,-0.00247799286609474,0.00501));
#13466=CARTESIAN_POINT('',(0.0105085109789662,-0.00260015971115572,0.00501));
#13467=CARTESIAN_POINT('',(0.0105085109789662,-0.00260015971115572,0.00651));
#13468=CARTESIAN_POINT('',(0.0103863441339053,0.00439877415493902,0.00651));
#13469=CARTESIAN_POINT('',(0.0103863441339053,0.00439877415493902,0.00501));
#13470=CARTESIAN_POINT('',(0.0102641772888443,0.0113977080210338,0.00501));
#13471=CARTESIAN_POINT('',(0.0102641772888443,0.0113977080210338,0.00651));
#13472=CARTESIAN_POINT('',(0.0240517438660948,0.023690206845061,0.00651));
#13473=CARTESIAN_POINT('',(0.0240517438660948,0.023690206845061,0.00501));
#13474=CARTESIAN_POINT('',(0.0241739107111557,0.0166912729789663,0.00501));
#13475=CARTESIAN_POINT('',(0.0239295770210338,0.0306891407111557,0.00501));
#13476=CARTESIAN_POINT('',(0.0241739107111557,0.0166912729789663,0.00651));
#13477=CARTESIAN_POINT('',(0.0239295770210338,0.0306891407111557,0.00651));
#13478=CARTESIAN_POINT('',(0.017174976845061,0.0165691061339053,0.00651));
#13479=CARTESIAN_POINT('',(0.017174976845061,0.0165691061339053,0.00501));
#13480=CARTESIAN_POINT('',(0.0101760429789662,0.0164469392888443,0.00501));
#13481=CARTESIAN_POINT('',(0.0101760429789662,0.0164469392888443,0.00651));
#13482=CARTESIAN_POINT('',(0.0100538761339053,0.023445873154939,0.00651));
#13483=CARTESIAN_POINT('',(0.0100538761339053,0.023445873154939,0.00501));
#13484=CARTESIAN_POINT('',(0.00993170928884428,0.0304448070210338,0.00501));
#13485=CARTESIAN_POINT('',(0.00993170928884428,0.0304448070210338,0.00651));
#13486=CARTESIAN_POINT('',(0.0237192748660947,0.042737304845061,0.00651));
#13487=CARTESIAN_POINT('',(0.0237192748660947,0.042737304845061,0.00501));
#13488=CARTESIAN_POINT('',(0.0238414417111558,0.0357383709789662,0.00501));
#13489=CARTESIAN_POINT('',(0.0235971080210338,0.0497362387111557,0.00501));
#13490=CARTESIAN_POINT('',(0.0238414417111558,0.0357383709789662,0.00651));
#13491=CARTESIAN_POINT('',(0.0235971080210338,0.0497362387111557,0.00651));
#13492=CARTESIAN_POINT('',(0.016842507845061,0.0356162041339052,0.00651));
#13493=CARTESIAN_POINT('',(0.016842507845061,0.0356162041339052,0.00501));
#13494=CARTESIAN_POINT('',(0.00984357397896625,0.0354940372888443,0.00501));
#13495=CARTESIAN_POINT('',(0.00984357397896625,0.0354940372888443,0.00651));
#13496=CARTESIAN_POINT('',(0.00972140713390526,0.0424929711549391,0.00651));
#13497=CARTESIAN_POINT('',(0.00972140713390526,0.0424929711549391,0.00501));
#13498=CARTESIAN_POINT('',(0.00959924028884428,0.0494919050210338,0.00501));
#13499=CARTESIAN_POINT('',(0.00959924028884428,0.0494919050210338,0.00651));
#13500=CARTESIAN_POINT('',(0.044560722,-0.01840625,0.00651));
#13501=CARTESIAN_POINT('',(0.044560722,-0.01840625,0.00501));
#13502=CARTESIAN_POINT('',(0.044560722,-0.02540625,0.00501));
#13503=CARTESIAN_POINT('',(0.044560722,-0.01140625,0.00501));
#13504=CARTESIAN_POINT('',(0.044560722,-0.02540625,0.00651));
#13505=CARTESIAN_POINT('',(0.044560722,-0.01140625,0.00651));
#13506=CARTESIAN_POINT('',(0.037560722,-0.02540625,0.00651));
#13507=CARTESIAN_POINT('',(0.037560722,-0.02540625,0.00501));
#13508=CARTESIAN_POINT('',(0.030560722,-0.02540625,0.00501));
#13509=CARTESIAN_POINT('',(0.030560722,-0.02540625,0.00651));
#13510=CARTESIAN_POINT('',(0.030560722,-0.01840625,0.00651));
#13511=CARTESIAN_POINT('',(0.030560722,-0.01840625,0.00501));
#13512=CARTESIAN_POINT('',(0.030560722,-0.01140625,0.00501));
#13513=CARTESIAN_POINT('',(0.030560722,-0.01140625,0.00651));
#13514=CARTESIAN_POINT('',(0.070754472,-0.01840625,0.00651));
#13515=CARTESIAN_POINT('',(0.070754472,-0.01840625,0.00501));
#13516=CARTESIAN_POINT('',(0.070754472,-0.02540625,0.00501));
#13517=CARTESIAN_POINT('',(0.070754472,-0.01140625,0.00501));
#13518=CARTESIAN_POINT('',(0.070754472,-0.02540625,0.00651));
#13519=CARTESIAN_POINT('',(0.070754472,-0.01140625,0.00651));
#13520=CARTESIAN_POINT('',(0.063754472,-0.02540625,0.00651));
#13521=CARTESIAN_POINT('',(0.063754472,-0.02540625,0.00501));
#13522=CARTESIAN_POINT('',(0.056754472,-0.02540625,0.00501));
#13523=CARTESIAN_POINT('',(0.056754472,-0.02540625,0.00651));
#13524=CARTESIAN_POINT('',(0.056754472,-0.01840625,0.00651));
#13525=CARTESIAN_POINT('',(0.056754472,-0.01840625,0.00501));
#13526=CARTESIAN_POINT('',(0.056754472,-0.01140625,0.00501));
#13527=CARTESIAN_POINT('',(0.056754472,-0.01140625,0.00651));
#13528=CARTESIAN_POINT('',(0.044560722,0.00064375,0.00651));
#13529=CARTESIAN_POINT('',(0.044560722,0.00064375,0.00501));
#13530=CARTESIAN_POINT('',(0.044560722,-0.00635625,0.00501));
#13531=CARTESIAN_POINT('',(0.044560722,0.00764375,0.00501));
#13532=CARTESIAN_POINT('',(0.044560722,-0.00635625,0.00651));
#13533=CARTESIAN_POINT('',(0.044560722,0.00764375,0.00651));
#13534=CARTESIAN_POINT('',(0.037560722,-0.00635625,0.00651));
#13535=CARTESIAN_POINT('',(0.037560722,-0.00635625,0.00501));
#13536=CARTESIAN_POINT('',(0.030560722,-0.00635625,0.00501));
#13537=CARTESIAN_POINT('',(0.030560722,-0.00635625,0.00651));
#13538=CARTESIAN_POINT('',(0.030560722,0.00064375,0.00651));
#13539=CARTESIAN_POINT('',(0.030560722,0.00064375,0.00501));
#13540=CARTESIAN_POINT('',(0.030560722,0.00764375,0.00501));
#13541=CARTESIAN_POINT('',(0.030560722,0.00764375,0.00651));
#13542=CARTESIAN_POINT('',(0.068373222,0.00064375,0.00651));
#13543=CARTESIAN_POINT('',(0.068373222,0.00064375,0.00501));
#13544=CARTESIAN_POINT('',(0.068373222,-0.00635625,0.00501));
#13545=CARTESIAN_POINT('',(0.068373222,0.00764375,0.00501));
#13546=CARTESIAN_POINT('',(0.068373222,-0.00635625,0.00651));
#13547=CARTESIAN_POINT('',(0.068373222,0.00764375,0.00651));
#13548=CARTESIAN_POINT('',(0.061373222,-0.00635625,0.00651));
#13549=CARTESIAN_POINT('',(0.061373222,-0.00635625,0.00501));
#13550=CARTESIAN_POINT('',(0.054373222,-0.00635625,0.00501));
#13551=CARTESIAN_POINT('',(0.054373222,-0.00635625,0.00651));
#13552=CARTESIAN_POINT('',(0.054373222,0.00064375,0.00651));
#13553=CARTESIAN_POINT('',(0.054373222,0.00064375,0.00501));
#13554=CARTESIAN_POINT('',(0.054373222,0.00764375,0.00501));
#13555=CARTESIAN_POINT('',(0.054373222,0.00764375,0.00651));
#13556=CARTESIAN_POINT('',(0.044560722,0.01969375,0.00651));
#13557=CARTESIAN_POINT('',(0.044560722,0.01969375,0.00501));
#13558=CARTESIAN_POINT('',(0.044560722,0.01269375,0.00501));
#13559=CARTESIAN_POINT('',(0.044560722,0.02669375,0.00501));
#13560=CARTESIAN_POINT('',(0.044560722,0.01269375,0.00651));
#13561=CARTESIAN_POINT('',(0.044560722,0.02669375,0.00651));
#13562=CARTESIAN_POINT('',(0.037560722,0.01269375,0.00651));
#13563=CARTESIAN_POINT('',(0.037560722,0.01269375,0.00501));
#13564=CARTESIAN_POINT('',(0.030560722,0.01269375,0.00501));
#13565=CARTESIAN_POINT('',(0.030560722,0.01269375,0.00651));
#13566=CARTESIAN_POINT('',(0.030560722,0.01969375,0.00651));
#13567=CARTESIAN_POINT('',(0.030560722,0.01969375,0.00501));
#13568=CARTESIAN_POINT('',(0.030560722,0.02669375,0.00501));
#13569=CARTESIAN_POINT('',(0.030560722,0.02669375,0.00651));
#13570=CARTESIAN_POINT('',(0.065991972,0.01969375,0.00651));
#13571=CARTESIAN_POINT('',(0.065991972,0.01969375,0.00501));
#13572=CARTESIAN_POINT('',(0.065991972,0.01269375,0.00501));
#13573=CARTESIAN_POINT('',(0.065991972,0.02669375,0.00501));
#13574=CARTESIAN_POINT('',(0.065991972,0.01269375,0.00651));
#13575=CARTESIAN_POINT('',(0.065991972,0.02669375,0.00651));
#13576=CARTESIAN_POINT('',(0.058991972,0.01269375,0.00651));
#13577=CARTESIAN_POINT('',(0.058991972,0.01269375,0.00501));
#13578=CARTESIAN_POINT('',(0.051991972,0.01269375,0.00501));
#13579=CARTESIAN_POINT('',(0.051991972,0.01269375,0.00651));
#13580=CARTESIAN_POINT('',(0.051991972,0.01969375,0.00651));
#13581=CARTESIAN_POINT('',(0.051991972,0.01969375,0.00501));
#13582=CARTESIAN_POINT('',(0.051991972,0.02669375,0.00501));
#13583=CARTESIAN_POINT('',(0.051991972,0.02669375,0.00651));
#13584=CARTESIAN_POINT('',(0.044560722,0.03874375,0.00651));
#13585=CARTESIAN_POINT('',(0.044560722,0.03874375,0.00501));
#13586=CARTESIAN_POINT('',(0.044560722,0.03174375,0.00501));
#13587=CARTESIAN_POINT('',(0.044560722,0.04574375,0.00501));
#13588=CARTESIAN_POINT('',(0.044560722,0.03174375,0.00651));
#13589=CARTESIAN_POINT('',(0.044560722,0.04574375,0.00651));
#13590=CARTESIAN_POINT('',(0.037560722,0.03174375,0.00651));
#13591=CARTESIAN_POINT('',(0.037560722,0.03174375,0.00501));
#13592=CARTESIAN_POINT('',(0.030560722,0.03174375,0.00501));
#13593=CARTESIAN_POINT('',(0.030560722,0.03174375,0.00651));
#13594=CARTESIAN_POINT('',(0.030560722,0.03874375,0.00651));
#13595=CARTESIAN_POINT('',(0.030560722,0.03874375,0.00501));
#13596=CARTESIAN_POINT('',(0.030560722,0.04574375,0.00501));
#13597=CARTESIAN_POINT('',(0.030560722,0.04574375,0.00651));
#13598=CARTESIAN_POINT('',(0.063610722,0.03874375,0.00651));
#13599=CARTESIAN_POINT('',(0.063610722,0.03874375,0.00501));
#13600=CARTESIAN_POINT('',(0.063610722,0.03174375,0.00501));
#13601=CARTESIAN_POINT('',(0.063610722,0.04574375,0.00501));
#13602=CARTESIAN_POINT('',(0.063610722,0.03174375,0.00651));
#13603=CARTESIAN_POINT('',(0.063610722,0.04574375,0.00651));
#13604=CARTESIAN_POINT('',(0.056610722,0.03174375,0.00651));
#13605=CARTESIAN_POINT('',(0.056610722,0.03174375,0.00501));
#13606=CARTESIAN_POINT('',(0.049610722,0.03174375,0.00501));
#13607=CARTESIAN_POINT('',(0.049610722,0.03174375,0.00651));
#13608=CARTESIAN_POINT('',(0.049610722,0.03874375,0.00651));
#13609=CARTESIAN_POINT('',(0.049610722,0.03874375,0.00501));
#13610=CARTESIAN_POINT('',(0.049610722,0.04574375,0.00501));
#13611=CARTESIAN_POINT('',(0.049610722,0.04574375,0.00651));
#13612=CARTESIAN_POINT('',(-0.0762022627370387,-0.00771253,0.00651));
#13613=CARTESIAN_POINT('',(-0.0762022627370387,-0.00771253,0.00501));
#13614=CARTESIAN_POINT('',(-0.066407176,-0.00771253,0.00501));
#13615=CARTESIAN_POINT('',(-0.0859973494740774,-0.00771253,0.00501));
#13616=CARTESIAN_POINT('',(-0.066407176,-0.00771253,0.00651));
#13617=CARTESIAN_POINT('',(-0.0859973494740774,-0.00771253,0.00651));
#13618=CARTESIAN_POINT('',(-0.066407176,-0.01669403,0.00651));
#13619=CARTESIAN_POINT('',(-0.066407176,-0.01669403,0.00501));
#13620=CARTESIAN_POINT('',(-0.066407176,-0.02567553,0.00501));
#13621=CARTESIAN_POINT('',(-0.066407176,-0.02567553,0.00651));
#13622=CARTESIAN_POINT('',(-0.0762487699041494,-0.02567553,0.00651));
#13623=CARTESIAN_POINT('',(-0.0762487699041494,-0.02567553,0.00501));
#13624=CARTESIAN_POINT('',(-0.0860903638082987,-0.02567553,0.00501));
#13625=CARTESIAN_POINT('',(-0.0860903638082987,-0.02567553,0.00651));
#13626=CARTESIAN_POINT('',(-0.0860903638082987,-0.02667553,0.00651));
#13627=CARTESIAN_POINT('',(-0.0860903638082987,-0.02667553,0.00501));
#13628=CARTESIAN_POINT('',(-0.0870903529537672,-0.0266708707140914,0.00501));
#13629=CARTESIAN_POINT('',(-0.0870903529537672,-0.0266708707140914,0.00651));
#13630=CARTESIAN_POINT('',(-0.0870915841091519,-0.0269351047716728,0.00651));
#13631=CARTESIAN_POINT('',(-0.0870915841091519,-0.0269351047716728,0.00501));
#13632=CARTESIAN_POINT('',(-0.0870928152645366,-0.0271993388292541,0.00501));
#13633=CARTESIAN_POINT('',(-0.0870928152645366,-0.0271993388292541,0.00651));
#13634=CARTESIAN_POINT('',(-0.0850928369735996,-0.0272086574010714,0.00651));
#13635=CARTESIAN_POINT('',(-0.0850928369735996,-0.0272086574010714,0.00501));
#13636=CARTESIAN_POINT('',(-0.0870109171541421,-0.0277751981507163,0.00501));
#13637=CARTESIAN_POINT('',(-0.0870109171541421,-0.0277751981507163,0.00651));
#13638=CARTESIAN_POINT('',(-0.084895967835715,-0.0349355698857952,0.00651));
#13639=CARTESIAN_POINT('',(-0.084895967835715,-0.0349355698857952,0.00501));
#13640=CARTESIAN_POINT('',(-0.0827810185172875,-0.042095941620874,0.00501));
#13641=CARTESIAN_POINT('',(-0.0827810185172875,-0.042095941620874,0.00651));
#13642=CARTESIAN_POINT('',(-0.0808629383367443,-0.0415294008712287,0.00651));
#13643=CARTESIAN_POINT('',(-0.0808629383367443,-0.0415294008712287,0.00501));
#13644=CARTESIAN_POINT('',(-0.082714903509358,-0.0422845333095647,0.00501));
#13645=CARTESIAN_POINT('',(-0.082714903509358,-0.0422845333095647,0.00651));
#13646=CARTESIAN_POINT('',(-0.0788115276924847,-0.0518575773234104,0.00651));
#13647=CARTESIAN_POINT('',(-0.0788115276924847,-0.0518575773234104,0.00501));
#13648=CARTESIAN_POINT('',(-0.0749081518756114,-0.0614306213372561,0.00501));
#13649=CARTESIAN_POINT('',(-0.0749081518756114,-0.0614306213372561,0.00651));
#13650=CARTESIAN_POINT('',(-0.073056186702998,-0.0606754888989203,0.00651));
#13651=CARTESIAN_POINT('',(-0.073056186702998,-0.0606754888989203,0.00501));
#13652=CARTESIAN_POINT('',(-0.0727859640429211,-0.0626571497462858,0.00501));
#13653=CARTESIAN_POINT('',(-0.0727859640429211,-0.0626571497462858,0.00651));
#13654=CARTESIAN_POINT('',(-0.0291319574127553,-0.0567044147915115,0.00651));
#13655=CARTESIAN_POINT('',(-0.0291319574127553,-0.0567044147915115,0.00501));
#13656=CARTESIAN_POINT('',(0.0145220492174103,-0.0507516798367372,0.00501));
#13657=CARTESIAN_POINT('',(0.0145220492174103,-0.0507516798367372,0.00651));
#13658=CARTESIAN_POINT('',(0.0142518265573333,-0.0487700189893719,0.00651));
#13659=CARTESIAN_POINT('',(0.0142518265573333,-0.0487700189893719,0.00501));
#13660=CARTESIAN_POINT('',(0.0154165313672131,-0.0503958918951805,0.00501));
#13661=CARTESIAN_POINT('',(0.0154165313672131,-0.0503958918951805,0.00651));
#13662=CARTESIAN_POINT('',(0.0225229995305922,-0.0453051264229383,0.00651));
#13663=CARTESIAN_POINT('',(0.0225229995305922,-0.0453051264229383,0.00501));
#13664=CARTESIAN_POINT('',(0.0296294676939712,-0.0402143609506962,0.00501));
#13665=CARTESIAN_POINT('',(0.0296294676939712,-0.0402143609506962,0.00651));
#13666=CARTESIAN_POINT('',(0.030794172503851,-0.0418402338565048,0.00651));
#13667=CARTESIAN_POINT('',(0.030794172503851,-0.0418402338565048,0.00501));
#13668=CARTESIAN_POINT('',(0.0308071966354349,-0.0398402762639554,0.00501));
#13669=CARTESIAN_POINT('',(0.0308071966354349,-0.0398402762639554,0.00651));
#13670=CARTESIAN_POINT('',(0.057946428251925,-0.040017012473251,0.00651));
#13671=CARTESIAN_POINT('',(0.057946428251925,-0.040017012473251,0.00501));
#13672=CARTESIAN_POINT('',(0.0850856598684151,-0.0401937486825467,0.00501));
#13673=CARTESIAN_POINT('',(0.0850856598684151,-0.0401937486825467,0.00651));
#13674=CARTESIAN_POINT('',(0.085098683999999,-0.0381937910899971,0.00651));
#13675=CARTESIAN_POINT('',(0.085098683999999,-0.0381937910899971,0.00501));
#13676=CARTESIAN_POINT('',(0.087098683999999,-0.0381937910899971,0.00501));
#13677=CARTESIAN_POINT('',(0.087098683999999,-0.0381937910899971,0.00651));
#13678=CARTESIAN_POINT('',(0.087098683999999,-0.0220720053901495,0.00651));
#13679=CARTESIAN_POINT('',(0.087098683999999,-0.0220720053901495,0.00501));
#13680=CARTESIAN_POINT('',(0.087098683999999,-0.00595021969030182,0.00501));
#13681=CARTESIAN_POINT('',(0.087098683999999,-0.00595021969030182,0.00651));
#13682=CARTESIAN_POINT('',(0.0850986839999991,-0.00595021969030175,0.00651));
#13683=CARTESIAN_POINT('',(0.0850986839999991,-0.00595021969030175,0.00501));
#13684=CARTESIAN_POINT('',(0.0867273024392498,-0.00478935708890066,0.00501));
#13685=CARTESIAN_POINT('',(0.0867273024392498,-0.00478935708890066,0.00651));
#13686=CARTESIAN_POINT('',(0.084348683999999,-0.0014523025180753,0.00651));
#13687=CARTESIAN_POINT('',(0.084348683999999,-0.0014523025180753,0.00501));
#13688=CARTESIAN_POINT('',(0.0819700655607481,0.00188475205274998,0.00501));
#13689=CARTESIAN_POINT('',(0.0819700655607481,0.00188475205274998,0.00651));
#13690=CARTESIAN_POINT('',(0.083598683999999,0.00304561465415121,0.00651));
#13691=CARTESIAN_POINT('',(0.083598683999999,0.00304561465415121,0.00501));
#13692=CARTESIAN_POINT('',(0.0815986839999992,0.00304561465415121,0.00501));
#13693=CARTESIAN_POINT('',(0.0815986839999992,0.00304561465415121,0.00651));
#13694=CARTESIAN_POINT('',(0.081598683999999,0.00829617074471833,0.00651));
#13695=CARTESIAN_POINT('',(0.081598683999999,0.00829617074471833,0.00501));
#13696=CARTESIAN_POINT('',(0.081598683999999,0.0135467268352854,0.00501));
#13697=CARTESIAN_POINT('',(0.081598683999999,0.0135467268352854,0.00651));
#13698=CARTESIAN_POINT('',(0.079598683999999,0.0135467268352854,0.00651));
#13699=CARTESIAN_POINT('',(0.079598683999999,0.0135467268352854,0.00501));
#13700=CARTESIAN_POINT('',(0.0812400867929865,0.0146894415289744,0.00501));
#13701=CARTESIAN_POINT('',(0.0812400867929865,0.0146894415289744,0.00651));
#13702=CARTESIAN_POINT('',(0.0792991675425325,0.0174773905211885,0.00651));
#13703=CARTESIAN_POINT('',(0.0792991675425325,0.0174773905211885,0.00501));
#13704=CARTESIAN_POINT('',(0.0773582482920785,0.0202653395134025,0.00501));
#13705=CARTESIAN_POINT('',(0.0773582482920785,0.0202653395134025,0.00651));
#13706=CARTESIAN_POINT('',(0.0789996510850659,0.0214080542070915,0.00651));
#13707=CARTESIAN_POINT('',(0.0789996510850659,0.0214080542070915,0.00501));
#13708=CARTESIAN_POINT('',(0.0769998263305933,0.0213815787203557,0.00501));
#13709=CARTESIAN_POINT('',(0.0769998263305933,0.0213815787203557,0.00651));
#13710=CARTESIAN_POINT('',(0.0767927121746274,0.0370259376035463,0.00651));
#13711=CARTESIAN_POINT('',(0.0767927121746274,0.0370259376035463,0.00501));
#13712=CARTESIAN_POINT('',(0.0765855980186617,0.0526702964867369,0.00501));
#13713=CARTESIAN_POINT('',(0.0765855980186617,0.0526702964867369,0.00651));
#13714=CARTESIAN_POINT('',(0.0745857732641889,0.0526438210000011,0.00651));
#13715=CARTESIAN_POINT('',(0.0745857732641889,0.0526438210000011,0.00501));
#13716=CARTESIAN_POINT('',(0.0745857732641889,0.0546438210000011,0.00501));
#13717=CARTESIAN_POINT('',(0.0745857732641889,0.0546438210000011,0.00651));
#13718=CARTESIAN_POINT('',(0.0568685800079483,0.0546438210000011,0.00651));
#13719=CARTESIAN_POINT('',(0.0568685800079483,0.0546438210000011,0.00501));
#13720=CARTESIAN_POINT('',(0.0391513867517077,0.0546438210000011,0.00501));
#13721=CARTESIAN_POINT('',(0.0391513867517077,0.0546438210000011,0.00651));
#13722=CARTESIAN_POINT('',(0.0391513867517077,0.0566438210000009,0.00651));
#13723=CARTESIAN_POINT('',(0.0391513867517077,0.0566438210000009,0.00501));
#13724=CARTESIAN_POINT('',(0.0384252208153458,0.0547803073743822,0.00501));
#13725=CARTESIAN_POINT('',(0.0384252208153458,0.0547803073743822,0.00651));
#13726=CARTESIAN_POINT('',(0.0282258177708724,0.0587547666755111,0.00651));
#13727=CARTESIAN_POINT('',(0.0282258177708724,0.0587547666755111,0.00501));
#13728=CARTESIAN_POINT('',(0.0180264147263991,0.0627292259766402,0.00501));
#13729=CARTESIAN_POINT('',(0.0180264147263991,0.0627292259766402,0.00651));
#13730=CARTESIAN_POINT('',(0.0173002487900373,0.0608657123510213,0.00651));
#13731=CARTESIAN_POINT('',(0.0173002487900373,0.0608657123510213,0.00501));
#13732=CARTESIAN_POINT('',(0.017256780810796,0.0628652399289207,0.00501));
#13733=CARTESIAN_POINT('',(0.017256780810796,0.0628652399289207,0.00651));
#13734=CARTESIAN_POINT('',(-0.0164296882118185,0.0621329255800872,0.00651));
#13735=CARTESIAN_POINT('',(-0.0164296882118185,0.0621329255800872,0.00501));
#13736=CARTESIAN_POINT('',(-0.050116157234433,0.0614006112312537,0.00501));
#13737=CARTESIAN_POINT('',(-0.050116157234433,0.0614006112312537,0.00651));
#13738=CARTESIAN_POINT('',(-0.0500726892551918,0.0594010836533542,0.00651));
#13739=CARTESIAN_POINT('',(-0.0500726892551918,0.0594010836533542,0.00501));
#13740=CARTESIAN_POINT('',(-0.0513481812118742,0.0609415771679262,0.00501));
#13741=CARTESIAN_POINT('',(-0.0513481812118742,0.0609415771679262,0.00651));
#13742=CARTESIAN_POINT('',(-0.0547046153154506,0.0581625296342951,0.00651));
#13743=CARTESIAN_POINT('',(-0.0547046153154506,0.0581625296342951,0.00501));
#13744=CARTESIAN_POINT('',(-0.058061049419027,0.0553834821006639,0.00501));
#13745=CARTESIAN_POINT('',(-0.058061049419027,0.0553834821006639,0.00651));
#13746=CARTESIAN_POINT('',(-0.0593365413757094,0.056923975615236,0.00651));
#13747=CARTESIAN_POINT('',(-0.0593365413757094,0.056923975615236,0.00501));
#13748=CARTESIAN_POINT('',(-0.0720295262204325,0.0545978570677481,0.00651));
#13749=CARTESIAN_POINT('',(-0.0739295724437093,0.0545491379273391,0.00576));
#13750=CARTESIAN_POINT('',(-0.0739295724437093,0.0545491379273391,0.00501));
#13751=CARTESIAN_POINT('',(-0.0720295262204325,0.0545978570677481,0.00501));
#13752=CARTESIAN_POINT('',(-0.0847737762735536,0.0542710813819045,0.00501));
#13753=CARTESIAN_POINT('',(-0.0847737762735536,0.0542710813819045,0.00651));
#13754=CARTESIAN_POINT('',(-0.0847225110651555,0.0522717385202602,0.00651));
#13755=CARTESIAN_POINT('',(-0.0847225110651555,0.0522717385202602,0.00501));
#13756=CARTESIAN_POINT('',(-0.0867224893560925,0.0522810570920775,0.00501));
#13757=CARTESIAN_POINT('',(-0.0867224893560925,0.0522810570920775,0.00651));
#13758=CARTESIAN_POINT('',(-0.0868599139878192,0.0227865931889931,0.00651));
#13759=CARTESIAN_POINT('',(-0.0868599139878192,0.0227865931889931,0.00501));
#13760=CARTESIAN_POINT('',(-0.0869973386195459,-0.00670787071409135,0.00501));
#13761=CARTESIAN_POINT('',(-0.0869973386195459,-0.00670787071409135,0.00651));
#13762=CARTESIAN_POINT('',(-0.039774004659411,0.0548012557810793,0.00651));
#13763=CARTESIAN_POINT('',(-0.039774004659411,0.0548012557810793,0.00501));
#13764=CARTESIAN_POINT('',(-0.0380240046594109,0.0548012557810793,0.00501));
#13765=CARTESIAN_POINT('',(-0.082980440462854,0.0505658318181332,0.00651));
#13766=CARTESIAN_POINT('',(-0.082980440462854,0.0505658318181332,0.00501));
#13767=CARTESIAN_POINT('',(-0.081230440462854,0.0505658318181332,0.00501));
#13768=CARTESIAN_POINT('',(-0.0725583946050871,-0.0565704893191654,0.00651));
#13769=CARTESIAN_POINT('',(-0.0725583946050871,-0.0565704893191654,0.00501));
#13770=CARTESIAN_POINT('',(-0.0708083946050871,-0.0565704893191654,0.00501));
#13771=CARTESIAN_POINT('',(0.00814341322115196,-0.0288873074655008,0.00651));
#13772=CARTESIAN_POINT('',(0.00814341322115196,-0.0288873074655008,0.00501));
#13773=CARTESIAN_POINT('',(0.00989341322115196,-0.0288873074655008,0.00501));
#13774=CARTESIAN_POINT('',(0.081098683999999,-0.0338366368056148,0.00651));
#13775=CARTESIAN_POINT('',(0.081098683999999,-0.0338366368056148,0.00501));
#13776=CARTESIAN_POINT('',(0.082848683999999,-0.0338366368056148,0.00501));
#13777=CARTESIAN_POINT('',(0.0710142657285371,0.0486438209999997,0.00651));
#13778=CARTESIAN_POINT('',(0.0710142657285371,0.0486438209999997,0.00501));
#13779=CARTESIAN_POINT('',(0.0727642657285371,0.0486438209999997,0.00501));
#13780=CARTESIAN_POINT('',(-0.0541976267067204,-0.038756627518809,0.00651));
#13781=CARTESIAN_POINT('',(-0.0541976267067204,-0.038756627518809,0.00501));
#13782=CARTESIAN_POINT('',(-0.0274933032428735,-0.0332573527324221,0.00651));
#13783=CARTESIAN_POINT('',(-0.0274933032428735,-0.0332573527324221,0.00501));
#13784=CARTESIAN_POINT('',(-0.00759474369370056,-0.029525715256718,0.00651));
#13785=CARTESIAN_POINT('',(-0.00759474369370056,-0.029525715256718,0.00501));
#13786=CARTESIAN_POINT('',(-0.0422901983162088,-0.0126993576481812,0.00651));
#13787=CARTESIAN_POINT('',(-0.0422901983162088,-0.0126993576481812,0.00501));
#13788=CARTESIAN_POINT('',(-0.0427788233162088,0.00641497635181878,0.00651));
#13789=CARTESIAN_POINT('',(-0.0427788233162088,0.00641497635181878,0.00501));
#13790=CARTESIAN_POINT('',(-0.0428612273162088,0.0255293093518188,0.00651));
#13791=CARTESIAN_POINT('',(-0.0428612273162088,0.0255293093518188,0.00501));
#13792=CARTESIAN_POINT('',(-0.0433982713162088,0.0445882743518188,0.00651));
#13793=CARTESIAN_POINT('',(-0.0433982713162088,0.0445882743518188,0.00501));
#13794=CARTESIAN_POINT('',(-0.0219087816937005,-0.00868431425671799,0.00651));
#13795=CARTESIAN_POINT('',(-0.0219087816937005,-0.00868431425671799,0.00501));
#13796=CARTESIAN_POINT('',(-0.0224270306937005,0.010365279743282,0.00651));
#13797=CARTESIAN_POINT('',(-0.0224270306937005,0.010365279743282,0.00501));
#13798=CARTESIAN_POINT('',(-0.0229866436937005,0.0293891727432821,0.00651));
#13799=CARTESIAN_POINT('',(-0.0229866436937005,0.0293891727432821,0.00501));
#13800=CARTESIAN_POINT('',(-0.0239836436937005,0.048413065743282,0.00651));
#13801=CARTESIAN_POINT('',(-0.0239836436937005,0.048413065743282,0.00501));
#13802=CARTESIAN_POINT('',(-0.00218073947691743,-0.00396650521086633,0.00651));
#13803=CARTESIAN_POINT('',(-0.00218073947691743,-0.00396650521086633,0.00501));
#13804=CARTESIAN_POINT('',(-0.00284557447691743,0.0150718897891337,0.00651));
#13805=CARTESIAN_POINT('',(-0.00284557447691743,0.0150718897891337,0.00501));
#13806=CARTESIAN_POINT('',(-0.00351040947691744,0.0341102857891337,0.00651));
#13807=CARTESIAN_POINT('',(-0.00351040947691744,0.0341102857891337,0.00501));
#13808=CARTESIAN_POINT('',(-0.00417524547691741,0.0531486807891337,0.00651));
#13809=CARTESIAN_POINT('',(-0.00417524547691741,0.0531486807891337,0.00501));
#13810=CARTESIAN_POINT('',(0.0175955791549391,-0.00752722413390526,0.00651));
#13811=CARTESIAN_POINT('',(0.0175955791549391,-0.00752722413390526,0.00501));
#13812=CARTESIAN_POINT('',(0.017263111154939,0.0115198748660947,0.00651));
#13813=CARTESIAN_POINT('',(0.017263111154939,0.0115198748660947,0.00501));
#13814=CARTESIAN_POINT('',(0.016930643154939,0.0305669738660948,0.00651));
#13815=CARTESIAN_POINT('',(0.016930643154939,0.0305669738660948,0.00501));
#13816=CARTESIAN_POINT('',(0.0165981741549391,0.0496140718660948,0.00651));
#13817=CARTESIAN_POINT('',(0.0165981741549391,0.0496140718660948,0.00501));
#13818=CARTESIAN_POINT('',(0.037560722,-0.01140625,0.00651));
#13819=CARTESIAN_POINT('',(0.037560722,-0.01140625,0.00501));
#13820=CARTESIAN_POINT('',(0.063754472,-0.01140625,0.00651));
#13821=CARTESIAN_POINT('',(0.063754472,-0.01140625,0.00501));
#13822=CARTESIAN_POINT('',(0.037560722,0.00764375,0.00651));
#13823=CARTESIAN_POINT('',(0.037560722,0.00764375,0.00501));
#13824=CARTESIAN_POINT('',(0.061373222,0.00764375,0.00651));
#13825=CARTESIAN_POINT('',(0.061373222,0.00764375,0.00501));
#13826=CARTESIAN_POINT('',(0.037560722,0.02669375,0.00651));
#13827=CARTESIAN_POINT('',(0.037560722,0.02669375,0.00501));
#13828=CARTESIAN_POINT('',(0.058991972,0.02669375,0.00651));
#13829=CARTESIAN_POINT('',(0.058991972,0.02669375,0.00501));
#13830=CARTESIAN_POINT('',(0.037560722,0.04574375,0.00651));
#13831=CARTESIAN_POINT('',(0.037560722,0.04574375,0.00501));
#13832=CARTESIAN_POINT('',(0.056610722,0.04574375,0.00651));
#13833=CARTESIAN_POINT('',(0.056610722,0.04574375,0.00501));
#13834=CARTESIAN_POINT('',(-0.0859973494740774,-0.00671253,0.00651));
#13835=CARTESIAN_POINT('',(-0.0859973494740774,-0.00671253,0.00501));
#13836=CARTESIAN_POINT('',(0.0310747225698703,0.052349025262517,0.00651));
#13837=CARTESIAN_POINT('',(0.0310747225698703,0.052349025262517,0.00501));
#13838=CARTESIAN_POINT('',(0.0328247225698703,0.052349025262517,0.00501));
#13839=CARTESIAN_POINT('',(1.9125924010932E-6,-4.214691779246E-5,0.00501));
#13840=CARTESIAN_POINT('',(-0.0717219349700441,0.0426017998978825,0.00501));
#13841=CARTESIAN_POINT('',(-0.0736219811933209,0.0425530807574735,0.00501));
#13842=CARTESIAN_POINT('',(-0.0636252668850995,0.0428094067994638,0.00501));
#13843=CARTESIAN_POINT('',(-0.0636252668850995,0.0428094067994638,0.00501));
#13844=CARTESIAN_POINT('',(-0.0736219811933209,0.0425530807574735,0.00501));
#13845=CARTESIAN_POINT('',(-0.0736219811933209,0.0425530807574735,0.00576));
#13846=CARTESIAN_POINT('',(-0.0736219811933209,0.0425530807574735,0.00576));
#13847=CARTESIAN_POINT('',(-0.0636252668850995,0.0428094067994638,0.00576));
#13848=CARTESIAN_POINT('',(-0.0636252668850995,0.0428094067994638,0.00576));
#13849=CARTESIAN_POINT('',(-0.0717219349700441,0.0426017998978825,0.00576));
#13850=CARTESIAN_POINT('',(0.,0.,0.));
#13851=CARTESIAN_POINT('',(1.9125924010932E-6,-4.21469177924877E-5,0.00501));
#13852=CARTESIAN_POINT('',(-0.075940016235235,-0.0657617659481994,0.00501));
#13853=CARTESIAN_POINT('',(-0.074190016235235,-0.0657617659481994,0.00501));
#13854=CARTESIAN_POINT('',(-0.0167723682970355,0.0653767754827273,0.00501));
#13855=CARTESIAN_POINT('',(-0.0150223682970355,0.0653767754827273,0.00501));
#13856=CARTESIAN_POINT('',(0.0788122341778298,0.0572938210000011,0.00501));
#13857=CARTESIAN_POINT('',(0.0805622341778298,0.0572938210000011,0.00501));
#13858=CARTESIAN_POINT('',(0.089748683999999,-0.04248550096602,0.00501));
#13859=CARTESIAN_POINT('',(0.091498683999999,-0.04248550096602,0.00501));
#13860=CARTESIAN_POINT('',(0.0160744719447901,-0.053799413428082,0.00501));
#13861=CARTESIAN_POINT('',(0.0178244719447901,-0.053799413428082,0.00501));
#13862=CARTESIAN_POINT('',(-0.0854086274491461,0.0123280775885921,0.00501));
#13863=CARTESIAN_POINT('',(-0.0855856030917262,-0.0256549363458059,0.00501));
#13864=CARTESIAN_POINT('',(-0.0855924891454685,-0.0271328407140913,0.00501));
#13865=CARTESIAN_POINT('',(-0.0850856085189919,-0.0256572659887603,0.00501));
#13866=CARTESIAN_POINT('',(-0.0930855216827399,-0.0256199917014912,0.00501));
#13867=CARTESIAN_POINT('',(-0.09290183404092,0.0138035705306033,0.00501));
#13868=CARTESIAN_POINT('',(-0.0930948045425394,-0.0276123053779577,0.00501));
#13869=CARTESIAN_POINT('',(-0.0880948588151973,-0.027635601807501,0.00501));
#13870=CARTESIAN_POINT('',(-0.0928900592665542,-0.0290519536816134,0.00501));
#13871=CARTESIAN_POINT('',(-0.0906914038063634,-0.0364957209034361,0.00501));
#13872=CARTESIAN_POINT('',(-0.0884927483461726,-0.0439394881252588,0.00501));
#13873=CARTESIAN_POINT('',(-0.0836975478949517,-0.0425231362511865,0.00501));
#13874=CARTESIAN_POINT('',(-0.0883274608263534,-0.0444109673469723,0.00501));
#13875=CARTESIAN_POINT('',(-0.0839565906331398,-0.0551305430940899,0.00501));
#13876=CARTESIAN_POINT('',(-0.0795857204399263,-0.0658501188412074,0.00501));
#13877=CARTESIAN_POINT('',(-0.0749558075083927,-0.063962287745368,0.00501));
#13878=CARTESIAN_POINT('',(-0.0742802508582003,-0.0689164398637815,0.00501));
#13879=CARTESIAN_POINT('',(-0.0291052546327073,-0.0627563001682086,0.00501));
#13880=CARTESIAN_POINT('',(0.0160697415927858,-0.0565961604726357,0.00501));
#13881=CARTESIAN_POINT('',(0.0153941849425934,-0.0516420083542221,0.00501));
#13882=CARTESIAN_POINT('',(0.018305946967293,-0.055706690618744,0.00501));
#13883=CARTESIAN_POINT('',(0.0245265169015936,-0.0512505442023857,0.00501));
#13884=CARTESIAN_POINT('',(0.0307470868358942,-0.0467943977860275,0.00501));
#13885=CARTESIAN_POINT('',(0.0336588488605937,-0.0508590800505494,0.00501));
#13886=CARTESIAN_POINT('',(0.0336914091895534,-0.0458591860691755,0.00501));
#13887=CARTESIAN_POINT('',(0.0608787664302963,-0.0460362356823479,0.00501));
#13888=CARTESIAN_POINT('',(0.0880661236710393,-0.0462132852955203,0.00501));
#13889=CARTESIAN_POINT('',(0.088098683999999,-0.0412133913141464,0.00501));
#13890=CARTESIAN_POINT('',(0.093098683999999,-0.0412133913141464,0.00501));
#13891=CARTESIAN_POINT('',(0.093098683999999,-0.0231019275731297,0.00501));
#13892=CARTESIAN_POINT('',(0.093098683999999,-0.00499046383211282,0.00501));
#13893=CARTESIAN_POINT('',(0.0880986839999991,-0.00499046383211282,0.00501));
#13894=CARTESIAN_POINT('',(0.0921702300981262,-0.00208830732860974,0.00501));
#13895=CARTESIAN_POINT('',(0.090348683999999,0.000467209198302714,0.00501));
#13896=CARTESIAN_POINT('',(0.0885271379018718,0.00302272572521517,0.00501));
#13897=CARTESIAN_POINT('',(0.092598683999999,0.00592488222871825,0.00501));
#13898=CARTESIAN_POINT('',(0.087598683999999,0.00592488222871825,0.00501));
#13899=CARTESIAN_POINT('',(0.087598683999999,0.0102065220378582,0.00501));
#13900=CARTESIAN_POINT('',(0.087598683999999,0.0144881618469982,0.00501));
#13901=CARTESIAN_POINT('',(0.082598683999999,0.0144881618469982,0.00501));
#13902=CARTESIAN_POINT('',(0.0867021909824678,0.0173449485812207,0.00501));
#13903=CARTESIAN_POINT('',(0.0852805117621062,0.0193870578285435,0.00501));
#13904=CARTESIAN_POINT('',(0.0838588325417445,0.0214291670758662,0.00501));
#13905=CARTESIAN_POINT('',(0.0879623395242134,0.0242859538100887,0.00501));
#13906=CARTESIAN_POINT('',(0.0829627776380314,0.0242197650932492,0.00501));
#13907=CARTESIAN_POINT('',(0.0827543294847683,0.0399648874050449,0.00501));
#13908=CARTESIAN_POINT('',(0.0825458813315053,0.0557100097168405,0.00501));
#13909=CARTESIAN_POINT('',(0.0775463194453233,0.055643821000001,0.00501));
#13910=CARTESIAN_POINT('',(0.0775463194453233,0.0606438210000011,0.00501));
#13911=CARTESIAN_POINT('',(0.0591946497049931,0.0606438210000011,0.00501));
#13912=CARTESIAN_POINT('',(0.0408429799646628,0.0606438210000011,0.00501));
#13913=CARTESIAN_POINT('',(0.0408429799646628,0.0656438210000012,0.00501));
#13914=CARTESIAN_POINT('',(0.0390275651237581,0.0609850369359536,0.00501));
#13915=CARTESIAN_POINT('',(0.0293377878865228,0.0647609074548921,0.00501));
#13916=CARTESIAN_POINT('',(0.0196480106492875,0.0685367779738306,0.00501));
#13917=CARTESIAN_POINT('',(0.0178325958083826,0.0638779939097828,0.00501));
#13918=CARTESIAN_POINT('',(0.0177239258602798,0.0688768128545319,0.00501));
#13919=CARTESIAN_POINT('',(-0.0167832352918459,0.0681266573772022,0.00501));
#13920=CARTESIAN_POINT('',(-0.0512903964439715,0.0673765018998724,0.00501));
#13921=CARTESIAN_POINT('',(-0.0511817264958686,0.0623776829551239,0.00501));
#13922=CARTESIAN_POINT('',(-0.0543704563875744,0.0662289167415538,0.00501));
#13923=CARTESIAN_POINT('',(-0.0569302616817368,0.064109458897368,0.00501));
#13924=CARTESIAN_POINT('',(-0.0594900669758991,0.0619900010531822,0.00501));
#13925=CARTESIAN_POINT('',(-0.0626787968676051,0.0658412348396123,0.00501));
#13926=CARTESIAN_POINT('',(-0.0625506338466099,0.0608428776855017,0.00501));
#13927=CARTESIAN_POINT('',(-0.0751938573397816,0.0605186924246166,0.00501));
#13928=CARTESIAN_POINT('',(-0.0640866537606821,0.0608034925542622,0.00501));
#13929=CARTESIAN_POINT('',(-0.0634458386557063,0.0358117067837089,0.00501));
#13930=CARTESIAN_POINT('',(-0.0638944092291894,0.0533059568230962,0.00501));
#13931=CARTESIAN_POINT('',(-0.0713164568398801,0.0531156478846936,0.00501));
#13932=CARTESIAN_POINT('',(-0.058382504468206,0.0534472877331982,0.00501));
#13933=CARTESIAN_POINT('',(-0.058408137072405,0.0544469591640203,0.00501));
#13934=CARTESIAN_POINT('',(-0.057770391094064,0.0536767124067344,0.00501));
#13935=CARTESIAN_POINT('',(-0.054147993393742,0.0566759714668731,0.00501));
#13936=CARTESIAN_POINT('',(-0.0505255956934202,0.0596752305270119,0.00501));
#13937=CARTESIAN_POINT('',(-0.0498878497150789,0.0589049837697258,0.00501));
#13938=CARTESIAN_POINT('',(-0.0499095837046996,0.0599047475586755,0.00501));
#13939=CARTESIAN_POINT('',(-0.0163598967036703,0.0606340883860932,0.00501));
#13940=CARTESIAN_POINT('',(0.0171897902973591,0.0613634292135106,0.00501));
#13941=CARTESIAN_POINT('',(0.0172115242869797,0.0603636654245612,0.00501));
#13942=CARTESIAN_POINT('',(0.0175746072551605,0.0612954222373704,0.00501));
#13943=CARTESIAN_POINT('',(0.0279465120175443,0.057253743212281,0.00501));
#13944=CARTESIAN_POINT('',(0.0383184167799281,0.0532120641871916,0.00501));
#13945=CARTESIAN_POINT('',(0.038681499748109,0.0541438210000012,0.00501));
#13946=CARTESIAN_POINT('',(0.0386814997481089,0.0531438210000011,0.00501));
#13947=CARTESIAN_POINT('',(0.0563869243243878,0.0531438210000011,0.00501));
#13948=CARTESIAN_POINT('',(0.0740923489006666,0.0531438210000011,0.00501));
#13949=CARTESIAN_POINT('',(0.0740923489006666,0.0521438210000012,0.00501));
#13950=CARTESIAN_POINT('',(0.0750922612779029,0.0521570587433691,0.00501));
#13951=CARTESIAN_POINT('',(0.0753011821540957,0.0363762293253523,0.00501));
#13952=CARTESIAN_POINT('',(0.0755101030302886,0.0205953999073355,0.00501));
#13953=CARTESIAN_POINT('',(0.0765100154075249,0.0206086376507035,0.00501));
#13954=CARTESIAN_POINT('',(0.0756893140110313,0.020037280303859,0.00501));
#13955=CARTESIAN_POINT('',(0.077804349703762,0.0169992293253518,0.00501));
#13956=CARTESIAN_POINT('',(0.0799193853964928,0.0139611783468444,0.00501));
#13957=CARTESIAN_POINT('',(0.0790986839999992,0.0133898210000001,0.00501));
#13958=CARTESIAN_POINT('',(0.080098683999999,0.013389821,0.00501));
#13959=CARTESIAN_POINT('',(0.080098683999999,0.00781781955283018,0.00501));
#13960=CARTESIAN_POINT('',(0.080098683999999,0.00224581810566034,0.00501));
#13961=CARTESIAN_POINT('',(0.0810986839999989,0.00224581810566034,0.00501));
#13962=CARTESIAN_POINT('',(0.0802843747803735,0.0016653868049598,0.00501));
#13963=CARTESIAN_POINT('',(0.082848683999999,-0.00193218044716981,0.00501));
#13964=CARTESIAN_POINT('',(0.0854129932196245,-0.00552974769929943,0.00501));
#13965=CARTESIAN_POINT('',(0.0845986839999991,-0.006110179,0.00501));
#13966=CARTESIAN_POINT('',(0.085598683999999,-0.006110179,0.00501));
#13967=CARTESIAN_POINT('',(0.085598683999999,-0.0219003516929861,0.00501));
#13968=CARTESIAN_POINT('',(0.085598683999999,-0.0376905243859723,0.00501));
#13969=CARTESIAN_POINT('',(0.0845986839999992,-0.0376905243859724,0.00501));
#13970=CARTESIAN_POINT('',(0.0845921719342072,-0.038690503182247,0.00501));
#13971=CARTESIAN_POINT('',(0.0572985565357108,-0.038512761594288,0.00501));
#13972=CARTESIAN_POINT('',(0.0300049411372144,-0.0383350200063288,0.00501));
#13973=CARTESIAN_POINT('',(0.0299984290714225,-0.0393349988026035,0.00501));
#13974=CARTESIAN_POINT('',(0.0294160766664826,-0.0385220623496993,0.00501));
#13975=CARTESIAN_POINT('',(0.0220299312822729,-0.0438131764489169,0.00501));
#13976=CARTESIAN_POINT('',(0.0146437858980632,-0.0491042905481345,0.00501));
#13977=CARTESIAN_POINT('',(0.0140614334931234,-0.0482913540952304,0.00501));
#13978=CARTESIAN_POINT('',(0.0141965448231618,-0.0492821845189128,0.00501));
#13979=CARTESIAN_POINT('',(-0.0292039635411161,-0.0552003520168873,0.00501));
#13980=CARTESIAN_POINT('',(-0.0726044719053939,-0.0611185195148617,0.00501));
#13981=CARTESIAN_POINT('',(-0.0727395832354323,-0.0601276890911791,0.00501));
#13982=CARTESIAN_POINT('',(-0.0736655658217389,-0.060505255310347,0.00501));
#13983=CARTESIAN_POINT('',(-0.0774910259092224,-0.0511232999187127,0.00501));
#13984=CARTESIAN_POINT('',(-0.0813164859967058,-0.0417413445270784,0.00501));
#13985=CARTESIAN_POINT('',(-0.0803905034103964,-0.0413637783079099,0.00501));
#13986=CARTESIAN_POINT('',(-0.0813495435006706,-0.0416470486827331,0.00501));
#13987=CARTESIAN_POINT('',(-0.083450541795471,-0.0345339095287778,0.00501));
#13988=CARTESIAN_POINT('',(-0.0855515400902715,-0.0274207703748224,0.00501));
#13989=CARTESIAN_POINT('',(-0.0845925,-0.0271375,0.00501));
#13990=CARTESIAN_POINT('',(-0.0713164568398801,0.0531156478846936,0.00501));
#13991=CARTESIAN_POINT('',(-0.0638944092291894,0.0533059568230962,0.00501));
#13992=CARTESIAN_POINT('',(-0.0638944092291894,0.0533059568230962,0.00238046497426927));
#13993=CARTESIAN_POINT('',(-0.0648940806600115,0.0532803242188972,0.00238046497426927));
#13994=CARTESIAN_POINT('',(-0.0648940806600115,0.0532803242188972,0.00138046497426927));
#13995=CARTESIAN_POINT('',(-0.0713164568398801,0.0531156478846936,0.00138046497426927));
#13996=CARTESIAN_POINT('',(-0.0728914521065886,0.0530752633853049,0.00138046497426927));
#13997=CARTESIAN_POINT('',(-0.0728914521065886,0.0530752633853049,0.00238046497426927));
#13998=CARTESIAN_POINT('',(-0.0738911235374107,0.0530496307811059,0.00238046497426927));
#13999=CARTESIAN_POINT('',(-0.0738911235374107,0.0530496307811059,0.00501));
#14000=CARTESIAN_POINT('',(-0.0738911235374107,0.0530496307811059,0.00501));
#14001=CARTESIAN_POINT('',(-0.0713164568398801,0.0531156478846936,0.00501));
#14002=CARTESIAN_POINT('',(-0.0842504092115541,0.0527840080361889,0.00501));
#14003=CARTESIAN_POINT('',(-0.0842504092115541,0.0527840080361889,0.00501));
#14004=CARTESIAN_POINT('',(-0.0842504092115541,0.0527840080361889,-0.0027));
#14005=CARTESIAN_POINT('',(-0.0713164568398801,0.0531156478846936,-0.0027));
#14006=CARTESIAN_POINT('',(-0.058382504468206,0.0534472877331982,-0.0027));
#14007=CARTESIAN_POINT('',(-0.058382504468206,0.0534472877331982,0.00501));
#14008=CARTESIAN_POINT('',(1.9125924010932E-6,-4.21469177924877E-5,0.00501));
#14009=CARTESIAN_POINT('',(-0.0890115993773595,0.0568132902310907,0.00501));
#14010=CARTESIAN_POINT('',(-0.0872615993773595,0.0568132902310907,0.00501));
#14011=CARTESIAN_POINT('',(-0.0850019563549284,-0.00770360147909362,0.00501));
#14012=CARTESIAN_POINT('',(-0.0855019509276627,-0.0077012718361393,0.00501));
#14013=CARTESIAN_POINT('',(-0.0930018695186764,-0.00766632719182446,0.00501));
#14014=CARTESIAN_POINT('',(-0.0854086274491461,0.0123280775885921,0.00501));
#14015=CARTESIAN_POINT('',(-0.0852247657528236,0.0517889958912754,0.00501));
#14016=CARTESIAN_POINT('',(-0.0842247766073551,0.0517843366053668,0.00501));
#14017=CARTESIAN_POINT('',(-0.0734425529639276,0.0355553807417185,0.00501));
#14018=CARTESIAN_POINT('',(-0.0740833680689035,0.0605471665122719,0.00501));
#14019=CARTESIAN_POINT('',(-0.0751938573397816,0.0605186924246166,0.00501));
#14020=CARTESIAN_POINT('',(-0.0878370808329534,0.0601945071637316,0.00501));
#14021=CARTESIAN_POINT('',(-0.0877089178119582,0.0551961500096209,0.00501));
#14022=CARTESIAN_POINT('',(-0.0927088635393007,0.0552194464391642,0.00501));
#14023=CARTESIAN_POINT('',(-0.09290183404092,0.0138035705306033,0.00501));
#14024=CARTESIAN_POINT('',(0.0608787664302963,-0.0460362356823479,-0.0067));
#14025=CARTESIAN_POINT('',(0.0336914091895534,-0.0458591860691755,-0.0067));
#14026=CARTESIAN_POINT('',(0.0336914091895534,-0.0458591860691755,-0.0062));
#14027=CARTESIAN_POINT('',(0.0880661236710393,-0.0462132852955203,-0.0062));
#14028=CARTESIAN_POINT('',(0.0880661236710393,-0.0462132852955203,-0.0062));
#14029=CARTESIAN_POINT('',(0.0880661236710393,-0.0462132852955203,-0.0067));
#14030=CARTESIAN_POINT('',(0.088098683999999,-0.0412133913141464,-0.0067));
#14031=CARTESIAN_POINT('',(0.088098683999999,-0.0412133913141464,-0.0062));
#14032=CARTESIAN_POINT('',(0.093098683999999,-0.0412133913141464,-0.0062));
#14033=CARTESIAN_POINT('',(0.093098683999999,-0.0412133913141464,-0.0067));
#14034=CARTESIAN_POINT('',(0.093098683999999,-0.0231019275731297,-0.0067));
#14035=CARTESIAN_POINT('',(0.093098683999999,-0.0231019275731297,-0.0062));
#14036=CARTESIAN_POINT('',(0.093098683999999,-0.00499046383211282,-0.0062));
#14037=CARTESIAN_POINT('',(0.093098683999999,-0.00499046383211282,-0.0067));
#14038=CARTESIAN_POINT('',(0.0880986839999991,-0.00499046383211282,-0.0067));
#14039=CARTESIAN_POINT('',(0.0880986839999991,-0.00499046383211282,-0.0062));
#14040=CARTESIAN_POINT('',(0.0921702300981262,-0.00208830732860974,-0.0062));
#14041=CARTESIAN_POINT('',(0.0921702300981262,-0.00208830732860974,-0.0067));
#14042=CARTESIAN_POINT('',(0.090348683999999,0.000467209198302714,-0.0067));
#14043=CARTESIAN_POINT('',(0.090348683999999,0.000467209198302714,-0.0062));
#14044=CARTESIAN_POINT('',(0.0885271379018718,0.00302272572521517,-0.0062));
#14045=CARTESIAN_POINT('',(0.0885271379018718,0.00302272572521517,-0.0067));
#14046=CARTESIAN_POINT('',(0.092598683999999,0.00592488222871825,-0.0067));
#14047=CARTESIAN_POINT('',(0.092598683999999,0.00592488222871825,-0.0062));
#14048=CARTESIAN_POINT('',(0.087598683999999,0.00592488222871825,-0.0062));
#14049=CARTESIAN_POINT('',(0.087598683999999,0.00592488222871825,-0.0067));
#14050=CARTESIAN_POINT('',(0.087598683999999,0.0102065220378582,-0.0067));
#14051=CARTESIAN_POINT('',(0.087598683999999,0.0102065220378582,-0.0062));
#14052=CARTESIAN_POINT('',(0.087598683999999,0.0144881618469982,-0.0062));
#14053=CARTESIAN_POINT('',(0.087598683999999,0.0144881618469982,-0.0067));
#14054=CARTESIAN_POINT('',(0.082598683999999,0.0144881618469982,-0.0067));
#14055=CARTESIAN_POINT('',(0.082598683999999,0.0144881618469982,-0.0062));
#14056=CARTESIAN_POINT('',(0.0867021909824678,0.0173449485812207,-0.0062));
#14057=CARTESIAN_POINT('',(0.0867021909824678,0.0173449485812207,-0.0067));
#14058=CARTESIAN_POINT('',(0.0852805117621062,0.0193870578285435,-0.0067));
#14059=CARTESIAN_POINT('',(0.0852805117621062,0.0193870578285435,-0.0062));
#14060=CARTESIAN_POINT('',(0.0838588325417445,0.0214291670758662,-0.0062));
#14061=CARTESIAN_POINT('',(0.0838588325417445,0.0214291670758662,-0.0067));
#14062=CARTESIAN_POINT('',(0.0879623395242134,0.0242859538100887,-0.0067));
#14063=CARTESIAN_POINT('',(0.0879623395242134,0.0242859538100887,-0.0062));
#14064=CARTESIAN_POINT('',(0.0829627776380314,0.0242197650932492,-0.0062));
#14065=CARTESIAN_POINT('',(0.0829627776380314,0.0242197650932492,-0.0067));
#14066=CARTESIAN_POINT('',(0.0827543294847683,0.0399648874050449,-0.0067));
#14067=CARTESIAN_POINT('',(0.0827543294847683,0.0399648874050449,-0.0062));
#14068=CARTESIAN_POINT('',(0.0825458813315053,0.0557100097168405,-0.0062));
#14069=CARTESIAN_POINT('',(0.0825458813315053,0.0557100097168405,-0.0067));
#14070=CARTESIAN_POINT('',(0.0775463194453233,0.055643821000001,-0.0067));
#14071=CARTESIAN_POINT('',(0.0775463194453233,0.055643821000001,-0.0062));
#14072=CARTESIAN_POINT('',(0.0775463194453233,0.0606438210000011,-0.0062));
#14073=CARTESIAN_POINT('',(0.0775463194453233,0.0606438210000011,-0.0067));
#14074=CARTESIAN_POINT('',(0.0591946497049931,0.0606438210000011,-0.0067));
#14075=CARTESIAN_POINT('',(0.0591946497049931,0.0606438210000011,-0.0062));
#14076=CARTESIAN_POINT('',(0.0408429799646628,0.0606438210000011,-0.0062));
#14077=CARTESIAN_POINT('',(0.0408429799646628,0.0606438210000011,-0.0067));
#14078=CARTESIAN_POINT('',(0.0408429799646628,0.0656438210000012,-0.0067));
#14079=CARTESIAN_POINT('',(0.0408429799646628,0.0656438210000012,-0.0062));
#14080=CARTESIAN_POINT('',(0.0390275651237581,0.0609850369359536,-0.0062));
#14081=CARTESIAN_POINT('',(0.0390275651237581,0.0609850369359536,-0.0067));
#14082=CARTESIAN_POINT('',(0.0293377878865228,0.0647609074548921,-0.0067));
#14083=CARTESIAN_POINT('',(0.0293377878865228,0.0647609074548921,-0.0062));
#14084=CARTESIAN_POINT('',(0.0196480106492875,0.0685367779738306,-0.0062));
#14085=CARTESIAN_POINT('',(0.0196480106492875,0.0685367779738306,-0.0067));
#14086=CARTESIAN_POINT('',(0.0178325958083826,0.0638779939097828,-0.0067));
#14087=CARTESIAN_POINT('',(0.0178325958083826,0.0638779939097828,-0.0062));
#14088=CARTESIAN_POINT('',(0.0177239258602798,0.0688768128545319,-0.0062));
#14089=CARTESIAN_POINT('',(0.0177239258602798,0.0688768128545319,-0.0067));
#14090=CARTESIAN_POINT('',(-0.0167832352918459,0.0681266573772022,-0.0067));
#14091=CARTESIAN_POINT('',(-0.0167832352918459,0.0681266573772022,-0.0062));
#14092=CARTESIAN_POINT('',(-0.0512903964439715,0.0673765018998724,-0.0062));
#14093=CARTESIAN_POINT('',(-0.0512903964439715,0.0673765018998724,-0.0067));
#14094=CARTESIAN_POINT('',(-0.0511817264958686,0.0623776829551239,-0.0067));
#14095=CARTESIAN_POINT('',(-0.0511817264958686,0.0623776829551239,-0.0062));
#14096=CARTESIAN_POINT('',(-0.0543704563875744,0.0662289167415538,-0.0062));
#14097=CARTESIAN_POINT('',(-0.0543704563875744,0.0662289167415538,-0.0067));
#14098=CARTESIAN_POINT('',(-0.0569302616817368,0.064109458897368,-0.0067));
#14099=CARTESIAN_POINT('',(-0.0569302616817368,0.064109458897368,-0.0062));
#14100=CARTESIAN_POINT('',(-0.0594900669758991,0.0619900010531822,-0.0062));
#14101=CARTESIAN_POINT('',(-0.0594900669758991,0.0619900010531822,-0.0067));
#14102=CARTESIAN_POINT('',(-0.0626787968676051,0.0658412348396123,-0.0067));
#14103=CARTESIAN_POINT('',(-0.0626787968676051,0.0658412348396123,-0.0062));
#14104=CARTESIAN_POINT('',(-0.0625506338466099,0.0608428776855017,-0.0062));
#14105=CARTESIAN_POINT('',(-0.0625506338466099,0.0608428776855017,-0.0067));
#14106=CARTESIAN_POINT('',(-0.0751938573397816,0.0605186924246166,-0.0067));
#14107=CARTESIAN_POINT('',(-0.0650863251915042,0.0607778599500632,0.00238046497426927));
#14108=CARTESIAN_POINT('',(-0.0640866537606821,0.0608034925542622,0.00238046497426927));
#14109=CARTESIAN_POINT('',(-0.0650863251915042,0.0607778599500632,0.00138046497426927));
#14110=CARTESIAN_POINT('',(-0.0640866537606821,0.0608034925542622,0.00369523248713463));
#14111=CARTESIAN_POINT('',(-0.0751938573397816,0.0605186924246166,-0.0062));
#14112=CARTESIAN_POINT('',(-0.0878370808329534,0.0601945071637316,-0.0062));
#14113=CARTESIAN_POINT('',(-0.0878370808329534,0.0601945071637316,-0.0067));
#14114=CARTESIAN_POINT('',(-0.0740833680689035,0.0605471665122719,0.00369523248713463));
#14115=CARTESIAN_POINT('',(-0.0740833680689035,0.0605471665122719,0.00238046497426927));
#14116=CARTESIAN_POINT('',(-0.0730836966380813,0.0605727991164709,0.00238046497426927));
#14117=CARTESIAN_POINT('',(-0.0730836966380813,0.0605727991164709,0.00138046497426927));
#14118=CARTESIAN_POINT('',(-0.0690850109147928,0.0606753295332671,0.00138046497426927));
#14119=CARTESIAN_POINT('',(-0.0877089178119582,0.0551961500096209,-0.0067));
#14120=CARTESIAN_POINT('',(-0.0877089178119582,0.0551961500096209,-0.0062));
#14121=CARTESIAN_POINT('',(-0.0927088635393007,0.0552194464391642,-0.0062));
#14122=CARTESIAN_POINT('',(-0.0927088635393007,0.0552194464391642,-0.0067));
#14123=CARTESIAN_POINT('',(-0.09290183404092,0.0138035705306033,-0.0067));
#14124=CARTESIAN_POINT('',(-0.0930018695186765,-0.00766632719182446,0.00341));
#14125=CARTESIAN_POINT('',(-0.0930018695186765,-0.00766632719182446,0.00181));
#14126=CARTESIAN_POINT('',(-0.0930948045425394,-0.0276123053779577,-0.0062));
#14127=CARTESIAN_POINT('',(-0.0930948045425394,-0.0276123053779577,-0.0062));
#14128=CARTESIAN_POINT('',(-0.0930948045425394,-0.0276123053779577,-0.0067));
#14129=CARTESIAN_POINT('',(-0.0930855216827399,-0.0256199917014912,0.00341));
#14130=CARTESIAN_POINT('',(-0.0930855216827399,-0.0256199917014912,0.00181));
#14131=CARTESIAN_POINT('',(-0.0930831920397856,-0.0251199971287569,0.00181));
#14132=CARTESIAN_POINT('',(-0.0930831920397856,-0.0251199971287569,0.00131));
#14133=CARTESIAN_POINT('',(-0.0930436956007082,-0.0166431594466578,0.00131));
#14134=CARTESIAN_POINT('',(-0.0930041991616308,-0.0081663217645587,0.00131));
#14135=CARTESIAN_POINT('',(-0.0930041991616308,-0.00816632176455871,0.00181));
#14136=CARTESIAN_POINT('',(-0.0880948588151973,-0.027635601807501,-0.0067));
#14137=CARTESIAN_POINT('',(-0.0880948588151973,-0.027635601807501,-0.0062));
#14138=CARTESIAN_POINT('',(-0.0928900592665542,-0.0290519536816134,-0.0062));
#14139=CARTESIAN_POINT('',(-0.0928900592665542,-0.0290519536816134,-0.0067));
#14140=CARTESIAN_POINT('',(-0.0906914038063634,-0.0364957209034361,-0.0067));
#14141=CARTESIAN_POINT('',(-0.0884927483461725,-0.0439394881252588,-0.0062));
#14142=CARTESIAN_POINT('',(-0.0884927483461726,-0.0439394881252588,-0.0062));
#14143=CARTESIAN_POINT('',(-0.0884927483461726,-0.0439394881252588,-0.0067));
#14144=CARTESIAN_POINT('',(-0.0836975478949517,-0.0425231362511865,-0.0067));
#14145=CARTESIAN_POINT('',(-0.0836975478949517,-0.0425231362511865,-0.0062));
#14146=CARTESIAN_POINT('',(-0.0883274608263534,-0.0444109673469723,-0.0062));
#14147=CARTESIAN_POINT('',(-0.0883274608263534,-0.0444109673469723,-0.0067));
#14148=CARTESIAN_POINT('',(-0.0839565906331398,-0.0551305430940899,-0.0067));
#14149=CARTESIAN_POINT('',(-0.0795857204399263,-0.0658501188412074,-0.0062));
#14150=CARTESIAN_POINT('',(-0.0795857204399263,-0.0658501188412074,-0.0062));
#14151=CARTESIAN_POINT('',(-0.0795857204399263,-0.0658501188412074,-0.0067));
#14152=CARTESIAN_POINT('',(-0.0749558075083927,-0.063962287745368,-0.0067));
#14153=CARTESIAN_POINT('',(-0.0749558075083927,-0.063962287745368,-0.0062));
#14154=CARTESIAN_POINT('',(-0.0742802508582003,-0.0689164398637815,-0.0062));
#14155=CARTESIAN_POINT('',(-0.0742802508582003,-0.0689164398637815,-0.0067));
#14156=CARTESIAN_POINT('',(-0.0291052546327073,-0.0627563001682086,-0.0067));
#14157=CARTESIAN_POINT('',(0.0160697415927858,-0.0565961604726357,-0.0062));
#14158=CARTESIAN_POINT('',(0.0160697415927858,-0.0565961604726357,-0.0062));
#14159=CARTESIAN_POINT('',(0.0160697415927858,-0.0565961604726357,-0.0067));
#14160=CARTESIAN_POINT('',(0.0153941849425934,-0.0516420083542221,-0.0067));
#14161=CARTESIAN_POINT('',(0.0153941849425934,-0.0516420083542221,-0.0062));
#14162=CARTESIAN_POINT('',(0.018305946967293,-0.055706690618744,-0.0062));
#14163=CARTESIAN_POINT('',(0.018305946967293,-0.055706690618744,-0.0067));
#14164=CARTESIAN_POINT('',(0.0245265169015936,-0.0512505442023857,-0.0067));
#14165=CARTESIAN_POINT('',(0.0245265169015936,-0.0512505442023857,-0.0062));
#14166=CARTESIAN_POINT('',(0.0307470868358942,-0.0467943977860275,-0.0062));
#14167=CARTESIAN_POINT('',(0.0307470868358942,-0.0467943977860275,-0.0067));
#14168=CARTESIAN_POINT('',(0.0336588488605937,-0.0508590800505494,-0.0067));
#14169=CARTESIAN_POINT('',(0.0336588488605937,-0.0508590800505494,-0.0062));
#14170=CARTESIAN_POINT('',(1.9125924010932E-6,-4.21469177924738E-5,-0.0067));
#14171=CARTESIAN_POINT('',(-0.075940016235235,-0.0657617659481994,-0.0067));
#14172=CARTESIAN_POINT('',(-0.077690016235235,-0.0657617659481994,-0.0067));
#14173=CARTESIAN_POINT('',(-0.0890115993773595,0.0568132902310907,-0.0067));
#14174=CARTESIAN_POINT('',(-0.0907615993773595,0.0568132902310907,-0.0067));
#14175=CARTESIAN_POINT('',(-0.0167723682970355,0.0653767754827273,-0.0067));
#14176=CARTESIAN_POINT('',(-0.0185223682970355,0.0653767754827273,-0.0067));
#14177=CARTESIAN_POINT('',(0.0788122341778298,0.0572938210000011,-0.0067));
#14178=CARTESIAN_POINT('',(0.0770622341778298,0.0572938210000011,-0.0067));
#14179=CARTESIAN_POINT('',(0.089748683999999,-0.04248550096602,-0.0067));
#14180=CARTESIAN_POINT('',(0.087998683999999,-0.04248550096602,-0.0067));
#14181=CARTESIAN_POINT('',(0.0160744719447901,-0.053799413428082,-0.0067));
#14182=CARTESIAN_POINT('',(0.0143244719447901,-0.053799413428082,-0.0067));
#14183=CARTESIAN_POINT('',(0.0597444048496689,0.0425416918160153,-0.0067));
#14184=CARTESIAN_POINT('',(0.0881199832920591,0.00273251007486487,-0.0067));
#14185=CARTESIAN_POINT('',(0.0917630754883135,-0.00237852297896005,-0.0067));
#14186=CARTESIAN_POINT('',(0.0880986839999991,-0.00499046383211282,-0.0067));
#14187=CARTESIAN_POINT('',(0.092598683999999,-0.00499046383211282,-0.0067));
#14188=CARTESIAN_POINT('',(0.092598683999999,-4.21469177924738E-5,-0.0067));
#14189=CARTESIAN_POINT('',(0.092598683999999,-0.0412133913141464,-0.0067));
#14190=CARTESIAN_POINT('',(0.088098683999999,-0.0412133913141464,-0.0067));
#14191=CARTESIAN_POINT('',(0.0880693797039352,-0.0457132958973829,-0.0067));
#14192=CARTESIAN_POINT('',(0.0336946652224494,-0.0453591966710381,-0.0067));
#14193=CARTESIAN_POINT('',(0.0336946652224494,-0.0453591966710381,-0.0067));
#14194=CARTESIAN_POINT('',(0.0336588488605937,-0.0508590800505494,-0.0067));
#14195=CARTESIAN_POINT('',(0.0304559106334242,-0.0463879295595753,-0.0067));
#14196=CARTESIAN_POINT('',(0.0322707204057712,-0.0450878785756898,-0.0067));
#14197=CARTESIAN_POINT('',(0.018014770764823,-0.0553002223922918,-0.0067));
#14198=CARTESIAN_POINT('',(0.0153941849425934,-0.0516420083542221,-0.0067));
#14199=CARTESIAN_POINT('',(0.0160021859277665,-0.0561007452607943,-0.0067));
#14200=CARTESIAN_POINT('',(-0.0743478065232196,-0.0684210246519402,-0.0067));
#14201=CARTESIAN_POINT('',(-0.0743478065232195,-0.0684210246519402,-0.0067));
#14202=CARTESIAN_POINT('',(-0.0749558075083927,-0.063962287745368,-0.0067));
#14203=CARTESIAN_POINT('',(-0.0791227291467729,-0.0656613357316235,-0.0067));
#14204=CARTESIAN_POINT('',(-0.0878644695332001,-0.0442221842373884,-0.0067));
#14205=CARTESIAN_POINT('',(-0.0878644695332001,-0.0442221842373883,-0.0067));
#14206=CARTESIAN_POINT('',(-0.0836975478949517,-0.0425231362511865,-0.0067));
#14207=CARTESIAN_POINT('',(-0.0880132283010368,-0.0437978529378475,-0.0067));
#14208=CARTESIAN_POINT('',(-0.0924105392214185,-0.0289103184942021,-0.0067));
#14209=CARTESIAN_POINT('',(-0.0924105392214185,-0.0289103184942021,-0.0067));
#14210=CARTESIAN_POINT('',(-0.0880948588151973,-0.027635601807501,-0.0067));
#14211=CARTESIAN_POINT('',(-0.0925948099698051,-0.027614635020912,-0.0067));
#14212=CARTESIAN_POINT('',(-0.0922088689665664,0.0552171167962099,-0.0067));
#14213=CARTESIAN_POINT('',(-0.0922088689665664,0.0552171167962098,-0.0067));
#14214=CARTESIAN_POINT('',(-0.0877089178119582,0.0551961500096209,-0.0067));
#14215=CARTESIAN_POINT('',(-0.0878242645308539,0.0596946714483205,-0.0067));
#14216=CARTESIAN_POINT('',(-0.00158649898851573,0.0619058964998736,-0.0067));
#14217=CARTESIAN_POINT('',(-0.0625378175445104,0.0603430419700906,-0.0067));
#14218=CARTESIAN_POINT('',(-0.0626787968676051,0.0658412348396123,-0.0067));
#14219=CARTESIAN_POINT('',(-0.0591711939867285,0.0616048776745392,-0.0067));
#14220=CARTESIAN_POINT('',(-0.0543473299901733,0.0655989222255448,-0.0067));
#14221=CARTESIAN_POINT('',(-0.0540515833984038,0.0658437933629108,-0.0067));
#14222=CARTESIAN_POINT('',(-0.0511817264958686,0.0623776829551239,-0.0067));
#14223=CARTESIAN_POINT('',(-0.0512795294491612,0.0668766200053975,-0.0067));
#14224=CARTESIAN_POINT('',(-0.00147637927047872,0.0679592968946992,-0.0067));
#14225=CARTESIAN_POINT('',(0.0177347928550901,0.068376930960057,-0.0067));
#14226=CARTESIAN_POINT('',(0.0178325958083826,0.0638779939097828,-0.0067));
#14227=CARTESIAN_POINT('',(0.019466469165197,0.0680708995674258,-0.0067));
#14228=CARTESIAN_POINT('',(0.0256108965083241,0.0656765656738128,-0.0067));
#14229=CARTESIAN_POINT('',(0.0388460236396677,0.0605191585295488,-0.0067));
#14230=CARTESIAN_POINT('',(0.0408429799646628,0.0656438210000012,-0.0067));
#14231=CARTESIAN_POINT('',(0.0408429799646628,0.0601438210000011,-0.0067));
#14232=CARTESIAN_POINT('',(1.9125924010932E-6,0.0601438210000011,-0.0067));
#14233=CARTESIAN_POINT('',(0.0775463194453233,0.0601438210000011,-0.0067));
#14234=CARTESIAN_POINT('',(0.0775463194453233,0.055643821000001,-0.0067));
#14235=CARTESIAN_POINT('',(0.0820459251428871,0.0557033908451566,-0.0067));
#14236=CARTESIAN_POINT('',(0.0827694283885861,0.00105360422825987,-0.0067));
#14237=CARTESIAN_POINT('',(0.0824628214494132,0.0242131462215653,-0.0067));
#14238=CARTESIAN_POINT('',(0.0879623395242134,0.0242859538100887,-0.0067));
#14239=CARTESIAN_POINT('',(0.0834484818434976,0.0211434884024439,-0.0067));
#14240=CARTESIAN_POINT('',(0.0661416507637612,0.0460031327466808,-0.0067));
#14241=CARTESIAN_POINT('',(0.0862918402842209,0.0170592699077985,-0.0067));
#14242=CARTESIAN_POINT('',(0.082598683999999,0.0144881618469982,-0.0067));
#14243=CARTESIAN_POINT('',(0.087098683999999,0.0144881618469982,-0.0067));
#14244=CARTESIAN_POINT('',(0.087098683999999,-4.21469177924738E-5,-0.0067));
#14245=CARTESIAN_POINT('',(0.087098683999999,0.00592488222871825,-0.0067));
#14246=CARTESIAN_POINT('',(0.092598683999999,0.00592488222871825,-0.0067));
#14247=CARTESIAN_POINT('',(-0.0626787968676051,0.0658412348396123,-0.0062));
#14248=CARTESIAN_POINT('',(-0.0591711939867285,0.0616048776745392,-0.0062));
#14249=CARTESIAN_POINT('',(-0.0625378175445104,0.0603430419700906,-0.0062));
#14250=CARTESIAN_POINT('',(-0.00158649898851573,0.0619058964998736,-0.0062));
#14251=CARTESIAN_POINT('',(-0.0878242645308539,0.0596946714483205,-0.0062));
#14252=CARTESIAN_POINT('',(-0.0543473299901733,0.0655989222255448,-0.0062));
#14253=CARTESIAN_POINT('',(-0.0540515833984038,0.0658437933629108,-0.0062));
#14254=CARTESIAN_POINT('',(-0.0877089178119582,0.0551961500096209,-0.0062));
#14255=CARTESIAN_POINT('',(-0.0922088689665664,0.0552171167962098,-0.0062));
#14256=CARTESIAN_POINT('',(-0.0511817264958686,0.0623776829551239,-0.0062));
#14257=CARTESIAN_POINT('',(-0.0512795294491612,0.0668766200053975,-0.0062));
#14258=CARTESIAN_POINT('',(-0.0924018394681858,0.0138012408876489,-0.0062));
#14259=CARTESIAN_POINT('',(-0.0925948099698051,-0.027614635020912,-0.0062));
#14260=CARTESIAN_POINT('',(-0.00147637927047872,0.0679592968946992,-0.0062));
#14261=CARTESIAN_POINT('',(0.0177347928550901,0.068376930960057,-0.0062));
#14262=CARTESIAN_POINT('',(-0.0880948588151973,-0.027635601807501,-0.0062));
#14263=CARTESIAN_POINT('',(-0.0924105392214185,-0.0289103184942021,-0.0062));
#14264=CARTESIAN_POINT('',(0.0178325958083826,0.0638779939097828,-0.0062));
#14265=CARTESIAN_POINT('',(0.019466469165197,0.0680708995674258,-0.0062));
#14266=CARTESIAN_POINT('',(-0.0902118837612276,-0.0363540857160248,-0.0062));
#14267=CARTESIAN_POINT('',(-0.0880132283010368,-0.0437978529378475,-0.0062));
#14268=CARTESIAN_POINT('',(0.0256108965083241,0.0656765656738128,-0.0062));
#14269=CARTESIAN_POINT('',(0.0388460236396677,0.0605191585295488,-0.0062));
#14270=CARTESIAN_POINT('',(-0.0836975478949517,-0.0425231362511865,-0.0062));
#14271=CARTESIAN_POINT('',(-0.0878644695332001,-0.0442221842373883,-0.0062));
#14272=CARTESIAN_POINT('',(0.0408429799646628,0.0656438210000012,-0.0062));
#14273=CARTESIAN_POINT('',(0.0408429799646628,0.0601438210000011,-0.0062));
#14274=CARTESIAN_POINT('',(-0.0834935993399865,-0.0549417599845059,-0.0062));
#14275=CARTESIAN_POINT('',(-0.0791227291467729,-0.0656613357316235,-0.0062));
#14276=CARTESIAN_POINT('',(1.9125924010932E-6,0.0601438210000011,-0.0062));
#14277=CARTESIAN_POINT('',(0.0775463194453233,0.0601438210000011,-0.0062));
#14278=CARTESIAN_POINT('',(-0.0749558075083927,-0.063962287745368,-0.0062));
#14279=CARTESIAN_POINT('',(-0.0743478065232195,-0.0684210246519402,-0.0062));
#14280=CARTESIAN_POINT('',(0.0775463194453233,0.055643821000001,-0.0062));
#14281=CARTESIAN_POINT('',(0.0820459251428871,0.0557033908451566,-0.0062));
#14282=CARTESIAN_POINT('',(-0.0291728102977265,-0.0622608849563673,-0.0062));
#14283=CARTESIAN_POINT('',(0.0160021859277665,-0.0561007452607943,-0.0062));
#14284=CARTESIAN_POINT('',(0.0827694283885861,0.00105360422825986,-0.0062));
#14285=CARTESIAN_POINT('',(0.0824628214494132,0.0242131462215653,-0.0062));
#14286=CARTESIAN_POINT('',(0.0153941849425934,-0.0516420083542221,-0.0062));
#14287=CARTESIAN_POINT('',(0.018014770764823,-0.0553002223922918,-0.0062));
#14288=CARTESIAN_POINT('',(0.0879623395242134,0.0242859538100887,-0.0062));
#14289=CARTESIAN_POINT('',(0.0834484818434976,0.0211434884024439,-0.0062));
#14290=CARTESIAN_POINT('',(0.0322707204057712,-0.0450878785756898,-0.0062));
#14291=CARTESIAN_POINT('',(0.0304559106334242,-0.0463879295595753,-0.0062));
#14292=CARTESIAN_POINT('',(0.0661416507637612,0.0460031327466808,-0.0062));
#14293=CARTESIAN_POINT('',(0.0862918402842209,0.0170592699077985,-0.0062));
#14294=CARTESIAN_POINT('',(0.0336588488605937,-0.0508590800505494,-0.0062));
#14295=CARTESIAN_POINT('',(0.0336946652224494,-0.0453591966710381,-0.0062));
#14296=CARTESIAN_POINT('',(0.082598683999999,0.0144881618469982,-0.0062));
#14297=CARTESIAN_POINT('',(0.087098683999999,0.0144881618469982,-0.0062));
#14298=CARTESIAN_POINT('',(0.0608820224631923,-0.0455362462842105,-0.0062));
#14299=CARTESIAN_POINT('',(0.0880693797039352,-0.0457132958973829,-0.0062));
#14300=CARTESIAN_POINT('',(0.087098683999999,-4.21469177924738E-5,-0.0062));
#14301=CARTESIAN_POINT('',(0.087098683999999,0.00592488222871825,-0.0062));
#14302=CARTESIAN_POINT('',(0.088098683999999,-0.0412133913141464,-0.0062));
#14303=CARTESIAN_POINT('',(0.092598683999999,-0.0412133913141464,-0.0062));
#14304=CARTESIAN_POINT('',(0.092598683999999,0.00592488222871825,-0.0062));
#14305=CARTESIAN_POINT('',(0.0881199832920591,0.00273251007486487,-0.0062));
#14306=CARTESIAN_POINT('',(0.092598683999999,-4.21469177924738E-5,-0.0062));
#14307=CARTESIAN_POINT('',(0.092598683999999,-0.00499046383211282,-0.0062));
#14308=CARTESIAN_POINT('',(0.0597444048496689,0.0425416918160153,-0.0062));
#14309=CARTESIAN_POINT('',(0.0917630754883135,-0.00237852297896005,-0.0062));
#14310=CARTESIAN_POINT('',(0.0880986839999991,-0.00499046383211282,-0.0062));
#14311=CARTESIAN_POINT('',(0.0790986839999992,0.0133898210000001,0.00501));
#14312=CARTESIAN_POINT('',(0.0790986839999992,0.0133898210000001,-0.0027));
#14313=CARTESIAN_POINT('',(0.080098683999999,0.013389821,-0.0027));
#14314=CARTESIAN_POINT('',(0.0799193853964928,0.0139611783468444,-0.0027));
#14315=CARTESIAN_POINT('',(0.080098683999999,0.013389821,0.00501));
#14316=CARTESIAN_POINT('',(0.0799193853964928,0.0139611783468444,0.00501));
#14317=CARTESIAN_POINT('',(0.080098683999999,0.00781781955283018,0.00501));
#14318=CARTESIAN_POINT('',(0.080098683999999,0.00781781955283018,-0.0027));
#14319=CARTESIAN_POINT('',(0.080098683999999,0.00224581810566034,-0.0027));
#14320=CARTESIAN_POINT('',(0.080098683999999,0.00224581810566034,0.00501));
#14321=CARTESIAN_POINT('',(0.0810986839999989,0.00224581810566034,0.00501));
#14322=CARTESIAN_POINT('',(0.0810986839999989,0.00224581810566034,-0.0027));
#14323=CARTESIAN_POINT('',(0.0802843747803735,0.0016653868049598,-0.0027));
#14324=CARTESIAN_POINT('',(0.0802843747803735,0.0016653868049598,0.00501));
#14325=CARTESIAN_POINT('',(0.082848683999999,-0.00193218044716981,0.00501));
#14326=CARTESIAN_POINT('',(0.082848683999999,-0.00193218044716981,-0.0027));
#14327=CARTESIAN_POINT('',(0.0854129932196245,-0.00552974769929943,-0.0027));
#14328=CARTESIAN_POINT('',(0.0854129932196245,-0.00552974769929943,0.00501));
#14329=CARTESIAN_POINT('',(0.0845986839999991,-0.006110179,0.00501));
#14330=CARTESIAN_POINT('',(0.0845986839999991,-0.006110179,-0.0027));
#14331=CARTESIAN_POINT('',(0.085598683999999,-0.006110179,-0.0027));
#14332=CARTESIAN_POINT('',(0.085598683999999,-0.006110179,0.00501));
#14333=CARTESIAN_POINT('',(0.085598683999999,-0.0219003516929861,0.00501));
#14334=CARTESIAN_POINT('',(0.085598683999999,-0.0219003516929861,-0.0027));
#14335=CARTESIAN_POINT('',(0.085598683999999,-0.0376905243859723,-0.0027));
#14336=CARTESIAN_POINT('',(0.085598683999999,-0.0376905243859723,0.00501));
#14337=CARTESIAN_POINT('',(0.0845986839999992,-0.0376905243859724,0.00501));
#14338=CARTESIAN_POINT('',(0.0845986839999992,-0.0376905243859724,-0.0027));
#14339=CARTESIAN_POINT('',(0.0845921719342072,-0.038690503182247,-0.0027));
#14340=CARTESIAN_POINT('',(0.0845921719342072,-0.038690503182247,0.00501));
#14341=CARTESIAN_POINT('',(0.0572985565357108,-0.038512761594288,0.00501));
#14342=CARTESIAN_POINT('',(0.0572985565357108,-0.038512761594288,-0.0027));
#14343=CARTESIAN_POINT('',(0.0300049411372144,-0.0383350200063288,-0.0027));
#14344=CARTESIAN_POINT('',(0.0300049411372144,-0.0383350200063288,0.00501));
#14345=CARTESIAN_POINT('',(0.0299984290714225,-0.0393349988026035,0.00501));
#14346=CARTESIAN_POINT('',(0.0299984290714225,-0.0393349988026035,-0.0027));
#14347=CARTESIAN_POINT('',(0.0294160766664826,-0.0385220623496993,-0.0027));
#14348=CARTESIAN_POINT('',(0.0294160766664826,-0.0385220623496993,0.00501));
#14349=CARTESIAN_POINT('',(0.0220299312822729,-0.0438131764489169,0.00501));
#14350=CARTESIAN_POINT('',(0.0220299312822729,-0.0438131764489169,-0.0027));
#14351=CARTESIAN_POINT('',(0.0146437858980632,-0.0491042905481345,-0.0027));
#14352=CARTESIAN_POINT('',(0.0146437858980632,-0.0491042905481345,0.00501));
#14353=CARTESIAN_POINT('',(0.0140614334931234,-0.0482913540952304,0.00501));
#14354=CARTESIAN_POINT('',(0.0140614334931234,-0.0482913540952304,-0.0027));
#14355=CARTESIAN_POINT('',(0.0141965448231618,-0.0492821845189128,-0.0027));
#14356=CARTESIAN_POINT('',(0.0141965448231618,-0.0492821845189128,0.00501));
#14357=CARTESIAN_POINT('',(-0.0292039635411161,-0.0552003520168873,0.00501));
#14358=CARTESIAN_POINT('',(-0.0292039635411161,-0.0552003520168873,-0.0027));
#14359=CARTESIAN_POINT('',(-0.0726044719053939,-0.0611185195148617,-0.0027));
#14360=CARTESIAN_POINT('',(-0.0726044719053939,-0.0611185195148617,0.00501));
#14361=CARTESIAN_POINT('',(-0.0727395832354323,-0.0601276890911791,0.00501));
#14362=CARTESIAN_POINT('',(-0.0727395832354323,-0.0601276890911791,-0.0027));
#14363=CARTESIAN_POINT('',(-0.0736655658217389,-0.060505255310347,-0.0027));
#14364=CARTESIAN_POINT('',(-0.0736655658217389,-0.060505255310347,0.00501));
#14365=CARTESIAN_POINT('',(-0.0774910259092224,-0.0511232999187127,0.00501));
#14366=CARTESIAN_POINT('',(-0.0774910259092224,-0.0511232999187127,-0.0027));
#14367=CARTESIAN_POINT('',(-0.0813164859967058,-0.0417413445270784,-0.0027));
#14368=CARTESIAN_POINT('',(-0.0813164859967058,-0.0417413445270784,0.00501));
#14369=CARTESIAN_POINT('',(-0.0803905034103964,-0.0413637783079099,0.00501));
#14370=CARTESIAN_POINT('',(-0.0803905034103964,-0.0413637783079099,-0.0027));
#14371=CARTESIAN_POINT('',(-0.0813495435006706,-0.0416470486827331,-0.0027));
#14372=CARTESIAN_POINT('',(-0.0813495435006706,-0.0416470486827331,0.00501));
#14373=CARTESIAN_POINT('',(-0.083450541795471,-0.0345339095287778,0.00501));
#14374=CARTESIAN_POINT('',(-0.083450541795471,-0.0345339095287778,-0.0027));
#14375=CARTESIAN_POINT('',(-0.0855515400902715,-0.0274207703748224,-0.0027));
#14376=CARTESIAN_POINT('',(-0.0855515400902715,-0.0274207703748224,0.00501));
#14377=CARTESIAN_POINT('',(-0.0845925,-0.0271375,0.00501));
#14378=CARTESIAN_POINT('',(-0.0845925,-0.0271375,-0.0027));
#14379=CARTESIAN_POINT('',(-0.0855924891454685,-0.0271328407140913,-0.0027));
#14380=CARTESIAN_POINT('',(-0.0855924891454685,-0.0271328407140913,0.00501));
#14381=CARTESIAN_POINT('',(-0.0854086274491461,0.0123280775885921,0.00501));
#14382=CARTESIAN_POINT('',(-0.0855019509276627,-0.0077012718361393,0.00501));
#14383=CARTESIAN_POINT('',(-0.0855019509276627,-0.0077012718361393,0.00181));
#14384=CARTESIAN_POINT('',(-0.085504280570617,-0.00820126640887355,0.00181));
#14385=CARTESIAN_POINT('',(-0.085504280570617,-0.00820126640887354,0.00131));
#14386=CARTESIAN_POINT('',(-0.0854086274491461,0.0123280775885921,0.00131));
#14387=CARTESIAN_POINT('',(-0.0855832734487718,-0.0251549417730717,0.00131));
#14388=CARTESIAN_POINT('',(-0.0855832734487718,-0.0251549417730717,0.00181));
#14389=CARTESIAN_POINT('',(-0.0855856030917262,-0.0256549363458059,0.00181));
#14390=CARTESIAN_POINT('',(-0.0855856030917262,-0.0256549363458059,0.00501));
#14391=CARTESIAN_POINT('',(-0.0854086274491461,0.0123280775885921,-0.0027));
#14392=CARTESIAN_POINT('',(-0.0852247657528236,0.0517889958912754,-0.0027));
#14393=CARTESIAN_POINT('',(-0.0852247657528236,0.0517889958912754,0.00501));
#14394=CARTESIAN_POINT('',(-0.0842247766073551,0.0517843366053668,0.00501));
#14395=CARTESIAN_POINT('',(-0.0842247766073551,0.0517843366053668,-0.0027));
#14396=CARTESIAN_POINT('',(-0.058408137072405,0.0544469591640203,0.00501));
#14397=CARTESIAN_POINT('',(-0.058408137072405,0.0544469591640203,-0.0027));
#14398=CARTESIAN_POINT('',(-0.057770391094064,0.0536767124067344,-0.0027));
#14399=CARTESIAN_POINT('',(-0.057770391094064,0.0536767124067344,0.00501));
#14400=CARTESIAN_POINT('',(-0.054147993393742,0.0566759714668731,0.00501));
#14401=CARTESIAN_POINT('',(-0.054147993393742,0.0566759714668731,-0.0027));
#14402=CARTESIAN_POINT('',(-0.0505255956934202,0.0596752305270119,-0.0027));
#14403=CARTESIAN_POINT('',(-0.0505255956934202,0.0596752305270119,0.00501));
#14404=CARTESIAN_POINT('',(-0.0498878497150789,0.0589049837697258,0.00501));
#14405=CARTESIAN_POINT('',(-0.0498878497150789,0.0589049837697258,-0.0027));
#14406=CARTESIAN_POINT('',(-0.0499095837046996,0.0599047475586755,-0.0027));
#14407=CARTESIAN_POINT('',(-0.0499095837046996,0.0599047475586755,0.00501));
#14408=CARTESIAN_POINT('',(-0.0163598967036703,0.0606340883860932,0.00501));
#14409=CARTESIAN_POINT('',(-0.0163598967036703,0.0606340883860932,-0.0027));
#14410=CARTESIAN_POINT('',(0.0171897902973591,0.0613634292135106,-0.0027));
#14411=CARTESIAN_POINT('',(0.0171897902973591,0.0613634292135106,0.00501));
#14412=CARTESIAN_POINT('',(0.0172115242869797,0.0603636654245612,0.00501));
#14413=CARTESIAN_POINT('',(0.0172115242869797,0.0603636654245612,-0.0027));
#14414=CARTESIAN_POINT('',(0.0175746072551605,0.0612954222373704,-0.0027));
#14415=CARTESIAN_POINT('',(0.0175746072551605,0.0612954222373704,0.00501));
#14416=CARTESIAN_POINT('',(0.0279465120175443,0.057253743212281,0.00501));
#14417=CARTESIAN_POINT('',(0.0279465120175443,0.057253743212281,-0.0027));
#14418=CARTESIAN_POINT('',(0.0383184167799281,0.0532120641871916,-0.0027));
#14419=CARTESIAN_POINT('',(0.0383184167799281,0.0532120641871916,0.00501));
#14420=CARTESIAN_POINT('',(0.038681499748109,0.0541438210000012,0.00501));
#14421=CARTESIAN_POINT('',(0.038681499748109,0.0541438210000012,-0.0027));
#14422=CARTESIAN_POINT('',(0.0386814997481089,0.0531438210000011,-0.0027));
#14423=CARTESIAN_POINT('',(0.0386814997481089,0.0531438210000011,0.00501));
#14424=CARTESIAN_POINT('',(0.0563869243243878,0.0531438210000011,0.00501));
#14425=CARTESIAN_POINT('',(0.0563869243243878,0.0531438210000011,-0.0027));
#14426=CARTESIAN_POINT('',(0.0740923489006666,0.0531438210000011,-0.0027));
#14427=CARTESIAN_POINT('',(0.0740923489006666,0.0531438210000011,0.00501));
#14428=CARTESIAN_POINT('',(0.0740923489006666,0.0521438210000012,0.00501));
#14429=CARTESIAN_POINT('',(0.0740923489006666,0.0521438210000012,-0.0027));
#14430=CARTESIAN_POINT('',(0.0750922612779029,0.0521570587433691,-0.0027));
#14431=CARTESIAN_POINT('',(0.0750922612779029,0.0521570587433691,0.00501));
#14432=CARTESIAN_POINT('',(0.0753011821540957,0.0363762293253523,0.00501));
#14433=CARTESIAN_POINT('',(0.0753011821540957,0.0363762293253523,-0.0027));
#14434=CARTESIAN_POINT('',(0.0755101030302886,0.0205953999073355,-0.0027));
#14435=CARTESIAN_POINT('',(0.0755101030302886,0.0205953999073355,0.00501));
#14436=CARTESIAN_POINT('',(0.0765100154075249,0.0206086376507035,0.00501));
#14437=CARTESIAN_POINT('',(0.0765100154075249,0.0206086376507035,-0.0027));
#14438=CARTESIAN_POINT('',(0.0756893140110312,0.020037280303859,-0.0027));
#14439=CARTESIAN_POINT('',(0.0756893140110313,0.020037280303859,0.00501));
#14440=CARTESIAN_POINT('',(0.077804349703762,0.0169992293253518,0.00501));
#14441=CARTESIAN_POINT('',(0.077804349703762,0.0169992293253518,-0.0027));
#14442=CARTESIAN_POINT('',(1.9125924010932E-6,-4.21469177924738E-5,-0.0027));
#14443=CARTESIAN_POINT('',(-0.0644455100865284,0.0357860741795098,0.00238046497426927));
#14444=CARTESIAN_POINT('',(-0.0634458386557063,0.0358117067837089,0.00238046497426927));
#14445=CARTESIAN_POINT('',(-0.0644455100865284,0.0357860741795098,0.00138046497426927));
#14446=CARTESIAN_POINT('',(-0.0684441958098169,0.0356835437627136,0.00138046497426927));
#14447=CARTESIAN_POINT('',(-0.0724428815331055,0.0355810133459175,0.00138046497426927));
#14448=CARTESIAN_POINT('',(-0.0724428815331055,0.0355810133459175,0.00238046497426927));
#14449=CARTESIAN_POINT('',(-0.0734425529639276,0.0355553807417185,0.00238046497426927));
#14450=CARTESIAN_POINT('',(-0.0634458386557063,0.0358117067837089,0.00369523248713463));
#14451=CARTESIAN_POINT('',(-0.0734425529639276,0.0355553807417185,0.00369523248713463));
#14452=CARTESIAN_POINT('',(-0.0850019563549285,-0.00770360147909362,0.00341));
#14453=CARTESIAN_POINT('',(-0.0850019563549285,-0.00770360147909362,0.00181));
#14454=CARTESIAN_POINT('',(-0.0850042859978828,-0.00820359605182787,0.00181));
#14455=CARTESIAN_POINT('',(-0.0850042859978828,-0.00820359605182786,0.00131));
#14456=CARTESIAN_POINT('',(-0.0850437824369602,-0.0166804337339269,0.00131));
#14457=CARTESIAN_POINT('',(-0.0850832788760376,-0.025157271416026,0.00131));
#14458=CARTESIAN_POINT('',(-0.0850832788760376,-0.025157271416026,0.00181));
#14459=CARTESIAN_POINT('',(-0.0850856085189919,-0.0256572659887603,0.00181));
#14460=CARTESIAN_POINT('',(-0.0850856085189919,-0.0256572659887603,0.00341));
#14461=CARTESIAN_POINT('',(0.0160744719447901,-0.053799413428082,0.0083));
#14462=CARTESIAN_POINT('',(0.089748683999999,-0.04248550096602,0.0083));
#14463=CARTESIAN_POINT('',(0.0788122341778298,0.0572938210000011,0.0083));
#14464=CARTESIAN_POINT('',(-0.0167723682970355,0.0653767754827273,0.0083));
#14465=CARTESIAN_POINT('',(-0.0890115993773595,0.0568132902310907,0.0083));
#14466=CARTESIAN_POINT('',(-0.075940016235235,-0.0657617659481994,0.0083));
#14467=CARTESIAN_POINT('',(0.,0.,0.));
#14468=CARTESIAN_POINT('',(-0.09290183404092,0.0138035705306033,0.00701));
#14469=CARTESIAN_POINT('',(-0.0930855216827399,-0.0256199917014912,0.00601));
#14470=CARTESIAN_POINT('',(-0.0930855216827399,-0.0256199917014912,0.00501));
#14471=CARTESIAN_POINT('',(-0.0930855216827399,-0.0256199917014912,0.00701));
#14472=CARTESIAN_POINT('',(-0.09290183404092,0.0138035705306033,0.00501));
#14473=CARTESIAN_POINT('',(-0.0930948045425394,-0.0276123053779577,0.00501));
#14474=CARTESIAN_POINT('',(-0.0930948045425394,-0.0276123053779577,0.00701));
#14475=CARTESIAN_POINT('',(-0.0930948045425394,-0.0276123053779577,0.01101));
#14476=CARTESIAN_POINT('',(-0.0930857804543604,-0.02567553,0.01101));
#14477=CARTESIAN_POINT('',(-0.0930857804543604,-0.02567553,0.01101));
#14478=CARTESIAN_POINT('',(-0.0930857804543604,-0.02567553,0.01301));
#14479=CARTESIAN_POINT('',(-0.0930857804543604,-0.02567553,0.00701));
#14480=CARTESIAN_POINT('',(-0.09290183404092,0.0138035705306033,0.00701));
#14481=CARTESIAN_POINT('',(-0.0879060661425798,0.0128836166012077,0.00701));
#14482=CARTESIAN_POINT('',(-0.0880019237913339,-0.00768962362136768,0.00701));
#14483=CARTESIAN_POINT('',(-0.0880019237913339,-0.00768962362136768,0.00501));
#14484=CARTESIAN_POINT('',(-0.088001923791334,-0.00768962362136768,0.00701));
#14485=CARTESIAN_POINT('',(-0.0879060661425798,0.0128836166012077,0.00501));
#14486=CARTESIAN_POINT('',(-0.0877179582716934,0.0532558609218644,0.00501));
#14487=CARTESIAN_POINT('',(-0.0877179582716934,0.0532558609218644,0.00701));
#14488=CARTESIAN_POINT('',(-0.0877179582716934,0.0532558609218644,0.00701));
#14489=CARTESIAN_POINT('',(-0.0879060661425798,0.0128836166012077,0.00701));
#14490=CARTESIAN_POINT('',(1.9125924010932E-6,-4.214691779246E-5,0.00701));
#14491=CARTESIAN_POINT('',(-0.0879060661425798,0.0128836166012077,0.00701));
#14492=CARTESIAN_POINT('',(-0.0880857261811138,-0.02567553,0.00701));
#14493=CARTESIAN_POINT('',(-0.0880855759553974,-0.0256432881310344,0.00701));
#14494=CARTESIAN_POINT('',(-0.0695857767642301,-0.0257294849203443,0.00701));
#14495=CARTESIAN_POINT('',(-0.0797464782271802,-0.02567553,0.00701));
#14496=CARTESIAN_POINT('',(1.9125924010932E-6,-4.214691779246E-5,0.00501));
#14497=CARTESIAN_POINT('',(0.0160744719447901,-0.053799413428082,0.00501));
#14498=CARTESIAN_POINT('',(0.0143244719447901,-0.053799413428082,0.00501));
#14499=CARTESIAN_POINT('',(0.0788122341778298,0.0572938210000011,0.00501));
#14500=CARTESIAN_POINT('',(0.0770622341778298,0.0572938210000011,0.00501));
#14501=CARTESIAN_POINT('',(0.089748683999999,-0.04248550096602,0.00501));
#14502=CARTESIAN_POINT('',(0.087998683999999,-0.04248550096602,0.00501));
#14503=CARTESIAN_POINT('',(-0.075940016235235,-0.0657617659481994,0.00501));
#14504=CARTESIAN_POINT('',(-0.077690016235235,-0.0657617659481994,0.00501));
#14505=CARTESIAN_POINT('',(-0.0167723682970355,0.0653767754827273,0.00501));
#14506=CARTESIAN_POINT('',(-0.0185223682970355,0.0653767754827273,0.00501));
#14507=CARTESIAN_POINT('',(-0.0695857767642301,-0.0257294849203443,0.00501));
#14508=CARTESIAN_POINT('',(-0.0880855759553974,-0.0256432881310344,0.00501));
#14509=CARTESIAN_POINT('',(-0.0879060661425798,0.0128836166012077,0.00501));
#14510=CARTESIAN_POINT('',(-0.0880941740134663,-0.0274886277194491,0.00501));
#14511=CARTESIAN_POINT('',(-0.0870941848679988,-0.0274932870053578,0.00501));
#14512=CARTESIAN_POINT('',(-0.0880532249582692,-0.0277765573801803,0.00501));
#14513=CARTESIAN_POINT('',(-0.0858895566641238,-0.0351018720638455,0.00501));
#14514=CARTESIAN_POINT('',(-0.0837258883699783,-0.0424271867475108,0.00501));
#14515=CARTESIAN_POINT('',(-0.0818078081894302,-0.0418606459978645,0.00501));
#14516=CARTESIAN_POINT('',(-0.0836597733620489,-0.0426157784362015,0.00501));
#14517=CARTESIAN_POINT('',(-0.0796005660863959,-0.0525709996944701,0.00501));
#14518=CARTESIAN_POINT('',(-0.075541358810743,-0.0625262209527387,0.00501));
#14519=CARTESIAN_POINT('',(-0.0736893936381296,-0.061771088514403,0.00501));
#14520=CARTESIAN_POINT('',(-0.0734191709780526,-0.0637527493617683,0.00501));
#14521=CARTESIAN_POINT('',(-0.0291353304169203,-0.0577141291756949,0.00501));
#14522=CARTESIAN_POINT('',(0.0151485101442119,-0.0516755089896214,0.00501));
#14523=CARTESIAN_POINT('',(0.0150133988141733,-0.0506846785659386,0.00501));
#14524=CARTESIAN_POINT('',(0.0155957512191133,-0.0514976150188431,0.00501));
#14525=CARTESIAN_POINT('',(0.0229037856590122,-0.0462624562112218,0.00501));
#14526=CARTESIAN_POINT('',(0.0302118200989111,-0.0410272974036005,0.00501));
#14527=CARTESIAN_POINT('',(0.030794172503851,-0.0418402338565048,0.00501));
#14528=CARTESIAN_POINT('',(0.030800684569643,-0.0408402550602301,0.00501));
#14529=CARTESIAN_POINT('',(0.058443172219029,-0.0410202685754133,0.00501));
#14530=CARTESIAN_POINT('',(0.0860856598684151,-0.0412002820905964,0.00501));
#14531=CARTESIAN_POINT('',(0.086098683999999,-0.0392003244980469,0.00501));
#14532=CARTESIAN_POINT('',(0.088098683999999,-0.0392003244980469,0.00501));
#14533=CARTESIAN_POINT('',(0.088098683999999,-0.0224153127844762,0.00501));
#14534=CARTESIAN_POINT('',(0.088098683999999,-0.00563030107090549,0.00501));
#14535=CARTESIAN_POINT('',(0.086098683999999,-0.0056303010709055,0.00501));
#14536=CARTESIAN_POINT('',(0.0877273024392499,-0.00446943846950425,0.00501));
#14537=CARTESIAN_POINT('',(0.085348683999999,-0.00113238389867898,0.00501));
#14538=CARTESIAN_POINT('',(0.0829700655607481,0.00220467067214629,0.00501));
#14539=CARTESIAN_POINT('',(0.0845986839999992,0.0033655332735476,0.00501));
#14540=CARTESIAN_POINT('',(0.082598683999999,0.00336553327354753,0.00501));
#14541=CARTESIAN_POINT('',(0.082598683999999,0.00861303588970195,0.00501));
#14542=CARTESIAN_POINT('',(0.082598683999999,0.0138605385058564,0.00501));
#14543=CARTESIAN_POINT('',(0.080598683999999,0.0138605385058564,0.00501));
#14544=CARTESIAN_POINT('',(0.0822400867929865,0.0150032531995454,0.00501));
#14545=CARTESIAN_POINT('',(0.0802970946780407,0.0177941796677516,0.00501));
#14546=CARTESIAN_POINT('',(0.0783541025630948,0.0205851061359578,0.00501));
#14547=CARTESIAN_POINT('',(0.0799955053560823,0.0217278208296468,0.00501));
#14548=CARTESIAN_POINT('',(0.0779956806016096,0.021701345342911,0.00501));
#14549=CARTESIAN_POINT('',(0.077784063673658,0.0376858209148239,0.00501));
#14550=CARTESIAN_POINT('',(0.0775724467457065,0.0536702964867369,0.00501));
#14551=CARTESIAN_POINT('',(0.0755726219912337,0.0536438210000011,0.00501));
#14552=CARTESIAN_POINT('',(0.0755726219912337,0.0556438210000011,0.00501));
#14553=CARTESIAN_POINT('',(0.0574559817721904,0.0556438210000011,0.00501));
#14554=CARTESIAN_POINT('',(0.0393393415531471,0.0556438210000011,0.00501));
#14555=CARTESIAN_POINT('',(0.0393393415531471,0.0576438210000012,0.00501));
#14556=CARTESIAN_POINT('',(0.0386131756167852,0.0557803073743821,0.00501));
#14557=CARTESIAN_POINT('',(0.0284085196746498,0.0597568136019714,0.00501));
#14558=CARTESIAN_POINT('',(0.0182038637325143,0.0637333198295608,0.00501));
#14559=CARTESIAN_POINT('',(0.0174776977961523,0.0618698062039413,0.00501));
#14560=CARTESIAN_POINT('',(0.0174342298169112,0.0638693337818413,0.00501));
#14561=CARTESIAN_POINT('',(-0.0165258032488736,0.0631310723901757,0.00501));
#14562=CARTESIAN_POINT('',(-0.0504858363146585,0.0623928109985102,0.00501));
#14563=CARTESIAN_POINT('',(-0.0504423683354173,0.0603932834206106,0.00501));
#14564=CARTESIAN_POINT('',(-0.0517178602920997,0.0619337769351827,0.00501));
#14565=CARTESIAN_POINT('',(-0.0550751357162242,0.0591540328081665,0.00501));
#14566=CARTESIAN_POINT('',(-0.0584324111403488,0.0563742886811502,0.00501));
#14567=CARTESIAN_POINT('',(-0.0597079030970312,0.0579147821957224,0.00501));
#14568=CARTESIAN_POINT('',(-0.0596566378886331,0.055915439334078,0.00501));
#14569=CARTESIAN_POINT('',(-0.0727129415388938,0.0555806622728847,0.00501));
#14570=CARTESIAN_POINT('',(-0.0639584907396869,0.0558051354001515,0.00501));
#14571=CARTESIAN_POINT('',(-0.0639072255312889,0.0538057925385073,0.00501));
#14572=CARTESIAN_POINT('',(-0.0640866537606821,0.0608034925542622,0.00501));
#14573=CARTESIAN_POINT('',(-0.0751938573397816,0.0605186924246166,0.00501));
#14574=CARTESIAN_POINT('',(-0.0625506338466099,0.0608428776855017,0.00501));
#14575=CARTESIAN_POINT('',(-0.0626787968676051,0.0658412348396123,0.00501));
#14576=CARTESIAN_POINT('',(-0.0594900669758991,0.0619900010531822,0.00501));
#14577=CARTESIAN_POINT('',(-0.0569302616817368,0.064109458897368,0.00501));
#14578=CARTESIAN_POINT('',(-0.0543704563875744,0.0662289167415538,0.00501));
#14579=CARTESIAN_POINT('',(-0.0511817264958686,0.0623776829551239,0.00501));
#14580=CARTESIAN_POINT('',(-0.0512903964439715,0.0673765018998724,0.00501));
#14581=CARTESIAN_POINT('',(-0.0167832352918459,0.0681266573772022,0.00501));
#14582=CARTESIAN_POINT('',(0.0177239258602798,0.0688768128545319,0.00501));
#14583=CARTESIAN_POINT('',(0.0178325958083826,0.0638779939097828,0.00501));
#14584=CARTESIAN_POINT('',(0.0196480106492875,0.0685367779738306,0.00501));
#14585=CARTESIAN_POINT('',(0.0293377878865228,0.0647609074548921,0.00501));
#14586=CARTESIAN_POINT('',(0.0390275651237581,0.0609850369359536,0.00501));
#14587=CARTESIAN_POINT('',(0.0408429799646628,0.0656438210000012,0.00501));
#14588=CARTESIAN_POINT('',(0.0408429799646628,0.0606438210000011,0.00501));
#14589=CARTESIAN_POINT('',(0.0591946497049931,0.0606438210000011,0.00501));
#14590=CARTESIAN_POINT('',(0.0775463194453233,0.0606438210000011,0.00501));
#14591=CARTESIAN_POINT('',(0.0775463194453233,0.055643821000001,0.00501));
#14592=CARTESIAN_POINT('',(0.0825458813315053,0.0557100097168405,0.00501));
#14593=CARTESIAN_POINT('',(0.0827543294847683,0.0399648874050449,0.00501));
#14594=CARTESIAN_POINT('',(0.0829627776380314,0.0242197650932492,0.00501));
#14595=CARTESIAN_POINT('',(0.0879623395242134,0.0242859538100887,0.00501));
#14596=CARTESIAN_POINT('',(0.0838588325417445,0.0214291670758662,0.00501));
#14597=CARTESIAN_POINT('',(0.0852805117621062,0.0193870578285435,0.00501));
#14598=CARTESIAN_POINT('',(0.0867021909824678,0.0173449485812207,0.00501));
#14599=CARTESIAN_POINT('',(0.082598683999999,0.0144881618469982,0.00501));
#14600=CARTESIAN_POINT('',(0.087598683999999,0.0144881618469982,0.00501));
#14601=CARTESIAN_POINT('',(0.087598683999999,0.0102065220378582,0.00501));
#14602=CARTESIAN_POINT('',(0.087598683999999,0.00592488222871825,0.00501));
#14603=CARTESIAN_POINT('',(0.092598683999999,0.00592488222871825,0.00501));
#14604=CARTESIAN_POINT('',(0.0885271379018718,0.00302272572521517,0.00501));
#14605=CARTESIAN_POINT('',(0.090348683999999,0.000467209198302714,0.00501));
#14606=CARTESIAN_POINT('',(0.0921702300981262,-0.00208830732860974,0.00501));
#14607=CARTESIAN_POINT('',(0.0880986839999991,-0.00499046383211282,0.00501));
#14608=CARTESIAN_POINT('',(0.093098683999999,-0.00499046383211282,0.00501));
#14609=CARTESIAN_POINT('',(0.093098683999999,-0.0231019275731297,0.00501));
#14610=CARTESIAN_POINT('',(0.093098683999999,-0.0412133913141464,0.00501));
#14611=CARTESIAN_POINT('',(0.088098683999999,-0.0412133913141464,0.00501));
#14612=CARTESIAN_POINT('',(0.0880661236710393,-0.0462132852955203,0.00501));
#14613=CARTESIAN_POINT('',(0.0608787664302963,-0.0460362356823479,0.00501));
#14614=CARTESIAN_POINT('',(0.0336914091895534,-0.0458591860691755,0.00501));
#14615=CARTESIAN_POINT('',(0.0336588488605937,-0.0508590800505494,0.00501));
#14616=CARTESIAN_POINT('',(0.0307470868358942,-0.0467943977860275,0.00501));
#14617=CARTESIAN_POINT('',(0.0245265169015936,-0.0512505442023857,0.00501));
#14618=CARTESIAN_POINT('',(0.018305946967293,-0.055706690618744,0.00501));
#14619=CARTESIAN_POINT('',(0.0153941849425934,-0.0516420083542221,0.00501));
#14620=CARTESIAN_POINT('',(0.0160697415927858,-0.0565961604726357,0.00501));
#14621=CARTESIAN_POINT('',(-0.0291052546327073,-0.0627563001682086,0.00501));
#14622=CARTESIAN_POINT('',(-0.0742802508582003,-0.0689164398637815,0.00501));
#14623=CARTESIAN_POINT('',(-0.0749558075083927,-0.063962287745368,0.00501));
#14624=CARTESIAN_POINT('',(-0.0795857204399263,-0.0658501188412074,0.00501));
#14625=CARTESIAN_POINT('',(-0.0839565906331398,-0.0551305430940899,0.00501));
#14626=CARTESIAN_POINT('',(-0.0883274608263534,-0.0444109673469723,0.00501));
#14627=CARTESIAN_POINT('',(-0.0836975478949517,-0.0425231362511865,0.00501));
#14628=CARTESIAN_POINT('',(-0.0884927483461726,-0.0439394881252588,0.00501));
#14629=CARTESIAN_POINT('',(-0.0906914038063634,-0.0364957209034361,0.00501));
#14630=CARTESIAN_POINT('',(-0.0928900592665542,-0.0290519536816134,0.00501));
#14631=CARTESIAN_POINT('',(-0.0880948588151973,-0.027635601807501,0.00501));
#14632=CARTESIAN_POINT('',(0.077784063673658,0.0376858209148239,0.00701));
#14633=CARTESIAN_POINT('',(0.0779956806016096,0.021701345342911,0.00701));
#14634=CARTESIAN_POINT('',(0.0779956806016096,0.021701345342911,0.00701));
#14635=CARTESIAN_POINT('',(0.077784063673658,0.0376858209148239,0.00701));
#14636=CARTESIAN_POINT('',(0.0775724467457065,0.0536702964867369,0.00701));
#14637=CARTESIAN_POINT('',(0.0775724467457065,0.0536702964867369,0.00701));
#14638=CARTESIAN_POINT('',(0.0799955053560823,0.0217278208296468,0.00701));
#14639=CARTESIAN_POINT('',(0.0783541025630948,0.0205851061359578,0.00701));
#14640=CARTESIAN_POINT('',(0.0783541025630948,0.0205851061359578,0.00701));
#14641=CARTESIAN_POINT('',(0.0799955053560823,0.0217278208296468,0.00701));
#14642=CARTESIAN_POINT('',(0.0802970946780407,0.0177941796677516,0.00701));
#14643=CARTESIAN_POINT('',(0.0822400867929865,0.0150032531995454,0.00701));
#14644=CARTESIAN_POINT('',(0.0822400867929865,0.0150032531995454,0.00701));
#14645=CARTESIAN_POINT('',(0.0802970946780407,0.0177941796677516,0.00701));
#14646=CARTESIAN_POINT('',(0.080598683999999,0.0138605385058564,0.00701));
#14647=CARTESIAN_POINT('',(0.082598683999999,0.0138605385058564,0.00701));
#14648=CARTESIAN_POINT('',(0.082598683999999,0.0138605385058564,0.00701));
#14649=CARTESIAN_POINT('',(0.080598683999999,0.0138605385058564,0.00701));
#14650=CARTESIAN_POINT('',(0.082598683999999,0.00861303588970195,0.00701));
#14651=CARTESIAN_POINT('',(0.082598683999999,0.00336553327354753,0.00701));
#14652=CARTESIAN_POINT('',(0.082598683999999,0.00336553327354753,0.00701));
#14653=CARTESIAN_POINT('',(0.082598683999999,0.00861303588970195,0.00701));
#14654=CARTESIAN_POINT('',(0.0845986839999992,0.0033655332735476,0.00701));
#14655=CARTESIAN_POINT('',(0.0829700655607481,0.00220467067214629,0.00701));
#14656=CARTESIAN_POINT('',(0.0829700655607481,0.00220467067214629,0.00701));
#14657=CARTESIAN_POINT('',(0.0845986839999992,0.0033655332735476,0.00701));
#14658=CARTESIAN_POINT('',(0.085348683999999,-0.00113238389867898,0.00701));
#14659=CARTESIAN_POINT('',(0.0877273024392499,-0.00446943846950425,0.00701));
#14660=CARTESIAN_POINT('',(0.0877273024392499,-0.00446943846950425,0.00701));
#14661=CARTESIAN_POINT('',(0.085348683999999,-0.00113238389867898,0.00701));
#14662=CARTESIAN_POINT('',(0.086098683999999,-0.0056303010709055,0.00701));
#14663=CARTESIAN_POINT('',(0.088098683999999,-0.00563030107090549,0.00701));
#14664=CARTESIAN_POINT('',(0.088098683999999,-0.00563030107090549,0.00701));
#14665=CARTESIAN_POINT('',(0.086098683999999,-0.0056303010709055,0.00701));
#14666=CARTESIAN_POINT('',(0.088098683999999,-0.0224153127844762,0.00701));
#14667=CARTESIAN_POINT('',(0.088098683999999,-0.0392003244980469,0.00701));
#14668=CARTESIAN_POINT('',(0.088098683999999,-0.0392003244980469,0.00701));
#14669=CARTESIAN_POINT('',(0.088098683999999,-0.0224153127844762,0.00701));
#14670=CARTESIAN_POINT('',(0.086098683999999,-0.0392003244980469,0.00701));
#14671=CARTESIAN_POINT('',(0.0860856598684151,-0.0412002820905964,0.00701));
#14672=CARTESIAN_POINT('',(0.0860856598684151,-0.0412002820905964,0.00701));
#14673=CARTESIAN_POINT('',(0.086098683999999,-0.0392003244980469,0.00701));
#14674=CARTESIAN_POINT('',(0.058443172219029,-0.0410202685754133,0.00701));
#14675=CARTESIAN_POINT('',(0.030800684569643,-0.0408402550602301,0.00701));
#14676=CARTESIAN_POINT('',(0.030800684569643,-0.0408402550602301,0.00701));
#14677=CARTESIAN_POINT('',(0.058443172219029,-0.0410202685754133,0.00701));
#14678=CARTESIAN_POINT('',(0.030794172503851,-0.0418402338565048,0.00701));
#14679=CARTESIAN_POINT('',(0.0302118200989111,-0.0410272974036005,0.00701));
#14680=CARTESIAN_POINT('',(0.0302118200989111,-0.0410272974036005,0.00701));
#14681=CARTESIAN_POINT('',(0.030794172503851,-0.0418402338565048,0.00701));
#14682=CARTESIAN_POINT('',(0.0229037856590122,-0.0462624562112218,0.00701));
#14683=CARTESIAN_POINT('',(0.0155957512191133,-0.0514976150188431,0.00701));
#14684=CARTESIAN_POINT('',(0.0155957512191133,-0.0514976150188431,0.00701));
#14685=CARTESIAN_POINT('',(0.0229037856590122,-0.0462624562112218,0.00701));
#14686=CARTESIAN_POINT('',(0.0150133988141733,-0.0506846785659386,0.00701));
#14687=CARTESIAN_POINT('',(0.0151485101442119,-0.0516755089896214,0.00701));
#14688=CARTESIAN_POINT('',(0.0151485101442119,-0.0516755089896214,0.00701));
#14689=CARTESIAN_POINT('',(0.0150133988141733,-0.0506846785659386,0.00701));
#14690=CARTESIAN_POINT('',(-0.0291353304169203,-0.0577141291756949,0.00701));
#14691=CARTESIAN_POINT('',(-0.0734191709780526,-0.0637527493617683,0.00701));
#14692=CARTESIAN_POINT('',(-0.0734191709780526,-0.0637527493617683,0.00701));
#14693=CARTESIAN_POINT('',(-0.0291353304169203,-0.0577141291756949,0.00701));
#14694=CARTESIAN_POINT('',(-0.0736893936381296,-0.061771088514403,0.00701));
#14695=CARTESIAN_POINT('',(-0.075541358810743,-0.0625262209527387,0.00701));
#14696=CARTESIAN_POINT('',(-0.075541358810743,-0.0625262209527387,0.00701));
#14697=CARTESIAN_POINT('',(-0.0736893936381296,-0.061771088514403,0.00701));
#14698=CARTESIAN_POINT('',(-0.0796005660863959,-0.0525709996944701,0.00701));
#14699=CARTESIAN_POINT('',(-0.0836597733620489,-0.0426157784362015,0.00701));
#14700=CARTESIAN_POINT('',(-0.0836597733620489,-0.0426157784362015,0.00701));
#14701=CARTESIAN_POINT('',(-0.0796005660863959,-0.0525709996944701,0.00701));
#14702=CARTESIAN_POINT('',(-0.0818078081894302,-0.0418606459978645,0.00701));
#14703=CARTESIAN_POINT('',(-0.0837258883699783,-0.0424271867475108,0.00701));
#14704=CARTESIAN_POINT('',(-0.0837258883699783,-0.0424271867475108,0.00701));
#14705=CARTESIAN_POINT('',(-0.0818078081894302,-0.0418606459978645,0.00701));
#14706=CARTESIAN_POINT('',(-0.0858895566641238,-0.0351018720638455,0.00701));
#14707=CARTESIAN_POINT('',(-0.0880532249582692,-0.0277765573801803,0.00701));
#14708=CARTESIAN_POINT('',(-0.0880532249582692,-0.0277765573801803,0.00701));
#14709=CARTESIAN_POINT('',(-0.0858895566641238,-0.0351018720638455,0.00701));
#14710=CARTESIAN_POINT('',(-0.0870941848679988,-0.0274932870053578,0.00701));
#14711=CARTESIAN_POINT('',(-0.0880941740134663,-0.0274886277194491,0.00701));
#14712=CARTESIAN_POINT('',(-0.0880941740134663,-0.0274886277194491,0.00701));
#14713=CARTESIAN_POINT('',(-0.0870941848679988,-0.0274932870053578,0.00701));
#14714=CARTESIAN_POINT('',(-0.0879060661425798,0.0128836166012077,0.00701));
#14715=CARTESIAN_POINT('',(-0.0880855759553974,-0.0256432881310344,0.00701));
#14716=CARTESIAN_POINT('',(-0.0879060661425798,0.0128836166012077,0.00701));
#14717=CARTESIAN_POINT('',(-0.0857179799807564,0.0532465423500471,0.00701));
#14718=CARTESIAN_POINT('',(-0.0857179799807564,0.0532465423500471,0.00501));
#14719=CARTESIAN_POINT('',(-0.0857692451891545,0.0552458852116914,0.00501));
#14720=CARTESIAN_POINT('',(-0.0857692451891545,0.0552458852116914,0.00701));
#14721=CARTESIAN_POINT('',(-0.0857692451891545,0.0552458852116914,0.00701));
#14722=CARTESIAN_POINT('',(-0.0857179799807564,0.0532465423500471,0.00701));
#14723=CARTESIAN_POINT('',(-0.0727129415388938,0.0555806622728847,0.00701));
#14724=CARTESIAN_POINT('',(-0.0649581621705091,0.0557795027959525,0.00551));
#14725=CARTESIAN_POINT('',(-0.0649581621705091,0.0557795027959525,0.00651));
#14726=CARTESIAN_POINT('',(-0.0639584907396869,0.0558051354001515,0.00551));
#14727=CARTESIAN_POINT('',(-0.0639584907396869,0.0558051354001515,0.00701));
#14728=CARTESIAN_POINT('',(-0.0596566378886331,0.055915439334078,0.00701));
#14729=CARTESIAN_POINT('',(-0.0596566378886331,0.055915439334078,0.00701));
#14730=CARTESIAN_POINT('',(-0.0727129415388938,0.0555806622728847,0.00701));
#14731=CARTESIAN_POINT('',(-0.0727129415388938,0.0555806622728847,0.00501));
#14732=CARTESIAN_POINT('',(-0.0739552050479083,0.0555488093581612,0.00501));
#14733=CARTESIAN_POINT('',(-0.0739552050479083,0.0555488093581612,0.00701));
#14734=CARTESIAN_POINT('',(-0.0739552050479083,0.0555488093581612,0.00551));
#14735=CARTESIAN_POINT('',(-0.0729555336170862,0.0555744419623602,0.00551));
#14736=CARTESIAN_POINT('',(-0.0729555336170862,0.0555744419623602,0.00651));
#14737=CARTESIAN_POINT('',(-0.0727129415388938,0.0555806622728847,0.00651));
#14738=CARTESIAN_POINT('',(-0.0597079030970312,0.0579147821957224,0.00701));
#14739=CARTESIAN_POINT('',(-0.0584324111403488,0.0563742886811502,0.00701));
#14740=CARTESIAN_POINT('',(-0.0584324111403488,0.0563742886811502,0.00701));
#14741=CARTESIAN_POINT('',(-0.0597079030970312,0.0579147821957224,0.00701));
#14742=CARTESIAN_POINT('',(-0.0550751357162242,0.0591540328081665,0.00701));
#14743=CARTESIAN_POINT('',(-0.0517178602920997,0.0619337769351827,0.00701));
#14744=CARTESIAN_POINT('',(-0.0517178602920997,0.0619337769351827,0.00701));
#14745=CARTESIAN_POINT('',(-0.0550751357162242,0.0591540328081665,0.00701));
#14746=CARTESIAN_POINT('',(-0.0504423683354173,0.0603932834206106,0.00701));
#14747=CARTESIAN_POINT('',(-0.0504858363146585,0.0623928109985102,0.00701));
#14748=CARTESIAN_POINT('',(-0.0504858363146585,0.0623928109985102,0.00701));
#14749=CARTESIAN_POINT('',(-0.0504423683354173,0.0603932834206106,0.00701));
#14750=CARTESIAN_POINT('',(-0.0165258032488736,0.0631310723901757,0.00701));
#14751=CARTESIAN_POINT('',(0.0174342298169112,0.0638693337818413,0.00701));
#14752=CARTESIAN_POINT('',(0.0174342298169112,0.0638693337818413,0.00701));
#14753=CARTESIAN_POINT('',(-0.0165258032488736,0.0631310723901757,0.00701));
#14754=CARTESIAN_POINT('',(0.0174776977961523,0.0618698062039413,0.00701));
#14755=CARTESIAN_POINT('',(0.0182038637325143,0.0637333198295608,0.00701));
#14756=CARTESIAN_POINT('',(0.0182038637325142,0.0637333198295608,0.00701));
#14757=CARTESIAN_POINT('',(0.0174776977961523,0.0618698062039413,0.00701));
#14758=CARTESIAN_POINT('',(0.0284085196746498,0.0597568136019714,0.00701));
#14759=CARTESIAN_POINT('',(0.0386131756167852,0.0557803073743821,0.00701));
#14760=CARTESIAN_POINT('',(0.0386131756167852,0.0557803073743821,0.00701));
#14761=CARTESIAN_POINT('',(0.0284085196746498,0.0597568136019714,0.00701));
#14762=CARTESIAN_POINT('',(0.0393393415531471,0.0576438210000012,0.00701));
#14763=CARTESIAN_POINT('',(0.0393393415531471,0.0556438210000011,0.00701));
#14764=CARTESIAN_POINT('',(0.0393393415531471,0.0556438210000011,0.00701));
#14765=CARTESIAN_POINT('',(0.0393393415531471,0.0576438210000012,0.00701));
#14766=CARTESIAN_POINT('',(0.0574559817721904,0.0556438210000011,0.00701));
#14767=CARTESIAN_POINT('',(0.0755726219912337,0.0556438210000011,0.00701));
#14768=CARTESIAN_POINT('',(0.0755726219912337,0.0556438210000011,0.00701));
#14769=CARTESIAN_POINT('',(0.0574559817721904,0.0556438210000011,0.00701));
#14770=CARTESIAN_POINT('',(0.0336588488605937,-0.0508590800505494,0.00701));
#14771=CARTESIAN_POINT('',(0.0336914091895534,-0.0458591860691755,0.00701));
#14772=CARTESIAN_POINT('',(0.0336914091895534,-0.0458591860691755,0.01101));
#14773=CARTESIAN_POINT('',(0.0336588488605937,-0.0508590800505494,0.01101));
#14774=CARTESIAN_POINT('',(0.0307470868358942,-0.0467943977860275,0.01101));
#14775=CARTESIAN_POINT('',(0.0307470868358942,-0.0467943977860275,0.00701));
#14776=CARTESIAN_POINT('',(0.0608787664302963,-0.0460362356823479,0.00701));
#14777=CARTESIAN_POINT('',(0.0880661236710393,-0.0462132852955203,0.00701));
#14778=CARTESIAN_POINT('',(0.0880661236710393,-0.0462132852955203,0.01101));
#14779=CARTESIAN_POINT('',(0.0336914091895534,-0.0458591860691755,0.01101));
#14780=CARTESIAN_POINT('',(0.088098683999999,-0.0412133913141464,0.00701));
#14781=CARTESIAN_POINT('',(0.093098683999999,-0.0412133913141464,0.00701));
#14782=CARTESIAN_POINT('',(0.093098683999999,-0.0412133913141464,0.01101));
#14783=CARTESIAN_POINT('',(0.088098683999999,-0.0412133913141464,0.01101));
#14784=CARTESIAN_POINT('',(0.093098683999999,-0.0231019275731297,0.00701));
#14785=CARTESIAN_POINT('',(0.093098683999999,-0.00499046383211282,0.00701));
#14786=CARTESIAN_POINT('',(0.093098683999999,-0.00499046383211282,0.01101));
#14787=CARTESIAN_POINT('',(0.093098683999999,-0.0231019275731297,0.01101));
#14788=CARTESIAN_POINT('',(0.0880986839999991,-0.00499046383211282,0.00701));
#14789=CARTESIAN_POINT('',(0.0921702300981262,-0.00208830732860974,0.00701));
#14790=CARTESIAN_POINT('',(0.0921702300981262,-0.00208830732860974,0.01101));
#14791=CARTESIAN_POINT('',(0.0880986839999991,-0.00499046383211282,0.01101));
#14792=CARTESIAN_POINT('',(0.090348683999999,0.000467209198302714,0.00701));
#14793=CARTESIAN_POINT('',(0.0885271379018718,0.00302272572521517,0.00701));
#14794=CARTESIAN_POINT('',(0.0885271379018718,0.00302272572521517,0.01101));
#14795=CARTESIAN_POINT('',(0.090348683999999,0.000467209198302714,0.01101));
#14796=CARTESIAN_POINT('',(0.092598683999999,0.00592488222871825,0.00701));
#14797=CARTESIAN_POINT('',(0.087598683999999,0.00592488222871825,0.00701));
#14798=CARTESIAN_POINT('',(0.087598683999999,0.00592488222871825,0.01101));
#14799=CARTESIAN_POINT('',(0.092598683999999,0.00592488222871825,0.01101));
#14800=CARTESIAN_POINT('',(0.087598683999999,0.0102065220378582,0.00701));
#14801=CARTESIAN_POINT('',(0.087598683999999,0.0144881618469982,0.00701));
#14802=CARTESIAN_POINT('',(0.087598683999999,0.0144881618469982,0.01101));
#14803=CARTESIAN_POINT('',(0.087598683999999,0.0102065220378582,0.01101));
#14804=CARTESIAN_POINT('',(0.082598683999999,0.0144881618469982,0.00701));
#14805=CARTESIAN_POINT('',(0.0867021909824678,0.0173449485812207,0.00701));
#14806=CARTESIAN_POINT('',(0.0867021909824678,0.0173449485812207,0.01101));
#14807=CARTESIAN_POINT('',(0.082598683999999,0.0144881618469982,0.01101));
#14808=CARTESIAN_POINT('',(0.0852805117621062,0.0193870578285435,0.00701));
#14809=CARTESIAN_POINT('',(0.0838588325417445,0.0214291670758662,0.00701));
#14810=CARTESIAN_POINT('',(0.0838588325417445,0.0214291670758662,0.01101));
#14811=CARTESIAN_POINT('',(0.0852805117621062,0.0193870578285435,0.01101));
#14812=CARTESIAN_POINT('',(0.0879623395242134,0.0242859538100887,0.00701));
#14813=CARTESIAN_POINT('',(0.0829627776380314,0.0242197650932492,0.00701));
#14814=CARTESIAN_POINT('',(0.0829627776380314,0.0242197650932492,0.01101));
#14815=CARTESIAN_POINT('',(0.0879623395242134,0.0242859538100887,0.01101));
#14816=CARTESIAN_POINT('',(0.0827543294847683,0.0399648874050449,0.00701));
#14817=CARTESIAN_POINT('',(0.0825458813315053,0.0557100097168405,0.00701));
#14818=CARTESIAN_POINT('',(0.0825458813315053,0.0557100097168405,0.01101));
#14819=CARTESIAN_POINT('',(0.0827543294847683,0.0399648874050449,0.01101));
#14820=CARTESIAN_POINT('',(0.0775463194453233,0.055643821000001,0.00701));
#14821=CARTESIAN_POINT('',(0.0775463194453233,0.0606438210000011,0.00701));
#14822=CARTESIAN_POINT('',(0.0775463194453233,0.0606438210000011,0.01101));
#14823=CARTESIAN_POINT('',(0.0775463194453233,0.055643821000001,0.01101));
#14824=CARTESIAN_POINT('',(0.0591946497049931,0.0606438210000011,0.00701));
#14825=CARTESIAN_POINT('',(0.0408429799646628,0.0606438210000011,0.00701));
#14826=CARTESIAN_POINT('',(0.0408429799646628,0.0606438210000011,0.01101));
#14827=CARTESIAN_POINT('',(0.0591946497049931,0.0606438210000011,0.01101));
#14828=CARTESIAN_POINT('',(0.0408429799646628,0.0656438210000012,0.00701));
#14829=CARTESIAN_POINT('',(0.0390275651237581,0.0609850369359536,0.00701));
#14830=CARTESIAN_POINT('',(0.0390275651237581,0.0609850369359536,0.01101));
#14831=CARTESIAN_POINT('',(0.0408429799646628,0.0656438210000012,0.01101));
#14832=CARTESIAN_POINT('',(0.0293377878865228,0.0647609074548921,0.00701));
#14833=CARTESIAN_POINT('',(0.0196480106492875,0.0685367779738306,0.00701));
#14834=CARTESIAN_POINT('',(0.0196480106492875,0.0685367779738306,0.01101));
#14835=CARTESIAN_POINT('',(0.0293377878865228,0.0647609074548921,0.01101));
#14836=CARTESIAN_POINT('',(0.0178325958083826,0.0638779939097828,0.00701));
#14837=CARTESIAN_POINT('',(0.0177239258602798,0.0688768128545319,0.00701));
#14838=CARTESIAN_POINT('',(0.0177239258602798,0.0688768128545319,0.01101));
#14839=CARTESIAN_POINT('',(0.0178325958083826,0.0638779939097828,0.01101));
#14840=CARTESIAN_POINT('',(-0.0167832352918459,0.0681266573772022,0.00701));
#14841=CARTESIAN_POINT('',(-0.0512903964439715,0.0673765018998724,0.00701));
#14842=CARTESIAN_POINT('',(-0.0512903964439715,0.0673765018998724,0.01101));
#14843=CARTESIAN_POINT('',(-0.0167832352918459,0.0681266573772022,0.01101));
#14844=CARTESIAN_POINT('',(-0.0511817264958686,0.0623776829551239,0.00701));
#14845=CARTESIAN_POINT('',(-0.0543704563875744,0.0662289167415538,0.00701));
#14846=CARTESIAN_POINT('',(-0.0543704563875744,0.0662289167415538,0.01101));
#14847=CARTESIAN_POINT('',(-0.0511817264958686,0.0623776829551239,0.01101));
#14848=CARTESIAN_POINT('',(-0.0569302616817368,0.064109458897368,0.00701));
#14849=CARTESIAN_POINT('',(-0.0594900669758991,0.0619900010531822,0.00701));
#14850=CARTESIAN_POINT('',(-0.0594900669758991,0.0619900010531822,0.01101));
#14851=CARTESIAN_POINT('',(-0.0569302616817368,0.064109458897368,0.01101));
#14852=CARTESIAN_POINT('',(-0.0626787968676051,0.0658412348396123,0.00701));
#14853=CARTESIAN_POINT('',(-0.0625506338466099,0.0608428776855017,0.00701));
#14854=CARTESIAN_POINT('',(-0.0625506338466099,0.0608428776855017,0.01101));
#14855=CARTESIAN_POINT('',(-0.0626787968676051,0.0658412348396123,0.01101));
#14856=CARTESIAN_POINT('',(-0.0751938573397816,0.0605186924246166,0.00701));
#14857=CARTESIAN_POINT('',(-0.0640866537606821,0.0608034925542622,0.00526));
#14858=CARTESIAN_POINT('',(-0.0640866537606821,0.0608034925542622,0.00551));
#14859=CARTESIAN_POINT('',(-0.0650863251915042,0.0607778599500632,0.00551));
#14860=CARTESIAN_POINT('',(-0.0650863251915042,0.0607778599500632,0.00651));
#14861=CARTESIAN_POINT('',(-0.0690850109147928,0.0606753295332671,0.00651));
#14862=CARTESIAN_POINT('',(-0.0730836966380813,0.0605727991164709,0.00651));
#14863=CARTESIAN_POINT('',(-0.0730836966380813,0.0605727991164709,0.00551));
#14864=CARTESIAN_POINT('',(-0.0740833680689035,0.0605471665122719,0.00551));
#14865=CARTESIAN_POINT('',(-0.0740833680689035,0.0605471665122719,0.00526));
#14866=CARTESIAN_POINT('',(-0.0740833680689035,0.0605471665122719,0.00501));
#14867=CARTESIAN_POINT('',(-0.0751938573397816,0.0605186924246166,0.00501));
#14868=CARTESIAN_POINT('',(-0.0878370808329534,0.0601945071637316,0.00501));
#14869=CARTESIAN_POINT('',(-0.0878370808329534,0.0601945071637316,0.00701));
#14870=CARTESIAN_POINT('',(-0.0878370808329534,0.0601945071637316,0.01101));
#14871=CARTESIAN_POINT('',(-0.0751938573397816,0.0605186924246166,0.01101));
#14872=CARTESIAN_POINT('',(-0.0877089178119582,0.0551961500096209,0.00701));
#14873=CARTESIAN_POINT('',(-0.0927088635393007,0.0552194464391642,0.00701));
#14874=CARTESIAN_POINT('',(-0.0927088635393007,0.0552194464391642,0.01101));
#14875=CARTESIAN_POINT('',(-0.0927088635393007,0.0552194464391642,0.00501));
#14876=CARTESIAN_POINT('',(-0.0877089178119582,0.0551961500096209,0.01101));
#14877=CARTESIAN_POINT('',(-0.0877089178119582,0.0551961500096209,0.00501));
#14878=CARTESIAN_POINT('',(-0.09290183404092,0.0138035705306033,0.00701));
#14879=CARTESIAN_POINT('',(-0.0930018695186765,-0.00766632719182446,0.00601));
#14880=CARTESIAN_POINT('',(-0.0930018695186764,-0.00766632719182445,0.00501));
#14881=CARTESIAN_POINT('',(-0.0930018695186765,-0.00766632719182446,0.00701));
#14882=CARTESIAN_POINT('',(-0.09290183404092,0.0138035705306033,0.00701));
#14883=CARTESIAN_POINT('',(-0.0930020847931062,-0.00771253,0.00701));
#14884=CARTESIAN_POINT('',(-0.0930020847931062,-0.00771253,0.01301));
#14885=CARTESIAN_POINT('',(-0.0930020847931062,-0.00771253,0.01101));
#14886=CARTESIAN_POINT('',(-0.0927088635393007,0.0552194464391642,0.01101));
#14887=CARTESIAN_POINT('',(-0.09290183404092,0.0138035705306033,0.00501));
#14888=CARTESIAN_POINT('',(-0.0880948588151973,-0.027635601807501,0.00701));
#14889=CARTESIAN_POINT('',(-0.0928900592665542,-0.0290519536816134,0.00701));
#14890=CARTESIAN_POINT('',(-0.0928900592665542,-0.0290519536816134,0.01101));
#14891=CARTESIAN_POINT('',(-0.0880948588151973,-0.027635601807501,0.01101));
#14892=CARTESIAN_POINT('',(-0.0906914038063634,-0.0364957209034361,0.00701));
#14893=CARTESIAN_POINT('',(-0.0884927483461726,-0.0439394881252588,0.00701));
#14894=CARTESIAN_POINT('',(-0.0884927483461726,-0.0439394881252588,0.01101));
#14895=CARTESIAN_POINT('',(-0.0928900592665542,-0.0290519536816134,0.01101));
#14896=CARTESIAN_POINT('',(-0.0836975478949517,-0.0425231362511865,0.00701));
#14897=CARTESIAN_POINT('',(-0.0883274608263534,-0.0444109673469723,0.00701));
#14898=CARTESIAN_POINT('',(-0.0883274608263534,-0.0444109673469723,0.01101));
#14899=CARTESIAN_POINT('',(-0.0836975478949517,-0.0425231362511865,0.01101));
#14900=CARTESIAN_POINT('',(-0.0839565906331398,-0.0551305430940899,0.00701));
#14901=CARTESIAN_POINT('',(-0.0795857204399263,-0.0658501188412074,0.00701));
#14902=CARTESIAN_POINT('',(-0.0795857204399263,-0.0658501188412074,0.01101));
#14903=CARTESIAN_POINT('',(-0.0883274608263534,-0.0444109673469723,0.01101));
#14904=CARTESIAN_POINT('',(-0.0749558075083927,-0.063962287745368,0.00701));
#14905=CARTESIAN_POINT('',(-0.0742802508582003,-0.0689164398637815,0.00701));
#14906=CARTESIAN_POINT('',(-0.0742802508582003,-0.0689164398637815,0.01101));
#14907=CARTESIAN_POINT('',(-0.0749558075083927,-0.063962287745368,0.01101));
#14908=CARTESIAN_POINT('',(-0.0291052546327073,-0.0627563001682086,0.00701));
#14909=CARTESIAN_POINT('',(0.0160697415927858,-0.0565961604726357,0.00701));
#14910=CARTESIAN_POINT('',(0.0160697415927858,-0.0565961604726357,0.01101));
#14911=CARTESIAN_POINT('',(-0.0742802508582003,-0.0689164398637815,0.01101));
#14912=CARTESIAN_POINT('',(0.0153941849425934,-0.0516420083542221,0.00701));
#14913=CARTESIAN_POINT('',(0.018305946967293,-0.055706690618744,0.00701));
#14914=CARTESIAN_POINT('',(0.018305946967293,-0.055706690618744,0.01101));
#14915=CARTESIAN_POINT('',(0.0153941849425934,-0.0516420083542221,0.01101));
#14916=CARTESIAN_POINT('',(0.0245265169015936,-0.0512505442023857,0.00701));
#14917=CARTESIAN_POINT('',(0.0245265169015936,-0.0512505442023857,0.01101));
#14918=CARTESIAN_POINT('',(0.0755726219912337,0.0536438210000011,0.00701));
#14919=CARTESIAN_POINT('',(0.0755726219912337,0.0536438210000011,0.00701));
#14920=CARTESIAN_POINT('',(1.9125924010932E-6,-4.214691779246E-5,0.00501));
#14921=CARTESIAN_POINT('',(-0.0890115993773595,0.0568132902310907,0.00501));
#14922=CARTESIAN_POINT('',(-0.0907615993773595,0.0568132902310907,0.00501));
#14923=CARTESIAN_POINT('',(-0.0695021246001667,-0.00777582041067761,0.00501));
#14924=CARTESIAN_POINT('',(-0.0739039398395102,0.0535494664965169,0.00501));
#14925=CARTESIAN_POINT('',(-0.0372667921538824,-0.0326838370194681,0.01301));
#14926=CARTESIAN_POINT('',(-0.0373773851797583,-0.0316316146651898,0.01301));
#14927=CARTESIAN_POINT('',(-0.0373773851797583,-0.0316316146651898,0.01201));
#14928=CARTESIAN_POINT('',(-0.0373773851797583,-0.0316316146651898,0.00701));
#14929=CARTESIAN_POINT('',(-0.0372667921538824,-0.0326838370194681,0.01201));
#14930=CARTESIAN_POINT('',(-0.0371561991280066,-0.0337360593737465,0.01201));
#14931=CARTESIAN_POINT('',(-0.0371561991280066,-0.0337360593737465,0.01301));
#14932=CARTESIAN_POINT('',(-0.0371561991280066,-0.0337360593737465,0.00701));
#14933=CARTESIAN_POINT('',(-0.0372667921538824,-0.0326838370194681,0.00701));
#14934=CARTESIAN_POINT('',(-0.0273228930656377,-0.0305748449605503,0.01301));
#14935=CARTESIAN_POINT('',(-0.0172684009515171,-0.0295180752559109,0.01301));
#14936=CARTESIAN_POINT('',(-0.0172684009515171,-0.0295180752559109,0.01201));
#14937=CARTESIAN_POINT('',(-0.0172684009515171,-0.0295180752559109,0.00701));
#14938=CARTESIAN_POINT('',(-0.0373773851797583,-0.0316316146651898,0.01201));
#14939=CARTESIAN_POINT('',(-0.0273228930656377,-0.0305748449605503,0.00701));
#14940=CARTESIAN_POINT('',(-0.017324298117487,-0.0284514937915827,0.01301));
#14941=CARTESIAN_POINT('',(-0.0173801952834569,-0.0273849123272544,0.01301));
#14942=CARTESIAN_POINT('',(-0.0173801952834569,-0.0273849123272544,0.01201));
#14943=CARTESIAN_POINT('',(-0.0173801952834569,-0.0273849123272544,0.00701));
#14944=CARTESIAN_POINT('',(-0.0172684009515171,-0.0295180752559109,0.01201));
#14945=CARTESIAN_POINT('',(-0.017324298117487,-0.0284514937915827,0.00701));
#14946=CARTESIAN_POINT('',(-0.00773343397776753,-0.0268793469899496,0.01301));
#14947=CARTESIAN_POINT('',(0.00191332732792189,-0.0263737816526449,0.01301));
#14948=CARTESIAN_POINT('',(0.00191332732792189,-0.0263737816526449,0.01201));
#14949=CARTESIAN_POINT('',(0.00191332732792189,-0.0263737816526449,0.00701));
#14950=CARTESIAN_POINT('',(-0.0173801952834569,-0.0273849123272544,0.01201));
#14951=CARTESIAN_POINT('',(-0.00773343397776753,-0.0268793469899496,0.00701));
#14952=CARTESIAN_POINT('',(0.00241836930564905,-0.0360105566626974,0.01301));
#14953=CARTESIAN_POINT('',(0.00292341128337622,-0.0456473316727499,0.01301));
#14954=CARTESIAN_POINT('',(0.00292341128337622,-0.0456473316727499,0.01201));
#14955=CARTESIAN_POINT('',(0.00292341128337622,-0.0456473316727499,0.00701));
#14956=CARTESIAN_POINT('',(0.00191332732792189,-0.0263737816526449,0.01201));
#14957=CARTESIAN_POINT('',(0.00241836930564905,-0.0360105566626974,0.00701));
#14958=CARTESIAN_POINT('',(-0.00672408027810786,-0.0461529352811391,0.01301));
#14959=CARTESIAN_POINT('',(-0.0163715718395919,-0.0466585388895284,0.01301));
#14960=CARTESIAN_POINT('',(-0.0163715718395919,-0.0466585388895284,0.01201));
#14961=CARTESIAN_POINT('',(-0.0163715718395919,-0.0466585388895284,0.00701));
#14962=CARTESIAN_POINT('',(-0.00672408027810786,-0.0461529352811391,0.01201));
#14963=CARTESIAN_POINT('',(-0.00672408027810786,-0.0461529352811391,0.00701));
#14964=CARTESIAN_POINT('',(-0.0162586973299168,-0.0477324681121693,0.01301));
#14965=CARTESIAN_POINT('',(-0.0161458228202416,-0.0488063973348103,0.01301));
#14966=CARTESIAN_POINT('',(-0.0161458228202416,-0.0488063973348103,0.01201));
#14967=CARTESIAN_POINT('',(-0.0161458228202416,-0.0488063973348103,0.00701));
#14968=CARTESIAN_POINT('',(-0.0162586973299168,-0.0477324681121693,0.01201));
#14969=CARTESIAN_POINT('',(-0.0162586973299168,-0.0477324681121693,0.00701));
#14970=CARTESIAN_POINT('',(-0.0258770951371708,-0.0498291952698432,0.01301));
#14971=CARTESIAN_POINT('',(-0.0356083674540999,-0.050851993204876,0.01301));
#14972=CARTESIAN_POINT('',(-0.0356083674540999,-0.050851993204876,0.01201));
#14973=CARTESIAN_POINT('',(-0.0356083674540999,-0.050851993204876,0.00701));
#14974=CARTESIAN_POINT('',(-0.0258770951371708,-0.0498291952698432,0.01201));
#14975=CARTESIAN_POINT('',(-0.0258770951371708,-0.0498291952698432,0.00701));
#14976=CARTESIAN_POINT('',(-0.0354667434642761,-0.0518597002540315,0.01301));
#14977=CARTESIAN_POINT('',(-0.0353251194744523,-0.0528674073031869,0.01301));
#14978=CARTESIAN_POINT('',(-0.0353251194744523,-0.0528674073031869,0.01201));
#14979=CARTESIAN_POINT('',(-0.0353251194744523,-0.0528674073031869,0.00701));
#14980=CARTESIAN_POINT('',(-0.0354667434642761,-0.0518597002540315,0.01201));
#14981=CARTESIAN_POINT('',(-0.0354667434642761,-0.0518597002540315,0.00701));
#14982=CARTESIAN_POINT('',(-0.0518873548863923,-0.0551950776925184,0.01301));
#14983=CARTESIAN_POINT('',(-0.0684495902983322,-0.05752274808185,0.01301));
#14984=CARTESIAN_POINT('',(-0.0684495902983322,-0.05752274808185,0.01201));
#14985=CARTESIAN_POINT('',(-0.0684495902983322,-0.05752274808185,0.00701));
#14986=CARTESIAN_POINT('',(-0.0518873548863923,-0.0551950776925184,0.01201));
#14987=CARTESIAN_POINT('',(-0.0518873548863923,-0.0551950776925184,0.00701));
#14988=CARTESIAN_POINT('',(-0.0697856520675489,-0.0480161746219309,0.01301));
#14989=CARTESIAN_POINT('',(-0.0711217138367655,-0.0385096011620118,0.01301));
#14990=CARTESIAN_POINT('',(-0.0711217138367655,-0.0385096011620118,0.01201));
#14991=CARTESIAN_POINT('',(-0.0711217138367655,-0.0385096011620118,0.00701));
#14992=CARTESIAN_POINT('',(-0.0697856520675489,-0.0480161746219309,0.01201));
#14993=CARTESIAN_POINT('',(-0.0697856520675489,-0.0480161746219309,0.00701));
#14994=CARTESIAN_POINT('',(0.0180641774934538,-0.0241715809814123,0.01301));
#14995=CARTESIAN_POINT('',(0.00822763298690834,-0.0243432785044433,0.01301));
#14996=CARTESIAN_POINT('',(0.00822763298690834,-0.0243432785044433,0.01201));
#14997=CARTESIAN_POINT('',(0.00822763298690834,-0.0243432785044433,0.00701));
#14998=CARTESIAN_POINT('',(0.0180641774934538,-0.0241715809814123,0.01201));
#14999=CARTESIAN_POINT('',(0.0279007219999992,-0.0239998834583813,0.01201));
#15000=CARTESIAN_POINT('',(0.0279007219999992,-0.0239998834583813,0.01301));
#15001=CARTESIAN_POINT('',(0.0279007219999992,-0.0239998834583813,0.00701));
#15002=CARTESIAN_POINT('',(0.0180641774934538,-0.0241715809814123,0.00701));
#15003=CARTESIAN_POINT('',(0.00819204553704575,-0.0223044748672792,0.01301));
#15004=CARTESIAN_POINT('',(0.00815645808718318,-0.0202656712301151,0.01301));
#15005=CARTESIAN_POINT('',(0.00815645808718318,-0.0202656712301151,0.01201));
#15006=CARTESIAN_POINT('',(0.00815645808718318,-0.0202656712301151,0.00701));
#15007=CARTESIAN_POINT('',(0.00819204553704575,-0.0223044748672792,0.01201));
#15008=CARTESIAN_POINT('',(0.00819204553704575,-0.0223044748672792,0.00701));
#15009=CARTESIAN_POINT('',(-0.00171798535582277,-0.0206104943934476,0.01301));
#15010=CARTESIAN_POINT('',(-0.0115924287988287,-0.0209553175567801,0.01301));
#15011=CARTESIAN_POINT('',(-0.0115924287988287,-0.0209553175567801,0.01201));
#15012=CARTESIAN_POINT('',(-0.0115924287988287,-0.0209553175567801,0.00701));
#15013=CARTESIAN_POINT('',(-0.00171798535582277,-0.0206104943934476,0.01201));
#15014=CARTESIAN_POINT('',(-0.00171798535582277,-0.0206104943934476,0.00701));
#15015=CARTESIAN_POINT('',(-0.0114915277576769,-0.0228806241149275,0.01301));
#15016=CARTESIAN_POINT('',(-0.0114915277576769,-0.0228806241149275,0.01301));
#15017=CARTESIAN_POINT('',(-0.0115400848703518,-0.0219540992108183,0.01301));
#15018=CARTESIAN_POINT('',(-0.0113382907602819,-0.0258045602078293,0.01301));
#15019=CARTESIAN_POINT('',(-0.0115400848703518,-0.0219540992108183,0.01201));
#15020=CARTESIAN_POINT('',(-0.0114915277576769,-0.0228806241149275,0.00701));
#15021=CARTESIAN_POINT('',(-0.011390626716525,-0.0248059306730748,0.00701));
#15022=CARTESIAN_POINT('',(-0.011390626716525,-0.0248059306730748,0.01301));
#15023=CARTESIAN_POINT('',(-0.011390626716525,-0.0248059306730748,0.01201));
#15024=CARTESIAN_POINT('',(-0.0113382907602819,-0.0258045602078293,0.01201));
#15025=CARTESIAN_POINT('',(-0.0215381434259736,-0.0253377394890545,0.01301));
#15026=CARTESIAN_POINT('',(-0.0316856601354221,-0.0258695483050343,0.01301));
#15027=CARTESIAN_POINT('',(-0.0316856601354221,-0.0258695483050343,0.01201));
#15028=CARTESIAN_POINT('',(-0.0316856601354221,-0.0258695483050343,0.00701));
#15029=CARTESIAN_POINT('',(-0.0215381434259736,-0.0253377394890545,0.01201));
#15030=CARTESIAN_POINT('',(-0.0215381434259736,-0.0253377394890545,0.00701));
#15031=CARTESIAN_POINT('',(-0.0315889722191404,-0.0272522499268367,0.01301));
#15032=CARTESIAN_POINT('',(-0.0314922843028586,-0.028634951548639,0.01301));
#15033=CARTESIAN_POINT('',(-0.0314922843028586,-0.028634951548639,0.01201));
#15034=CARTESIAN_POINT('',(-0.0314922843028586,-0.028634951548639,0.00701));
#15035=CARTESIAN_POINT('',(-0.0316856601354221,-0.0258695483050343,0.01201));
#15036=CARTESIAN_POINT('',(-0.0315889722191404,-0.0272522499268367,0.00701));
#15037=CARTESIAN_POINT('',(-0.0411287530283289,-0.0293087990850045,0.01301));
#15038=CARTESIAN_POINT('',(-0.0507652217537991,-0.02998264662137,0.01301));
#15039=CARTESIAN_POINT('',(-0.0507652217537991,-0.02998264662137,0.01201));
#15040=CARTESIAN_POINT('',(-0.0507652217537991,-0.02998264662137,0.00701));
#15041=CARTESIAN_POINT('',(-0.0411287530283289,-0.0293087990850045,0.01201));
#15042=CARTESIAN_POINT('',(-0.0411287530283289,-0.0293087990850045,0.00701));
#15043=CARTESIAN_POINT('',(-0.0514383717254299,-0.0203561535363617,0.01301));
#15044=CARTESIAN_POINT('',(-0.0521115216970608,-0.0107296604513533,0.01301));
#15045=CARTESIAN_POINT('',(-0.0521115216970608,-0.0107296604513533,0.01201));
#15046=CARTESIAN_POINT('',(-0.0521115216970608,-0.0107296604513533,0.00701));
#15047=CARTESIAN_POINT('',(-0.0507652217537991,-0.02998264662137,0.01201));
#15048=CARTESIAN_POINT('',(-0.0514383717254299,-0.0203561535363617,0.00701));
#15049=CARTESIAN_POINT('',(-0.0516895950969414,-0.0107001564693328,0.01301));
#15050=CARTESIAN_POINT('',(-0.051267668496822,-0.0106706524873123,0.01301));
#15051=CARTESIAN_POINT('',(-0.051267668496822,-0.0106706524873123,0.01201));
#15052=CARTESIAN_POINT('',(-0.051267668496822,-0.0106706524873123,0.00701));
#15053=CARTESIAN_POINT('',(-0.0521115216970608,-0.0107296604513533,0.01201));
#15054=CARTESIAN_POINT('',(-0.0516895950969414,-0.0107001564693328,0.00701));
#15055=CARTESIAN_POINT('',(-0.0519339075969414,-0.00114298946933278,0.01301));
#15056=CARTESIAN_POINT('',(-0.0526001466970608,0.00838467354864671,0.01301));
#15057=CARTESIAN_POINT('',(-0.0526001466970608,0.00838467354864671,0.01201));
#15058=CARTESIAN_POINT('',(-0.0526001466970608,0.00838467354864671,0.00701));
#15059=CARTESIAN_POINT('',(-0.051267668496822,-0.0106706524873123,0.01201));
#15060=CARTESIAN_POINT('',(-0.0519339075969414,-0.00114298946933278,0.00701));
#15061=CARTESIAN_POINT('',(-0.0519760979604466,0.00842831128729551,0.01301));
#15062=CARTESIAN_POINT('',(-0.0513520492238325,0.00847194902594431,0.01301));
#15063=CARTESIAN_POINT('',(-0.0513520492238325,0.00847194902594431,0.01201));
#15064=CARTESIAN_POINT('',(-0.0513520492238325,0.00847194902594431,0.00701));
#15065=CARTESIAN_POINT('',(-0.0526001466970609,0.00838467354864671,0.01201));
#15066=CARTESIAN_POINT('',(-0.0519760979604466,0.00842831128729551,0.00701));
#15067=CARTESIAN_POINT('',(-0.0520172999604466,0.0179854777872955,0.01301));
#15068=CARTESIAN_POINT('',(-0.0526825506970608,0.0274990065486467,0.01301));
#15069=CARTESIAN_POINT('',(-0.0526825506970608,0.0274990065486467,0.01201));
#15070=CARTESIAN_POINT('',(-0.0526825506970608,0.0274990065486467,0.00701));
#15071=CARTESIAN_POINT('',(-0.0513520492238325,0.00847194902594431,0.01201));
#15072=CARTESIAN_POINT('',(-0.0520172999604466,0.0179854777872955,0.00701));
#15073=CARTESIAN_POINT('',(-0.0522866422632033,0.0275266911632479,0.01301));
#15074=CARTESIAN_POINT('',(-0.0518907338293458,0.0275543757778491,0.01301));
#15075=CARTESIAN_POINT('',(-0.0518907338293458,0.0275543757778491,0.01201));
#15076=CARTESIAN_POINT('',(-0.0518907338293458,0.0275543757778491,0.00701));
#15077=CARTESIAN_POINT('',(-0.0526825506970608,0.0274990065486467,0.01201));
#15078=CARTESIAN_POINT('',(-0.0522866422632033,0.0275266911632479,0.00701));
#15079=CARTESIAN_POINT('',(-0.0525551642631917,0.0370561736630825,0.01301));
#15080=CARTESIAN_POINT('',(-0.0532195946970377,0.0465579715483159,0.01301));
#15081=CARTESIAN_POINT('',(-0.0532195946970377,0.0465579715483159,0.01201));
#15082=CARTESIAN_POINT('',(-0.0532195946970377,0.0465579715483159,0.00701));
#15083=CARTESIAN_POINT('',(-0.0518907338293458,0.0275543757778491,0.01201));
#15084=CARTESIAN_POINT('',(-0.0525551642631917,0.0370561736630825,0.00701));
#15085=CARTESIAN_POINT('',(-0.043425529341672,0.047242839314583,0.01301));
#15086=CARTESIAN_POINT('',(-0.0336314639863063,0.0479277070808501,0.01301));
#15087=CARTESIAN_POINT('',(-0.0336314639863063,0.0479277070808501,0.01201));
#15088=CARTESIAN_POINT('',(-0.0336314639863063,0.0479277070808501,0.00701));
#15089=CARTESIAN_POINT('',(-0.0532195946970377,0.0465579715483159,0.01201));
#15090=CARTESIAN_POINT('',(-0.043425529341672,0.047242839314583,0.00701));
#15091=CARTESIAN_POINT('',(-0.0337002796348412,0.0492407878768,0.01301));
#15092=CARTESIAN_POINT('',(-0.0337690952833762,0.0505538686727498,0.01301));
#15093=CARTESIAN_POINT('',(-0.0337690952833762,0.0505538686727498,0.01201));
#15094=CARTESIAN_POINT('',(-0.0337690952833762,0.0505538686727498,0.00701));
#15095=CARTESIAN_POINT('',(-0.0336314639863063,0.0479277070808501,0.01201));
#15096=CARTESIAN_POINT('',(-0.0337002796348412,0.0492407878768,0.00701));
#15097=CARTESIAN_POINT('',(-0.0237780927944899,0.0510774749260037,0.01301));
#15098=CARTESIAN_POINT('',(-0.0137870903056037,0.0516010811792576,0.01301));
#15099=CARTESIAN_POINT('',(-0.0137870903056037,0.0516010811792576,0.01201));
#15100=CARTESIAN_POINT('',(-0.0137870903056037,0.0516010811792576,0.00701));
#15101=CARTESIAN_POINT('',(-0.0337690952833762,0.0505538686727498,0.01201));
#15102=CARTESIAN_POINT('',(-0.0237780927944899,0.0510774749260037,0.00701));
#15103=CARTESIAN_POINT('',(-0.0138544674188887,0.0535305092607581,0.01301));
#15104=CARTESIAN_POINT('',(-0.0139218445321737,0.0554599373422587,0.01301));
#15105=CARTESIAN_POINT('',(-0.0139218445321737,0.0554599373422587,0.01201));
#15106=CARTESIAN_POINT('',(-0.0139218445321737,0.0554599373422587,0.00701));
#15107=CARTESIAN_POINT('',(-0.0137870903056037,0.0516010811792576,0.01201));
#15108=CARTESIAN_POINT('',(-0.0138544674188887,0.0535305092607581,0.00701));
#15109=CARTESIAN_POINT('',(-0.00426772914316761,0.0557970664804049,0.01301));
#15110=CARTESIAN_POINT('',(0.00538638624583844,0.0561341956185511,0.01301));
#15111=CARTESIAN_POINT('',(0.00538638624583844,0.0561341956185511,0.01201));
#15112=CARTESIAN_POINT('',(0.00538638624583844,0.0561341956185511,0.00701));
#15113=CARTESIAN_POINT('',(-0.0139218445321737,0.0554599373422587,0.01201));
#15114=CARTESIAN_POINT('',(-0.00426772914316761,0.0557970664804049,0.00701));
#15115=CARTESIAN_POINT('',(0.00545732684661535,0.0541027226066515,0.01301));
#15116=CARTESIAN_POINT('',(0.00552826744739225,0.0520712495947519,0.01301));
#15117=CARTESIAN_POINT('',(0.00552826744739225,0.0520712495947519,0.01201));
#15118=CARTESIAN_POINT('',(0.00552826744739225,0.0520712495947519,0.00701));
#15119=CARTESIAN_POINT('',(0.00545732684661535,0.0541027226066515,0.01201));
#15120=CARTESIAN_POINT('',(0.00545732684661535,0.0541027226066515,0.00701));
#15121=CARTESIAN_POINT('',(0.0158693607302448,0.0522517540494328,0.01301));
#15122=CARTESIAN_POINT('',(0.0262104540130975,0.0524322585041138,0.01301));
#15123=CARTESIAN_POINT('',(0.0262104540130975,0.0524322585041138,0.01201));
#15124=CARTESIAN_POINT('',(0.0262104540130975,0.0524322585041138,0.00701));
#15125=CARTESIAN_POINT('',(0.00552826744739225,0.0520712495947519,0.01201));
#15126=CARTESIAN_POINT('',(0.0158693607302448,0.0522517540494328,0.00701));
#15127=CARTESIAN_POINT('',(0.0262457002271737,0.0504130042520579,0.01301));
#15128=CARTESIAN_POINT('',(0.0262809464412499,0.048393750000002,0.01301));
#15129=CARTESIAN_POINT('',(0.0262809464412499,0.048393750000002,0.01201));
#15130=CARTESIAN_POINT('',(0.0262809464412499,0.048393750000002,0.00701));
#15131=CARTESIAN_POINT('',(0.0262104540130975,0.0524322585041138,0.01201));
#15132=CARTESIAN_POINT('',(0.0262457002271737,0.0504130042520579,0.00701));
#15133=CARTESIAN_POINT('',(0.0462758342205848,0.048393750000002,0.01301));
#15134=CARTESIAN_POINT('',(0.0662707219999197,0.048393750000002,0.01301));
#15135=CARTESIAN_POINT('',(0.0662707219999197,0.048393750000002,0.01201));
#15136=CARTESIAN_POINT('',(0.0662707219999197,0.048393750000002,0.00701));
#15137=CARTESIAN_POINT('',(0.0262809464412499,0.048393750000002,0.01201));
#15138=CARTESIAN_POINT('',(0.0462758342205848,0.048393750000002,0.00701));
#15139=CARTESIAN_POINT('',(0.0662707219999197,0.0388437559630289,0.01301));
#15140=CARTESIAN_POINT('',(0.0662707219999197,0.0292937619260557,0.01301));
#15141=CARTESIAN_POINT('',(0.0662707219999197,0.0292937619260557,0.01201));
#15142=CARTESIAN_POINT('',(0.0662707219999197,0.0292937619260557,0.00701));
#15143=CARTESIAN_POINT('',(0.0662707219999197,0.048393750000002,0.01201));
#15144=CARTESIAN_POINT('',(0.0662707219999197,0.0388437559630289,0.00701));
#15145=CARTESIAN_POINT('',(0.0686188472535166,0.0292937619260557,0.01301));
#15146=CARTESIAN_POINT('',(0.0709669725071134,0.0292937619260557,0.01301));
#15147=CARTESIAN_POINT('',(0.0709669725071134,0.0292937619260557,0.01201));
#15148=CARTESIAN_POINT('',(0.0709669725071134,0.0292937619260557,0.00701));
#15149=CARTESIAN_POINT('',(0.0662707219999197,0.0292937619260557,0.01201));
#15150=CARTESIAN_POINT('',(0.0686188472535166,0.0292937619260557,0.00701));
#15151=CARTESIAN_POINT('',(0.0709669725071134,0.0197687621159911,0.01301));
#15152=CARTESIAN_POINT('',(0.0709669725071134,0.0102437623059266,0.01301));
#15153=CARTESIAN_POINT('',(0.0709669725071134,0.0102437623059266,0.01201));
#15154=CARTESIAN_POINT('',(0.0709669725071134,0.0102437623059266,0.00701));
#15155=CARTESIAN_POINT('',(0.0709669725071134,0.0292937619260557,0.01201));
#15156=CARTESIAN_POINT('',(0.0709669725071134,0.0197687621159911,0.00701));
#15157=CARTESIAN_POINT('',(0.0733450975235481,0.0102437623059266,0.01301));
#15158=CARTESIAN_POINT('',(0.0757232225399828,0.0102437623059266,0.01301));
#15159=CARTESIAN_POINT('',(0.0757232225399828,0.0102437623059266,0.01201));
#15160=CARTESIAN_POINT('',(0.0757232225399828,0.0102437623059266,0.00701));
#15161=CARTESIAN_POINT('',(0.0709669725071134,0.0102437623059266,0.01201));
#15162=CARTESIAN_POINT('',(0.0733450975235481,0.0102437623059266,0.00701));
#15163=CARTESIAN_POINT('',(0.0757232225399828,0.000718761796365992,0.01301));
#15164=CARTESIAN_POINT('',(0.0757232225399828,-0.00880623871319461,0.01301));
#15165=CARTESIAN_POINT('',(0.0757232225399828,-0.00880623871319461,0.01201));
#15166=CARTESIAN_POINT('',(0.0757232225399828,-0.00880623871319461,0.00701));
#15167=CARTESIAN_POINT('',(0.0757232225399828,0.0102437623059266,0.01201));
#15168=CARTESIAN_POINT('',(0.0757232225399828,0.000718761796365992,0.00701));
#15169=CARTESIAN_POINT('',(0.0781013474248148,-0.00880623871319461,0.01301));
#15170=CARTESIAN_POINT('',(0.0804794723096468,-0.00880623871319461,0.01301));
#15171=CARTESIAN_POINT('',(0.0804794723096468,-0.00880623871319461,0.01201));
#15172=CARTESIAN_POINT('',(0.0804794723096468,-0.00880623871319461,0.00701));
#15173=CARTESIAN_POINT('',(0.0757232225399828,-0.00880623871319461,0.01201));
#15174=CARTESIAN_POINT('',(0.0781013474248148,-0.00880623871319461,0.00701));
#15175=CARTESIAN_POINT('',(0.0804794723096468,-0.0184062443565973,0.01301));
#15176=CARTESIAN_POINT('',(0.0804794723096468,-0.02800625,0.01301));
#15177=CARTESIAN_POINT('',(0.0804794723096468,-0.02800625,0.01201));
#15178=CARTESIAN_POINT('',(0.0804794723096468,-0.02800625,0.00701));
#15179=CARTESIAN_POINT('',(0.0804794723096468,-0.00880623871319461,0.01201));
#15180=CARTESIAN_POINT('',(0.0804794723096468,-0.0184062443565973,0.00701));
#15181=CARTESIAN_POINT('',(0.054190097154823,-0.02800625,0.01301));
#15182=CARTESIAN_POINT('',(0.0279007219999992,-0.02800625,0.01301));
#15183=CARTESIAN_POINT('',(0.0279007219999992,-0.02800625,0.01201));
#15184=CARTESIAN_POINT('',(0.0279007219999992,-0.02800625,0.00701));
#15185=CARTESIAN_POINT('',(0.054190097154823,-0.02800625,0.01201));
#15186=CARTESIAN_POINT('',(0.054190097154823,-0.02800625,0.00701));
#15187=CARTESIAN_POINT('',(-0.0797046303965531,-0.00771253,0.01301));
#15188=CARTESIAN_POINT('',(-0.0797046303965531,-0.00771253,0.01301));
#15189=CARTESIAN_POINT('',(-0.066407176,-0.00771253,0.01301));
#15190=CARTESIAN_POINT('',(-0.0910020630838076,-0.00771253,0.01301));
#15191=CARTESIAN_POINT('',(-0.0853532854256781,-0.00771253,0.0186587163432945));
#15192=CARTESIAN_POINT('',(-0.0797046303965531,-0.00771253,0.00701));
#15193=CARTESIAN_POINT('',(-0.066407176,-0.00771253,0.00701));
#15194=CARTESIAN_POINT('',(-0.066407176,-0.00771253,0.01301));
#15195=CARTESIAN_POINT('',(-0.066407176,-0.01669403,0.01301));
#15196=CARTESIAN_POINT('',(-0.066407176,-0.01669403,0.00701));
#15197=CARTESIAN_POINT('',(-0.066407176,-0.02567553,0.00701));
#15198=CARTESIAN_POINT('',(-0.066407176,-0.02567553,0.01301));
#15199=CARTESIAN_POINT('',(-0.066407176,-0.02567553,0.01301));
#15200=CARTESIAN_POINT('',(-0.066407176,-0.01669403,0.01301));
#15201=CARTESIAN_POINT('',(-0.0797464782271802,-0.02567553,0.01301));
#15202=CARTESIAN_POINT('',(-0.0854160569444982,-0.02567553,0.0186796402586068));
#15203=CARTESIAN_POINT('',(-0.0910857587450617,-0.02567553,0.01301));
#15204=CARTESIAN_POINT('',(-0.0797464782271802,-0.02567553,0.01301));
#15205=CARTESIAN_POINT('',(-0.0797464782271802,-0.02567553,0.00701));
#15206=CARTESIAN_POINT('',(0.0279007219999992,-0.0260030667291906,0.01301));
#15207=CARTESIAN_POINT('',(0.0279007219999992,-0.0260030667291906,0.01201));
#15208=CARTESIAN_POINT('',(0.0279007219999992,-0.0260030667291906,0.00701));
#15209=CARTESIAN_POINT('',(-0.054138956482386,-0.0361228302678791,0.01301));
#15210=CARTESIAN_POINT('',(-0.0711217138367655,-0.0385096011620118,0.01201));
#15211=CARTESIAN_POINT('',(-0.054138956482386,-0.0361228302678791,0.00701));
#15212=CARTESIAN_POINT('',(1.91259240056585E-6,-4.214691779246E-5,0.01301));
#15213=CARTESIAN_POINT('',(0.00673713858494667,-0.0479657700185702,0.01301));
#15214=CARTESIAN_POINT('',(-0.0341956783047507,-0.0537185022709684,0.01301));
#15215=CARTESIAN_POINT('',(-0.0693006852661137,-0.0586521892515516,0.01301));
#15216=CARTESIAN_POINT('',(-0.0760359112586598,-0.0107285661507739,0.01301));
#15217=CARTESIAN_POINT('',(-0.0722511550064671,-0.0376585061942304,0.01301));
#15218=CARTESIAN_POINT('',(-0.0372953722289666,-0.0327457913050049,0.01301));
#15219=CARTESIAN_POINT('',(-0.0382516629870002,-0.0328801892063572,0.01301));
#15220=CARTESIAN_POINT('',(-0.0412474032312202,-0.00437762471266647,0.01301));
#15221=CARTESIAN_POINT('',(-0.0384764355383942,-0.0307416212330891,0.01301));
#15222=CARTESIAN_POINT('',(-0.0173729294147848,-0.0285235533605427,0.01301));
#15223=CARTESIAN_POINT('',(-0.0183166954543115,-0.0286227471683968,0.01301));
#15224=CARTESIAN_POINT('',(-0.0183788248182115,-0.0274372482834974,0.01301));
#15225=CARTESIAN_POINT('',(-0.0184311607744545,-0.0264386187487428,0.01301));
#15226=CARTESIAN_POINT('',(0.00186099137167894,-0.0253751521178903,0.01301));
#15227=CARTESIAN_POINT('',(0.00285962090643352,-0.0253228161616474,0.01301));
#15228=CARTESIAN_POINT('',(0.00392204081813078,-0.0455949957165069,0.01301));
#15229=CARTESIAN_POINT('',(0.00397437677437373,-0.0465936252512615,0.01301));
#15230=CARTESIAN_POINT('',(0.00244577062613538,-0.0466737361048891,0.01301));
#15231=CARTESIAN_POINT('',(-0.0152668999271061,-0.0476020178337566,0.01301));
#15232=CARTESIAN_POINT('',(-0.0200441964219638,-0.00214907787579964,0.01301));
#15233=CARTESIAN_POINT('',(-0.0150467724616057,-0.0496963907669109,0.01301));
#15234=CARTESIAN_POINT('',(0.00499933655275865,-0.0475894598089037,0.01301));
#15235=CARTESIAN_POINT('',(-0.0344739814204499,-0.0517382727078767,0.01301));
#15236=CARTESIAN_POINT('',(-0.0409309042972969,-0.00579487917019077,0.01301));
#15237=CARTESIAN_POINT('',(-0.0877089178119582,0.0551961500096209,0.01301));
#15238=CARTESIAN_POINT('',(-0.0877858156245553,0.0581951643020873,0.01301));
#15239=CARTESIAN_POINT('',(-0.0907088852483637,0.0552101278673469,0.01301));
#15240=CARTESIAN_POINT('',(-0.0910021065021692,-0.00772184857181727,0.01301));
#15241=CARTESIAN_POINT('',(-0.0910948262516023,-0.027621623949775,0.01301));
#15242=CARTESIAN_POINT('',(-0.0910948262516023,-0.027621623949775,0.01301));
#15243=CARTESIAN_POINT('',(-0.0880948588151973,-0.027635601807501,0.01301));
#15244=CARTESIAN_POINT('',(-0.0909719790860113,-0.0284854129319684,0.01301));
#15245=CARTESIAN_POINT('',(-0.0865746681656296,-0.0433729473756138,0.01301));
#15246=CARTESIAN_POINT('',(-0.0865746681656296,-0.0433729473756138,0.01301));
#15247=CARTESIAN_POINT('',(-0.0836975478949517,-0.0425231362511865,0.01301));
#15248=CARTESIAN_POINT('',(-0.08647549565374,-0.0436558349086366,0.01301));
#15249=CARTESIAN_POINT('',(-0.0777337552673128,-0.0650949864028717,0.01301));
#15250=CARTESIAN_POINT('',(-0.0777337552673128,-0.0650949864028717,0.01301));
#15251=CARTESIAN_POINT('',(-0.0749558075083927,-0.063962287745368,0.01301));
#15252=CARTESIAN_POINT('',(-0.0745504735182773,-0.0669347790164161,0.01301));
#15253=CARTESIAN_POINT('',(0.0157995189327088,-0.0546144996252703,0.01301));
#15254=CARTESIAN_POINT('',(0.0157995189327088,-0.0546144996252703,0.01301));
#15255=CARTESIAN_POINT('',(0.0153941849425934,-0.0516420083542221,0.01301));
#15256=CARTESIAN_POINT('',(0.0171412421574131,-0.0540808177129353,0.01301));
#15257=CARTESIAN_POINT('',(0.031397191798361,-0.0438684738963336,0.01301));
#15258=CARTESIAN_POINT('',(0.0295823820260144,-0.0451685248802187,0.01301));
#15259=CARTESIAN_POINT('',(0.0336588488605937,-0.0508590800505494,0.01301));
#15260=CARTESIAN_POINT('',(0.0337044333211373,-0.0438592284766259,0.01301));
#15261=CARTESIAN_POINT('',(0.0880791478026232,-0.0442133277029707,0.01301));
#15262=CARTESIAN_POINT('',(0.0880791478026232,-0.0442133277029707,0.01301));
#15263=CARTESIAN_POINT('',(0.088098683999999,-0.0412133913141464,0.01301));
#15264=CARTESIAN_POINT('',(0.091098683999999,-0.0412133913141464,0.01301));
#15265=CARTESIAN_POINT('',(0.091098683999999,-4.214691779246E-5,0.01301));
#15266=CARTESIAN_POINT('',(0.091098683999999,-0.00499046383211282,0.01301));
#15267=CARTESIAN_POINT('',(0.0880986839999991,-0.00499046383211282,0.01301));
#15268=CARTESIAN_POINT('',(0.0905416116588753,-0.00324916993001097,0.01301));
#15269=CARTESIAN_POINT('',(0.0585229410202306,0.0416710448649646,0.01301));
#15270=CARTESIAN_POINT('',(0.0868985194626209,0.00186186312381393,0.01301));
#15271=CARTESIAN_POINT('',(0.092598683999999,0.00592488222871825,0.01301));
#15272=CARTESIAN_POINT('',(0.085598683999999,0.00592488222871825,0.01301));
#15273=CARTESIAN_POINT('',(0.085598683999999,-4.214691779246E-5,0.01301));
#15274=CARTESIAN_POINT('',(0.085598683999999,0.0144881618469982,0.01301));
#15275=CARTESIAN_POINT('',(0.082598683999999,0.0144881618469982,0.01301));
#15276=CARTESIAN_POINT('',(0.0850607881894803,0.0162022338875317,0.01301));
#15277=CARTESIAN_POINT('',(0.0649105986690204,0.0451460967264143,0.01301));
#15278=CARTESIAN_POINT('',(0.082217429748757,0.0202864523821772,0.01301));
#15279=CARTESIAN_POINT('',(0.0879623395242134,0.0242859538100887,0.01301));
#15280=CARTESIAN_POINT('',(0.0809629528835586,0.0241932896065134,0.01301));
#15281=CARTESIAN_POINT('',(0.0812695598227315,0.00103374761320803,0.01301));
#15282=CARTESIAN_POINT('',(0.0805460565770325,0.0556835342301047,0.01301));
#15283=CARTESIAN_POINT('',(0.0775463194453233,0.055643821000001,0.01301));
#15284=CARTESIAN_POINT('',(0.0775463194453233,0.0586438210000011,0.01301));
#15285=CARTESIAN_POINT('',(1.91259240056585E-6,0.0586438210000011,0.01301));
#15286=CARTESIAN_POINT('',(0.0408429799646628,0.0586438210000011,0.01301));
#15287=CARTESIAN_POINT('',(0.0408429799646628,0.0656438210000012,0.01301));
#15288=CARTESIAN_POINT('',(0.0383013991873963,0.0591215233103346,0.01301));
#15289=CARTESIAN_POINT('',(0.0250662720560522,0.0642789304545987,0.01301));
#15290=CARTESIAN_POINT('',(0.0189218447129255,0.0666732643482116,0.01301));
#15291=CARTESIAN_POINT('',(0.0178325958083826,0.0638779939097828,0.01301));
#15292=CARTESIAN_POINT('',(0.017767393839521,0.0668772852766324,0.01301));
#15293=CARTESIAN_POINT('',(-0.00144377828604835,0.0664596512112746,0.01301));
#15294=CARTESIAN_POINT('',(-0.0512469284647303,0.0653769743219729,0.01301));
#15295=CARTESIAN_POINT('',(-0.0511817264958686,0.0623776829551239,0.01301));
#15296=CARTESIAN_POINT('',(-0.0530949644308921,0.0646884232269818,0.01301));
#15297=CARTESIAN_POINT('',(-0.0533907110226618,0.0644435520896155,0.01301));
#15298=CARTESIAN_POINT('',(-0.0582145750192167,0.0604495075386102,0.01301));
#15299=CARTESIAN_POINT('',(-0.0626787968676051,0.0658412348396123,0.01301));
#15300=CARTESIAN_POINT('',(-0.0624993686382119,0.0588435348238574,0.01301));
#15301=CARTESIAN_POINT('',(-0.00154805008221771,0.0604063893536404,0.01301));
#15302=CARTESIAN_POINT('',(0.00680123121760785,7.65356302781742E-5,0.01301));
#15303=CARTESIAN_POINT('',(0.00724523769818923,-0.025360578606037,0.01301));
#15304=CARTESIAN_POINT('',(0.00717437008984251,-0.0213005760429897,0.01301));
#15305=CARTESIAN_POINT('',(0.000752104991945814,-0.0215248464820882,0.01301));
#15306=CARTESIAN_POINT('',(0.00131730391778191,-0.0251413085952457,0.01301));
#15307=CARTESIAN_POINT('',(-0.0306171113817726,-0.0268149203837977,0.01301));
#15308=CARTESIAN_POINT('',(-0.0304947202525988,-0.0285651950748949,0.01301));
#15309=CARTESIAN_POINT('',(-0.0304249637788547,-0.0295627591251547,0.01301));
#15310=CARTESIAN_POINT('',(0.00190809402934276,-0.0273018114722422,0.01301));
#15311=CARTESIAN_POINT('',(-0.0516930293303148,-0.0310499671453739,0.01301));
#15312=CARTESIAN_POINT('',(-0.0531090857473206,-0.0107994169250974,0.01301));
#15313=CARTESIAN_POINT('',(-0.0531788422210648,-0.00980185287483759,0.01301));
#15314=CARTESIAN_POINT('',(-0.0513374249705662,-0.00967308843705244,0.01301));
#15315=CARTESIAN_POINT('',(-0.052334989020826,-0.00974284491079656,0.01301));
#15316=CARTESIAN_POINT('',(-0.0535977107473206,0.00831491707490258,0.01301));
#15317=CARTESIAN_POINT('',(-0.0536674672210648,0.00931248112516241,0.01301));
#15318=CARTESIAN_POINT('',(-0.0514218056975766,0.00946951307620414,0.01301));
#15319=CARTESIAN_POINT('',(-0.0524193697478364,0.00939975660246002,0.01301));
#15320=CARTESIAN_POINT('',(-0.0536801147473207,0.0274292500749025,0.01301));
#15321=CARTESIAN_POINT('',(-0.0537498712210648,0.0284268141251624,0.01301));
#15322=CARTESIAN_POINT('',(-0.0519604903030899,0.0285519398281089,0.01301));
#15323=CARTESIAN_POINT('',(-0.0529580543533497,0.0284821833543648,0.01301));
#15324=CARTESIAN_POINT('',(-0.0542171587472975,0.0464882150745717,0.01301));
#15325=CARTESIAN_POINT('',(-0.0542869152210416,0.0474857791248316,0.01301));
#15326=CARTESIAN_POINT('',(-0.0337012204600504,0.0489252711311099,0.01301));
#15327=CARTESIAN_POINT('',(-0.0346815239220233,0.0488567216352769,0.01301));
#15328=CARTESIAN_POINT('',(-0.0347677248181307,0.0505015327165069,0.01301));
#15329=CARTESIAN_POINT('',(-0.0348200607743737,0.0515001622512615,0.01301));
#15330=CARTESIAN_POINT('',(-0.0138394262618466,0.0525997107140121,0.01301));
#15331=CARTESIAN_POINT('',(-0.0148207767725164,0.0525482803130497,0.01301));
#15332=CARTESIAN_POINT('',(-0.0149212353591927,0.0554250378455562,0.01301));
#15333=CARTESIAN_POINT('',(-0.0149561348558952,0.0564244286725753,0.01301));
#15334=CARTESIAN_POINT('',(0.00535148674913594,0.0571335864455702,0.01301));
#15335=CARTESIAN_POINT('',(0.0063508775761552,0.0571684859422727,0.01301));
#15336=CARTESIAN_POINT('',(0.00833855070083842,0.000248974899927023,0.01301));
#15337=CARTESIAN_POINT('',(0.00649336263451786,0.053088247721949,0.01301));
#15338=CARTESIAN_POINT('',(0.0261930016066602,0.0534321061992702,0.01301));
#15339=CARTESIAN_POINT('',(0.0271928493018166,0.0534495586057075,0.01301));
#15340=CARTESIAN_POINT('',(0.0272807941364063,0.0484112024064393,0.01301));
#15341=CARTESIAN_POINT('',(0.0272636437043656,0.049393750000002,0.01301));
#15342=CARTESIAN_POINT('',(0.0662707219999197,0.049393750000002,0.01301));
#15343=CARTESIAN_POINT('',(0.0672707219999197,0.049393750000002,0.01301));
#15344=CARTESIAN_POINT('',(0.0672707219999197,0.0292937619260557,0.01301));
#15345=CARTESIAN_POINT('',(0.0672707219999197,0.0302937619260557,0.01301));
#15346=CARTESIAN_POINT('',(0.0709669725071134,0.0302937619260557,0.01301));
#15347=CARTESIAN_POINT('',(0.0719669725071134,0.0302937619260557,0.01301));
#15348=CARTESIAN_POINT('',(0.0719669725071134,0.0102437623059266,0.01301));
#15349=CARTESIAN_POINT('',(0.0719669725071134,0.0112437623059266,0.01301));
#15350=CARTESIAN_POINT('',(0.0757232225399828,0.0112437623059266,0.01301));
#15351=CARTESIAN_POINT('',(0.0767232225399828,0.0112437623059266,0.01301));
#15352=CARTESIAN_POINT('',(0.0767232225399828,-0.00880623871319461,0.01301));
#15353=CARTESIAN_POINT('',(0.0767232225399828,-0.00780623871319461,0.01301));
#15354=CARTESIAN_POINT('',(0.0804794723096468,-0.00780623871319461,0.01301));
#15355=CARTESIAN_POINT('',(0.0814794723096468,-0.00780623871319461,0.01301));
#15356=CARTESIAN_POINT('',(0.0814794723096468,-0.02800625,0.01301));
#15357=CARTESIAN_POINT('',(0.0814794723096468,-0.02900625,0.01301));
#15358=CARTESIAN_POINT('',(1.91259240056585E-6,-0.02900625,0.01301));
#15359=CARTESIAN_POINT('',(0.0269007219999992,-0.02900625,0.01301));
#15360=CARTESIAN_POINT('',(0.0269007219999992,-4.214691779246E-5,0.01301));
#15361=CARTESIAN_POINT('',(0.0269007219999992,-0.0250174908513533,0.01301));
#15362=CARTESIAN_POINT('',(0.000445919072981935,-0.0254792611541076,0.01301));
#15363=CARTESIAN_POINT('',(1.91259240056585E-6,-4.214691779246E-5,0.00701));
#15364=CARTESIAN_POINT('',(-0.0695021246001667,-0.00777582041067761,0.00701));
#15365=CARTESIAN_POINT('',(0.0710142657285371,0.0486438209999997,0.00701));
#15366=CARTESIAN_POINT('',(0.0692642657285371,0.0486438209999997,0.00701));
#15367=CARTESIAN_POINT('',(-0.039774004659411,0.0548012557810793,0.00701));
#15368=CARTESIAN_POINT('',(-0.041524004659411,0.0548012557810793,0.00701));
#15369=CARTESIAN_POINT('',(-0.0725583946050871,-0.0565704893191654,0.00701));
#15370=CARTESIAN_POINT('',(-0.0743083946050871,-0.0565704893191654,0.00701));
#15371=CARTESIAN_POINT('',(-0.082980440462854,0.0505658318181332,0.00701));
#15372=CARTESIAN_POINT('',(-0.084730440462854,0.0505658318181332,0.00701));
#15373=CARTESIAN_POINT('',(0.081098683999999,-0.0338366368056148,0.00701));
#15374=CARTESIAN_POINT('',(0.079348683999999,-0.0338366368056148,0.00701));
#15375=CARTESIAN_POINT('',(0.00814341322115196,-0.0288873074655008,0.00701));
#15376=CARTESIAN_POINT('',(0.00639341322115196,-0.0288873074655008,0.00701));
#15377=CARTESIAN_POINT('',(0.0310747225698703,0.052349025262517,0.00701));
#15378=CARTESIAN_POINT('',(0.0293247225698703,0.052349025262517,0.00701));
#15379=CARTESIAN_POINT('',(-0.0214858074697306,-0.026336369023809,0.01201));
#15380=CARTESIAN_POINT('',(-0.0306171113817727,-0.0268149203837977,0.01201));
#15381=CARTESIAN_POINT('',(-0.0323311452157968,-0.00230309457070489,0.01201));
#15382=CARTESIAN_POINT('',(-0.0304249637788547,-0.0295627591251547,0.01201));
#15383=CARTESIAN_POINT('',(-0.0410589965545847,-0.0303063631352643,0.01201));
#15384=CARTESIAN_POINT('',(-0.0516930293303148,-0.0310499671453739,0.01201));
#15385=CARTESIAN_POINT('',(-0.0535992107672569,-0.00379030259092413,0.01201));
#15386=CARTESIAN_POINT('',(-0.0531788422210648,-0.00980185287483759,0.01201));
#15387=CARTESIAN_POINT('',(0.000422281138592738,-0.00605369720170593,0.01201));
#15388=CARTESIAN_POINT('',(-0.052334989020826,-0.00974284491079656,0.01201));
#15389=CARTESIAN_POINT('',(-0.0527553575670182,-0.00373129462688309,0.01201));
#15390=CARTESIAN_POINT('',(-0.0536674672210648,0.00931248112516241,0.01201));
#15391=CARTESIAN_POINT('',(-0.000910197061646064,0.0130016288342531,0.01201));
#15392=CARTESIAN_POINT('',(-0.0524193697478364,0.00939975660246002,0.01201));
#15393=CARTESIAN_POINT('',(-0.0515072600937898,-0.0036440191495855,0.01201));
#15394=CARTESIAN_POINT('',(-0.0537498712210648,0.0284268141251624,0.01201));
#15395=CARTESIAN_POINT('',(-0.00224069853487441,0.0320286863569554,0.01201));
#15396=CARTESIAN_POINT('',(-0.0529580543533497,0.0284821833543648,0.01201));
#15397=CARTESIAN_POINT('',(-0.0507154432260748,-0.00358864992038309,0.01201));
#15398=CARTESIAN_POINT('',(-0.0542869152210416,0.0474857791248316,0.01201));
#15399=CARTESIAN_POINT('',(-0.00356955940256634,0.0510322821274222,0.01201));
#15400=CARTESIAN_POINT('',(-0.0346815239220233,0.0488567216352769,0.01201));
#15401=CARTESIAN_POINT('',(-0.0320308623822268,-0.00172091351848605,0.01201));
#15402=CARTESIAN_POINT('',(-0.0348200607743737,0.0515001622512615,0.01201));
#15403=CARTESIAN_POINT('',(-0.00278728579974639,0.0531789288519551,0.01201));
#15404=CARTESIAN_POINT('',(-0.0148207767725164,0.0525482803130497,0.01201));
#15405=CARTESIAN_POINT('',(-0.0129684617312026,-0.00049508236976869,0.01201));
#15406=CARTESIAN_POINT('',(-0.0149561348558952,0.0564244286725753,0.01201));
#15407=CARTESIAN_POINT('',(-0.00198576053229212,0.0568773641245515,0.01201));
#15408=CARTESIAN_POINT('',(0.0063508775761552,0.0571684859422727,0.01201));
#15409=CARTESIAN_POINT('',(0.00645671767363445,0.0541376221033538,0.01201));
#15410=CARTESIAN_POINT('',(0.00649336263451786,0.053088247721949,0.01201));
#15411=CARTESIAN_POINT('',(-0.000923222215879276,0.0529587907518397,0.01201));
#15412=CARTESIAN_POINT('',(0.0271928493018166,0.0534495586057075,0.01201));
#15413=CARTESIAN_POINT('',(0.0281179841100964,0.00044862093607532,0.01201));
#15414=CARTESIAN_POINT('',(0.0272636437043656,0.049393750000002,0.01201));
#15415=CARTESIAN_POINT('',(1.91259240056585E-6,0.049393750000002,0.01201));
#15416=CARTESIAN_POINT('',(0.0672707219999197,0.049393750000002,0.01201));
#15417=CARTESIAN_POINT('',(0.0672707219999197,-4.214691779246E-5,0.01201));
#15418=CARTESIAN_POINT('',(0.0672707219999197,0.0302937619260557,0.01201));
#15419=CARTESIAN_POINT('',(1.91259240056585E-6,0.0302937619260557,0.01201));
#15420=CARTESIAN_POINT('',(0.0719669725071134,0.0302937619260557,0.01201));
#15421=CARTESIAN_POINT('',(0.0719669725071134,-4.214691779246E-5,0.01201));
#15422=CARTESIAN_POINT('',(0.0719669725071134,0.0112437623059266,0.01201));
#15423=CARTESIAN_POINT('',(1.91259240056585E-6,0.0112437623059266,0.01201));
#15424=CARTESIAN_POINT('',(0.0767232225399828,0.0112437623059266,0.01201));
#15425=CARTESIAN_POINT('',(0.0767232225399828,-4.214691779246E-5,0.01201));
#15426=CARTESIAN_POINT('',(0.0767232225399828,-0.00780623871319461,0.01201));
#15427=CARTESIAN_POINT('',(1.91259240056585E-6,-0.00780623871319461,0.01201));
#15428=CARTESIAN_POINT('',(0.0814794723096468,-0.00780623871319461,0.01201));
#15429=CARTESIAN_POINT('',(0.0814794723096468,-4.214691779246E-5,0.01201));
#15430=CARTESIAN_POINT('',(0.0814794723096468,-0.02900625,0.01201));
#15431=CARTESIAN_POINT('',(0.054190097154823,-0.02900625,0.01201));
#15432=CARTESIAN_POINT('',(0.0269007219999992,-0.02900625,0.01201));
#15433=CARTESIAN_POINT('',(0.0269007219999992,-0.0260030667291906,0.01201));
#15434=CARTESIAN_POINT('',(0.0269007219999992,-0.0250174908513533,0.01201));
#15435=CARTESIAN_POINT('',(0.018081629899891,-0.0251714286765687,0.01201));
#15436=CARTESIAN_POINT('',(0.00724523769818923,-0.025360578606037,0.01201));
#15437=CARTESIAN_POINT('',(0.00719219784188936,-0.0223219272737165,0.01201));
#15438=CARTESIAN_POINT('',(0.00717437008984251,-0.0213005760429897,0.01201));
#15439=CARTESIAN_POINT('',(-0.00168308585912026,-0.0216098852204667,0.01201));
#15440=CARTESIAN_POINT('',(0.00153051874063891,3.79639358351151E-5,0.01201));
#15441=CARTESIAN_POINT('',(0.00397437677437373,-0.0465936252512615,0.01201));
#15442=CARTESIAN_POINT('',(0.00285962090643352,-0.0253228161616474,0.01201));
#15443=CARTESIAN_POINT('',(0.00133101475819518,-0.025402927015275,0.01201));
#15444=CARTESIAN_POINT('',(-0.0184311607744545,-0.0264386187487428,0.01201));
#15445=CARTESIAN_POINT('',(-0.00667174432186491,-0.0471515648158937,0.01201));
#15446=CARTESIAN_POINT('',(-0.0152668999271061,-0.0476020178337566,0.01201));
#15447=CARTESIAN_POINT('',(-0.0197602629402491,-0.00107783865126029,0.01201));
#15448=CARTESIAN_POINT('',(-0.0183166954543115,-0.0286227471683968,0.01201));
#15449=CARTESIAN_POINT('',(-0.0152641754345485,-0.0476279396489017,0.01201));
#15450=CARTESIAN_POINT('',(-0.0150467724616057,-0.0496963907669109,0.01201));
#15451=CARTESIAN_POINT('',(0.00277288028522654,-0.0264061434382151,0.01201));
#15452=CARTESIAN_POINT('',(-0.0384764355383942,-0.0307416212330891,0.01201));
#15453=CARTESIAN_POINT('',(-0.0257725666739032,-0.0508237171652114,0.01201));
#15454=CARTESIAN_POINT('',(-0.0344739814204499,-0.0517382727078767,0.01201));
#15455=CARTESIAN_POINT('',(-0.0382613140492506,-0.0327883654827357,0.01201));
#15456=CARTESIAN_POINT('',(-0.0382516629870002,-0.0328801892063572,0.01201));
#15457=CARTESIAN_POINT('',(-0.0344764753955345,-0.0517205271530714,0.01201));
#15458=CARTESIAN_POINT('',(-0.0341956783047507,-0.0537185022709684,0.01201));
#15459=CARTESIAN_POINT('',(0.00378666884459329,-0.0269720869612489,0.01201));
#15460=CARTESIAN_POINT('',(-0.0722511550064671,-0.0376585061942304,0.01201));
#15461=CARTESIAN_POINT('',(-0.0517481817854322,-0.05618534576126,0.01201));
#15462=CARTESIAN_POINT('',(-0.0693006852661137,-0.0586521892515516,0.01201));
#15463=CARTESIAN_POINT('',(-0.0707759201362904,-0.048155347722891,0.01201));
#15464=CARTESIAN_POINT('',(0.0710142657285371,0.0486438209999997,0.01201));
#15465=CARTESIAN_POINT('',(0.0710142657285371,0.0486438209999997,0.01201));
#15466=CARTESIAN_POINT('',(0.0692642657285371,0.0486438209999997,0.01201));
#15467=CARTESIAN_POINT('',(2.24956600061721E-6,4.93588447694482E-5,0.01201));
#15468=CARTESIAN_POINT('',(-0.039774004659411,0.0548012557810793,0.01201));
#15469=CARTESIAN_POINT('',(-0.039774004659411,0.0548012557810793,0.01201));
#15470=CARTESIAN_POINT('',(-0.041524004659411,0.0548012557810793,0.01201));
#15471=CARTESIAN_POINT('',(2.24956600061721E-6,4.93588447694482E-5,0.01201));
#15472=CARTESIAN_POINT('',(-0.0725583946050871,-0.0565704893191654,0.01201));
#15473=CARTESIAN_POINT('',(-0.0725583946050871,-0.0565704893191654,0.01201));
#15474=CARTESIAN_POINT('',(-0.0743083946050871,-0.0565704893191654,0.01201));
#15475=CARTESIAN_POINT('',(2.24956600061721E-6,4.93588447694482E-5,0.01201));
#15476=CARTESIAN_POINT('',(-0.082980440462854,0.0505658318181332,0.01201));
#15477=CARTESIAN_POINT('',(-0.082980440462854,0.0505658318181332,0.01201));
#15478=CARTESIAN_POINT('',(-0.084730440462854,0.0505658318181332,0.01201));
#15479=CARTESIAN_POINT('',(2.24956600061721E-6,4.93588447694482E-5,0.01201));
#15480=CARTESIAN_POINT('',(0.081098683999999,-0.0338366368056148,0.01201));
#15481=CARTESIAN_POINT('',(0.081098683999999,-0.0338366368056148,0.01201));
#15482=CARTESIAN_POINT('',(0.079348683999999,-0.0338366368056148,0.01201));
#15483=CARTESIAN_POINT('',(2.24956600061721E-6,4.93588447694482E-5,0.01201));
#15484=CARTESIAN_POINT('',(0.00814341322115196,-0.0288873074655008,0.01201));
#15485=CARTESIAN_POINT('',(0.00814341322115196,-0.0288873074655008,0.01201));
#15486=CARTESIAN_POINT('',(0.00639341322115196,-0.0288873074655008,0.01201));
#15487=CARTESIAN_POINT('',(2.24956600061721E-6,4.93588447694482E-5,0.01201));
#15488=CARTESIAN_POINT('',(0.0310747225698703,0.052349025262517,0.01201));
#15489=CARTESIAN_POINT('',(0.0310747225698703,0.052349025262517,0.01201));
#15490=CARTESIAN_POINT('',(0.0293247225698703,0.052349025262517,0.01201));
#15491=CARTESIAN_POINT('',(2.24956600061721E-6,4.93588447694482E-5,0.01201));
#15492=CARTESIAN_POINT('',(-0.0909643493636045,0.000381695505312198,0.01301));
#15493=CARTESIAN_POINT('',(-0.0910948262516023,-0.027621623949775,0.01301));
#15494=CARTESIAN_POINT('',(-0.0880948588151973,-0.027635601807501,0.01301));
#15495=CARTESIAN_POINT('',(-0.0909719790860113,-0.0284854129319684,0.01301));
#15496=CARTESIAN_POINT('',(-0.091399157612861,-0.0270391574482851,0.01301));
#15497=CARTESIAN_POINT('',(-0.0865746681656296,-0.0433729473756138,0.01301));
#15498=CARTESIAN_POINT('',(-0.0836975478949517,-0.0425231362511865,0.01301));
#15499=CARTESIAN_POINT('',(-0.08647549565374,-0.0436558349086366,0.01301));
#15500=CARTESIAN_POINT('',(-0.08939580707264,-0.0364937600639806,0.01301));
#15501=CARTESIAN_POINT('',(-0.0777337552673128,-0.0650949864028717,0.01301));
#15502=CARTESIAN_POINT('',(-0.0749558075083927,-0.063962287745368,0.01301));
#15503=CARTESIAN_POINT('',(-0.0745504735182773,-0.0669347790164161,0.01301));
#15504=CARTESIAN_POINT('',(0.00759603175058513,-0.0557331411583095,0.01301));
#15505=CARTESIAN_POINT('',(0.0157995189327088,-0.0546144996252703,0.01301));
#15506=CARTESIAN_POINT('',(0.0153941849425934,-0.0516420083542221,0.01301));
#15507=CARTESIAN_POINT('',(0.0171412421574131,-0.0540808177129353,0.01301));
#15508=CARTESIAN_POINT('',(0.0245265169015936,-0.0512505442023857,0.01101));
#15509=CARTESIAN_POINT('',(0.0295823820260144,-0.0451685248802187,0.01301));
#15510=CARTESIAN_POINT('',(0.0336588488605937,-0.0508590800505494,0.01101));
#15511=CARTESIAN_POINT('',(0.0337044333211373,-0.0438592284766259,0.01301));
#15512=CARTESIAN_POINT('',(-0.000281991852430804,-0.0436379019469154,0.01301));
#15513=CARTESIAN_POINT('',(0.0880791478026232,-0.0442133277029707,0.01301));
#15514=CARTESIAN_POINT('',(0.088098683999999,-0.0412133913141464,0.01301));
#15515=CARTESIAN_POINT('',(0.091098683999999,-0.0412133913141464,0.01301));
#15516=CARTESIAN_POINT('',(0.093098683999999,-0.0231019275731297,0.01101));
#15517=CARTESIAN_POINT('',(0.091098683999999,-0.00499046383211282,0.01301));
#15518=CARTESIAN_POINT('',(0.0880986839999991,-0.00499046383211282,0.01301));
#15519=CARTESIAN_POINT('',(0.0905416116588753,-0.00324916993001097,0.01301));
#15520=CARTESIAN_POINT('',(0.090348683999999,0.000467209198302714,0.01101));
#15521=CARTESIAN_POINT('',(0.0868985194626209,0.00186186312381393,0.01301));
#15522=CARTESIAN_POINT('',(0.092598683999999,0.00592488222871825,0.01101));
#15523=CARTESIAN_POINT('',(0.085598683999999,0.00592488222871825,0.01301));
#15524=CARTESIAN_POINT('',(0.087598683999999,0.0102065220378582,0.01101));
#15525=CARTESIAN_POINT('',(0.085598683999999,0.0144881618469982,0.01301));
#15526=CARTESIAN_POINT('',(0.082598683999999,0.0144881618469982,0.01301));
#15527=CARTESIAN_POINT('',(0.0850607881894803,0.0162022338875317,0.01301));
#15528=CARTESIAN_POINT('',(0.0852805117621062,0.0193870578285435,0.01101));
#15529=CARTESIAN_POINT('',(0.082217429748757,0.0202864523821772,0.01301));
#15530=CARTESIAN_POINT('',(0.0879623395242134,0.0242859538100887,0.01101));
#15531=CARTESIAN_POINT('',(0.0809629528835586,0.0241932896065134,0.01301));
#15532=CARTESIAN_POINT('',(0.0827543294847683,0.0399648874050449,0.01101));
#15533=CARTESIAN_POINT('',(0.0805460565770325,0.0556835342301047,0.01301));
#15534=CARTESIAN_POINT('',(0.0775463194453233,0.055643821000001,0.01301));
#15535=CARTESIAN_POINT('',(0.0775463194453233,0.0586438210000011,0.01301));
#15536=CARTESIAN_POINT('',(0.0591946497049931,0.0606438210000011,0.01101));
#15537=CARTESIAN_POINT('',(0.0408429799646628,0.0586438210000011,0.01301));
#15538=CARTESIAN_POINT('',(0.0408429799646628,0.0656438210000012,0.01101));
#15539=CARTESIAN_POINT('',(0.0383013991873963,0.0591215233103346,0.01301));
#15540=CARTESIAN_POINT('',(0.0293377878865228,0.0647609074548921,0.01101));
#15541=CARTESIAN_POINT('',(0.0189218447129255,0.0666732643482116,0.01301));
#15542=CARTESIAN_POINT('',(0.0178325958083826,0.0638779939097828,0.01301));
#15543=CARTESIAN_POINT('',(0.017767393839521,0.0668772852766324,0.01301));
#15544=CARTESIAN_POINT('',(-0.0167832352918459,0.0681266573772022,0.01101));
#15545=CARTESIAN_POINT('',(-0.0512469284647303,0.0653769743219729,0.01301));
#15546=CARTESIAN_POINT('',(-0.0511817264958686,0.0623776829551239,0.01301));
#15547=CARTESIAN_POINT('',(-0.0530949644308921,0.0646884232269818,0.01301));
#15548=CARTESIAN_POINT('',(-0.0569302616817368,0.064109458897368,0.01101));
#15549=CARTESIAN_POINT('',(-0.0582145750192167,0.0604495075386102,0.01301));
#15550=CARTESIAN_POINT('',(-0.0626787968676051,0.0658412348396123,0.01101));
#15551=CARTESIAN_POINT('',(-0.0624993686382119,0.0588435348238574,0.01301));
#15552=CARTESIAN_POINT('',(-0.0751938573397816,0.0605186924246166,0.01101));
#15553=CARTESIAN_POINT('',(-0.0877858156245553,0.0581951643020873,0.01301));
#15554=CARTESIAN_POINT('',(-0.0877089178119582,0.0551961500096209,0.01301));
#15555=CARTESIAN_POINT('',(-0.0907088852483637,0.0552101278673469,0.01301));
#15556=CARTESIAN_POINT('',(-0.0909643493636045,0.000381695505312199,0.01301));
#15557=CARTESIAN_POINT('',(-0.064906896962111,0.0537801599343082,0.00551));
#15558=CARTESIAN_POINT('',(-0.064906896962111,0.0537801599343082,0.00651));
#15559=CARTESIAN_POINT('',(-0.0639072255312889,0.0538057925385073,0.00551));
#15560=CARTESIAN_POINT('',(-0.0729042684086881,0.053575099100716,0.00551));
#15561=CARTESIAN_POINT('',(-0.0739039398395102,0.0535494664965169,0.00551));
#15562=CARTESIAN_POINT('',(-0.0729042684086881,0.053575099100716,0.00651));
#15563=CARTESIAN_POINT('',(-0.0689055826853995,0.0536776295175121,0.00651));
#15564=CARTESIAN_POINT('',(-0.0639072255312889,0.0538057925385073,0.00526));
#15565=CARTESIAN_POINT('',(-0.0739039398395102,0.0535494664965169,0.00526));
#15566=CARTESIAN_POINT('',(-0.0695021246001667,-0.00777582041067762,0.00601));
#15567=CARTESIAN_POINT('',(-0.0695857767642302,-0.0257294849203443,0.00601));
#15568=CARTESIAN_POINT('',(-0.0890115993773595,0.0568132902310907,0.00901));
#15569=CARTESIAN_POINT('',(-0.0890115993773595,0.0568132902310907,0.01051));
#15570=CARTESIAN_POINT('',(-0.0907615993773595,0.0568132902310907,0.01051));
#15571=CARTESIAN_POINT('',(-0.0167723682970355,0.0653767754827273,0.00901));
#15572=CARTESIAN_POINT('',(-0.0167723682970355,0.0653767754827273,0.01051));
#15573=CARTESIAN_POINT('',(-0.0185223682970355,0.0653767754827273,0.01051));
#15574=CARTESIAN_POINT('',(-0.075940016235235,-0.0657617659481994,0.00901));
#15575=CARTESIAN_POINT('',(-0.075940016235235,-0.0657617659481994,0.01051));
#15576=CARTESIAN_POINT('',(-0.077690016235235,-0.0657617659481994,0.01051));
#15577=CARTESIAN_POINT('',(0.089748683999999,-0.04248550096602,0.00901));
#15578=CARTESIAN_POINT('',(0.089748683999999,-0.04248550096602,0.01051));
#15579=CARTESIAN_POINT('',(0.087998683999999,-0.04248550096602,0.01051));
#15580=CARTESIAN_POINT('',(0.0788122341778298,0.0572938210000011,0.00901));
#15581=CARTESIAN_POINT('',(0.0788122341778298,0.0572938210000011,0.01051));
#15582=CARTESIAN_POINT('',(0.0770622341778298,0.0572938210000011,0.01051));
#15583=CARTESIAN_POINT('',(0.0160744719447901,-0.053799413428082,0.00901));
#15584=CARTESIAN_POINT('',(0.0160744719447901,-0.053799413428082,0.01051));
#15585=CARTESIAN_POINT('',(0.0143244719447901,-0.053799413428082,0.01051));
#15586=CARTESIAN_POINT('',(-0.00075170039655359,-0.000192495232736026,0.01051));
#15587=CARTESIAN_POINT('',(-0.00075170039655359,-0.000192495232736026,0.01051));
#15588=CARTESIAN_POINT('',(-0.00075170039655359,-0.000192495232736026,0.01051));
#15589=CARTESIAN_POINT('',(-0.00075170039655359,-0.000192495232736026,0.01051));
#15590=CARTESIAN_POINT('',(-0.00075170039655359,-0.000192495232736026,0.01051));
#15591=CARTESIAN_POINT('',(-0.00075170039655359,-0.000192495232736026,0.01051));
#15592=MECHANICAL_DESIGN_GEOMETRIC_PRESENTATION_REPRESENTATION('',(#9376),
#15595);
#15593=MECHANICAL_DESIGN_GEOMETRIC_PRESENTATION_REPRESENTATION('',(#9377),
#15596);
#15594=MECHANICAL_DESIGN_GEOMETRIC_PRESENTATION_REPRESENTATION('',(#9378),
#15597);
#15595=(
GEOMETRIC_REPRESENTATION_CONTEXT(3)
GLOBAL_UNCERTAINTY_ASSIGNED_CONTEXT((#15598))
GLOBAL_UNIT_ASSIGNED_CONTEXT((#15607,#15604,#15601))
REPRESENTATION_CONTEXT('Part 71','TOP_LEVEL_ASSEMBLY_PART')
);
#15596=(
GEOMETRIC_REPRESENTATION_CONTEXT(3)
GLOBAL_UNCERTAINTY_ASSIGNED_CONTEXT((#15599))
GLOBAL_UNIT_ASSIGNED_CONTEXT((#15608,#15605,#15602))
REPRESENTATION_CONTEXT('Part 70','TOP_LEVEL_ASSEMBLY_PART')
);
#15597=(
GEOMETRIC_REPRESENTATION_CONTEXT(3)
GLOBAL_UNCERTAINTY_ASSIGNED_CONTEXT((#15600))
GLOBAL_UNIT_ASSIGNED_CONTEXT((#15609,#15606,#15603))
REPRESENTATION_CONTEXT('Part 72','TOP_LEVEL_ASSEMBLY_PART')
);
#15598=UNCERTAINTY_MEASURE_WITH_UNIT(LENGTH_MEASURE(1.E-8),#15607,
'DISTANCE_ACCURACY_VALUE','Maximum Tolerance applied to model');
#15599=UNCERTAINTY_MEASURE_WITH_UNIT(LENGTH_MEASURE(1.E-8),#15608,
'DISTANCE_ACCURACY_VALUE','Maximum Tolerance applied to model');
#15600=UNCERTAINTY_MEASURE_WITH_UNIT(LENGTH_MEASURE(1.E-8),#15609,
'DISTANCE_ACCURACY_VALUE','Maximum Tolerance applied to model');
#15601=(
NAMED_UNIT(*)
SI_UNIT($,.STERADIAN.)
SOLID_ANGLE_UNIT()
);
#15602=(
NAMED_UNIT(*)
SI_UNIT($,.STERADIAN.)
SOLID_ANGLE_UNIT()
);
#15603=(
NAMED_UNIT(*)
SI_UNIT($,.STERADIAN.)
SOLID_ANGLE_UNIT()
);
#15604=(
NAMED_UNIT(*)
PLANE_ANGLE_UNIT()
SI_UNIT($,.RADIAN.)
);
#15605=(
NAMED_UNIT(*)
PLANE_ANGLE_UNIT()
SI_UNIT($,.RADIAN.)
);
#15606=(
NAMED_UNIT(*)
PLANE_ANGLE_UNIT()
SI_UNIT($,.RADIAN.)
);
#15607=(
LENGTH_UNIT()
NAMED_UNIT(*)
SI_UNIT($,.METRE.)
);
#15608=(
LENGTH_UNIT()
NAMED_UNIT(*)
SI_UNIT($,.METRE.)
);
#15609=(
LENGTH_UNIT()
NAMED_UNIT(*)
SI_UNIT($,.METRE.)
);
#15610=PRODUCT_DEFINITION_SHAPE('','',#15613);
#15611=PRODUCT_DEFINITION_SHAPE('','',#15614);
#15612=PRODUCT_DEFINITION_SHAPE('','',#15615);
#15613=PRODUCT_DEFINITION('','',#15619,#15616);
#15614=PRODUCT_DEFINITION('','',#15620,#15617);
#15615=PRODUCT_DEFINITION('','',#15621,#15618);
#15616=PRODUCT_DEFINITION_CONTEXT('',#15637,'design');
#15617=PRODUCT_DEFINITION_CONTEXT('',#15638,'design');
#15618=PRODUCT_DEFINITION_CONTEXT('',#15639,'design');
#15619=PRODUCT_DEFINITION_FORMATION_WITH_SPECIFIED_SOURCE('','',#15625,
 .NOT_KNOWN.);
#15620=PRODUCT_DEFINITION_FORMATION_WITH_SPECIFIED_SOURCE('','',#15626,
 .NOT_KNOWN.);
#15621=PRODUCT_DEFINITION_FORMATION_WITH_SPECIFIED_SOURCE('','',#15627,
 .NOT_KNOWN.);
#15622=PRODUCT_RELATED_PRODUCT_CATEGORY('','',(#15625));
#15623=PRODUCT_RELATED_PRODUCT_CATEGORY('','',(#15626));
#15624=PRODUCT_RELATED_PRODUCT_CATEGORY('','',(#15627));
#15625=PRODUCT('Part 71','Part 71','Part 71',(#15631));
#15626=PRODUCT('Part 70','Part 70','Part 70',(#15632));
#15627=PRODUCT('Part 72','Part 72','Part 72',(#15633));
#15628=PRODUCT_CATEGORY('','');
#15629=PRODUCT_CATEGORY('','');
#15630=PRODUCT_CATEGORY('','');
#15631=PRODUCT_CONTEXT('',#15637,'mechanical');
#15632=PRODUCT_CONTEXT('',#15638,'mechanical');
#15633=PRODUCT_CONTEXT('',#15639,'mechanical');
#15634=APPLICATION_PROTOCOL_DEFINITION('international standard',
'ap242_managed_model_based_3d_engineering',2020,#15637);
#15635=APPLICATION_PROTOCOL_DEFINITION('international standard',
'ap242_managed_model_based_3d_engineering',2020,#15638);
#15636=APPLICATION_PROTOCOL_DEFINITION('international standard',
'ap242_managed_model_based_3d_engineering',2020,#15639);
#15637=APPLICATION_CONTEXT('managed model based 3d engineering');
#15638=APPLICATION_CONTEXT('managed model based 3d engineering');
#15639=APPLICATION_CONTEXT('managed model based 3d engineering');
ENDSEC;
END-ISO-10303-21;
